Year,Month,Day,Pressure_t,Temp_t,RH_t,Rainfall_t,WindDir_t,WindSp_t
2001,1,1,1017.9,16.4,69,0.0,60.0,26.0
2001,1,2,1016.7,17.9,78,0.0,50.0,26.2
2001,1,3,1017.6,18.3,82,0.0,50.0,24.2
2001,1,4,1019.6,18.4,80,0.05,70.0,31.3
2001,1,5,1019.8,18.6,79,0.05,80.0,33.0
2001,1,6,1017.4,19.0,81,0.0,70.0,31.9
2001,1,7,1014.4,20.1,79,0.0,220.0,4.9
2001,1,8,1014.2,19.6,81,0.0,60.0,27.7
2001,1,9,1015.3,19.0,74,0.0,10.0,22.2
2001,1,10,1015.9,15.8,71,0.0,20.0,20.6
2001,1,11,1015.3,16.5,80,0.4,20.0,16.5
2001,1,12,1016.2,18.1,81,0.0,70.0,30.7
2001,1,13,1017.5,17.2,71,0.7,10.0,21.3
2001,1,14,1021.5,16.5,69,0.0,20.0,29.9
2001,1,15,1024.6,14.7,65,0.0,50.0,31.4
2001,1,16,1025.5,15.3,66,0.05,80.0,32.4
2001,1,17,1023.3,16.2,70,0.0,60.0,35.3
2001,1,18,1020.3,18.4,75,0.0,40.0,23.3
2001,1,19,1019.7,19.6,75,0.0,50.0,17.3
2001,1,20,1017.7,20.3,71,0.0,20.0,6.2
2001,1,21,1015.6,18.9,84,0.0,70.0,31.9
2001,1,22,1013.5,20.0,84,0.0,40.0,17.3
2001,1,23,1014.8,19.0,92,0.3,70.0,26.3
2001,1,24,1012.7,18.7,91,0.05,50.0,24.2
2001,1,25,1008.6,19.6,95,2.3,30.0,13.7
2001,1,26,1013.5,13.7,80,27.3,360.0,34.1
2001,1,27,1017.4,12.5,80,6.4,10.0,29.4
2001,1,28,1020.4,11.2,87,10.2,10.0,28.8
2001,1,29,1021.0,13.8,70,0.0,20.0,20.7
2001,1,30,1018.1,15.8,75,0.0,60.0,26.5
2001,1,31,1015.0,16.9,83,0.0,60.0,26.1
2001,2,1,1014.0,17.3,81,0.05,30.0,19.0
2001,2,2,1015.4,14.0,82,0.05,50.0,36.8
2001,2,3,1014.4,15.1,91,0.1,60.0,33.3
2001,2,4,1015.7,15.4,91,0.05,10.0,9.8
2001,2,5,1015.0,17.3,89,0.05,50.0,25.9
2001,2,6,1012.8,19.5,87,0.0,40.0,15.3
2001,2,7,1014.7,20.0,81,0.0,10.0,17.5
2001,2,8,1019.2,15.6,74,0.0,20.0,22.8
2001,2,9,1019.2,16.0,75,0.05,20.0,21.3
2001,2,10,1019.0,15.7,76,1.0,10.0,20.7
2001,2,11,1017.9,17.1,80,0.05,60.0,21.0
2001,2,12,1016.4,19.4,79,0.0,40.0,16.3
2001,2,13,1018.5,17.6,78,0.05,70.0,27.7
2001,2,14,1023.1,13.3,63,0.0,10.0,29.2
2001,2,15,1023.0,15.2,64,0.0,20.0,20.5
2001,2,16,1023.7,16.8,70,0.0,60.0,28.1
2001,2,17,1021.0,16.4,69,0.0,70.0,33.2
2001,2,18,1017.1,19.3,75,0.0,30.0,12.0
2001,2,19,1016.3,20.3,78,0.0,30.0,14.3
2001,2,20,1015.3,19.7,76,0.0,50.0,22.3
2001,2,21,1013.4,20.7,75,0.0,30.0,10.1
2001,2,22,1012.3,21.1,78,0.0,40.0,14.3
2001,2,23,1010.8,21.0,75,0.0,40.0,11.2
2001,2,24,1012.1,21.6,78,0.0,270.0,24.4
2001,2,25,1018.5,15.4,80,8.8,50.0,38.0
2001,2,26,1019.1,14.8,85,0.05,60.0,34.4
2001,2,27,1018.4,18.9,81,0.05,60.0,23.5
2001,2,28,1017.3,18.5,86,1.0,340.0,13.1
2001,3,1,1019.4,17.7,63,0.0,350.0,19.6
2001,3,2,1019.4,18.1,65,0.0,70.0,33.8
2001,3,3,1018.7,19.9,72,0.05,40.0,18.3
2001,3,4,1020.2,19.6,46,0.0,10.0,22.6
2001,3,5,1017.5,19.1,68,0.0,60.0,27.0
2001,3,6,1015.9,20.9,79,0.0,40.0,18.8
2001,3,7,1015.8,21.6,85,0.05,80.0,21.5
2001,3,8,1022.0,16.6,77,0.05,10.0,33.1
2001,3,9,1022.1,16.6,65,0.05,50.0,29.6
2001,3,10,1019.3,18.0,70,0.05,60.0,25.1
2001,3,11,1018.5,18.3,85,2.7,40.0,14.5
2001,3,12,1019.7,18.2,76,1.3,10.0,22.6
2001,3,13,1019.2,18.5,64,0.0,70.0,37.4
2001,3,14,1017.8,20.3,81,0.05,50.0,20.4
2001,3,15,1015.4,22.2,79,0.0,50.0,10.0
2001,3,16,1012.0,21.8,89,0.05,70.0,14.6
2001,3,17,1011.4,22.9,85,0.05,40.0,10.8
2001,3,18,1014.3,21.5,86,0.05,70.0,19.5
2001,3,19,1014.6,20.7,84,0.05,40.0,20.2
2001,3,20,1011.8,23.0,85,0.1,20.0,7.0
2001,3,21,1011.0,22.6,72,0.0,360.0,8.7
2001,3,22,1010.2,22.5,84,0.0,40.0,12.4
2001,3,23,1009.5,24.4,84,0.2,190.0,13.3
2001,3,24,1007.9,25.5,81,0.05,170.0,9.2
2001,3,25,1006.4,23.7,87,46.2,200.0,21.3
2001,3,26,1008.3,20.1,82,0.05,70.0,30.0
2001,3,27,1007.5,19.8,89,5.4,50.0,23.0
2001,3,28,1010.8,21.0,79,0.05,60.0,21.7
2001,3,29,1013.9,19.9,71,0.6,70.0,27.5
2001,3,30,1015.1,20.4,75,0.0,70.0,24.5
2001,3,31,1016.5,21.9,81,0.05,60.0,18.1
2001,4,1,1017.1,20.4,82,0.05,80.0,39.3
2001,4,2,1012.6,21.9,83,0.05,50.0,16.9
2001,4,3,1010.3,24.0,81,0.0,230.0,6.8
2001,4,4,1012.2,20.7,93,41.3,70.0,34.3
2001,4,5,1013.6,19.9,89,17.9,60.0,29.8
2001,4,6,1013.3,20.2,92,5.0,50.0,24.3
2001,4,7,1011.9,20.8,92,0.2,40.0,14.1
2001,4,8,1006.3,24.3,90,0.1,210.0,22.1
2001,4,9,1008.7,23.1,95,46.6,40.0,18.5
2001,4,10,1012.7,21.4,89,0.3,70.0,33.1
2001,4,11,1015.7,18.1,84,4.2,360.0,30.8
2001,4,12,1016.6,17.8,65,0.0,360.0,24.4
2001,4,13,1016.2,19.4,76,0.05,60.0,29.0
2001,4,14,1018.3,21.1,72,0.05,40.0,16.8
2001,4,15,1016.8,22.2,74,0.0,70.0,21.7
2001,4,16,1013.2,22.6,82,0.0,70.0,15.2
2001,4,17,1010.2,23.9,85,0.0,40.0,4.9
2001,4,18,1008.8,23.7,91,5.4,100.0,13.9
2001,4,19,1008.0,22.9,94,2.3,90.0,14.8
2001,4,20,1004.6,26.5,84,0.05,170.0,23.0
2001,4,21,1005.5,25.6,87,1.2,40.0,19.4
2001,4,22,1010.8,21.6,90,3.6,70.0,41.6
2001,4,23,1012.5,20.8,90,1.4,70.0,31.8
2001,4,24,1012.1,23.1,89,0.05,50.0,11.7
2001,4,25,1013.3,21.6,91,3.2,10.0,18.2
2001,4,26,1014.7,22.0,82,0.05,70.0,30.8
2001,4,27,1012.5,22.7,79,0.0,70.0,25.7
2001,4,28,1009.8,24.2,90,0.05,20.0,14.0
2001,4,29,1009.6,26.8,87,0.3,180.0,9.0
2001,4,30,1011.0,27.8,82,0.0,230.0,8.2
2001,5,1,1011.1,25.6,85,0.8,270.0,8.8
2001,5,2,1009.7,24.9,87,0.05,40.0,10.8
2001,5,3,1011.8,23.9,90,3.2,70.0,21.7
2001,5,4,1012.6,24.5,87,0.1,60.0,17.7
2001,5,5,1010.5,26.8,82,0.05,40.0,10.3
2001,5,6,1008.3,28.1,80,0.0,230.0,12.8
2001,5,7,1006.2,28.9,78,0.0,220.0,22.5
2001,5,8,1004.7,29.0,82,5.2,220.0,14.1
2001,5,9,1005.3,26.5,87,30.4,40.0,14.9
2001,5,10,1009.6,24.7,80,0.05,10.0,24.6
2001,5,11,1010.8,24.6,79,0.2,80.0,17.4
2001,5,12,1008.6,25.7,75,0.0,100.0,11.3
2001,5,13,1007.2,26.2,76,0.0,230.0,14.3
2001,5,14,1008.8,27.1,75,0.0,220.0,9.2
2001,5,15,1011.5,26.5,80,0.1,80.0,17.2
2001,5,16,1012.1,26.1,80,1.2,70.0,26.4
2001,5,17,1010.5,25.8,87,0.5,80.0,24.7
2001,5,18,1006.2,26.8,86,22.8,220.0,19.0
2001,5,19,1004.0,26.6,89,1.8,250.0,9.3
2001,5,20,1003.5,28.3,81,0.05,230.0,19.7
2001,5,21,1003.1,27.8,83,27.6,230.0,22.8
2001,5,22,1002.9,26.8,88,14.6,270.0,7.2
2001,5,23,1004.0,27.1,87,0.0,90.0,16.0
2001,5,24,1004.5,27.5,83,0.0,100.0,15.5
2001,5,25,1006.0,27.6,82,0.0,90.0,22.4
2001,5,26,1008.0,28.0,80,0.0,90.0,18.6
2001,5,27,1007.5,28.3,72,0.0,60.0,16.7
2001,5,28,1006.0,27.7,81,1.2,80.0,29.3
2001,5,29,1004.7,27.4,80,0.05,80.0,29.5
2001,5,30,1005.3,26.3,89,50.8,80.0,10.7
2001,5,31,1009.0,26.5,81,1.5,80.0,24.5
2001,6,1,1011.1,26.2,74,0.0,80.0,31.6
2001,6,2,1011.6,25.8,86,1.7,80.0,20.3
2001,6,3,1010.6,27.4,82,0.05,110.0,11.1
2001,6,4,1006.5,28.7,78,0.0,210.0,23.5
2001,6,5,1005.1,27.5,85,73.6,210.0,25.0
2001,6,6,1006.4,26.3,91,54.7,100.0,11.4
2001,6,7,1006.5,25.9,91,72.3,170.0,18.3
2001,6,8,1006.3,24.9,95,131.3,140.0,13.0
2001,6,9,1006.2,26.1,93,54.5,170.0,20.7
2001,6,10,1005.5,28.2,83,4.4,190.0,24.7
2001,6,11,1006.0,26.3,90,101.3,200.0,17.7
2001,6,12,1005.5,27.3,88,73.2,220.0,23.4
2001,6,13,1002.4,27.7,84,41.6,220.0,36.4
2001,6,14,1002.9,26.7,82,0.4,270.0,10.6
2001,6,15,1004.7,27.1,88,4.9,90.0,8.2
2001,6,16,1005.5,28.3,84,7.1,170.0,18.5
2001,6,17,1006.4,29.2,79,0.05,160.0,14.5
2001,6,18,1004.6,29.6,75,0.0,200.0,11.4
2001,6,19,1001.7,29.6,75,0.0,230.0,16.4
2001,6,20,1002.5,28.8,85,29.9,210.0,16.1
2001,6,21,1003.9,29.4,82,0.0,140.0,14.0
2001,6,22,1003.7,30.0,77,0.05,60.0,15.4
2001,6,23,1002.0,29.6,81,39.4,230.0,16.9
2001,6,24,1004.9,28.0,85,39.3,100.0,14.2
2001,6,25,1004.8,26.5,94,106.1,110.0,25.1
2001,6,26,1004.1,26.6,92,73.1,130.0,36.6
2001,6,27,1006.3,25.9,93,136.4,120.0,31.0
2001,6,28,1007.3,28.1,87,5.2,100.0,23.4
2001,6,29,1007.2,28.6,84,2.9,90.0,23.2
2001,6,30,1004.6,27.7,89,30.3,70.0,37.5
2001,7,1,1002.1,27.1,88,57.8,90.0,51.3
2001,7,2,1004.7,27.3,88,11.8,110.0,41.5
2001,7,3,1005.4,27.9,85,6.9,90.0,28.6
2001,7,4,998.9,29.7,68,0.0,290.0,16.3
2001,7,5,990.1,30.1,69,15.8,350.0,36.6
2001,7,6,986.5,26.7,87,142.1,190.0,59.3
2001,7,7,1002.6,28.6,84,8.8,150.0,45.8
2001,7,8,1008.8,28.1,89,1.4,100.0,19.5
2001,7,9,1008.8,29.0,81,0.0,220.0,9.0
2001,7,10,1006.9,29.1,78,0.0,250.0,21.5
2001,7,11,1004.4,29.3,80,0.0,260.0,28.5
2001,7,12,1002.3,29.5,82,0.0,240.0,29.9
2001,7,13,1003.7,27.0,83,41.0,270.0,15.1
2001,7,14,1006.3,29.3,80,1.2,190.0,23.5
2001,7,15,1007.6,26.0,92,114.0,200.0,15.3
2001,7,16,1006.5,27.0,87,1.0,230.0,7.4
2001,7,17,1003.3,27.2,87,37.0,210.0,22.7
2001,7,18,1002.3,26.8,89,45.8,230.0,25.0
2001,7,19,1004.7,27.0,89,10.8,160.0,10.4
2001,7,20,1004.8,27.6,90,21.5,90.0,16.5
2001,7,21,1005.3,26.8,93,87.3,110.0,27.6
2001,7,22,1008.0,28.0,87,4.2,110.0,19.2
2001,7,23,1006.9,29.1,78,0.0,230.0,7.9
2001,7,24,1003.7,28.1,84,14.5,10.0,18.9
2001,7,25,1003.0,26.7,86,17.7,90.0,54.2
2001,7,26,1006.5,27.0,90,15.8,110.0,25.3
2001,7,27,1006.9,28.1,87,0.05,120.0,16.0
2001,7,28,1006.1,28.8,80,0.0,150.0,10.2
2001,7,29,1005.6,29.2,78,0.0,240.0,18.2
2001,7,30,1005.7,29.9,77,0.05,230.0,25.7
2001,7,31,1004.9,30.2,76,0.05,230.0,24.3
2001,8,1,1004.3,28.6,83,11.3,230.0,19.7
2001,8,2,1006.2,26.9,90,54.5,120.0,14.7
2001,8,3,1010.3,27.7,87,0.05,60.0,20.0
2001,8,4,1011.2,29.1,77,0.0,70.0,13.3
2001,8,5,1010.6,29.3,83,0.2,70.0,22.8
2001,8,6,1008.0,29.7,79,0.05,220.0,10.0
2001,8,7,1005.6,30.1,75,0.0,240.0,18.6
2001,8,8,1006.3,30.3,75,0.0,200.0,11.9
2001,8,9,1007.9,30.0,79,0.05,90.0,20.7
2001,8,10,1008.3,29.0,85,20.9,90.0,24.8
2001,8,11,1009.7,28.9,82,1.6,150.0,12.2
2001,8,12,1008.9,28.8,82,32.1,90.0,5.5
2001,8,13,1008.3,29.0,76,0.5,80.0,10.3
2001,8,14,1008.5,29.5,78,0.0,60.0,12.3
2001,8,15,1006.5,29.1,79,0.6,40.0,11.0
2001,8,16,1004.1,28.5,78,0.1,30.0,10.5
2001,8,17,1003.6,29.1,77,0.0,40.0,17.5
2001,8,18,1003.9,29.8,72,0.0,80.0,16.8
2001,8,19,1004.7,29.2,78,1.3,90.0,13.5
2001,8,20,1005.9,29.9,73,0.0,70.0,15.0
2001,8,21,1005.2,30.1,76,0.0,90.0,10.7
2001,8,22,1003.4,30.2,76,0.0,230.0,6.3
2001,8,23,1002.2,31.0,74,0.0,230.0,19.0
2001,8,24,1001.8,30.9,76,0.0,230.0,18.2
2001,8,25,1003.1,30.3,77,0.0,140.0,7.6
2001,8,26,1002.9,30.4,75,0.0,40.0,12.8
2001,8,27,1001.7,29.3,78,32.3,50.0,25.5
2001,8,28,1000.2,27.3,88,17.4,60.0,46.7
2001,8,29,1000.1,26.9,92,51.9,90.0,37.6
2001,8,30,1001.7,26.5,95,90.6,90.0,21.0
2001,8,31,1003.6,29.1,82,3.6,170.0,29.4
2001,9,1,1003.9,27.2,92,133.2,200.0,17.5
2001,9,2,1004.5,26.2,94,33.3,90.0,19.3
2001,9,3,1007.3,26.1,92,73.9,80.0,32.8
2001,9,4,1007.2,26.6,85,0.2,70.0,21.1
2001,9,5,1006.8,25.9,92,100.8,90.0,11.5
2001,9,6,1007.1,27.5,86,4.4,20.0,7.0
2001,9,7,1008.0,26.8,90,98.7,90.0,16.4
2001,9,8,1007.3,27.2,85,32.3,80.0,25.8
2001,9,9,1007.5,27.0,84,1.5,90.0,18.6
2001,9,10,1008.2,27.4,82,0.05,70.0,23.8
2001,9,11,1008.7,27.8,82,0.05,80.0,22.4
2001,9,12,1009.2,28.4,77,0.0,100.0,11.7
2001,9,13,1008.2,28.4,79,0.0,120.0,8.8
2001,9,14,1008.4,27.9,82,6.0,190.0,4.3
2001,9,15,1007.6,29.2,72,0.0,280.0,9.6
2001,9,16,1007.7,29.4,59,0.0,10.0,6.7
2001,9,17,1006.6,29.7,68,0.0,230.0,11.6
2001,9,18,1006.1,30.1,75,0.0,260.0,15.0
2001,9,19,1005.3,30.5,68,0.0,280.0,12.7
2001,9,20,1005.6,28.0,77,52.6,360.0,20.3
2001,9,21,1010.3,26.5,88,26.4,90.0,36.6
2001,9,22,1011.7,27.5,74,0.05,80.0,29.5
2001,9,23,1009.7,28.2,66,0.0,10.0,17.8
2001,9,24,1007.5,29.2,60,0.0,360.0,19.4
2001,9,25,1005.6,29.7,55,0.0,360.0,32.3
2001,9,26,1004.9,29.0,60,0.0,360.0,27.8
2001,9,27,1005.7,29.1,57,0.0,360.0,29.5
2001,9,28,1007.7,29.1,60,0.0,360.0,20.9
2001,9,29,1008.7,29.0,61,0.0,360.0,15.7
2001,9,30,1010.1,29.0,61,0.0,360.0,17.7
2001,10,1,1012.8,28.6,67,9.2,10.0,24.2
2001,10,2,1014.7,27.0,75,0.05,80.0,31.9
2001,10,3,1014.2,27.0,76,0.0,80.0,24.5
2001,10,4,1014.4,27.0,79,0.7,70.0,21.7
2001,10,5,1014.2,26.5,75,0.2,70.0,36.5
2001,10,6,1013.7,26.6,76,0.05,80.0,32.0
2001,10,7,1012.9,26.9,80,0.05,90.0,21.6
2001,10,8,1012.1,27.4,79,0.05,100.0,7.6
2001,10,9,1012.4,26.8,71,0.05,10.0,22.0
2001,10,10,1014.6,26.1,69,0.0,90.0,21.9
2001,10,11,1015.4,26.5,71,0.05,80.0,32.1
2001,10,12,1014.9,26.1,71,0.05,80.0,34.0
2001,10,13,1013.1,25.6,71,0.0,80.0,29.1
2001,10,14,1012.1,25.7,70,0.0,90.0,29.8
2001,10,15,1012.1,26.0,76,0.0,120.0,12.7
2001,10,16,1010.4,27.4,61,0.0,360.0,9.4
2001,10,17,1011.8,26.8,60,0.0,10.0,21.5
2001,10,18,1015.9,25.9,73,0.5,90.0,30.3
2001,10,19,1018.7,25.2,70,0.05,80.0,35.3
2001,10,20,1017.4,25.0,69,0.0,90.0,34.1
2001,10,21,1015.6,25.3,73,0.0,80.0,35.6
2001,10,22,1016.1,26.0,71,0.0,70.0,32.1
2001,10,23,1017.0,25.6,74,0.0,70.0,35.7
2001,10,24,1015.8,25.7,74,0.0,70.0,31.4
2001,10,25,1015.1,25.2,74,0.0,70.0,36.7
2001,10,26,1014.8,25.4,79,0.0,70.0,25.5
2001,10,27,1014.4,26.0,79,0.0,50.0,11.2
2001,10,28,1015.0,26.3,71,0.0,10.0,18.8
2001,10,29,1017.5,24.0,72,0.1,10.0,26.5
2001,10,30,1017.9,24.2,72,0.0,70.0,29.8
2001,10,31,1017.6,24.9,74,0.0,70.0,24.8
2001,11,1,1017.1,25.8,78,0.0,70.0,16.7
2001,11,2,1015.6,25.7,82,0.0,70.0,24.7
2001,11,3,1014.7,26.2,84,0.05,100.0,12.7
2001,11,4,1016.6,24.8,81,0.7,80.0,39.3
2001,11,5,1018.6,25.4,72,0.0,60.0,27.4
2001,11,6,1020.6,22.7,63,0.0,10.0,32.3
2001,11,7,1019.1,22.7,67,0.05,70.0,33.8
2001,11,8,1016.9,22.8,70,0.05,60.0,23.3
2001,11,9,1016.2,22.8,55,0.0,10.0,30.6
2001,11,10,1016.2,22.1,54,0.0,10.0,28.8
2001,11,11,1016.3,22.2,55,0.0,10.0,26.5
2001,11,12,1017.1,22.1,59,0.05,80.0,36.2
2001,11,13,1018.5,21.2,67,1.0,10.0,29.5
2001,11,14,1021.9,17.7,55,1.0,10.0,44.0
2001,11,15,1022.7,16.5,48,1.1,10.0,32.8
2001,11,16,1021.7,18.5,46,0.0,10.0,22.9
2001,11,17,1021.8,19.1,51,0.0,80.0,20.8
2001,11,18,1022.1,19.7,57,0.0,50.0,20.8
2001,11,19,1021.8,19.8,48,0.0,70.0,20.9
2001,11,20,1021.9,19.6,50,0.0,10.0,19.9
2001,11,21,1021.2,19.5,56,0.0,70.0,23.9
2001,11,22,1020.2,19.6,62,0.0,80.0,25.3
2001,11,23,1018.5,20.1,67,0.0,70.0,20.8
2001,11,24,1016.3,20.2,68,0.0,60.0,11.6
2001,11,25,1016.5,20.4,65,0.0,60.0,14.3
2001,11,26,1020.8,20.9,60,0.0,70.0,36.2
2001,11,27,1020.5,20.4,70,0.0,70.0,38.6
2001,11,28,1016.4,20.9,82,0.2,70.0,34.9
2001,11,29,1014.9,22.2,89,0.3,70.0,19.9
2001,11,30,1015.0,22.7,86,0.0,40.0,12.0
2001,12,1,1015.9,21.7,84,0.05,60.0,25.4
2001,12,2,1016.5,21.8,80,0.0,70.0,29.1
2001,12,3,1016.6,21.6,82,0.0,60.0,25.6
2001,12,4,1014.8,23.2,73,0.0,10.0,9.0
2001,12,5,1015.9,22.1,79,0.0,60.0,30.5
2001,12,6,1017.9,21.3,75,0.0,20.0,23.0
2001,12,7,1018.9,19.5,74,0.0,20.0,27.0
2001,12,8,1018.2,20.1,82,7.1,50.0,35.1
2001,12,9,1018.5,20.9,87,9.6,40.0,30.6
2001,12,10,1018.7,21.3,83,7.8,20.0,25.4
2001,12,11,1018.8,20.2,83,0.0,60.0,37.1
2001,12,12,1019.3,21.0,84,0.0,60.0,21.0
2001,12,13,1022.9,18.6,73,0.0,10.0,30.1
2001,12,14,1027.3,15.1,68,0.0,360.0,28.5
2001,12,15,1025.2,17.1,72,0.0,70.0,43.7
2001,12,16,1022.0,18.9,78,0.05,70.0,36.5
2001,12,17,1020.8,20.5,83,1.7,40.0,18.8
2001,12,18,1022.8,17.3,92,18.4,10.0,23.8
2001,12,19,1024.7,17.4,80,0.0,10.0,22.2
2001,12,20,1024.8,18.7,78,0.05,20.0,25.2
2001,12,21,1026.7,14.5,62,0.0,10.0,44.7
2001,12,22,1027.7,11.7,45,0.0,10.0,31.4
2001,12,23,1025.8,13.9,45,0.0,10.0,16.5
2001,12,24,1025.3,15.0,56,0.0,60.0,21.3
2001,12,25,1027.6,15.8,66,0.0,60.0,29.2
2001,12,26,1027.8,15.8,70,0.0,60.0,31.8
2001,12,27,1027.4,16.2,70,0.0,50.0,24.6
2001,12,28,1027.2,15.7,54,0.0,10.0,19.4
2001,12,29,1024.7,15.6,53,0.0,10.0,14.7
2001,12,30,1022.0,16.0,63,0.0,50.0,16.8
2001,12,31,1019.8,17.4,67,0.0,40.0,14.0
2002,1,1,1020.9,18.9,63,0.0,40.0,7.2
2002,1,2,1025.4,18.1,51,0.0,50.0,21.7
2002,1,3,1025.7,16.4,55,0.0,20.0,17.0
2002,1,4,1024.6,16.9,66,0.0,40.0,10.5
2002,1,5,1021.8,18.0,55,0.0,20.0,4.9
2002,1,6,1022.3,18.5,73,0.0,40.0,15.6
2002,1,7,1023.2,19.2,69,0.0,70.0,4.1
2002,1,8,1025.1,18.3,64,0.0,60.0,28.5
2002,1,9,1024.7,17.0,75,0.0,60.0,30.1
2002,1,10,1021.2,18.1,82,0.0,90.0,2.5
2002,1,11,1017.8,19.2,81,0.0,220.0,4.5
2002,1,12,1017.8,20.2,84,0.0,30.0,13.4
2002,1,13,1016.9,21.5,80,0.0,40.0,18.3
2002,1,14,1014.7,21.2,84,1.7,40.0,18.5
2002,1,15,1014.3,19.7,93,1.0,30.0,23.6
2002,1,16,1014.1,21.6,88,0.0,30.0,9.0
2002,1,17,1013.2,20.6,89,0.05,70.0,12.0
2002,1,18,1014.0,19.6,90,1.9,40.0,25.6
2002,1,19,1017.4,17.5,89,0.5,30.0,22.8
2002,1,20,1020.0,15.8,80,0.0,10.0,23.9
2002,1,21,1022.3,12.9,57,0.0,360.0,29.0
2002,1,22,1023.0,14.3,59,0.0,10.0,22.4
2002,1,23,1023.1,15.8,63,0.0,70.0,32.0
2002,1,24,1020.0,16.3,76,0.0,70.0,39.6
2002,1,25,1016.0,16.5,88,0.2,70.0,25.4
2002,1,26,1017.6,14.2,85,13.7,360.0,20.0
2002,1,27,1020.8,12.2,93,6.0,10.0,23.3
2002,1,28,1023.4,12.6,84,0.05,10.0,22.1
2002,1,29,1025.6,13.8,76,0.05,10.0,23.3
2002,1,30,1025.0,15.3,73,0.0,50.0,23.7
2002,1,31,1024.0,15.9,77,0.0,70.0,30.0
2002,2,1,1022.8,15.7,75,0.05,10.0,28.2
2002,2,2,1023.5,13.0,80,2.6,10.0,25.1
2002,2,3,1021.4,15.1,71,0.0,60.0,41.2
2002,2,4,1019.4,16.4,74,0.0,30.0,23.9
2002,2,5,1018.7,16.0,85,1.9,10.0,14.6
2002,2,6,1017.8,16.2,84,0.1,30.0,21.7
2002,2,7,1017.4,17.6,80,0.05,60.0,33.4
2002,2,8,1017.9,18.0,82,0.0,40.0,19.6
2002,2,9,1017.0,18.7,84,0.0,50.0,17.4
2002,2,10,1019.5,18.0,74,0.0,10.0,23.7
2002,2,11,1023.1,16.7,67,0.0,60.0,26.8
2002,2,12,1022.5,16.8,68,0.0,60.0,20.8
2002,2,13,1020.3,17.8,76,0.0,30.0,18.9
2002,2,14,1022.1,18.6,75,0.0,50.0,26.4
2002,2,15,1023.3,17.8,79,0.0,60.0,33.6
2002,2,16,1021.7,18.3,75,0.0,50.0,24.9
2002,2,17,1020.8,20.6,71,0.0,20.0,7.0
2002,2,18,1022.8,19.6,77,0.0,50.0,22.7
2002,2,19,1025.0,18.9,71,0.0,70.0,41.2
2002,2,20,1025.8,17.5,75,0.0,70.0,40.2
2002,2,21,1023.1,19.1,71,0.0,50.0,19.2
2002,2,22,1021.8,20.6,78,0.0,20.0,9.5
2002,2,23,1019.5,20.1,86,0.0,40.0,9.8
2002,2,24,1020.1,20.2,81,0.05,90.0,18.3
2002,2,25,1020.6,18.9,80,0.05,70.0,28.7
2002,2,26,1018.5,20.3,81,0.0,40.0,12.1
2002,2,27,1016.0,21.2,85,0.05,50.0,11.1
2002,2,28,1015.8,21.7,83,0.0,40.0,11.6
2002,3,1,1016.7,21.7,86,0.05,80.0,22.0
2002,3,2,1016.2,21.4,81,0.0,50.0,16.9
2002,3,3,1016.8,20.5,84,0.05,80.0,28.4
2002,3,4,1016.5,20.4,80,0.05,80.0,34.0
2002,3,5,1015.7,21.2,73,0.0,30.0,15.7
2002,3,6,1019.7,17.5,47,0.0,10.0,33.5
2002,3,7,1021.7,18.1,51,0.0,10.0,19.7
2002,3,8,1022.7,19.5,60,0.0,70.0,34.5
2002,3,9,1021.7,20.4,66,0.0,70.0,33.9
2002,3,10,1019.8,21.1,78,0.0,60.0,22.3
2002,3,11,1018.5,21.7,78,0.0,80.0,15.9
2002,3,12,1017.6,21.9,84,0.0,60.0,16.3
2002,3,13,1015.1,22.0,87,0.05,90.0,17.4
2002,3,14,1012.9,22.7,85,0.05,70.0,8.7
2002,3,15,1011.3,24.3,83,0.05,190.0,14.8
2002,3,16,1012.7,23.2,89,1.1,70.0,17.8
2002,3,17,1017.8,20.9,84,0.05,60.0,24.7
2002,3,18,1021.8,20.7,73,0.0,80.0,26.3
2002,3,19,1020.1,21.5,65,0.0,70.0,20.1
2002,3,20,1016.0,22.7,79,0.05,40.0,5.7
2002,3,21,1011.9,23.5,76,0.0,200.0,7.7
2002,3,22,1009.8,23.5,84,0.05,100.0,4.7
2002,3,23,1011.9,20.3,94,130.0,70.0,35.4
2002,3,24,1011.7,19.6,95,33.7,50.0,26.7
2002,3,25,1012.8,20.7,90,0.1,80.0,22.0
2002,3,26,1011.9,21.2,90,0.05,40.0,19.8
2002,3,27,1011.8,22.8,92,0.05,30.0,9.4
2002,3,28,1011.8,22.5,95,2.3,30.0,11.4
2002,3,29,1011.6,24.5,89,57.0,230.0,8.2
2002,3,30,1013.2,22.3,93,13.6,80.0,10.5
2002,3,31,1015.4,21.6,89,0.9,60.0,19.8
2002,4,1,1016.1,22.7,82,0.0,60.0,13.0
2002,4,2,1013.8,24.8,82,0.0,230.0,6.8
2002,4,3,1010.3,25.8,81,0.0,230.0,18.9
2002,4,4,1009.7,25.8,82,0.0,130.0,16.3
2002,4,5,1010.0,26.1,79,0.0,190.0,22.3
2002,4,6,1010.7,25.9,81,9.2,200.0,19.3
2002,4,7,1011.6,26.2,78,0.0,200.0,11.1
2002,4,8,1011.8,26.4,78,0.0,190.0,9.9
2002,4,9,1012.2,25.8,82,0.1,170.0,17.7
2002,4,10,1013.4,22.3,90,2.9,80.0,33.3
2002,4,11,1017.0,18.8,80,0.05,360.0,26.5
2002,4,12,1018.6,19.8,74,0.0,10.0,16.8
2002,4,13,1016.1,21.6,73,0.0,70.0,17.3
2002,4,14,1012.6,23.4,84,0.0,60.0,9.6
2002,4,15,1012.4,25.3,86,0.05,100.0,13.5
2002,4,16,1013.1,25.7,85,0.0,90.0,6.7
2002,4,17,1012.7,26.1,83,0.0,120.0,7.6
2002,4,18,1015.0,23.8,86,0.05,80.0,32.5
2002,4,19,1016.2,23.2,85,0.05,70.0,30.1
2002,4,20,1013.1,24.9,83,0.05,50.0,10.0
2002,4,21,1010.6,25.9,78,0.0,210.0,6.1
2002,4,22,1011.0,26.5,80,0.0,120.0,7.0
2002,4,23,1012.5,27.2,81,0.0,90.0,11.8
2002,4,24,1011.9,27.1,81,0.0,90.0,9.7
2002,4,25,1014.2,24.5,84,0.05,80.0,37.8
2002,4,26,1014.8,22.9,84,0.05,70.0,42.0
2002,4,27,1014.1,23.4,83,0.0,80.0,35.1
2002,4,28,1013.4,24.1,85,0.2,70.0,27.3
2002,4,29,1011.6,25.5,85,0.05,60.0,19.9
2002,4,30,1010.4,26.4,84,0.05,60.0,14.5
2002,5,1,1010.1,26.3,83,0.05,90.0,9.6
2002,5,2,1011.9,27.2,81,0.0,90.0,15.6
2002,5,3,1012.6,27.5,79,0.0,90.0,17.8
2002,5,4,1012.3,27.4,79,0.0,80.0,20.1
2002,5,5,1011.0,27.1,79,0.05,90.0,24.5
2002,5,6,1009.9,27.1,81,0.2,100.0,12.8
2002,5,7,1009.6,27.7,77,0.0,120.0,8.1
2002,5,8,1011.2,27.7,77,0.05,90.0,14.6
2002,5,9,1011.2,26.4,90,19.3,100.0,26.4
2002,5,10,1010.1,26.8,86,56.3,160.0,9.9
2002,5,11,1010.3,27.6,79,31.3,220.0,9.4
2002,5,12,1012.2,26.6,89,29.7,90.0,24.1
2002,5,13,1011.6,26.5,87,6.0,100.0,28.2
2002,5,14,1008.4,27.6,83,21.2,160.0,30.3
2002,5,15,1007.9,26.4,80,1.4,290.0,7.3
2002,5,16,1008.5,26.4,85,18.2,110.0,9.7
2002,5,17,1008.0,24.4,89,23.0,60.0,16.9
2002,5,18,1007.6,25.4,89,5.1,90.0,16.3
2002,5,19,1004.9,25.7,94,34.3,160.0,12.4
2002,5,20,1003.9,26.2,92,7.2,90.0,24.4
2002,5,21,1003.3,29.2,81,0.0,200.0,26.5
2002,5,22,1005.1,29.0,82,13.9,230.0,23.4
2002,5,23,1008.4,27.7,80,3.4,10.0,15.1
2002,5,24,1011.3,26.6,75,0.05,90.0,22.2
2002,5,25,1011.1,26.4,68,0.05,80.0,18.7
2002,5,26,1010.2,26.8,61,0.05,70.0,19.0
2002,5,27,1009.3,27.2,73,0.05,80.0,29.8
2002,5,28,1008.7,27.3,76,0.0,60.0,35.3
2002,5,29,1007.7,27.8,77,0.0,50.0,14.4
2002,5,30,1006.3,28.0,80,4.9,230.0,15.8
2002,5,31,1004.6,28.0,77,0.2,230.0,17.1
2002,6,1,1003.8,28.1,84,3.8,90.0,13.5
2002,6,2,1004.4,26.4,89,3.0,90.0,25.3
2002,6,3,1004.9,26.6,80,0.05,80.0,36.9
2002,6,4,1005.1,27.6,79,0.05,70.0,33.6
2002,6,5,1004.9,27.4,83,1.0,80.0,30.7
2002,6,6,1004.1,27.8,83,3.3,70.0,31.2
2002,6,7,1004.7,28.5,76,0.0,50.0,13.7
2002,6,8,1005.2,28.7,79,0.0,90.0,10.4
2002,6,9,1005.9,26.8,89,24.7,110.0,14.1
2002,6,10,1005.4,27.9,84,9.7,230.0,16.7
2002,6,11,1006.3,27.7,87,109.2,220.0,25.6
2002,6,12,1007.6,28.1,85,6.4,230.0,15.4
2002,6,13,1007.5,29.0,79,0.05,200.0,19.0
2002,6,14,1007.0,29.3,74,0.05,210.0,18.9
2002,6,15,1006.3,29.5,76,0.05,200.0,23.6
2002,6,16,1006.7,29.1,79,11.9,220.0,29.5
2002,6,17,1006.6,29.4,78,9.6,220.0,29.4
2002,6,18,1006.8,29.4,78,0.5,190.0,27.0
2002,6,19,1006.0,29.3,79,6.8,180.0,25.0
2002,6,20,1005.2,28.7,83,15.6,360.0,24.5
2002,6,21,1005.4,29.6,81,2.5,,
2002,6,22,1007.2,28.9,85,5.5,,
2002,6,23,1008.6,29.3,85,9.4,,
2002,6,24,1008.4,30.2,75,0.05,,
2002,6,25,1008.8,30.1,76,11.8,,
2002,6,26,1009.3,30.5,74,0.0,,
2002,6,27,1009.5,30.5,74,0.05,200.0,19.5
2002,6,28,1008.9,30.4,74,0.05,220.0,23.0
2002,6,29,1007.2,30.0,76,2.3,230.0,23.3
2002,6,30,1005.1,29.9,76,0.6,220.0,19.2
2002,7,1,1004.7,29.5,80,11.5,180.0,22.4
2002,7,2,1005.8,28.7,83,4.7,140.0,19.0
2002,7,3,1004.4,29.3,80,0.05,240.0,6.4
2002,7,4,1001.3,29.5,78,12.0,220.0,9.7
2002,7,5,1000.3,30.4,78,0.0,210.0,8.0
2002,7,6,999.8,28.8,86,5.6,40.0,15.1
2002,7,7,997.9,28.3,85,12.5,10.0,11.5
2002,7,8,996.9,28.5,79,0.5,360.0,18.1
2002,7,9,996.7,28.9,77,9.3,340.0,8.9
2002,7,10,998.1,29.5,74,0.0,10.0,8.0
2002,7,11,1000.1,30.3,76,0.05,230.0,19.4
2002,7,12,1001.0,30.4,73,0.0,230.0,18.5
2002,7,13,1000.4,30.8,75,0.0,200.0,12.0
2002,7,14,1000.0,30.8,79,0.05,130.0,13.3
2002,7,15,1001.4,30.5,77,0.05,100.0,16.5
2002,7,16,1002.9,28.2,84,24.3,230.0,33.2
2002,7,17,1004.3,29.3,82,38.2,220.0,39.9
2002,7,18,1003.6,29.7,79,0.9,220.0,40.8
2002,7,19,1005.0,29.5,80,0.2,220.0,32.3
2002,7,20,1007.2,29.3,82,8.8,180.0,24.5
2002,7,21,1007.5,29.2,82,0.8,150.0,18.6
2002,7,22,1006.6,28.0,83,17.9,150.0,16.8
2002,7,23,1005.3,28.0,83,8.0,150.0,12.9
2002,7,24,1004.5,29.2,81,0.05,140.0,12.1
2002,7,25,1002.1,29.4,80,0.9,220.0,13.6
2002,7,26,1001.0,27.9,86,41.8,220.0,13.3
2002,7,27,1003.7,27.0,93,17.7,90.0,8.1
2002,7,28,1006.1,26.7,92,16.0,50.0,24.6
2002,7,29,1006.4,26.0,93,71.8,60.0,23.0
2002,7,30,1006.9,26.8,93,7.0,80.0,11.4
2002,7,31,1006.1,27.0,92,10.4,90.0,10.3
2002,8,1,1004.4,28.8,79,0.05,240.0,8.0
2002,8,2,1002.8,29.2,80,0.05,60.0,7.4
2002,8,3,999.2,27.6,87,13.3,30.0,20.5
2002,8,4,993.2,27.1,86,19.4,20.0,47.5
2002,8,5,994.2,27.1,84,6.2,240.0,37.6
2002,8,6,1000.6,27.8,84,43.7,220.0,45.6
2002,8,7,1003.2,28.7,82,1.2,220.0,33.3
2002,8,8,1003.8,28.9,81,0.05,210.0,16.4
2002,8,9,1004.8,26.6,92,91.7,180.0,14.5
2002,8,10,1007.0,26.2,94,90.5,50.0,6.5
2002,8,11,1009.3,27.7,89,3.0,70.0,15.8
2002,8,12,1009.7,28.3,84,0.8,70.0,16.4
2002,8,13,1008.1,28.6,81,0.0,60.0,16.8
2002,8,14,1005.9,28.7,80,0.0,50.0,17.1
2002,8,15,1004.0,29.0,77,0.0,50.0,21.3
2002,8,16,1002.5,29.0,76,0.05,70.0,32.3
2002,8,17,1002.4,28.9,78,1.0,70.0,37.8
2002,8,18,1002.4,27.2,87,51.6,80.0,47.2
2002,8,19,1002.5,27.2,89,26.8,110.0,40.2
2002,8,20,1007.2,27.5,91,14.6,110.0,29.7
2002,8,21,1010.8,28.0,88,0.05,90.0,13.1
2002,8,22,1011.0,29.0,80,0.0,90.0,7.0
2002,8,23,1010.9,29.1,73,0.0,230.0,14.2
2002,8,24,1010.4,29.1,76,0.0,230.0,19.5
2002,8,25,1008.5,29.3,75,0.05,240.0,25.1
2002,8,26,1007.1,29.3,79,0.05,240.0,23.7
2002,8,27,1006.8,29.7,79,0.4,240.0,23.3
2002,8,28,1007.8,29.5,75,0.0,220.0,13.5
2002,8,29,1007.2,29.8,69,0.0,250.0,15.5
2002,8,30,1005.7,29.6,77,1.7,270.0,15.5
2002,8,31,1005.9,29.2,77,0.0,270.0,15.1
2002,9,1,1008.3,29.6,76,0.05,,
2002,9,2,1010.0,29.4,74,0.6,,13.3
2002,9,3,1009.9,27.8,80,6.8,30.0,9.0
2002,9,4,1008.9,28.2,73,0.0,20.0,10.5
2002,9,5,1007.7,29.1,65,0.0,230.0,8.5
2002,9,6,1005.5,30.0,69,0.0,350.0,12.0
2002,9,7,1003.9,29.1,52,0.0,360.0,30.0
2002,9,8,1004.9,28.2,59,0.0,360.0,15.8
2002,9,9,1006.3,28.7,72,0.0,80.0,12.7
2002,9,10,1004.8,28.2,82,49.0,360.0,15.1
2002,9,11,1003.3,26.0,86,39.5,100.0,62.9
2002,9,12,1008.2,26.5,86,17.8,110.0,30.7
2002,9,13,1009.0,26.6,90,9.2,110.0,14.9
2002,9,14,1007.7,26.1,92,56.2,110.0,14.7
2002,9,15,1005.7,25.3,96,161.1,130.0,27.3
2002,9,16,1006.0,25.4,96,121.9,100.0,25.2
2002,9,17,1008.4,24.7,96,162.8,60.0,29.6
2002,9,18,1012.0,27.0,81,3.5,,
2002,9,19,1012.9,27.8,76,0.0,,
2002,9,20,1012.8,27.5,77,0.0,,
2002,9,21,1011.8,27.5,79,0.05,,
2002,9,22,1012.5,26.1,87,83.0,,
2002,9,23,1013.4,26.3,76,0.0,,
2002,9,24,1013.8,25.4,79,0.4,60.0,37.6
2002,9,25,1013.6,25.0,88,5.6,60.0,34.9
2002,9,26,1013.2,26.2,87,0.2,80.0,29.7
2002,9,27,1012.5,27.4,84,0.2,120.0,20.4
2002,9,28,1012.9,27.1,85,0.8,110.0,17.2
2002,9,29,1012.9,26.2,85,4.4,80.0,28.5
2002,9,30,1012.7,26.3,77,0.05,80.0,28.0
2002,10,1,1012.7,25.4,86,7.6,40.0,13.6
2002,10,2,1012.9,26.3,78,0.0,70.0,13.5
2002,10,3,1013.9,26.7,78,0.0,70.0,23.5
2002,10,4,1014.0,26.9,82,0.0,70.0,24.3
2002,10,5,1012.8,27.1,82,0.0,80.0,21.5
2002,10,6,1012.7,25.2,66,0.05,10.0,33.9
2002,10,7,1015.6,23.8,48,0.05,10.0,27.3
2002,10,8,1017.1,24.1,45,0.0,10.0,20.7
2002,10,9,1017.3,23.9,50,0.0,10.0,18.3
2002,10,10,1016.3,24.5,64,0.0,90.0,17.3
2002,10,11,1013.0,25.8,73,0.0,70.0,17.7
2002,10,12,1011.6,26.5,77,0.0,60.0,25.3
2002,10,13,1012.5,26.6,81,0.0,70.0,22.5
2002,10,14,1014.1,26.3,77,0.0,70.0,26.5
2002,10,15,1015.3,26.5,80,0.0,70.0,19.4
2002,10,16,1014.6,26.5,81,0.0,80.0,21.3
2002,10,17,1011.6,27.1,82,0.1,100.0,19.1
2002,10,18,1009.9,26.6,87,54.9,230.0,11.6
2002,10,19,1010.2,27.5,80,0.0,220.0,8.8
2002,10,20,1011.4,27.6,79,0.0,150.0,8.7
2002,10,21,1012.9,24.1,89,50.1,10.0,16.8
2002,10,22,1014.0,23.5,85,0.05,40.0,28.2
2002,10,23,1015.3,20.8,86,9.2,360.0,30.1
2002,10,24,1016.4,22.1,77,0.05,360.0,22.8
2002,10,25,1017.5,24.6,78,0.05,90.0,23.3
2002,10,26,1017.0,24.9,78,0.5,80.0,23.3
2002,10,27,1015.7,23.8,78,0.1,80.0,29.2
2002,10,28,1014.1,24.1,83,1.0,80.0,38.4
2002,10,29,1013.0,24.5,87,4.1,80.0,41.3
2002,10,30,1013.7,23.5,96,66.2,80.0,43.3
2002,10,31,1014.7,23.0,90,5.2,360.0,21.5
2002,11,1,1016.9,22.9,73,0.0,10.0,29.6
2002,11,2,1019.9,21.4,70,0.0,10.0,32.2
2002,11,3,1022.1,20.7,51,0.0,10.0,37.5
2002,11,4,1022.6,20.0,43,0.0,10.0,30.6
2002,11,5,1020.8,20.6,61,0.0,60.0,32.1
2002,11,6,1019.1,21.7,67,0.0,50.0,26.1
2002,11,7,1017.7,23.6,64,0.0,20.0,9.2
2002,11,8,1017.9,23.8,58,0.0,60.0,17.8
2002,11,9,1019.5,22.7,72,0.0,70.0,41.5
2002,11,10,1018.1,22.4,74,0.0,70.0,29.6
2002,11,11,1016.7,23.9,83,0.0,50.0,18.2
2002,11,12,1015.3,24.7,79,0.0,30.0,6.4
2002,11,13,1012.7,24.4,78,0.0,90.0,6.7
2002,11,14,1010.0,25.1,80,0.0,110.0,3.7
2002,11,15,1010.7,25.7,83,0.05,210.0,6.9
2002,11,16,1016.1,19.8,83,5.4,10.0,29.8
2002,11,17,1019.7,20.1,73,0.05,10.0,24.4
2002,11,18,1020.0,20.4,69,0.05,50.0,36.4
2002,11,19,1018.9,19.6,81,5.0,60.0,34.8
2002,11,20,1018.1,21.8,76,0.0,50.0,21.4
2002,11,21,1017.8,22.3,72,0.0,10.0,25.5
2002,11,22,1017.3,20.6,72,0.0,360.0,17.1
2002,11,23,1016.1,21.0,74,0.0,20.0,12.6
2002,11,24,1017.8,20.4,67,0.05,10.0,27.7
2002,11,25,1020.5,18.5,63,0.0,360.0,28.7
2002,11,26,1022.8,18.5,58,0.0,70.0,28.6
2002,11,27,1021.8,19.1,64,0.05,60.0,32.8
2002,11,28,1019.7,18.6,87,3.0,60.0,31.6
2002,11,29,1019.0,20.6,86,0.7,60.0,32.6
2002,11,30,1017.2,20.8,91,9.2,60.0,30.3
2002,12,1,1016.1,20.4,90,2.3,70.0,37.4
2002,12,2,1016.6,21.3,91,0.6,70.0,31.8
2002,12,3,1016.6,22.7,89,0.0,40.0,15.0
2002,12,4,1016.1,23.3,87,0.0,60.0,7.4
2002,12,5,1016.1,23.2,92,0.2,50.0,19.0
2002,12,6,1015.4,23.8,91,0.05,50.0,15.3
2002,12,7,1015.1,24.3,90,0.0,70.0,8.1
2002,12,8,1021.4,16.1,81,4.3,360.0,42.0
2002,12,9,1025.6,13.2,65,0.05,360.0,31.6
2002,12,10,1024.1,15.8,66,0.0,50.0,32.6
2002,12,11,1023.1,15.7,75,8.0,360.0,30.5
2002,12,12,1026.0,15.2,76,8.0,360.0,25.3
2002,12,13,1027.8,16.2,71,0.0,40.0,33.8
2002,12,14,1025.5,17.6,73,0.0,60.0,34.3
2002,12,15,1022.6,19.4,77,0.05,50.0,25.5
2002,12,16,1020.9,20.9,79,0.2,40.0,14.3
2002,12,17,1019.3,20.6,79,0.05,60.0,31.3
2002,12,18,1015.5,21.2,83,0.05,40.0,18.2
2002,12,19,1013.6,22.5,87,0.05,60.0,12.7
2002,12,20,1012.9,18.9,92,23.0,60.0,33.5
2002,12,21,1014.5,19.3,84,0.7,10.0,20.7
2002,12,22,1017.5,18.7,80,0.0,10.0,21.3
2002,12,23,1019.1,18.9,73,0.0,10.0,18.7
2002,12,24,1019.4,18.5,73,0.0,10.0,18.7
2002,12,25,1020.9,17.4,74,0.0,10.0,29.4
2002,12,26,1022.5,11.8,76,8.9,10.0,40.7
2002,12,27,1023.4,8.2,90,7.4,10.0,32.8
2002,12,28,1021.8,12.0,76,0.05,10.0,20.0
2002,12,29,1022.0,15.1,77,0.0,30.0,20.8
2002,12,30,1020.1,15.9,75,0.0,10.0,14.3
2002,12,31,1020.6,15.4,78,0.5,10.0,16.8
2003,1,1,1023.1,15.8,78,0.0,70.0,35.5
2003,1,2,1023.4,16.4,78,0.05,70.0,37.3
2003,1,3,1024.2,15.5,66,0.8,10.0,27.1
2003,1,4,1025.0,15.2,68,0.0,20.0,26.8
2003,1,5,1026.6,15.2,68,0.0,60.0,39.0
2003,1,6,1022.8,11.8,80,16.5,60.0,41.5
2003,1,7,1023.3,11.4,76,0.1,360.0,29.8
2003,1,8,1023.7,13.0,72,0.0,30.0,24.5
2003,1,9,1021.7,15.2,68,0.0,20.0,11.0
2003,1,10,1020.9,15.2,62,0.0,10.0,22.1
2003,1,11,1022.7,15.0,56,0.0,10.0,15.7
2003,1,12,1022.5,15.1,62,0.0,10.0,15.5
2003,1,13,1020.5,16.2,69,0.0,20.0,8.2
2003,1,14,1021.7,16.9,57,0.0,40.0,20.0
2003,1,15,1024.0,16.3,64,0.0,70.0,41.3
2003,1,16,1023.6,16.0,73,0.0,60.0,21.7
2003,1,17,1022.7,17.5,68,0.0,40.0,18.1
2003,1,18,1022.6,18.6,66,0.0,40.0,22.9
2003,1,19,1019.7,19.1,71,0.0,,
2003,1,20,1018.7,18.1,73,0.0,,
2003,1,21,1017.2,16.9,74,0.0,,
2003,1,22,1014.0,18.1,72,0.0,240.0,16.8
2003,1,23,1015.4,18.1,69,0.0,50.0,19.6
2003,1,24,1016.3,16.3,79,0.05,70.0,44.2
2003,1,25,1015.0,17.7,87,0.05,70.0,27.0
2003,1,26,1014.0,20.1,88,0.0,30.0,9.5
2003,1,27,1020.5,15.2,69,4.3,360.0,38.7
2003,1,28,1024.4,13.6,56,0.0,10.0,24.1
2003,1,29,1024.0,15.1,68,0.0,60.0,28.3
2003,1,30,1022.7,16.0,74,0.05,70.0,42.7
2003,1,31,1020.2,18.1,82,0.0,60.0,21.1
2003,2,1,1020.0,19.5,82,0.05,10.0,14.5
2003,2,2,1023.4,15.9,76,0.0,60.0,27.8
2003,2,3,1023.9,15.2,80,0.05,70.0,26.0
2003,2,4,1024.3,14.8,65,0.0,10.0,30.2
2003,2,5,1025.9,14.5,60,0.0,10.0,26.0
2003,2,6,1024.4,14.9,73,0.0,70.0,30.0
2003,2,7,1018.1,16.1,76,0.05,50.0,27.5
2003,2,8,1014.5,17.8,88,14.4,20.0,9.8
2003,2,9,1015.6,18.4,92,0.0,40.0,18.6
2003,2,10,1016.6,19.8,87,0.0,40.0,12.6
2003,2,11,1017.5,19.9,85,0.0,40.0,13.2
2003,2,12,1021.0,16.6,83,0.05,70.0,35.4
2003,2,13,1021.5,15.6,80,0.05,40.0,27.1
2003,2,14,1019.3,17.2,84,0.05,50.0,28.0
2003,2,15,1016.3,19.1,90,0.05,30.0,13.1
2003,2,16,1015.2,21.4,89,0.05,50.0,6.5
2003,2,17,1018.5,18.4,88,0.05,60.0,28.8
2003,2,18,1017.7,19.4,82,0.05,40.0,14.8
2003,2,19,1016.9,20.4,85,0.05,40.0,11.9
2003,2,20,1019.1,17.7,78,0.05,60.0,39.7
2003,2,21,1019.0,18.1,83,0.0,60.0,30.9
2003,2,22,1016.1,21.1,84,0.0,40.0,11.4
2003,2,23,1014.0,21.5,82,0.0,220.0,3.9
2003,2,24,1014.6,21.0,86,0.05,80.0,17.4
2003,2,25,1017.0,19.0,84,0.05,60.0,32.5
2003,2,26,1016.7,20.9,80,0.0,40.0,17.7
2003,2,27,1016.4,22.5,79,0.05,80.0,14.5
2003,2,28,1015.4,20.4,86,0.7,70.0,25.8
2003,3,1,1012.6,22.3,86,0.0,30.0,9.3
2003,3,2,1011.9,21.5,89,0.05,70.0,23.9
2003,3,3,1009.6,21.9,89,0.3,50.0,12.8
2003,3,4,1009.4,20.0,91,5.5,80.0,37.2
2003,3,5,1009.6,18.1,94,10.7,40.0,32.9
2003,3,6,1012.6,16.8,89,7.7,360.0,20.0
2003,3,7,1018.3,13.9,67,0.0,10.0,27.0
2003,3,8,1021.9,14.7,63,0.0,10.0,28.4
2003,3,9,1023.1,15.1,70,0.7,60.0,36.7
2003,3,10,1023.3,15.2,80,1.5,70.0,30.6
2003,3,11,1023.0,16.4,66,0.0,70.0,40.8
2003,3,12,1023.1,17.8,80,0.0,60.0,31.0
2003,3,13,1023.2,19.1,80,0.0,60.0,24.7
2003,3,14,1020.9,18.2,81,0.0,60.0,35.3
2003,3,15,1015.4,20.2,83,0.05,40.0,15.3
2003,3,16,1015.3,22.1,88,0.0,40.0,11.6
2003,3,17,1016.0,23.2,86,0.0,50.0,9.1
2003,3,18,1018.1,20.3,89,0.05,60.0,25.5
2003,3,19,1019.1,16.9,84,0.05,40.0,28.4
2003,3,20,1017.8,15.5,88,8.7,40.0,23.6
2003,3,21,1019.8,16.8,84,0.1,20.0,20.6
2003,3,22,1021.1,17.7,73,0.4,70.0,36.8
2003,3,23,1020.3,17.9,78,0.7,60.0,26.0
2003,3,24,1018.8,18.9,89,2.3,50.0,14.6
2003,3,25,1019.1,20.2,83,0.0,40.0,20.0
2003,3,26,1017.8,21.0,74,0.0,50.0,18.0
2003,3,27,1014.8,23.3,84,0.0,30.0,9.0
2003,3,28,1013.5,20.6,86,0.05,40.0,17.8
2003,3,29,1013.3,19.9,85,0.05,50.0,19.9
2003,3,30,1013.3,20.9,88,0.0,40.0,16.0
2003,3,31,1010.9,24.0,85,0.05,140.0,9.7
2003,4,1,1007.8,25.5,84,0.05,190.0,28.0
2003,4,2,1006.6,25.8,87,0.8,210.0,20.3
2003,4,3,1007.1,26.2,88,0.3,190.0,22.3
2003,4,4,1009.3,23.7,86,1.3,20.0,20.5
2003,4,5,1015.1,20.2,73,0.0,10.0,28.0
2003,4,6,1014.8,19.4,78,0.5,70.0,36.8
2003,4,7,1011.7,21.1,94,11.8,30.0,14.3
2003,4,8,1012.4,21.6,94,65.4,50.0,24.4
2003,4,9,1015.0,19.1,87,1.2,70.0,40.1
2003,4,10,1015.2,18.8,94,2.6,50.0,31.0
2003,4,11,1012.9,21.8,94,0.05,20.0,11.8
2003,4,12,1010.8,25.8,86,0.0,190.0,21.2
2003,4,13,1008.7,26.6,81,0.0,200.0,19.7
2003,4,14,1012.0,23.3,77,0.5,10.0,20.1
2003,4,15,1015.6,21.4,80,0.05,50.0,25.9
2003,4,16,1016.9,21.6,80,0.05,50.0,24.8
2003,4,17,1014.6,23.5,87,0.05,80.0,22.1
2003,4,18,1012.2,24.9,89,0.05,,
2003,4,19,1009.5,25.4,86,0.0,70.0,12.7
2003,4,20,1011.7,25.4,84,0.0,70.0,15.2
2003,4,21,1014.1,25.0,85,0.05,80.0,22.0
2003,4,22,1014.7,24.5,77,0.0,70.0,21.9
2003,4,23,1011.7,25.8,77,0.0,230.0,12.6
2003,4,24,1009.5,26.5,77,0.0,220.0,17.7
2003,4,25,1010.0,27.0,75,0.0,240.0,20.2
2003,4,26,1012.0,26.3,79,0.0,70.0,15.6
2003,4,27,1013.6,25.0,82,0.0,70.0,30.3
2003,4,28,1014.0,25.3,80,0.05,70.0,25.0
2003,4,29,1013.4,26.1,83,0.05,70.0,14.3
2003,4,30,1014.0,25.5,71,0.1,10.0,26.2
2003,5,1,1013.3,23.5,75,1.4,80.0,29.7
2003,5,2,1010.8,24.1,82,0.0,80.0,24.7
2003,5,3,1008.7,24.6,92,19.8,90.0,23.0
2003,5,4,1006.7,25.5,89,33.4,170.0,23.4
2003,5,5,1005.6,24.9,93,141.1,190.0,24.7
2003,5,6,1005.2,28.1,84,0.05,190.0,30.2
2003,5,7,1007.1,28.5,83,0.4,190.0,22.7
2003,5,8,1010.7,28.7,80,0.05,220.0,12.9
2003,5,9,1014.7,25.5,83,0.05,80.0,35.5
2003,5,10,1014.7,25.4,80,0.05,80.0,23.6
2003,5,11,1013.5,25.9,80,0.05,70.0,23.8
2003,5,12,1012.7,26.3,86,0.05,80.0,20.2
2003,5,13,1011.4,27.2,85,0.05,90.0,11.5
2003,5,14,1008.7,28.0,80,2.3,200.0,6.9
2003,5,15,1007.9,28.6,80,0.05,200.0,9.7
2003,5,16,1006.8,29.1,77,0.05,200.0,27.7
2003,5,17,1004.6,29.2,79,4.1,230.0,32.3
2003,5,18,1006.2,26.7,88,16.4,20.0,18.0
2003,5,19,1011.0,25.4,84,2.3,80.0,16.5
2003,5,20,1012.6,26.9,80,0.0,70.0,18.0
2003,5,21,1011.8,27.2,73,0.0,80.0,20.7
2003,5,22,1009.7,27.5,83,0.1,100.0,17.0
2003,5,23,1008.4,28.0,80,0.0,100.0,14.1
2003,5,24,1006.6,28.5,81,0.05,130.0,11.6
2003,5,25,1005.9,27.5,86,27.7,20.0,10.1
2003,5,26,1005.2,27.1,79,0.05,80.0,27.9
2003,5,27,1003.1,26.4,76,0.0,90.0,27.8
2003,5,28,1003.0,25.8,81,0.05,90.0,16.9
2003,5,29,1004.1,26.4,82,0.05,90.0,5.2
2003,5,30,1004.8,28.1,77,0.0,90.0,11.0
2003,5,31,1007.0,28.1,69,0.0,80.0,18.7
2003,6,1,1007.1,27.3,66,0.0,70.0,21.3
2003,6,2,1006.3,27.5,63,0.0,160.0,14.3
2003,6,3,1007.9,27.4,68,0.0,130.0,8.1
2003,6,4,1009.8,27.6,75,0.0,100.0,10.1
2003,6,5,1009.0,27.7,78,0.0,100.0,11.7
2003,6,6,1003.7,27.8,86,35.8,220.0,23.1
2003,6,7,1001.8,27.2,88,29.4,240.0,25.0
2003,6,8,1004.0,27.0,88,0.05,90.0,19.6
2003,6,9,1003.8,25.7,94,128.1,100.0,23.6
2003,6,10,1003.1,25.9,95,46.7,90.0,14.0
2003,6,11,1002.9,25.7,91,134.3,230.0,28.6
2003,6,12,1004.6,26.5,89,6.4,110.0,3.0
2003,6,13,1006.4,26.0,92,22.7,,
2003,6,14,1006.0,26.5,89,21.2,,
2003,6,15,1004.8,26.1,92,14.1,,
2003,6,16,1005.6,25.2,93,29.1,70.0,35.5
2003,6,17,1006.4,27.0,68,0.0,20.0,13.4
2003,6,18,1004.7,28.7,75,0.0,250.0,16.9
2003,6,19,1003.6,29.5,75,0.0,260.0,17.9
2003,6,20,1004.5,28.2,86,0.6,110.0,15.0
2003,6,21,1005.9,26.7,90,34.6,160.0,29.9
2003,6,22,1009.0,28.0,83,5.4,170.0,28.3
2003,6,23,1009.8,28.9,79,0.05,190.0,18.8
2003,6,24,1007.2,29.4,75,0.0,220.0,24.8
2003,6,25,1004.6,29.4,77,1.9,200.0,29.0
2003,6,26,1005.2,29.6,79,3.3,200.0,38.2
2003,6,27,1006.3,29.5,78,1.2,200.0,43.8
2003,6,28,1008.2,28.8,81,8.6,190.0,34.9
2003,6,29,1009.5,29.4,75,0.05,190.0,23.5
2003,6,30,1010.0,29.6,75,0.1,180.0,18.0
2003,7,1,1010.9,29.3,76,7.7,190.0,12.3
2003,7,2,1012.0,29.8,72,0.0,210.0,7.5
2003,7,3,1011.1,30.0,68,0.0,210.0,9.5
2003,7,4,1009.4,30.0,70,0.0,160.0,10.3
2003,7,5,1008.9,30.0,70,0.0,220.0,15.4
2003,7,6,1009.0,29.9,73,0.0,230.0,20.9
2003,7,7,1008.7,30.2,72,0.05,220.0,18.5
2003,7,8,1008.3,29.9,75,1.5,220.0,17.9
2003,7,9,1008.3,30.2,73,0.0,140.0,10.8
2003,7,10,1007.2,29.6,76,6.9,160.0,15.2
2003,7,11,1007.8,28.9,82,5.9,150.0,26.1
2003,7,12,1009.3,30.0,77,1.6,160.0,19.3
2003,7,13,1009.6,30.4,72,0.05,230.0,16.2
2003,7,14,1008.5,30.3,73,0.0,240.0,20.7
2003,7,15,1007.9,30.3,75,0.0,240.0,28.2
2003,7,16,1008.4,30.0,76,0.0,240.0,25.0
2003,7,17,1008.3,29.8,73,0.0,230.0,21.7
2003,7,18,1006.2,29.7,73,0.0,230.0,16.5
2003,7,19,1005.1,30.1,74,0.05,80.0,13.8
2003,7,20,1005.0,29.2,86,9.9,90.0,22.9
2003,7,21,1005.3,28.2,87,27.3,120.0,32.9
2003,7,22,1005.7,29.8,79,0.05,90.0,15.4
2003,7,23,1001.1,29.4,77,31.2,60.0,53.9
2003,7,24,1003.1,28.0,83,5.4,120.0,53.5
2003,7,25,1009.4,28.6,84,4.4,140.0,27.7
2003,7,26,1011.3,28.9,81,0.05,150.0,12.5
2003,7,27,1010.3,28.7,79,0.0,270.0,18.9
2003,7,28,1009.5,29.2,73,0.0,210.0,13.9
2003,7,29,1008.3,29.3,75,0.0,160.0,10.9
2003,7,30,1006.2,29.3,77,0.0,210.0,7.0
2003,7,31,1005.3,29.7,75,0.05,190.0,16.0
2003,8,1,1004.6,29.7,76,0.1,210.0,11.8
2003,8,2,1004.4,30.1,75,0.0,160.0,8.4
2003,8,3,1004.3,30.4,73,0.0,230.0,7.7
2003,8,4,1002.9,29.4,79,38.5,230.0,22.9
2003,8,5,1000.9,28.0,81,6.2,200.0,9.6
2003,8,6,1001.0,27.9,82,1.9,230.0,9.2
2003,8,7,1003.6,29.5,78,1.6,180.0,12.1
2003,8,8,1003.4,29.8,78,0.6,200.0,15.8
2003,8,9,1002.2,30.0,77,11.8,220.0,15.5
2003,8,10,1002.5,30.5,77,1.2,230.0,15.3
2003,8,11,1003.8,29.8,82,5.6,110.0,8.5
2003,8,12,1005.1,28.0,88,20.3,110.0,23.0
2003,8,13,1006.9,29.3,81,5.6,190.0,22.6
2003,8,14,1006.2,28.8,84,6.2,230.0,16.8
2003,8,15,1004.8,29.7,81,0.05,240.0,16.9
2003,8,16,1005.5,28.2,87,8.2,60.0,7.8
2003,8,17,1006.9,27.8,89,33.6,60.0,19.5
2003,8,18,1005.6,29.2,77,0.0,30.0,8.7
2003,8,19,1002.8,29.4,80,6.4,90.0,13.7
2003,8,20,1000.9,28.5,76,4.7,20.0,16.2
2003,8,21,1003.8,26.7,90,72.6,300.0,6.7
2003,8,22,1008.4,26.9,91,49.3,110.0,17.5
2003,8,23,1006.9,28.9,80,2.0,80.0,27.1
2003,8,24,1003.7,26.9,87,77.5,90.0,58.8
2003,8,25,1006.4,27.0,89,60.9,130.0,50.1
2003,8,26,1010.0,28.5,81,0.05,150.0,32.0
2003,8,27,1010.1,28.7,80,0.05,160.0,16.1
2003,8,28,1009.6,28.7,77,0.0,160.0,10.9
2003,8,29,1010.4,29.0,74,0.0,210.0,7.0
2003,8,30,1009.2,29.2,76,0.0,220.0,9.5
2003,8,31,1007.4,29.6,75,0.2,240.0,14.3
2003,9,1,1005.0,29.5,76,0.2,30.0,9.1
2003,9,2,994.7,27.1,81,75.6,310.0,43.6
2003,9,3,1004.3,26.1,90,27.0,100.0,36.0
2003,9,4,1009.7,26.4,89,0.9,70.0,29.2
2003,9,5,1009.5,26.9,88,6.5,60.0,24.5
2003,9,6,1008.0,26.4,90,10.8,70.0,33.0
2003,9,7,1007.1,26.2,92,36.5,90.0,31.0
2003,9,8,1008.1,27.4,88,8.3,90.0,25.3
2003,9,9,1008.5,28.3,82,0.0,60.0,12.0
2003,9,10,1007.2,28.7,81,0.0,230.0,8.2
2003,9,11,1006.4,29.0,74,0.0,10.0,8.2
2003,9,12,1007.9,28.8,70,0.0,100.0,7.5
2003,9,13,1009.4,29.0,81,0.0,80.0,17.3
2003,9,14,1008.4,26.0,93,89.0,80.0,37.6
2003,9,15,1008.3,25.6,95,97.0,120.0,35.3
2003,9,16,1010.0,27.0,91,23.6,120.0,30.5
2003,9,17,1010.9,27.9,85,0.3,110.0,11.1
2003,9,18,1009.6,29.1,75,0.0,210.0,8.3
2003,9,19,1008.1,29.3,78,0.0,260.0,19.1
2003,9,20,1008.7,29.9,78,0.05,250.0,19.4
2003,9,21,1010.2,27.8,80,15.2,10.0,13.1
2003,9,22,1011.2,25.1,83,2.3,10.0,23.1
2003,9,23,1011.5,26.0,77,0.0,40.0,20.5
2003,9,24,1012.5,26.8,77,0.05,80.0,26.1
2003,9,25,1012.9,27.3,69,0.0,80.0,32.7
2003,9,26,1011.6,27.8,73,0.0,80.0,30.9
2003,9,27,1009.9,27.9,76,0.0,80.0,21.8
2003,9,28,1009.4,28.2,79,0.0,80.0,15.6
2003,9,29,1010.5,28.0,75,0.05,80.0,18.2
2003,9,30,1011.5,27.6,78,0.8,90.0,25.5
2003,10,1,1012.5,27.5,77,0.05,90.0,18.2
2003,10,2,1013.6,27.8,75,0.0,80.0,14.7
2003,10,3,1015.4,27.9,73,0.0,70.0,29.9
2003,10,4,1015.5,27.1,70,0.05,10.0,30.3
2003,10,5,1014.3,26.8,68,0.0,10.0,22.1
2003,10,6,1013.2,26.5,64,0.0,10.0,23.2
2003,10,7,1012.4,25.9,67,0.0,360.0,10.0
2003,10,8,1011.9,26.7,74,0.05,80.0,19.9
2003,10,9,1011.4,27.3,77,0.05,70.0,36.8
2003,10,10,1010.5,26.8,84,15.9,70.0,43.8
2003,10,11,1009.2,26.7,89,32.7,180.0,24.4
2003,10,12,1010.0,27.6,82,0.05,200.0,8.8
2003,10,13,1012.3,27.2,79,0.05,360.0,12.5
2003,10,14,1016.2,22.1,68,0.0,360.0,34.9
2003,10,15,1018.0,21.7,69,0.0,360.0,29.3
2003,10,16,1017.0,23.7,64,0.0,10.0,22.0
2003,10,17,1016.0,24.1,68,0.0,70.0,19.5
2003,10,18,1016.3,24.3,67,0.0,80.0,26.0
2003,10,19,1016.4,24.3,64,0.05,80.0,36.2
2003,10,20,1015.0,24.1,64,0.0,60.0,21.0
2003,10,21,1014.5,24.6,68,0.0,90.0,13.4
2003,10,22,1015.6,24.7,72,0.0,80.0,13.5
2003,10,23,1017.1,24.4,71,0.0,80.0,17.9
2003,10,24,1015.8,23.9,74,0.0,80.0,16.0
2003,10,25,1015.8,24.0,64,0.0,90.0,12.6
2003,10,26,1016.9,23.9,66,0.0,70.0,23.1
2003,10,27,1018.5,24.4,74,0.0,70.0,18.8
2003,10,28,1019.1,25.0,68,0.0,70.0,14.0
2003,10,29,1018.7,24.7,65,0.0,70.0,36.7
2003,10,30,1016.1,23.7,66,0.0,70.0,28.7
2003,10,31,1014.6,23.7,75,0.0,70.0,15.5
2003,11,1,1014.1,24.3,78,0.0,60.0,9.5
2003,11,2,1013.7,25.6,75,0.0,10.0,6.9
2003,11,3,1013.9,26.7,56,0.0,360.0,13.8
2003,11,4,1015.5,24.9,71,0.0,80.0,24.9
2003,11,5,1014.9,24.6,79,0.0,70.0,15.8
2003,11,6,1014.2,24.4,80,0.0,80.0,13.3
2003,11,7,1013.2,25.2,82,0.05,60.0,23.2
2003,11,8,1012.6,24.5,92,32.7,40.0,30.1
2003,11,9,1013.7,23.7,90,9.1,60.0,37.8
2003,11,10,1017.2,20.8,79,0.0,360.0,32.0
2003,11,11,1021.1,18.9,68,0.0,360.0,35.8
2003,11,12,1022.3,17.7,64,0.0,360.0,34.4
2003,11,13,1020.8,19.9,71,0.0,70.0,32.9
2003,11,14,1018.9,22.0,75,0.0,70.0,29.3
2003,11,15,1015.8,23.3,73,0.0,50.0,17.0
2003,11,16,1014.8,23.6,73,0.05,70.0,27.8
2003,11,17,1015.8,22.4,77,0.05,70.0,48.2
2003,11,18,1014.8,22.4,85,2.6,80.0,40.6
2003,11,19,1013.2,23.1,92,5.6,80.0,28.0
2003,11,20,1012.3,24.2,92,0.1,70.0,13.4
2003,11,21,1016.1,23.0,74,0.0,10.0,27.5
2003,11,22,1021.5,19.7,71,0.05,10.0,29.8
2003,11,23,1022.4,20.6,72,0.0,70.0,30.8
2003,11,24,1020.7,21.8,76,0.0,60.0,23.5
2003,11,25,1019.9,22.2,74,0.0,80.0,21.9
2003,11,26,1019.4,22.1,72,0.0,80.0,25.0
2003,11,27,1018.0,21.0,66,0.0,10.0,26.3
2003,11,28,1019.1,19.5,64,0.0,360.0,24.6
2003,11,29,1019.6,17.3,60,0.0,360.0,35.6
2003,11,30,1018.9,16.4,67,0.0,70.0,19.3
2003,12,1,1019.7,18.1,72,0.0,50.0,18.6
2003,12,2,1019.9,18.3,68,0.0,70.0,22.5
2003,12,3,1019.1,18.8,69,0.0,70.0,28.2
2003,12,4,1018.5,19.6,76,0.0,70.0,31.9
2003,12,5,1018.8,20.6,77,0.0,60.0,23.3
2003,12,6,1018.6,22.3,72,0.0,30.0,15.2
2003,12,7,1022.1,19.9,71,0.05,50.0,32.2
2003,12,8,1022.9,19.1,73,0.05,60.0,37.9
2003,12,9,1022.6,19.4,71,0.0,10.0,24.7
2003,12,10,1022.2,18.4,69,0.0,10.0,25.7
2003,12,11,1020.6,17.8,65,0.0,360.0,28.8
2003,12,12,1022.4,16.1,56,0.0,10.0,29.0
2003,12,13,1023.2,15.6,55,0.0,10.0,23.8
2003,12,14,1022.5,15.9,56,0.0,10.0,19.6
2003,12,15,1022.0,15.9,65,0.0,60.0,29.1
2003,12,16,1021.0,16.6,65,0.0,60.0,27.5
2003,12,17,1019.3,17.3,70,0.0,50.0,22.3
2003,12,18,1021.4,18.0,64,0.0,50.0,26.8
2003,12,19,1026.6,14.0,39,0.0,10.0,50.9
2003,12,20,1027.9,12.5,45,0.0,20.0,26.5
2003,12,21,1026.4,14.6,59,0.0,50.0,25.5
2003,12,22,1023.1,16.3,71,0.0,40.0,18.5
2003,12,23,1020.3,17.2,78,0.0,50.0,16.5
2003,12,24,1018.3,18.2,72,0.0,30.0,12.3
2003,12,25,1017.9,19.4,71,0.0,30.0,9.0
2003,12,26,1020.7,18.7,49,0.0,10.0,30.4
2003,12,27,1025.9,15.0,50,0.0,70.0,33.3
2003,12,28,1026.0,15.8,67,0.0,60.0,28.7
2003,12,29,1024.3,17.9,73,0.0,50.0,21.3
2003,12,30,1021.9,18.7,72,0.0,50.0,15.3
2003,12,31,1019.7,19.9,69,0.0,20.0,6.9
2004,1,1,1019.6,18.5,75,0.0,60.0,27.6
2004,1,2,1019.2,19.8,69,0.0,40.0,10.2
2004,1,3,1020.3,18.3,74,0.0,50.0,30.0
2004,1,4,1020.8,19.0,73,0.05,50.0,23.3
2004,1,5,1020.4,19.8,77,0.0,40.0,15.7
2004,1,6,1019.9,19.6,83,0.0,30.0,15.8
2004,1,7,1021.6,18.9,79,0.0,70.0,29.0
2004,1,8,1023.4,18.5,77,0.0,60.0,35.3
2004,1,9,1023.0,18.5,76,0.0,50.0,26.5
2004,1,10,1020.6,18.9,80,0.05,50.0,27.1
2004,1,11,1020.6,18.7,78,1.8,20.0,22.2
2004,1,12,1022.1,16.4,65,0.0,10.0,24.4
2004,1,13,1022.3,14.2,64,0.0,360.0,25.0
2004,1,14,1020.8,15.9,71,0.0,60.0,36.5
2004,1,15,1018.3,17.8,79,0.0,40.0,24.1
2004,1,16,1017.1,19.0,82,0.3,20.0,17.3
2004,1,17,1019.3,15.6,72,0.0,50.0,23.2
2004,1,18,1017.5,15.8,84,15.0,60.0,33.9
2004,1,19,1019.2,11.9,92,30.7,10.0,28.9
2004,1,20,1019.9,10.6,87,2.5,360.0,30.7
2004,1,21,1022.7,10.3,59,0.0,360.0,33.7
2004,1,22,1022.4,11.7,64,0.0,60.0,32.3
2004,1,23,1022.3,11.8,73,0.7,10.0,36.7
2004,1,24,1025.6,10.6,43,0.05,10.0,39.2
2004,1,25,1024.2,11.1,52,0.0,60.0,26.8
2004,1,26,1021.3,13.3,62,0.0,50.0,30.2
2004,1,27,1020.4,13.4,65,0.0,10.0,22.6
2004,1,28,1018.2,13.2,70,0.0,40.0,28.0
2004,1,29,1015.0,15.4,82,0.0,30.0,20.3
2004,1,30,1016.2,17.4,83,0.05,20.0,15.1
2004,1,31,1016.8,16.6,85,0.05,70.0,35.0
2004,2,1,1013.7,18.1,85,0.0,30.0,16.5
2004,2,2,1012.4,19.7,87,0.05,40.0,12.5
2004,2,3,1016.2,13.7,86,1.7,10.0,32.0
2004,2,4,1018.7,9.6,90,15.0,360.0,29.3
2004,2,5,1022.4,9.5,90,14.9,10.0,28.2
2004,2,6,1024.5,12.1,74,0.05,20.0,28.2
2004,2,7,1025.4,10.3,87,11.5,10.0,33.4
2004,2,8,1024.0,9.2,92,8.7,360.0,26.5
2004,2,9,1024.7,11.3,78,0.0,360.0,22.7
2004,2,10,1025.0,13.9,73,0.0,60.0,33.2
2004,2,11,1022.9,15.8,70,0.0,50.0,26.3
2004,2,12,1022.5,17.8,74,0.0,30.0,9.2
2004,2,13,1020.6,18.5,62,0.0,20.0,13.5
2004,2,14,1017.3,18.7,59,0.0,50.0,8.7
2004,2,15,1018.4,18.2,66,0.0,60.0,28.9
2004,2,16,1019.3,18.4,72,0.05,60.0,36.3
2004,2,17,1017.1,20.0,75,0.0,60.0,14.0
2004,2,18,1015.8,19.0,85,0.0,50.0,14.3
2004,2,19,1016.4,19.9,84,0.0,40.0,15.4
2004,2,20,1017.7,20.4,84,0.0,50.0,19.3
2004,2,21,1015.7,20.9,82,0.0,50.0,12.4
2004,2,22,1014.2,21.8,80,0.0,240.0,6.8
2004,2,23,1017.6,19.4,72,0.0,80.0,42.7
2004,2,24,1016.9,18.4,79,0.0,70.0,27.9
2004,2,25,1015.5,20.5,77,0.05,60.0,5.6
2004,2,26,1016.6,20.1,80,0.05,80.0,18.2
2004,2,27,1016.8,19.9,75,0.0,60.0,25.4
2004,2,28,1014.0,21.0,83,0.0,40.0,17.6
2004,2,29,1011.2,22.8,83,0.0,200.0,17.3
2004,3,1,1008.5,24.2,83,0.05,180.0,17.9
2004,3,2,1010.7,17.9,89,1.3,60.0,33.5
2004,3,3,1017.0,14.7,65,0.2,10.0,41.1
2004,3,4,1018.7,15.5,58,0.0,60.0,23.0
2004,3,5,1017.9,17.8,70,0.0,80.0,17.9
2004,3,6,1021.1,19.1,60,0.0,80.0,28.3
2004,3,7,1027.0,17.8,63,0.0,70.0,44.4
2004,3,8,1026.8,16.8,71,0.0,70.0,27.2
2004,3,9,1019.6,18.1,75,0.0,50.0,11.0
2004,3,10,1014.2,20.1,79,0.0,40.0,5.9
2004,3,11,1012.6,22.5,76,0.0,50.0,6.6
2004,3,12,1014.0,23.0,80,0.0,30.0,6.8
2004,3,13,1017.4,19.4,87,0.05,70.0,28.8
2004,3,14,1018.0,19.8,82,0.0,60.0,13.2
2004,3,15,1017.1,19.7,80,0.05,70.0,25.1
2004,3,16,1014.2,20.2,84,0.05,60.0,19.8
2004,3,17,1013.9,22.3,91,0.5,40.0,17.8
2004,3,18,1016.1,20.8,87,0.05,90.0,30.9
2004,3,19,1015.5,18.9,75,0.0,70.0,33.8
2004,3,20,1013.8,19.9,75,0.0,80.0,23.0
2004,3,21,1013.7,20.1,75,0.0,80.0,18.8
2004,3,22,1014.0,19.8,74,0.05,10.0,17.9
2004,3,23,1013.4,18.8,81,0.05,70.0,32.3
2004,3,24,1012.4,18.5,84,0.1,70.0,34.2
2004,3,25,1011.1,17.8,96,8.3,50.0,26.6
2004,3,26,1014.6,16.7,91,3.2,20.0,22.7
2004,3,27,1016.8,16.9,89,0.1,40.0,21.3
2004,3,28,1015.2,18.0,91,0.1,40.0,17.3
2004,3,29,1014.3,18.4,94,0.4,40.0,20.0
2004,3,30,1014.9,19.8,94,89.0,10.0,12.2
2004,3,31,1015.9,18.9,92,1.1,,
2004,4,1,1015.6,20.2,93,21.0,,
2004,4,2,1017.1,19.9,79,0.05,,
2004,4,3,1017.7,19.3,81,2.2,,
2004,4,4,1017.9,20.1,85,0.05,,
2004,4,5,1016.6,19.3,81,0.0,,
2004,4,6,1013.3,21.1,86,0.0,,
2004,4,7,1012.2,22.8,90,0.2,,
2004,4,8,1016.1,19.0,76,2.0,20.0,23.3
2004,4,9,1016.5,19.2,78,0.0,70.0,19.7
2004,4,10,1014.4,21.0,79,0.0,70.0,15.5
2004,4,11,1012.0,23.8,82,0.0,40.0,6.3
2004,4,12,1009.9,24.6,80,0.0,230.0,7.6
2004,4,13,1008.9,25.5,84,0.05,230.0,9.1
2004,4,14,1010.7,22.4,93,54.3,90.0,29.9
2004,4,15,1012.1,20.9,87,0.3,60.0,23.5
2004,4,16,1011.8,22.1,89,2.4,40.0,12.5
2004,4,17,1008.6,22.7,93,55.4,40.0,10.8
2004,4,18,1008.3,23.7,72,0.0,280.0,15.9
2004,4,19,1011.5,25.4,69,0.0,240.0,7.5
2004,4,20,1013.3,25.2,79,0.0,120.0,5.9
2004,4,21,1011.6,25.6,87,0.0,90.0,8.8
2004,4,22,1008.9,27.4,77,0.0,230.0,13.5
2004,4,23,1008.6,27.4,80,0.0,240.0,21.3
2004,4,24,1012.8,23.9,85,0.05,100.0,35.5
2004,4,25,1013.7,22.3,88,0.05,80.0,31.5
2004,4,26,1011.2,24.8,87,0.05,80.0,11.5
2004,4,27,1010.9,26.4,79,8.5,80.0,16.5
2004,4,28,1013.8,23.0,83,0.9,80.0,35.1
2004,4,29,1012.1,22.9,89,0.05,80.0,28.2
2004,4,30,1009.9,25.2,86,0.0,70.0,12.3
2004,5,1,1009.6,26.0,84,0.0,120.0,7.0
2004,5,2,1010.4,26.3,86,0.0,90.0,10.1
2004,5,3,1010.0,27.4,80,0.0,160.0,10.8
2004,5,4,1011.3,25.1,83,0.05,20.0,14.1
2004,5,5,1013.4,22.2,78,6.4,10.0,14.3
2004,5,6,1014.2,24.1,82,0.0,90.0,21.3
2004,5,7,1011.8,24.2,79,0.0,90.0,30.1
2004,5,8,1006.4,24.4,91,124.4,240.0,20.7
2004,5,9,1008.2,26.4,79,0.0,180.0,9.8
2004,5,10,1009.5,27.3,80,0.0,130.0,10.3
2004,5,11,1008.7,27.2,86,0.0,120.0,13.4
2004,5,12,1005.5,28.0,81,0.0,190.0,10.7
2004,5,13,1006.5,28.5,80,0.05,220.0,12.8
2004,5,14,1010.2,26.2,90,31.6,90.0,22.8
2004,5,15,1010.7,26.1,89,1.5,90.0,23.9
2004,5,16,1009.7,27.6,83,0.05,50.0,9.6
2004,5,17,1011.1,26.4,75,0.0,20.0,17.3
2004,5,18,1009.1,25.7,82,0.05,60.0,13.9
2004,5,19,1004.7,26.2,83,1.6,240.0,6.7
2004,5,20,1002.9,25.3,81,1.1,270.0,16.9
2004,5,21,1002.2,23.4,90,16.9,20.0,15.9
2004,5,22,1004.4,23.8,84,0.2,80.0,20.8
2004,5,23,1006.5,25.9,77,0.0,100.0,16.8
2004,5,24,1008.3,26.4,73,0.05,90.0,26.0
2004,5,25,1009.3,26.4,84,0.05,70.0,27.3
2004,5,26,1010.0,27.3,83,0.05,120.0,8.2
2004,5,27,1010.6,28.5,80,0.0,20.0,7.6
2004,5,28,1009.3,28.4,81,10.1,220.0,13.3
2004,5,29,1008.7,27.3,83,0.6,240.0,13.4
2004,5,30,1009.4,28.1,81,0.0,180.0,14.4
2004,5,31,1011.0,29.0,76,0.0,170.0,7.5
2004,6,1,1012.8,28.2,81,0.0,100.0,16.4
2004,6,2,1011.6,27.9,84,7.7,100.0,19.0
2004,6,3,1010.4,28.1,82,0.05,100.0,20.7
2004,6,4,1009.8,27.7,77,0.05,90.0,31.5
2004,6,5,1008.3,27.1,80,0.05,100.0,23.8
2004,6,6,1008.1,26.2,86,8.3,90.0,15.4
2004,6,7,1008.0,26.0,87,1.2,10.0,7.1
2004,6,8,1008.4,27.1,78,0.05,20.0,11.3
2004,6,9,1009.0,27.9,77,0.05,160.0,9.5
2004,6,10,1010.9,27.4,77,0.0,100.0,19.8
2004,6,11,1012.1,27.3,70,0.0,90.0,34.8
2004,6,12,1012.9,27.5,71,0.0,90.0,32.8
2004,6,13,1012.4,27.8,65,0.0,90.0,26.0
2004,6,14,1010.3,27.6,74,0.0,100.0,17.6
2004,6,15,1009.1,27.0,88,27.9,120.0,19.1
2004,6,16,1007.3,28.2,82,2.9,220.0,20.6
2004,6,17,1007.6,29.0,80,0.05,170.0,12.0
2004,6,18,1005.2,29.1,79,0.05,230.0,16.2
2004,6,19,1002.4,29.9,76,0.05,240.0,29.3
2004,6,20,1003.2,29.9,78,34.2,240.0,30.1
2004,6,21,1003.8,28.6,85,27.0,230.0,17.6
2004,6,22,1002.9,29.9,79,8.7,230.0,22.8
2004,6,23,1001.3,29.4,81,9.7,200.0,29.9
2004,6,24,1002.1,30.2,76,0.05,180.0,23.7
2004,6,25,1002.6,30.2,75,0.05,170.0,20.4
2004,6,26,1003.6,29.9,78,1.6,150.0,17.9
2004,6,27,1005.4,29.6,80,0.2,140.0,13.7
2004,6,28,1004.1,30.4,74,0.05,230.0,12.6
2004,6,29,999.9,31.4,72,0.0,280.0,20.3
2004,6,30,998.3,30.4,81,15.3,130.0,10.5
2004,7,1,997.5,31.6,76,0.05,270.0,17.6
2004,7,2,998.1,30.8,77,0.1,290.0,34.3
2004,7,3,1000.1,29.4,85,8.6,250.0,40.0
2004,7,4,1003.4,29.0,84,2.0,240.0,23.6
2004,7,5,1004.6,29.9,78,1.0,230.0,28.7
2004,7,6,1005.6,29.9,79,0.4,220.0,37.3
2004,7,7,1007.5,29.8,79,18.3,230.0,31.3
2004,7,8,1008.9,29.8,79,0.0,230.0,24.0
2004,7,9,1009.3,29.5,75,0.05,230.0,19.8
2004,7,10,1008.7,29.0,77,3.1,200.0,19.6
2004,7,11,1007.3,29.1,77,1.2,210.0,28.5
2004,7,12,1008.3,29.0,78,5.3,230.0,27.6
2004,7,13,1009.7,28.5,80,8.1,230.0,13.2
2004,7,14,1009.0,29.1,74,0.0,230.0,7.0
2004,7,15,1008.8,29.1,74,0.0,310.0,10.4
2004,7,16,1006.3,25.5,87,77.5,30.0,45.2
2004,7,17,1008.0,25.0,92,44.4,160.0,17.2
2004,7,18,1006.0,27.9,82,0.0,40.0,10.9
2004,7,19,1006.0,27.8,86,19.1,160.0,23.5
2004,7,20,1008.6,27.3,87,6.9,140.0,25.6
2004,7,21,1011.3,26.0,94,58.9,100.0,28.5
2004,7,22,1011.7,27.7,85,27.6,80.0,29.1
2004,7,23,1010.1,28.2,82,0.0,70.0,21.8
2004,7,24,1007.0,28.4,80,0.0,90.0,15.0
2004,7,25,1005.3,28.6,79,0.05,80.0,26.8
2004,7,26,1004.6,27.9,81,1.5,80.0,29.3
2004,7,27,1003.2,28.7,75,0.05,290.0,15.5
2004,7,28,1005.6,27.7,86,7.9,150.0,15.4
2004,7,29,1008.9,25.8,96,94.3,110.0,18.2
2004,7,30,1009.9,26.7,90,0.5,90.0,21.8
2004,7,31,1008.8,28.2,82,0.05,70.0,13.4
2004,8,1,1007.2,28.9,76,0.0,230.0,9.6
2004,8,2,1005.8,29.3,76,0.0,230.0,14.4
2004,8,3,1004.4,29.7,74,0.0,240.0,17.0
2004,8,4,1003.0,29.1,78,23.0,240.0,13.5
2004,8,5,1004.0,27.3,88,14.0,130.0,15.1
2004,8,6,1006.8,26.3,92,83.9,110.0,18.9
2004,8,7,1007.2,28.5,79,0.0,110.0,12.9
2004,8,8,1006.1,29.3,74,0.0,20.0,8.6
2004,8,9,1005.5,30.1,76,0.0,260.0,13.0
2004,8,10,1003.4,31.1,72,0.0,270.0,11.6
2004,8,11,1002.3,28.2,81,36.4,90.0,12.8
2004,8,12,1001.3,27.7,80,2.7,280.0,16.5
2004,8,13,1001.1,29.1,76,0.0,250.0,22.3
2004,8,14,1002.7,28.9,80,18.3,230.0,23.0
2004,8,15,1004.5,28.9,81,0.05,140.0,21.5
2004,8,16,1005.1,29.2,75,0.0,130.0,8.6
2004,8,17,1004.2,30.4,73,0.0,280.0,17.3
2004,8,18,1004.0,30.6,77,0.05,250.0,12.6
2004,8,19,1005.1,29.9,80,0.0,250.0,10.1
2004,8,20,1006.4,27.7,85,10.3,40.0,12.3
2004,8,21,1007.3,26.1,95,64.3,160.0,15.0
2004,8,22,1007.5,26.4,93,16.4,50.0,12.6
2004,8,23,1005.4,28.1,84,12.0,10.0,8.3
2004,8,24,1003.1,28.5,84,29.8,300.0,14.5
2004,8,25,998.8,30.1,72,0.0,300.0,17.8
2004,8,26,994.9,27.5,78,12.0,300.0,24.3
2004,8,27,994.7,25.8,93,5.7,310.0,9.5
2004,8,28,998.1,26.5,92,21.8,170.0,22.4
2004,8,29,1000.1,26.8,91,114.7,170.0,37.3
2004,8,30,1003.2,27.7,87,14.3,180.0,30.1
2004,8,31,1005.4,27.7,88,8.9,210.0,17.5
2004,9,1,1006.8,28.5,87,0.0,80.0,14.5
2004,9,2,1008.5,29.0,83,0.05,60.0,17.0
2004,9,3,1008.8,27.8,91,18.2,110.0,15.0
2004,9,4,1006.7,28.6,81,0.05,160.0,6.7
2004,9,5,1004.2,29.1,78,0.0,360.0,6.7
2004,9,6,1003.1,29.3,79,0.05,290.0,13.0
2004,9,7,1003.4,29.3,79,0.0,170.0,10.3
2004,9,8,1004.7,26.7,94,34.3,90.0,14.3
2004,9,9,1006.0,25.0,90,29.1,310.0,11.5
2004,9,10,1007.8,25.2,80,0.05,10.0,17.1
2004,9,11,1008.1,25.8,73,0.0,10.0,29.4
2004,9,12,1009.8,26.5,70,0.0,10.0,17.6
2004,9,13,1010.4,27.9,63,0.0,10.0,12.7
2004,9,14,1008.6,28.0,60,0.0,10.0,9.2
2004,9,15,1008.2,28.2,63,0.05,200.0,7.1
2004,9,16,1012.2,28.5,75,0.0,120.0,9.6
2004,9,17,1013.9,28.2,82,0.05,80.0,13.6
2004,9,18,1013.4,28.0,86,6.8,70.0,22.3
2004,9,19,1013.5,26.5,93,58.8,100.0,15.3
2004,9,20,1013.9,27.6,82,0.05,110.0,6.9
2004,9,21,1013.6,27.6,80,16.2,240.0,12.5
2004,9,22,1012.5,26.8,79,0.9,10.0,13.4
2004,9,23,1011.9,27.1,70,0.0,10.0,15.1
2004,9,24,1012.9,27.2,77,0.05,100.0,27.0
2004,9,25,1013.1,26.9,75,0.1,90.0,26.2
2004,9,26,1012.6,27.3,65,0.0,50.0,12.3
2004,9,27,1011.7,27.9,59,0.0,10.0,10.0
2004,9,28,1010.7,28.0,69,0.0,10.0,10.7
2004,9,29,1012.8,28.5,76,0.05,110.0,10.9
2004,9,30,1014.6,27.7,82,2.9,100.0,27.1
2004,10,1,1014.3,28.0,78,0.05,60.0,17.1
2004,10,2,1016.4,23.9,59,0.0,10.0,42.5
2004,10,3,1016.4,23.2,50,0.0,20.0,25.9
2004,10,4,1015.4,24.1,53,0.0,20.0,22.3
2004,10,5,1015.3,24.9,60,0.0,20.0,13.5
2004,10,6,1015.1,25.1,63,0.0,30.0,12.2
2004,10,7,1012.7,25.3,67,0.05,100.0,6.0
2004,10,8,1012.2,25.9,45,0.0,10.0,17.3
2004,10,9,1014.0,25.6,54,0.0,20.0,18.8
2004,10,10,1016.1,25.5,65,0.0,100.0,16.0
2004,10,11,1016.0,25.6,73,0.0,100.0,11.1
2004,10,12,1016.4,25.7,68,0.0,100.0,12.2
2004,10,13,1017.6,25.6,60,0.0,90.0,26.1
2004,10,14,1019.0,25.1,70,0.05,90.0,35.7
2004,10,15,1018.5,24.7,67,0.0,90.0,33.2
2004,10,16,1015.9,24.5,73,0.0,90.0,16.6
2004,10,17,1014.3,24.6,73,0.0,100.0,13.8
2004,10,18,1012.1,26.0,52,0.0,10.0,16.1
2004,10,19,1010.7,25.8,52,0.0,10.0,28.6
2004,10,20,1013.4,24.7,64,0.0,10.0,21.9
2004,10,21,1016.7,25.1,73,0.05,90.0,23.5
2004,10,22,1018.9,24.7,70,0.05,90.0,31.1
2004,10,23,1019.0,24.3,64,0.0,80.0,41.2
2004,10,24,1018.3,24.5,65,0.05,70.0,20.8
2004,10,25,1015.5,26.1,56,0.0,10.0,18.8
2004,10,26,1018.4,25.5,58,2.3,20.0,37.0
2004,10,27,1020.0,23.5,66,0.05,90.0,34.0
2004,10,28,1019.2,23.4,74,0.05,90.0,30.6
2004,10,29,1018.4,23.7,72,0.0,80.0,25.3
2004,10,30,1017.1,23.9,76,0.0,80.0,26.3
2004,10,31,1015.7,24.1,76,0.0,90.0,14.2
2004,11,1,1015.5,24.5,77,0.0,40.0,8.3
2004,11,2,1017.6,24.0,71,0.0,10.0,21.7
2004,11,3,1018.8,23.8,76,0.0,90.0,29.5
2004,11,4,1017.8,23.1,73,0.0,80.0,29.1
2004,11,5,1017.2,23.5,79,0.0,80.0,18.5
2004,11,6,1017.0,23.6,77,0.0,60.0,17.8
2004,11,7,1017.3,23.8,77,0.05,90.0,27.9
2004,11,8,1017.4,23.7,78,0.0,80.0,28.5
2004,11,9,1015.3,24.2,84,0.05,90.0,27.7
2004,11,10,1014.9,25.2,87,0.05,70.0,17.9
2004,11,11,1015.9,25.5,85,0.05,100.0,14.8
2004,11,12,1018.6,25.5,80,0.05,90.0,20.9
2004,11,13,1018.0,24.4,80,0.05,80.0,31.8
2004,11,14,1015.8,25.0,82,0.0,60.0,12.7
2004,11,15,1017.1,23.2,73,0.0,10.0,26.7
2004,11,16,1019.9,19.8,70,0.0,10.0,28.5
2004,11,17,1019.9,20.9,65,0.0,10.0,23.2
2004,11,18,1019.7,20.6,48,0.0,20.0,23.2
2004,11,19,1019.5,20.4,51,0.0,90.0,21.4
2004,11,20,1019.6,20.4,68,0.0,80.0,26.9
2004,11,21,1020.9,20.8,70,0.0,70.0,31.2
2004,11,22,1020.5,21.7,69,0.0,70.0,33.8
2004,11,23,1019.8,22.0,74,0.05,70.0,30.3
2004,11,24,1020.4,22.8,80,0.4,80.0,32.4
2004,11,25,1020.7,23.7,77,0.0,60.0,16.5
2004,11,26,1021.6,22.2,66,0.0,10.0,33.5
2004,11,27,1022.3,19.4,65,0.0,10.0,21.8
2004,11,28,1020.8,20.5,66,0.0,70.0,16.0
2004,11,29,1019.5,21.2,73,0.0,80.0,18.7
2004,11,30,1019.1,21.2,71,0.0,80.0,33.2
2004,12,1,1020.2,21.5,72,0.0,80.0,38.4
2004,12,2,1019.5,22.0,76,0.0,50.0,26.3
2004,12,3,1012.4,23.3,62,0.0,10.0,25.3
2004,12,4,1013.6,22.1,53,0.0,10.0,37.1
2004,12,5,1019.9,19.3,54,0.05,10.0,34.1
2004,12,6,1023.8,19.5,69,0.05,80.0,31.5
2004,12,7,1023.7,19.4,50,0.0,20.0,26.0
2004,12,8,1022.3,18.3,55,0.0,10.0,21.2
2004,12,9,1021.7,18.8,65,0.0,70.0,25.1
2004,12,10,1022.1,19.3,67,0.0,80.0,21.5
2004,12,11,1022.5,19.4,73,0.0,70.0,23.6
2004,12,12,1022.4,20.5,55,0.0,20.0,20.3
2004,12,13,1021.5,19.2,60,0.0,90.0,31.0
2004,12,14,1018.7,19.2,72,0.05,70.0,29.3
2004,12,15,1017.2,20.4,77,0.0,50.0,15.0
2004,12,16,1018.6,20.3,75,0.0,80.0,29.6
2004,12,17,1018.8,20.1,77,0.0,80.0,24.4
2004,12,18,1016.3,20.1,82,0.0,90.0,17.0
2004,12,19,1014.6,20.3,82,0.0,80.0,13.3
2004,12,20,1016.4,20.3,81,0.05,90.0,17.6
2004,12,21,1016.7,19.9,76,0.0,90.0,37.7
2004,12,22,1015.3,20.2,83,0.05,80.0,25.9
2004,12,23,1015.5,21.4,81,0.0,60.0,13.1
2004,12,24,1019.0,19.6,78,0.05,80.0,33.1
2004,12,25,1019.0,19.1,79,0.0,70.0,29.7
2004,12,26,1017.6,19.3,78,0.05,90.0,28.8
2004,12,27,1018.9,18.8,73,0.0,20.0,19.5
2004,12,28,1020.7,13.5,70,0.0,10.0,27.0
2004,12,29,1021.1,12.4,71,0.0,20.0,26.2
2004,12,30,1022.0,14.2,68,0.0,10.0,33.9
2004,12,31,1027.0,9.4,46,0.0,10.0,49.8
2005,1,1,1026.8,9.4,43,0.0,10.0,27.7
2005,1,2,1022.5,12.1,53,0.0,30.0,14.6
2005,1,3,1018.7,15.3,65,0.0,60.0,17.7
2005,1,4,1020.4,16.7,62,0.0,20.0,15.3
2005,1,5,1021.4,16.9,77,0.0,80.0,30.4
2005,1,6,1020.5,17.5,69,0.0,20.0,10.5
2005,1,7,1021.2,17.4,80,0.0,70.0,25.6
2005,1,8,1021.5,17.7,77,0.0,70.0,24.8
2005,1,9,1022.0,16.2,70,0.0,20.0,24.2
2005,1,10,1022.0,15.2,73,0.0,90.0,24.3
2005,1,11,1021.7,16.6,76,0.0,70.0,21.6
2005,1,12,1021.1,16.0,74,0.0,40.0,20.2
2005,1,13,1019.7,12.0,82,3.5,10.0,29.5
2005,1,14,1021.0,11.3,56,0.0,10.0,34.6
2005,1,15,1021.3,12.5,52,0.0,10.0,20.9
2005,1,16,1022.2,13.5,56,0.0,20.0,15.5
2005,1,17,1021.6,14.4,72,0.0,80.0,28.5
2005,1,18,1020.3,15.8,78,0.0,60.0,24.0
2005,1,19,1021.1,16.8,81,0.0,50.0,20.9
2005,1,20,1025.0,15.8,82,0.0,80.0,34.9
2005,1,21,1025.3,15.9,79,0.05,80.0,34.1
2005,1,22,1021.6,17.3,84,0.05,70.0,17.5
2005,1,23,1019.2,18.2,84,0.0,70.0,12.8
2005,1,24,1017.0,17.8,82,0.0,50.0,15.6
2005,1,25,1012.4,19.8,88,0.0,50.0,8.4
2005,1,26,1012.1,18.5,91,0.05,90.0,20.6
2005,1,27,1011.8,18.2,87,0.05,50.0,20.5
2005,1,28,1010.6,18.9,93,0.4,40.0,12.0
2005,1,29,1011.9,18.3,93,0.05,40.0,15.1
2005,1,30,1015.3,17.3,94,1.0,50.0,22.0
2005,1,31,1018.3,13.8,85,1.0,20.0,23.7
2005,2,1,1018.3,13.0,75,0.05,50.0,25.0
2005,2,2,1018.9,13.1,82,0.05,70.0,41.1
2005,2,3,1018.4,13.6,91,0.6,70.0,35.4
2005,2,4,1016.5,16.6,93,0.05,40.0,15.7
2005,2,5,1016.2,18.5,94,0.05,50.0,19.8
2005,2,6,1017.8,18.5,93,0.1,60.0,18.8
2005,2,7,1018.8,20.7,87,0.1,50.0,12.4
2005,2,8,1019.6,19.3,94,0.3,60.0,20.7
2005,2,9,1019.6,19.3,85,0.05,50.0,20.7
2005,2,10,1021.5,19.2,85,0.05,40.0,21.3
2005,2,11,1024.0,16.1,77,0.0,30.0,26.1
2005,2,12,1022.3,17.4,80,0.0,70.0,26.4
2005,2,13,1020.9,16.6,82,0.05,80.0,35.9
2005,2,14,1017.3,17.0,85,0.05,80.0,32.9
2005,2,15,1014.1,19.1,94,0.2,30.0,16.2
2005,2,16,1011.7,22.8,89,0.05,180.0,17.6
2005,2,17,1011.2,22.6,90,1.1,170.0,14.8
2005,2,18,1015.9,15.2,85,0.9,10.0,25.9
2005,2,19,1021.6,12.6,61,0.0,10.0,36.1
2005,2,20,1024.6,9.9,70,0.05,20.0,29.5
2005,2,21,1022.9,10.3,79,0.05,30.0,26.2
2005,2,22,1019.4,12.3,87,0.05,30.0,18.2
2005,2,23,1013.1,16.0,91,0.05,40.0,13.5
2005,2,24,1009.5,20.0,93,2.7,30.0,8.2
2005,2,25,1012.3,18.2,95,0.8,50.0,24.3
2005,2,26,1017.3,15.3,88,0.05,80.0,47.4
2005,2,27,1018.3,14.1,89,3.7,70.0,39.5
2005,2,28,1019.6,13.8,86,8.7,20.0,23.9
2005,3,1,1021.0,13.7,85,6.7,80.0,39.4
2005,3,2,1020.9,13.9,91,12.7,10.0,29.8
2005,3,3,1024.2,12.6,77,3.7,10.0,37.1
2005,3,4,1028.7,12.5,63,1.1,20.0,28.2
2005,3,5,1030.7,13.9,52,0.0,10.0,16.3
2005,3,6,1028.0,14.1,58,0.0,70.0,23.7
2005,3,7,1025.1,16.2,70,0.0,60.0,20.6
2005,3,8,1021.4,18.1,78,0.0,50.0,16.8
2005,3,9,1017.4,19.6,84,0.0,50.0,17.4
2005,3,10,1013.0,20.7,87,0.0,40.0,11.1
2005,3,11,1012.2,21.1,95,0.5,30.0,10.8
2005,3,12,1016.6,15.8,93,5.5,20.0,35.5
2005,3,13,1024.0,10.5,74,0.05,20.0,30.0
2005,3,14,1020.6,12.6,72,0.05,60.0,29.4
2005,3,15,1017.8,14.8,88,0.1,60.0,30.0
2005,3,16,1018.0,18.6,90,0.05,60.0,25.1
2005,3,17,1016.7,22.0,85,0.05,30.0,10.6
2005,3,18,1019.9,19.1,79,0.0,90.0,39.0
2005,3,19,1020.8,17.0,71,0.0,80.0,39.3
2005,3,20,1018.5,18.8,70,0.0,50.0,18.3
2005,3,21,1015.1,18.9,83,0.9,40.0,24.0
2005,3,22,1011.7,20.6,92,4.7,30.0,11.3
2005,3,23,1015.1,20.9,77,8.0,20.0,18.8
2005,3,24,1021.0,18.3,66,0.05,20.0,24.0
2005,3,25,1020.6,17.2,70,0.0,90.0,42.8
2005,3,26,1016.5,17.4,83,0.9,70.0,29.3
2005,3,27,1013.7,19.5,90,3.4,40.0,15.5
2005,3,28,1013.3,22.8,91,0.05,30.0,6.8
2005,3,29,1012.4,22.5,89,0.05,50.0,12.1
2005,3,30,1012.4,17.3,93,3.6,80.0,39.3
2005,3,31,1012.4,17.4,90,0.8,70.0,32.5
2005,4,1,1013.6,18.0,91,0.05,70.0,27.7
2005,4,2,1014.7,20.7,81,0.2,10.0,9.0
2005,4,3,1018.1,21.7,72,0.0,50.0,14.5
2005,4,4,1020.7,20.5,70,0.0,90.0,38.8
2005,4,5,1018.2,20.0,76,0.0,70.0,27.6
2005,4,6,1013.7,22.0,83,0.0,60.0,12.1
2005,4,7,1012.5,23.2,86,0.0,60.0,8.3
2005,4,8,1012.0,25.0,87,0.4,150.0,14.1
2005,4,9,1011.8,25.9,84,0.0,160.0,17.9
2005,4,10,1012.3,25.9,86,0.0,160.0,16.6
2005,4,11,1012.5,25.9,83,0.05,150.0,17.3
2005,4,12,1014.3,21.3,90,4.1,30.0,20.2
2005,4,13,1019.0,16.1,91,15.7,20.0,25.8
2005,4,14,1018.8,19.8,75,0.3,70.0,17.8
2005,4,15,1018.5,21.0,79,0.3,60.0,20.0
2005,4,16,1016.8,21.0,85,1.4,80.0,30.2
2005,4,17,1017.1,21.4,80,0.05,80.0,27.8
2005,4,18,1017.2,23.3,80,0.0,40.0,9.9
2005,4,19,1017.2,24.1,79,0.0,80.0,10.7
2005,4,20,1015.6,25.4,77,0.0,80.0,9.4
2005,4,21,1013.1,24.3,84,0.0,60.0,11.6
2005,4,22,1012.3,25.3,81,0.0,100.0,5.8
2005,4,23,1012.3,25.7,83,0.0,110.0,4.8
2005,4,24,1012.3,25.1,87,0.0,90.0,9.2
2005,4,25,1011.0,24.4,91,3.5,90.0,12.4
2005,4,26,1011.2,23.5,89,0.05,90.0,25.1
2005,4,27,1011.3,22.2,92,3.1,70.0,25.8
2005,4,28,1009.6,25.0,85,0.2,50.0,11.3
2005,4,29,1008.4,27.2,83,2.4,190.0,22.6
2005,4,30,1007.7,27.7,82,0.7,200.0,24.5
2005,5,1,1007.4,27.8,82,0.05,200.0,23.9
2005,5,2,1008.7,28.0,80,0.05,210.0,16.6
2005,5,3,1009.0,28.1,79,0.0,190.0,14.4
2005,5,4,1007.9,27.8,80,0.05,160.0,16.3
2005,5,5,1004.2,28.2,77,0.0,220.0,30.1
2005,5,6,1005.3,25.6,75,22.6,230.0,14.7
2005,5,7,1008.3,25.4,77,0.05,80.0,20.0
2005,5,8,1008.4,24.9,93,37.1,100.0,11.9
2005,5,9,1005.8,24.6,91,67.5,220.0,16.9
2005,5,10,1005.7,24.2,94,87.9,60.0,20.3
2005,5,11,1007.6,24.0,94,0.2,,25.7
2005,5,12,1007.0,27.1,88,0.05,190.0,8.3
2005,5,13,1005.7,28.8,81,0.0,220.0,22.1
2005,5,14,1006.3,29.1,79,0.05,230.0,19.6
2005,5,15,1008.7,29.1,81,5.5,200.0,21.4
2005,5,16,1009.4,28.5,84,9.6,200.0,26.5
2005,5,17,1009.1,29.2,79,6.5,210.0,26.0
2005,5,18,1009.0,29.1,81,47.2,230.0,18.6
2005,5,19,1010.1,26.3,92,16.4,90.0,19.5
2005,5,20,1010.8,26.2,93,38.1,100.0,28.3
2005,5,21,1009.7,27.1,88,0.4,130.0,17.8
2005,5,22,1008.9,29.1,75,0.05,230.0,10.3
2005,5,23,1008.3,28.0,83,8.5,190.0,11.8
2005,5,24,1007.6,26.6,88,44.7,230.0,14.2
2005,5,25,1009.1,26.8,87,0.05,90.0,22.8
2005,5,26,1009.3,25.6,94,30.5,100.0,29.9
2005,5,27,1006.5,25.8,92,85.6,110.0,14.0
2005,5,28,1006.5,26.3,89,0.3,80.0,20.0
2005,5,29,1009.3,25.7,82,0.05,80.0,45.6
2005,5,30,1008.5,26.3,77,0.05,90.0,35.0
2005,5,31,1006.0,26.7,83,0.05,80.0,16.0
2005,6,1,1004.0,28.1,82,0.05,170.0,13.0
2005,6,2,1003.2,29.3,82,3.2,230.0,29.0
2005,6,3,1003.8,29.8,81,1.7,230.0,19.1
2005,6,4,1005.2,27.1,92,32.5,100.0,11.7
2005,6,5,1006.2,25.2,78,7.0,80.0,32.2
2005,6,6,1006.3,25.6,82,0.05,80.0,38.7
2005,6,7,1006.2,25.0,84,1.4,90.0,39.5
2005,6,8,1005.9,26.3,82,0.05,90.0,33.3
2005,6,9,1004.6,25.7,87,5.3,70.0,34.8
2005,6,10,1002.0,28.0,83,0.9,240.0,18.6
2005,6,11,1000.9,29.7,79,0.0,240.0,22.5
2005,6,12,1000.9,29.3,80,4.8,240.0,23.1
2005,6,13,1001.8,27.9,86,8.1,240.0,19.0
2005,6,14,1000.9,28.6,86,19.2,240.0,24.0
2005,6,15,1001.4,27.2,92,168.5,250.0,19.6
2005,6,16,1004.6,26.3,93,26.1,270.0,11.2
2005,6,17,1006.9,26.8,91,35.1,200.0,12.1
2005,6,18,1005.7,28.9,82,3.3,220.0,33.0
2005,6,19,1004.9,29.4,80,0.05,230.0,33.3
2005,6,20,1004.8,29.5,81,1.0,230.0,33.0
2005,6,21,1004.9,28.7,84,106.3,220.0,35.7
2005,6,22,1005.3,27.4,87,32.7,220.0,25.8
2005,6,23,1005.8,26.7,91,106.6,200.0,23.4
2005,6,24,1007.0,26.2,93,232.6,200.0,18.6
2005,6,25,1006.6,28.5,85,3.9,200.0,18.2
2005,6,26,1005.1,28.7,85,11.5,190.0,27.0
2005,6,27,1004.8,29.4,80,3.4,170.0,20.8
2005,6,28,1005.2,29.4,82,0.05,120.0,11.6
2005,6,29,1006.2,27.9,88,31.8,120.0,15.3
2005,6,30,1007.6,26.1,91,47.0,170.0,33.5
2005,7,1,1010.3,26.8,90,18.4,140.0,21.0
2005,7,2,1010.5,28.2,87,0.0,120.0,13.8
2005,7,3,1009.5,29.2,82,0.0,120.0,11.5
2005,7,4,1008.6,29.9,78,0.0,170.0,12.8
2005,7,5,1007.7,29.9,75,0.0,200.0,10.7
2005,7,6,1006.0,29.8,74,0.0,280.0,6.1
2005,7,7,1004.3,28.0,85,38.1,360.0,14.4
2005,7,8,1006.8,28.8,77,0.05,200.0,26.7
2005,7,9,1008.7,27.4,86,33.5,170.0,17.7
2005,7,10,1010.4,29.2,80,4.3,180.0,25.0
2005,7,11,1011.4,29.9,75,0.0,190.0,12.5
2005,7,12,1011.2,30.0,73,0.0,210.0,10.5
2005,7,13,1011.3,29.8,75,0.2,230.0,20.0
2005,7,14,1012.1,30.0,75,0.0,230.0,18.8
2005,7,15,1011.5,30.0,77,0.0,150.0,8.8
2005,7,16,1009.4,30.4,74,0.05,30.0,8.9
2005,7,17,1005.2,30.3,71,0.0,270.0,18.5
2005,7,18,1001.1,31.2,72,0.0,280.0,32.4
2005,7,19,998.1,31.8,69,28.5,260.0,32.0
2005,7,20,999.4,30.8,76,20.4,260.0,30.4
2005,7,21,1001.4,29.0,79,4.4,290.0,18.6
2005,7,22,1004.6,26.5,89,79.7,50.0,11.0
2005,7,23,1005.9,27.6,82,0.0,40.0,10.0
2005,7,24,1005.1,28.7,82,0.0,40.0,8.9
2005,7,25,1004.4,29.5,76,0.0,10.0,6.8
2005,7,26,1004.2,29.2,75,0.0,240.0,8.8
2005,7,27,1004.3,29.2,78,0.0,90.0,14.5
2005,7,28,1003.0,29.4,81,0.7,70.0,32.7
2005,7,29,1001.3,27.4,92,35.4,90.0,37.9
2005,7,30,1003.5,26.9,94,47.3,120.0,33.8
2005,7,31,1007.1,27.1,94,49.5,130.0,24.0
2005,8,1,1008.4,28.2,89,15.9,120.0,13.8
2005,8,2,1006.1,29.3,78,0.0,230.0,10.5
2005,8,3,1002.9,29.4,77,0.0,250.0,22.2
2005,8,4,1000.9,29.7,79,0.0,250.0,26.2
2005,8,5,999.4,29.8,78,0.0,260.0,25.8
2005,8,6,997.9,30.3,78,0.05,240.0,26.5
2005,8,7,1000.2,30.3,78,0.05,230.0,20.7
2005,8,8,1003.7,29.9,82,0.05,100.0,16.7
2005,8,9,1004.1,28.1,88,48.5,70.0,31.5
2005,8,10,1002.9,27.7,90,26.4,110.0,36.3
2005,8,11,1004.0,28.5,86,12.6,100.0,26.2
2005,8,12,1000.7,29.4,75,9.4,300.0,19.4
2005,8,13,999.4,26.7,90,83.9,240.0,27.2
2005,8,14,1004.2,28.8,81,2.5,230.0,34.7
2005,8,15,1005.3,27.6,88,14.9,160.0,13.0
2005,8,16,1005.4,26.2,94,49.0,120.0,23.2
2005,8,17,1005.7,25.6,96,51.6,110.0,20.0
2005,8,18,1006.8,25.9,92,39.7,220.0,24.8
2005,8,19,1006.3,25.5,92,242.9,230.0,38.6
2005,8,20,1004.4,25.0,93,303.3,250.0,46.7
2005,8,21,1006.0,27.2,90,17.8,230.0,26.0
2005,8,22,1008.9,28.5,82,0.0,220.0,19.0
2005,8,23,1008.8,28.8,80,0.05,230.0,15.7
2005,8,24,1006.7,27.6,85,16.6,250.0,13.9
2005,8,25,1007.1,27.5,80,0.0,10.0,8.3
2005,8,26,1009.2,27.1,88,2.8,70.0,22.0
2005,8,27,1009.4,27.3,89,0.3,70.0,27.2
2005,8,28,1008.6,28.0,86,2.5,70.0,29.5
2005,8,29,1008.0,28.0,89,9.1,100.0,22.6
2005,8,30,1005.3,28.3,85,21.3,90.0,10.3
2005,8,31,1002.4,29.4,76,0.3,270.0,18.1
2005,9,1,999.8,30.1,66,0.0,290.0,22.2
2005,9,2,1002.6,29.2,69,0.0,290.0,9.7
2005,9,3,1004.4,27.9,87,11.7,170.0,16.3
2005,9,4,1006.0,26.7,93,54.3,90.0,25.9
2005,9,5,1007.8,28.3,77,0.0,50.0,14.6
2005,9,6,1008.0,27.9,82,11.5,310.0,3.4
2005,9,7,1008.8,28.5,79,20.4,90.0,10.3
2005,9,8,1010.1,27.9,86,0.7,90.0,20.0
2005,9,9,1010.3,28.4,80,0.0,90.0,15.4
2005,9,10,1008.3,28.2,77,0.05,30.0,12.6
2005,9,11,1006.3,28.7,75,0.05,360.0,6.4
2005,9,12,1009.2,29.1,80,0.05,90.0,18.1
2005,9,13,1012.7,28.7,87,13.2,90.0,26.6
2005,9,14,1013.7,29.3,79,0.05,100.0,17.1
2005,9,15,1012.2,29.1,80,1.7,90.0,23.8
2005,9,16,1010.5,29.5,76,0.05,70.0,24.8
2005,9,17,1010.9,27.8,83,23.0,70.0,46.8
2005,9,18,1014.0,28.2,86,3.8,100.0,40.3
2005,9,19,1015.3,28.8,84,0.05,100.0,18.5
2005,9,20,1011.9,28.8,79,2.7,220.0,9.8
2005,9,21,1008.6,29.5,77,0.0,290.0,12.1
2005,9,22,1005.7,31.0,68,0.0,10.0,19.1
2005,9,23,1005.2,28.6,67,0.05,10.0,41.5
2005,9,24,1004.5,26.5,78,10.6,60.0,63.6
2005,9,25,1005.7,25.8,90,130.2,90.0,62.4
2005,9,26,1010.0,25.9,92,37.2,100.0,44.1
2005,9,27,1014.2,25.9,93,30.6,100.0,35.4
2005,9,28,1014.3,27.0,85,1.0,90.0,20.7
2005,9,29,1013.2,27.4,82,0.0,70.0,13.2
2005,9,30,1013.0,27.6,82,0.0,70.0,9.1
2005,10,1,1011.2,28.6,80,0.0,240.0,10.0
2005,10,2,1006.9,29.0,78,3.6,270.0,16.8
2005,10,3,1006.8,29.6,67,0.0,360.0,13.9
2005,10,4,1011.6,27.7,70,0.0,10.0,20.5
2005,10,5,1012.6,27.8,74,0.1,10.0,13.8
2005,10,6,1012.5,28.1,77,0.1,70.0,22.5
2005,10,7,1012.4,28.1,78,2.1,80.0,28.1
2005,10,8,1013.1,27.4,63,0.0,10.0,34.8
2005,10,9,1014.6,26.5,66,0.05,20.0,28.3
2005,10,10,1014.5,26.8,74,0.05,80.0,31.4
2005,10,11,1014.6,27.3,74,0.6,80.0,34.9
2005,10,12,1013.6,26.7,76,0.05,90.0,26.3
2005,10,13,1013.2,27.0,77,0.1,100.0,15.9
2005,10,14,1013.1,27.2,79,0.0,100.0,12.1
2005,10,15,1014.3,26.9,78,0.0,90.0,13.0
2005,10,16,1015.1,26.1,75,0.0,110.0,14.2
2005,10,17,1016.4,26.3,80,0.05,90.0,22.1
2005,10,18,1017.8,26.1,70,0.05,90.0,34.0
2005,10,19,1017.8,25.6,66,0.05,90.0,40.4
2005,10,20,1017.3,25.5,68,0.0,90.0,31.5
2005,10,21,1016.7,26.1,69,0.0,70.0,23.3
2005,10,22,1018.4,25.2,61,0.05,20.0,28.7
2005,10,23,1019.4,23.3,62,0.0,10.0,27.2
2005,10,24,1019.0,23.0,65,0.0,10.0,21.2
2005,10,25,1017.8,24.4,73,0.0,80.0,24.4
2005,10,26,1017.6,24.8,76,0.0,70.0,25.5
2005,10,27,1017.6,25.4,76,0.0,80.0,33.5
2005,10,28,1016.2,25.8,79,0.0,80.0,26.4
2005,10,29,1014.9,24.8,70,0.0,20.0,28.2
2005,10,30,1016.7,22.8,67,0.0,20.0,31.4
2005,10,31,1018.2,22.1,61,0.05,70.0,37.6
2005,11,1,1017.2,22.9,63,0.05,70.0,39.6
2005,11,2,1016.4,24.6,75,0.0,80.0,33.0
2005,11,3,1016.5,24.9,76,0.0,80.0,27.1
2005,11,4,1015.3,24.8,82,0.0,80.0,23.7
2005,11,5,1013.6,25.3,86,0.0,70.0,10.7
2005,11,6,1012.8,26.3,82,0.0,220.0,7.6
2005,11,7,1013.9,26.1,88,0.0,100.0,9.2
2005,11,8,1015.6,25.6,87,0.0,80.0,17.6
2005,11,9,1015.0,25.6,86,0.05,80.0,11.8
2005,11,10,1012.6,25.9,86,0.0,40.0,8.5
2005,11,11,1011.8,25.6,85,0.0,60.0,5.5
2005,11,12,1012.5,25.8,81,0.0,90.0,25.0
2005,11,13,1012.9,25.4,81,0.0,80.0,31.4
2005,11,14,1012.7,25.3,84,0.05,90.0,32.0
2005,11,15,1014.1,22.5,81,1.6,10.0,35.5
2005,11,16,1017.3,21.1,72,0.0,20.0,29.6
2005,11,17,1019.0,21.2,73,0.05,20.0,23.7
2005,11,18,1021.4,21.1,69,0.0,20.0,26.3
2005,11,19,1022.2,19.3,68,0.0,10.0,31.6
2005,11,20,1021.6,17.9,68,0.0,10.0,34.7
2005,11,21,1022.1,18.5,63,0.0,10.0,32.0
2005,11,22,1021.7,19.1,63,0.0,10.0,23.9
2005,11,23,1020.2,20.9,65,0.0,10.0,18.5
2005,11,24,1019.6,20.8,71,0.0,80.0,17.8
2005,11,25,1018.5,21.1,79,0.0,70.0,20.1
2005,11,26,1017.6,21.7,78,0.0,70.0,14.9
2005,11,27,1017.0,21.9,78,0.0,60.0,25.4
2005,11,28,1016.9,23.5,79,0.0,30.0,15.3
2005,11,29,1015.6,23.0,75,0.05,90.0,19.9
2005,11,30,1014.7,21.4,79,0.05,80.0,34.4
2005,12,1,1015.7,21.1,79,0.0,80.0,27.1
2005,12,2,1016.9,21.8,81,0.0,70.0,23.7
2005,12,3,1016.2,22.1,76,0.0,70.0,24.7
2005,12,4,1017.8,19.0,61,0.0,10.0,35.0
2005,12,5,1021.6,15.7,56,0.0,10.0,35.5
2005,12,6,1024.6,12.1,54,0.05,10.0,32.4
2005,12,7,1023.8,14.1,55,0.0,20.0,24.8
2005,12,8,1022.0,17.5,66,0.0,70.0,27.1
2005,12,9,1019.1,19.0,78,0.0,70.0,29.9
2005,12,10,1017.1,20.5,81,0.0,70.0,22.6
2005,12,11,1018.9,19.8,70,0.0,10.0,29.7
2005,12,12,1022.3,16.1,63,0.0,10.0,33.2
2005,12,13,1023.2,15.7,63,0.05,10.0,28.3
2005,12,14,1024.6,15.4,52,0.0,20.0,33.9
2005,12,15,1025.8,14.6,39,0.0,20.0,34.0
2005,12,16,1024.9,15.1,48,0.0,10.0,25.4
2005,12,17,1025.0,15.8,42,0.0,20.0,30.7
2005,12,18,1024.5,13.4,48,0.0,20.0,28.6
2005,12,19,1021.9,14.3,65,0.0,70.0,27.4
2005,12,20,1021.2,16.6,68,0.0,60.0,23.4
2005,12,21,1025.4,15.2,37,0.0,20.0,51.6
2005,12,22,1025.3,12.7,32,0.0,20.0,34.6
2005,12,23,1021.6,14.5,58,0.0,50.0,20.5
2005,12,24,1019.9,17.4,72,0.0,40.0,15.4
2005,12,25,1019.2,18.6,62,0.0,50.0,20.0
2005,12,26,1019.9,19.2,63,0.0,60.0,19.9
2005,12,27,1021.4,17.9,75,0.05,70.0,36.3
2005,12,28,1020.8,16.7,86,1.6,70.0,29.0
2005,12,29,1019.6,18.5,83,0.1,40.0,20.8
2005,12,30,1018.9,18.0,93,7.8,40.0,19.0
2005,12,31,1019.0,19.9,85,0.05,30.0,13.2
2006,1,1,1019.9,19.2,82,0.0,70.0,20.1
2006,1,2,1019.2,18.5,80,0.0,90.0,19.5
2006,1,3,1017.1,17.5,83,0.0,60.0,35.0
2006,1,4,1014.8,18.7,85,0.05,60.0,25.7
2006,1,5,1018.8,17.1,80,0.0,20.0,25.0
2006,1,6,1024.8,11.2,67,0.0,10.0,38.0
2006,1,7,1025.1,10.4,59,0.0,10.0,27.0
2006,1,8,1023.7,11.7,61,0.0,50.0,29.5
2006,1,9,1021.7,12.8,57,0.0,10.0,15.3
2006,1,10,1019.5,15.6,77,0.05,60.0,27.9
2006,1,11,1017.6,17.0,79,0.0,60.0,21.3
2006,1,12,1015.9,19.0,83,0.0,40.0,20.2
2006,1,13,1015.0,19.5,83,0.0,150.0,5.3
2006,1,14,1016.1,18.5,86,0.0,50.0,18.7
2006,1,15,1016.1,19.0,81,0.0,30.0,14.7
2006,1,16,1015.2,19.9,83,0.0,60.0,16.1
2006,1,17,1015.8,18.9,90,0.7,70.0,30.0
2006,1,18,1013.5,18.9,93,0.8,70.0,28.4
2006,1,19,1011.5,18.7,94,0.3,30.0,20.4
2006,1,20,1013.3,17.1,94,1.3,30.0,23.5
2006,1,21,1016.9,13.0,85,4.3,10.0,27.4
2006,1,22,1018.2,12.8,80,0.05,10.0,22.5
2006,1,23,1021.9,12.3,72,0.0,10.0,28.4
2006,1,24,1022.8,13.6,70,0.05,20.0,19.8
2006,1,25,1022.7,15.8,67,0.0,10.0,16.1
2006,1,26,1022.7,15.3,64,0.0,20.0,22.5
2006,1,27,1019.7,15.8,71,0.05,20.0,23.6
2006,1,28,1017.4,15.0,93,6.8,40.0,22.0
2006,1,29,1017.6,17.2,92,2.1,50.0,15.5
2006,1,30,1019.5,19.1,83,0.0,40.0,16.4
2006,1,31,1019.8,20.5,80,0.0,40.0,9.4
2006,2,1,1021.0,19.1,86,0.0,60.0,19.3
2006,2,2,1022.2,17.8,78,0.0,70.0,33.2
2006,2,3,1024.2,18.4,79,0.0,80.0,29.5
2006,2,4,1026.8,15.7,82,0.05,70.0,35.4
2006,2,5,1023.9,15.8,75,0.0,70.0,33.7
2006,2,6,1019.7,18.2,78,0.0,70.0,9.9
2006,2,7,1021.7,19.1,76,0.0,50.0,20.8
2006,2,8,1025.7,17.0,69,0.0,80.0,45.3
2006,2,9,1027.5,15.4,75,0.0,80.0,43.0
2006,2,10,1022.8,16.5,78,0.0,50.0,16.7
2006,2,11,1019.6,18.3,78,0.0,20.0,7.4
2006,2,12,1021.0,18.0,73,0.0,80.0,33.9
2006,2,13,1018.8,17.6,71,0.0,80.0,32.9
2006,2,14,1015.5,18.6,88,4.7,40.0,18.4
2006,2,15,1013.0,20.9,90,0.0,30.0,8.7
2006,2,16,1015.1,22.4,87,0.0,30.0,6.7
2006,2,17,1020.9,17.3,84,0.05,80.0,41.5
2006,2,18,1020.8,14.6,84,0.05,20.0,27.0
2006,2,19,1019.5,15.2,84,0.5,20.0,15.1
2006,2,20,1019.3,17.0,81,0.0,40.0,13.1
2006,2,21,1017.7,19.0,81,0.0,40.0,19.1
2006,2,22,1017.1,21.3,77,0.0,40.0,12.6
2006,2,23,1018.8,18.4,82,0.05,70.0,28.2
2006,2,24,1018.5,17.1,87,0.05,70.0,29.4
2006,2,25,1015.3,17.7,84,0.3,70.0,20.5
2006,2,26,1015.2,19.1,82,0.3,20.0,22.3
2006,2,27,1016.7,15.2,89,11.9,80.0,53.4
2006,2,28,1017.1,14.2,94,20.0,10.0,35.3
2006,3,1,1020.7,10.6,71,0.1,10.0,36.8
2006,3,2,1021.3,12.7,68,0.0,20.0,20.8
2006,3,3,1020.1,15.0,74,0.0,70.0,23.6
2006,3,4,1019.3,15.6,74,0.05,60.0,31.7
2006,3,5,1017.5,17.2,88,2.4,50.0,21.0
2006,3,6,1015.6,19.3,92,1.8,50.0,20.8
2006,3,7,1015.4,19.9,90,0.05,80.0,24.5
2006,3,8,1016.7,19.8,86,0.0,50.0,23.3
2006,3,9,1016.5,20.8,87,0.0,30.0,8.3
2006,3,10,1015.7,20.5,88,0.0,70.0,18.6
2006,3,11,1012.7,21.0,90,0.0,70.0,21.1
2006,3,12,1012.2,20.7,93,0.8,40.0,20.7
2006,3,13,1021.5,12.1,86,5.1,20.0,36.9
2006,3,14,1022.6,12.5,81,0.3,50.0,22.3
2006,3,15,1017.7,16.5,82,0.05,50.0,23.4
2006,3,16,1012.8,20.2,82,0.05,30.0,7.0
2006,3,17,1012.1,19.9,91,0.05,30.0,18.3
2006,3,18,1012.6,22.4,89,0.3,30.0,10.3
2006,3,19,1014.8,21.5,81,0.05,80.0,23.1
2006,3,20,1015.2,18.3,81,0.05,60.0,33.5
2006,3,21,1011.2,19.5,91,0.05,40.0,17.3
2006,3,22,1009.6,21.1,96,0.05,30.0,14.3
2006,3,23,1008.7,22.6,95,11.2,40.0,15.5
2006,3,24,1012.5,17.5,95,15.7,70.0,39.7
2006,3,25,1013.5,17.5,93,6.6,70.0,32.1
2006,3,26,1012.1,18.5,96,3.0,40.0,20.9
2006,3,27,1011.1,18.0,96,1.1,40.0,21.9
2006,3,28,1014.3,19.5,75,0.0,10.0,18.1
2006,3,29,1016.4,19.8,74,0.0,90.0,32.3
2006,3,30,1016.3,20.5,84,0.05,60.0,23.5
2006,3,31,1014.3,21.8,86,0.05,60.0,23.9
2006,4,1,1011.9,23.2,86,0.05,40.0,12.0
2006,4,2,1012.5,23.4,88,0.1,340.0,4.3
2006,4,3,1012.0,23.9,90,0.05,50.0,10.2
2006,4,4,1010.5,25.5,83,0.0,220.0,8.8
2006,4,5,1009.8,26.3,82,0.0,220.0,16.0
2006,4,6,1012.5,24.4,86,0.05,60.0,16.8
2006,4,7,1014.6,22.2,88,0.05,40.0,22.1
2006,4,8,1013.7,22.3,73,0.0,70.0,24.0
2006,4,9,1010.7,24.1,89,0.05,40.0,12.9
2006,4,10,1008.0,27.0,83,0.05,230.0,29.9
2006,4,11,1008.1,27.6,80,0.05,200.0,24.9
2006,4,12,1006.8,27.8,77,0.05,210.0,25.3
2006,4,13,1011.0,23.2,86,0.9,20.0,20.0
2006,4,14,1015.7,19.5,87,0.1,30.0,18.9
2006,4,15,1016.5,16.8,83,1.0,10.0,23.4
2006,4,16,1016.6,17.5,80,0.05,20.0,23.7
2006,4,17,1015.2,20.5,74,0.0,70.0,24.8
2006,4,18,1015.1,22.8,81,0.0,60.0,21.0
2006,4,19,1014.6,25.5,75,0.0,30.0,7.5
2006,4,20,1014.4,24.7,84,0.2,90.0,18.8
2006,4,21,1012.0,23.3,84,0.0,80.0,21.7
2006,4,22,1008.9,26.1,81,0.0,200.0,10.4
2006,4,23,1009.4,27.4,82,0.0,210.0,10.4
2006,4,24,1011.6,24.3,94,109.4,90.0,19.0
2006,4,25,1011.1,23.6,91,0.05,80.0,26.1
2006,4,26,1008.9,26.8,83,8.0,220.0,16.2
2006,4,27,1009.3,27.0,86,11.9,200.0,22.5
2006,4,28,1009.8,23.3,95,66.0,70.0,32.0
2006,4,29,1011.0,22.6,91,1.6,70.0,14.9
2006,4,30,1010.8,25.3,82,0.0,180.0,5.1
2006,5,1,1009.7,27.4,83,0.0,230.0,21.6
2006,5,2,1010.2,27.0,86,70.1,240.0,24.8
2006,5,3,1013.1,22.8,95,108.2,40.0,22.3
2006,5,4,1013.6,24.2,91,0.2,80.0,29.0
2006,5,5,1011.8,26.4,89,1.3,180.0,24.3
2006,5,6,1010.3,28.1,78,0.0,220.0,17.2
2006,5,7,1010.4,28.2,79,0.0,220.0,9.5
2006,5,8,1011.3,28.5,79,0.0,190.0,15.1
2006,5,9,1010.0,28.5,76,0.0,230.0,18.1
2006,5,10,1010.1,28.8,74,0.0,230.0,19.3
2006,5,11,1012.9,27.5,85,0.05,90.0,24.3
2006,5,12,1014.0,26.5,81,0.05,70.0,25.1
2006,5,13,1012.9,26.6,75,0.05,20.0,23.6
2006,5,14,1013.7,23.7,69,0.05,10.0,29.2
2006,5,15,1010.9,24.7,69,0.05,70.0,31.0
2006,5,16,1007.1,24.5,76,1.6,20.0,41.8
2006,5,17,999.6,22.8,82,15.0,10.0,65.4
2006,5,18,1005.7,25.3,68,0.05,320.0,18.0
2006,5,19,1009.0,25.7,67,0.0,10.0,12.5
2006,5,20,1011.1,24.6,85,1.0,80.0,27.3
2006,5,21,1010.2,23.3,97,69.7,80.0,35.2
2006,5,22,1009.0,25.5,92,22.9,180.0,19.8
2006,5,23,1010.0,25.0,95,30.9,230.0,10.1
2006,5,24,1010.5,25.5,94,0.5,110.0,4.3
2006,5,25,1010.6,26.7,83,0.0,200.0,10.5
2006,5,26,1011.0,27.7,80,0.05,230.0,22.3
2006,5,27,1010.1,26.9,86,5.5,220.0,20.5
2006,5,28,1008.1,25.0,90,59.7,230.0,27.2
2006,5,29,1007.9,23.1,94,4.2,70.0,26.6
2006,5,30,1008.7,24.0,94,13.0,80.0,21.1
2006,5,31,1008.9,26.2,90,27.7,220.0,23.3
2006,6,1,1008.2,27.1,88,33.2,230.0,26.6
2006,6,2,1008.4,26.5,93,80.2,220.0,20.6
2006,6,3,1008.0,27.7,86,0.6,200.0,24.1
2006,6,4,1006.8,28.2,82,1.5,220.0,31.8
2006,6,5,1005.7,28.5,81,0.05,230.0,34.4
2006,6,6,1005.0,28.9,81,0.8,230.0,34.7
2006,6,7,1004.6,28.8,81,0.4,230.0,34.0
2006,6,8,1002.5,28.6,84,12.4,240.0,36.8
2006,6,9,1000.7,26.4,92,136.7,240.0,30.8
2006,6,10,1003.6,24.0,91,26.4,310.0,9.8
2006,6,11,1006.6,24.0,89,9.5,90.0,22.5
2006,6,12,1006.7,24.4,92,9.4,40.0,13.6
2006,6,13,1006.8,27.4,89,65.2,200.0,18.7
2006,6,14,1006.4,28.5,82,0.4,230.0,24.5
2006,6,15,1005.5,28.4,84,0.2,230.0,27.6
2006,6,16,1006.3,28.8,82,0.1,220.0,20.3
2006,6,17,1007.8,29.3,79,0.05,200.0,13.2
2006,6,18,1009.1,29.0,83,0.05,190.0,6.5
2006,6,19,1010.1,27.7,86,0.6,50.0,10.3
2006,6,20,1010.4,28.0,85,0.05,50.0,14.0
2006,6,21,1009.7,28.2,87,10.0,120.0,16.1
2006,6,22,1008.0,27.6,90,10.4,110.0,13.8
2006,6,23,1008.1,29.2,78,1.0,220.0,12.0
2006,6,24,1009.1,29.8,74,0.0,230.0,15.1
2006,6,25,1009.1,30.0,77,0.0,200.0,10.8
2006,6,26,1008.5,29.9,78,0.0,110.0,8.1
2006,6,27,1007.0,29.7,84,0.1,100.0,18.8
2006,6,28,1006.2,27.2,92,51.0,120.0,28.0
2006,6,29,1006.8,28.3,87,16.6,130.0,27.7
2006,6,30,1008.6,28.7,87,2.5,120.0,25.3
2006,7,1,1009.2,28.9,87,2.9,110.0,19.4
2006,7,2,1008.4,29.2,87,5.3,110.0,18.3
2006,7,3,1007.3,29.2,86,6.3,120.0,23.3
2006,7,4,1005.8,29.0,84,14.8,160.0,23.9
2006,7,5,1005.4,29.6,79,1.5,220.0,22.4
2006,7,6,1003.7,29.8,77,2.0,230.0,28.0
2006,7,7,1002.0,30.0,78,3.2,230.0,29.1
2006,7,8,1000.8,29.7,81,19.5,240.0,30.0
2006,7,9,1000.2,29.4,82,7.0,230.0,23.6
2006,7,10,1001.5,29.6,84,6.8,220.0,21.4
2006,7,11,1002.8,28.7,89,32.3,210.0,15.1
2006,7,12,1001.1,30.0,79,0.0,240.0,13.6
2006,7,13,997.0,30.7,77,0.05,280.0,24.8
2006,7,14,994.5,30.2,80,0.2,270.0,40.5
2006,7,15,997.6,28.8,83,7.0,240.0,50.5
2006,7,16,1001.1,28.0,86,195.6,200.0,47.5
2006,7,17,1004.7,29.0,82,5.3,190.0,31.8
2006,7,18,1008.9,29.7,79,0.05,140.0,6.1
2006,7,19,1008.6,29.5,78,0.05,170.0,6.5
2006,7,20,1006.9,29.5,76,0.0,240.0,11.3
2006,7,21,1006.0,29.9,74,0.0,210.0,9.3
2006,7,22,1005.4,29.3,81,0.0,120.0,9.1
2006,7,23,1004.1,29.8,81,0.05,100.0,8.7
2006,7,24,1002.0,29.9,80,10.1,280.0,17.4
2006,7,25,999.6,30.9,73,0.0,280.0,28.5
2006,7,26,1000.4,28.8,78,0.05,250.0,31.0
2006,7,27,1002.4,25.8,91,72.8,240.0,20.3
2006,7,28,1003.6,25.5,95,85.6,120.0,20.8
2006,7,29,1008.0,24.6,98,87.2,120.0,22.0
2006,7,30,1010.4,26.5,91,3.8,70.0,26.4
2006,7,31,1009.4,28.3,80,0.05,60.0,24.5
2006,8,1,1006.0,28.9,78,0.0,40.0,16.1
2006,8,2,1001.7,26.9,84,26.0,60.0,60.5
2006,8,3,999.2,25.8,90,54.2,110.0,64.8
2006,8,4,1005.0,27.4,89,18.0,130.0,35.7
2006,8,5,1006.9,27.4,90,5.9,110.0,20.7
2006,8,6,1006.6,26.8,91,4.6,100.0,16.7
2006,8,7,1004.7,27.9,82,0.1,170.0,6.7
2006,8,8,1003.7,28.5,80,0.0,290.0,4.1
2006,8,9,1002.0,28.8,77,0.05,290.0,11.2
2006,8,10,1000.7,26.7,91,45.6,330.0,13.0
2006,8,11,1002.3,27.6,90,3.7,100.0,26.5
2006,8,12,1005.0,28.8,84,0.05,100.0,20.7
2006,8,13,1005.0,29.1,83,0.0,110.0,14.8
2006,8,14,1004.1,28.9,83,0.0,110.0,11.5
2006,8,15,1003.8,28.9,84,0.0,80.0,15.8
2006,8,16,1004.3,29.1,83,0.0,110.0,10.1
2006,8,17,1004.7,29.7,76,0.0,240.0,15.5
2006,8,18,1004.1,30.1,78,0.05,260.0,21.8
2006,8,19,1005.2,27.6,81,51.1,280.0,18.0
2006,8,20,1004.0,28.3,84,0.1,230.0,10.4
2006,8,21,1004.4,28.9,79,0.0,110.0,12.0
2006,8,22,1004.9,28.9,78,0.05,70.0,17.0
2006,8,23,1005.4,29.3,78,0.0,110.0,10.0
2006,8,24,1005.5,27.6,92,38.8,110.0,21.2
2006,8,25,1007.0,27.3,90,20.6,180.0,26.1
2006,8,26,1007.8,28.3,83,2.2,180.0,17.2
2006,8,27,1008.6,28.2,87,2.3,100.0,8.1
2006,8,28,1008.8,28.3,88,2.2,100.0,18.5
2006,8,29,1010.8,29.3,82,0.05,150.0,17.0
2006,8,30,1010.9,29.2,77,0.05,240.0,17.2
2006,8,31,1007.9,29.3,77,0.0,260.0,26.9
2006,9,1,1006.1,29.9,76,0.0,260.0,27.8
2006,9,2,1006.3,30.0,78,0.05,260.0,24.8
2006,9,3,1006.2,28.8,81,0.05,270.0,14.2
2006,9,4,1006.5,28.5,80,0.6,240.0,20.3
2006,9,5,1007.2,29.0,78,3.2,240.0,25.0
2006,9,6,1007.4,28.3,81,4.9,250.0,19.5
2006,9,7,1007.9,26.4,87,35.1,300.0,9.8
2006,9,8,1008.4,27.4,85,11.8,300.0,5.1
2006,9,9,1009.6,26.0,90,92.4,10.0,15.4
2006,9,10,1010.5,24.1,82,3.5,10.0,33.8
2006,9,11,1008.5,23.7,74,0.05,10.0,36.5
2006,9,12,1008.6,22.2,88,5.0,10.0,38.0
2006,9,13,1009.0,24.3,98,248.3,100.0,32.3
2006,9,14,1010.5,25.3,96,12.9,80.0,20.7
2006,9,15,1009.4,26.4,84,1.0,10.0,11.6
2006,9,16,1009.6,26.4,76,0.05,10.0,17.1
2006,9,17,1009.6,26.6,64,0.0,10.0,24.5
2006,9,18,1011.1,26.1,71,0.0,10.0,22.3
2006,9,19,1012.4,26.2,75,0.0,70.0,24.3
2006,9,20,1011.8,26.3,72,0.0,70.0,20.6
2006,9,21,1011.4,26.5,70,0.0,70.0,21.3
2006,9,22,1011.7,26.7,74,0.0,80.0,30.9
2006,9,23,1011.1,27.2,68,0.0,80.0,44.0
2006,9,24,1011.3,25.8,78,0.9,80.0,51.9
2006,9,25,1011.7,26.6,76,0.05,90.0,41.8
2006,9,26,1010.3,26.4,74,0.0,80.0,31.8
2006,9,27,1010.9,26.2,75,0.0,90.0,31.5
2006,9,28,1011.5,26.2,75,0.0,80.0,27.2
2006,9,29,1010.8,27.5,73,0.0,80.0,32.6
2006,9,30,1010.9,26.6,76,0.6,80.0,43.3
2006,10,1,1011.1,26.3,78,0.05,80.0,32.3
2006,10,2,1010.9,26.9,77,0.05,60.0,16.3
2006,10,3,1010.5,26.9,80,5.1,40.0,10.4
2006,10,4,1009.6,27.1,73,0.05,170.0,9.1
2006,10,5,1010.2,26.8,75,0.0,150.0,10.3
2006,10,6,1011.6,26.3,77,0.05,110.0,7.3
2006,10,7,1011.9,26.2,71,0.0,120.0,9.3
2006,10,8,1013.7,26.3,79,0.0,110.0,14.0
2006,10,9,1014.3,25.2,83,0.6,80.0,16.9
2006,10,10,1015.3,26.2,77,0.0,100.0,13.6
2006,10,11,1015.6,26.8,78,0.0,100.0,11.9
2006,10,12,1016.9,26.7,77,0.0,100.0,20.2
2006,10,13,1016.7,26.8,77,0.0,70.0,14.0
2006,10,14,1014.5,26.4,82,5.3,90.0,8.2
2006,10,15,1014.0,26.6,84,10.7,110.0,9.6
2006,10,16,1015.6,25.9,85,7.1,100.0,23.8
2006,10,17,1015.8,26.4,82,0.0,90.0,18.9
2006,10,18,1015.6,26.5,80,0.0,100.0,18.6
2006,10,19,1016.6,26.1,78,0.0,90.0,21.5
2006,10,20,1016.9,26.4,77,0.0,80.0,13.5
2006,10,21,1016.3,26.4,79,0.0,90.0,19.5
2006,10,22,1015.5,26.5,79,0.0,70.0,14.2
2006,10,23,1015.7,27.3,79,0.05,100.0,9.7
2006,10,24,1017.8,26.4,79,1.9,90.0,36.5
2006,10,25,1018.1,26.3,77,0.05,90.0,28.3
2006,10,26,1018.3,26.0,73,0.0,80.0,26.8
2006,10,27,1018.1,25.4,70,0.05,90.0,26.7
2006,10,28,1016.2,26.1,68,0.05,20.0,20.1
2006,10,29,1014.6,26.2,72,0.05,90.0,18.3
2006,10,30,1014.4,25.9,71,0.5,90.0,20.6
2006,10,31,1013.4,25.7,63,0.05,20.0,28.6
2006,11,1,1012.2,25.0,47,0.0,10.0,47.0
2006,11,2,1013.2,23.6,56,0.0,10.0,36.0
2006,11,3,1014.8,23.0,66,0.05,80.0,30.3
2006,11,4,1014.9,23.8,67,0.0,90.0,24.3
2006,11,5,1014.5,24.2,69,0.0,70.0,25.7
2006,11,6,1015.8,24.9,58,0.0,20.0,16.7
2006,11,7,1018.8,23.8,61,0.0,90.0,32.3
2006,11,8,1019.8,23.6,68,0.0,90.0,31.8
2006,11,9,1019.5,24.2,75,0.0,80.0,17.5
2006,11,10,1017.5,25.0,75,0.0,30.0,8.4
2006,11,11,1016.7,26.0,60,0.0,10.0,15.8
2006,11,12,1018.0,23.3,57,0.0,100.0,32.0
2006,11,13,1016.6,23.0,74,0.05,80.0,25.9
2006,11,14,1017.3,24.5,77,0.3,90.0,21.6
2006,11,15,1018.5,22.0,84,9.2,80.0,42.7
2006,11,16,1016.7,22.5,85,0.05,80.0,28.4
2006,11,17,1015.6,23.6,84,0.0,90.0,27.5
2006,11,18,1014.2,23.9,90,1.6,80.0,19.3
2006,11,19,1014.8,24.1,86,0.05,70.0,11.1
2006,11,20,1015.0,23.6,82,0.05,30.0,24.7
2006,11,21,1011.5,22.0,90,66.5,90.0,37.0
2006,11,22,1012.0,20.7,94,9.7,20.0,13.3
2006,11,23,1015.0,22.1,83,3.0,20.0,14.1
2006,11,24,1016.1,22.5,83,0.0,80.0,30.5
2006,11,25,1013.8,22.8,91,0.05,80.0,32.7
2006,11,26,1010.7,24.1,88,1.2,90.0,15.8
2006,11,27,1011.9,23.5,90,7.0,60.0,11.8
2006,11,28,1015.4,20.7,80,1.1,10.0,21.8
2006,11,29,1017.1,21.1,84,0.05,60.0,30.3
2006,11,30,1017.1,20.6,78,0.0,10.0,24.9
2006,12,1,1017.3,19.1,68,0.0,10.0,25.6
2006,12,2,1018.7,18.5,71,0.0,10.0,26.4
2006,12,3,1021.2,19.1,73,0.0,30.0,25.9
2006,12,4,1022.8,19.2,73,0.0,70.0,32.9
2006,12,5,1021.9,20.2,78,0.0,80.0,25.8
2006,12,6,1019.3,20.9,80,0.0,90.0,37.7
2006,12,7,1017.8,22.4,83,0.3,40.0,20.0
2006,12,8,1018.3,22.8,81,0.0,80.0,18.8
2006,12,9,1020.9,21.2,77,0.0,10.0,24.9
2006,12,10,1021.4,18.9,71,0.0,20.0,24.9
2006,12,11,1019.1,19.7,72,0.05,30.0,18.0
2006,12,12,1017.6,21.6,73,0.05,30.0,19.9
2006,12,13,1017.2,20.0,87,13.0,360.0,31.3
2006,12,14,1016.9,16.8,89,5.8,10.0,32.1
2006,12,15,1019.3,15.7,92,9.3,10.0,27.0
2006,12,16,1024.1,15.8,60,1.5,10.0,41.0
2006,12,17,1026.0,14.9,41,0.0,10.0,34.8
2006,12,18,1026.2,14.8,54,0.0,30.0,31.3
2006,12,19,1025.2,16.1,60,0.05,10.0,28.6
2006,12,20,1024.0,17.3,58,0.0,10.0,26.6
2006,12,21,1022.4,17.0,56,0.0,10.0,26.5
2006,12,22,1021.5,17.2,55,0.0,10.0,23.1
2006,12,23,1020.2,17.0,69,0.0,80.0,36.0
2006,12,24,1018.4,18.4,70,0.0,80.0,21.0
2006,12,25,1017.3,18.1,50,0.0,10.0,15.2
2006,12,26,1017.9,17.7,77,0.0,70.0,16.3
2006,12,27,1018.3,17.7,77,0.0,70.0,18.7
2006,12,28,1021.5,17.5,67,0.0,50.0,26.0
2006,12,29,1024.3,15.2,71,0.0,70.0,35.1
2006,12,30,1022.7,15.9,71,0.0,70.0,31.2
2006,12,31,1021.4,17.4,76,0.0,80.0,37.8
2007,1,1,1018.9,18.5,80,0.0,50.0,25.8
2007,1,2,1016.9,18.8,82,0.05,80.0,30.0
2007,1,3,1016.9,18.6,92,8.5,70.0,23.4
2007,1,4,1019.3,17.4,77,0.0,10.0,22.1
2007,1,5,1021.6,16.1,69,0.0,10.0,22.9
2007,1,6,1024.0,14.3,58,0.0,360.0,36.1
2007,1,7,1024.8,13.5,55,0.0,10.0,29.8
2007,1,8,1026.1,13.6,52,0.0,10.0,24.7
2007,1,9,1025.0,14.3,52,0.0,20.0,18.5
2007,1,10,1023.1,16.1,61,0.05,70.0,25.5
2007,1,11,1021.4,17.2,77,0.0,70.0,35.4
2007,1,12,1021.3,17.9,81,0.0,70.0,19.3
2007,1,13,1022.0,17.2,77,0.0,10.0,22.7
2007,1,14,1022.6,17.2,79,0.0,50.0,28.5
2007,1,15,1021.0,18.3,78,0.05,50.0,23.0
2007,1,16,1019.1,20.4,76,0.4,40.0,19.6
2007,1,17,1020.2,17.4,95,20.0,10.0,20.6
2007,1,18,1022.0,15.9,80,0.2,10.0,22.3
2007,1,19,1021.1,16.8,78,0.05,20.0,19.5
2007,1,20,1019.1,16.9,86,0.5,50.0,28.4
2007,1,21,1019.7,16.7,87,0.0,40.0,23.5
2007,1,22,1021.7,16.6,85,0.05,50.0,30.7
2007,1,23,1023.1,16.7,80,0.0,20.0,25.5
2007,1,24,1024.2,14.1,70,0.0,360.0,20.0
2007,1,25,1023.7,15.2,71,0.0,30.0,17.2
2007,1,26,1023.5,15.1,66,0.0,10.0,21.8
2007,1,27,1024.8,14.7,61,0.0,10.0,25.8
2007,1,28,1027.2,15.0,41,0.0,10.0,30.2
2007,1,29,1025.6,14.0,51,0.0,20.0,18.9
2007,1,30,1025.1,15.7,65,0.0,50.0,12.3
2007,1,31,1024.4,16.7,56,0.0,40.0,15.4
2007,2,1,1025.8,17.3,41,0.0,10.0,27.0
2007,2,2,1025.8,16.0,48,0.0,10.0,23.8
2007,2,3,1023.9,15.4,71,0.0,80.0,23.5
2007,2,4,1020.6,16.6,64,0.0,40.0,19.4
2007,2,5,1020.2,18.1,73,0.0,50.0,16.7
2007,2,6,1020.1,19.6,74,0.0,30.0,16.4
2007,2,7,1020.5,20.7,70,0.05,50.0,18.7
2007,2,8,1019.9,21.7,66,0.05,30.0,12.9
2007,2,9,1017.7,22.2,81,0.0,20.0,6.0
2007,2,10,1017.4,20.7,86,0.0,80.0,8.4
2007,2,11,1019.8,19.3,82,0.05,80.0,29.8
2007,2,12,1018.1,19.3,80,0.0,90.0,23.2
2007,2,13,1015.6,20.7,90,0.05,110.0,16.4
2007,2,14,1016.6,21.7,83,0.0,30.0,7.3
2007,2,15,1017.1,18.9,88,0.6,90.0,39.3
2007,2,16,1013.7,19.6,93,0.05,90.0,20.4
2007,2,17,1012.6,22.0,90,0.05,90.0,5.4
2007,2,18,1012.8,23.1,84,0.05,210.0,3.0
2007,2,19,1014.3,20.1,92,0.05,70.0,22.1
2007,2,20,1015.7,19.1,91,1.0,70.0,26.6
2007,2,21,1016.2,19.8,87,0.2,80.0,30.0
2007,2,22,1014.5,18.5,92,4.0,80.0,23.7
2007,2,23,1015.1,19.7,81,0.0,90.0,29.1
2007,2,24,1015.0,18.6,83,0.1,90.0,34.5
2007,2,25,1014.0,20.4,80,1.0,10.0,20.5
2007,2,26,1016.8,19.0,78,0.05,90.0,33.5
2007,2,27,1017.1,18.8,76,0.05,80.0,31.1
2007,2,28,1016.5,19.4,81,0.05,80.0,38.8
2007,3,1,1015.9,19.3,83,0.05,80.0,33.8
2007,3,2,1015.2,21.2,81,0.0,40.0,18.8
2007,3,3,1013.6,22.1,83,0.0,40.0,14.7
2007,3,4,1011.8,22.3,87,0.1,40.0,8.9
2007,3,5,1014.8,21.4,80,3.4,80.0,24.2
2007,3,6,1018.6,15.0,82,8.1,20.0,34.1
2007,3,7,1017.5,12.8,83,1.0,20.0,27.8
2007,3,8,1016.9,14.6,88,0.1,50.0,29.1
2007,3,9,1017.8,16.1,90,0.05,70.0,27.9
2007,3,10,1016.7,18.9,91,0.05,60.0,20.4
2007,3,11,1018.2,18.1,91,0.1,80.0,28.5
2007,3,12,1019.1,17.3,88,0.05,80.0,34.5
2007,3,13,1016.5,19.4,89,0.05,60.0,21.9
2007,3,14,1013.1,20.6,92,0.05,90.0,25.8
2007,3,15,1010.4,22.5,89,0.0,70.0,10.9
2007,3,16,1011.7,23.9,87,0.2,140.0,14.5
2007,3,17,1016.2,19.1,90,0.6,90.0,43.1
2007,3,18,1016.0,18.4,81,0.05,80.0,33.4
2007,3,19,1017.2,18.0,82,7.1,20.0,26.2
2007,3,20,1020.8,16.9,67,0.0,10.0,25.2
2007,3,21,1020.1,18.5,75,0.0,80.0,28.5
2007,3,22,1019.3,19.7,80,0.05,80.0,26.9
2007,3,23,1017.5,20.6,83,0.05,80.0,33.2
2007,3,24,1012.5,22.1,89,1.0,70.0,10.1
2007,3,25,1010.7,23.8,86,0.05,150.0,6.2
2007,3,26,1011.0,23.0,93,2.0,170.0,22.0
2007,3,27,1012.1,24.9,87,3.9,230.0,16.4
2007,3,28,1014.8,22.2,79,0.05,50.0,23.4
2007,3,29,1013.2,24.1,82,0.05,230.0,6.3
2007,3,30,1012.8,25.1,84,0.0,210.0,11.8
2007,3,31,1011.6,25.6,78,0.05,200.0,16.7
2007,4,1,1009.1,25.9,79,0.0,200.0,17.1
2007,4,2,1010.5,23.2,89,24.2,20.0,22.2
2007,4,3,1019.3,15.5,80,1.6,10.0,38.0
2007,4,4,1021.8,14.0,88,8.9,60.0,33.8
2007,4,5,1020.3,16.0,84,0.05,60.0,26.3
2007,4,6,1018.7,18.3,84,1.7,20.0,13.8
2007,4,7,1017.9,18.4,86,0.6,50.0,20.5
2007,4,8,1018.3,19.0,82,0.3,10.0,16.3
2007,4,9,1018.1,20.4,68,0.05,90.0,26.2
2007,4,10,1017.7,18.5,85,6.6,60.0,24.1
2007,4,11,1017.2,20.3,73,0.0,90.0,21.1
2007,4,12,1016.0,20.8,65,0.0,80.0,22.8
2007,4,13,1014.7,22.3,71,0.0,20.0,5.5
2007,4,14,1012.3,23.1,72,0.05,230.0,4.2
2007,4,15,1010.5,24.6,77,0.0,250.0,13.4
2007,4,16,1009.8,25.8,80,0.0,270.0,18.3
2007,4,17,1009.0,25.1,83,6.6,150.0,21.9
2007,4,18,1013.6,22.1,53,0.0,10.0,24.7
2007,4,19,1016.0,21.8,75,0.0,100.0,24.6
2007,4,20,1014.4,23.0,84,0.0,80.0,18.0
2007,4,21,1012.0,24.2,89,0.05,100.0,12.1
2007,4,22,1009.7,26.0,85,0.05,200.0,18.0
2007,4,23,1008.5,25.2,83,7.8,210.0,19.3
2007,4,24,1010.5,23.3,93,64.4,170.0,14.3
2007,4,25,1015.6,20.9,86,0.6,20.0,18.8
2007,4,26,1017.2,22.9,72,0.0,90.0,26.7
2007,4,27,1016.5,24.0,71,0.0,70.0,19.8
2007,4,28,1015.3,23.3,79,0.05,80.0,29.5
2007,4,29,1014.4,22.5,85,0.4,80.0,32.5
2007,4,30,1013.6,23.3,87,1.8,70.0,10.2
2007,5,1,1013.8,25.6,76,0.0,20.0,6.1
2007,5,2,1012.8,25.3,80,0.0,120.0,6.8
2007,5,3,1012.2,24.6,71,0.05,30.0,9.4
2007,5,4,1011.0,24.0,91,6.9,70.0,9.3
2007,5,5,1008.4,24.3,88,2.3,270.0,15.3
2007,5,6,1008.2,25.9,63,0.0,10.0,10.4
2007,5,7,1009.9,26.5,61,0.0,70.0,9.1
2007,5,8,1012.0,25.7,75,0.0,80.0,23.5
2007,5,9,1012.5,25.7,76,0.0,80.0,31.1
2007,5,10,1012.3,26.1,72,0.0,80.0,30.7
2007,5,11,1013.1,25.6,75,0.0,90.0,34.3
2007,5,12,1013.1,26.5,77,0.0,60.0,14.1
2007,5,13,1013.6,26.3,77,0.0,100.0,16.1
2007,5,14,1013.3,26.2,76,0.0,90.0,19.1
2007,5,15,1012.3,26.7,78,0.0,90.0,7.5
2007,5,16,1010.9,27.4,78,0.1,240.0,17.3
2007,5,17,1009.6,28.0,69,0.05,250.0,10.6
2007,5,18,1009.0,27.7,80,13.8,240.0,23.0
2007,5,19,1010.3,24.9,87,47.2,90.0,18.7
2007,5,20,1008.0,22.4,95,81.6,80.0,35.2
2007,5,21,1006.7,23.4,95,29.7,90.0,28.3
2007,5,22,1005.2,24.5,97,37.3,130.0,11.6
2007,5,23,1004.1,27.8,86,0.6,210.0,16.5
2007,5,24,1003.5,28.9,81,0.0,200.0,16.9
2007,5,25,1005.1,29.5,77,0.0,220.0,20.7
2007,5,26,1007.4,29.5,79,0.0,180.0,17.5
2007,5,27,1008.0,26.5,88,53.0,100.0,11.5
2007,5,28,1008.4,26.8,88,10.9,60.0,6.2
2007,5,29,1008.7,28.7,79,0.0,140.0,7.0
2007,5,30,1009.2,29.1,79,0.0,110.0,10.7
2007,5,31,1008.2,28.5,81,4.9,190.0,9.8
2007,6,1,1005.9,29.6,78,4.0,210.0,24.3
2007,6,2,1005.7,29.5,80,9.2,230.0,26.1
2007,6,3,1007.4,29.9,77,0.1,240.0,21.1
2007,6,4,1007.6,29.9,78,0.1,240.0,20.7
2007,6,5,1006.3,29.7,77,0.05,250.0,26.0
2007,6,6,1006.6,29.5,81,1.3,250.0,19.4
2007,6,7,1005.9,28.8,85,41.3,230.0,30.7
2007,6,8,1005.8,28.7,84,14.1,240.0,25.3
2007,6,9,1005.1,29.1,83,5.4,230.0,27.1
2007,6,10,1004.0,25.7,91,95.5,260.0,23.6
2007,6,11,1003.3,27.9,85,0.05,250.0,13.5
2007,6,12,1004.0,27.8,86,6.8,210.0,15.6
2007,6,13,1004.2,28.1,84,35.3,220.0,37.9
2007,6,14,1005.2,25.8,90,29.6,240.0,20.8
2007,6,15,1005.9,26.3,90,13.1,70.0,6.5
2007,6,16,1006.4,28.1,81,0.05,200.0,8.3
2007,6,17,1007.1,27.6,85,0.5,50.0,8.5
2007,6,18,1007.5,28.1,84,0.0,50.0,14.2
2007,6,19,1008.0,29.2,80,0.0,110.0,12.3
2007,6,20,1008.0,29.6,79,0.0,100.0,9.2
2007,6,21,1007.8,29.1,80,5.6,130.0,7.8
2007,6,22,1007.9,29.9,76,0.0,130.0,9.6
2007,6,23,1008.9,29.8,74,0.0,220.0,14.5
2007,6,24,1008.0,30.2,75,0.0,230.0,21.8
2007,6,25,1006.2,29.6,79,3.2,200.0,24.0
2007,6,26,1004.7,29.2,82,15.3,160.0,22.9
2007,6,27,1005.0,27.7,90,34.9,200.0,20.3
2007,6,28,1006.4,26.4,94,53.2,180.0,20.0
2007,6,29,1006.9,26.6,90,62.3,140.0,21.4
2007,6,30,1007.2,25.9,92,59.3,150.0,26.3
2007,7,1,1007.8,27.2,90,3.0,120.0,21.4
2007,7,2,1008.0,27.7,88,15.5,110.0,15.8
2007,7,3,1007.1,28.4,86,0.3,100.0,19.4
2007,7,4,1005.7,28.3,86,19.3,110.0,19.2
2007,7,5,1005.9,28.3,85,17.8,150.0,25.1
2007,7,6,1007.5,29.0,82,5.5,160.0,19.7
2007,7,7,1008.6,29.9,77,0.05,150.0,11.7
2007,7,8,1006.4,29.8,75,0.3,180.0,10.4
2007,7,9,1004.1,29.9,73,2.7,230.0,18.3
2007,7,10,1003.2,29.7,74,0.4,240.0,22.6
2007,7,11,1001.9,29.9,74,0.0,240.0,21.5
2007,7,12,1000.3,29.9,74,0.0,240.0,18.5
2007,7,13,999.6,29.9,76,0.0,250.0,22.0
2007,7,14,1001.2,30.6,74,0.0,240.0,21.3
2007,7,15,1004.3,30.6,77,0.6,230.0,19.0
2007,7,16,1006.0,30.1,78,0.8,230.0,21.2
2007,7,17,1006.8,30.2,76,1.6,220.0,29.0
2007,7,18,1007.9,29.9,77,3.7,200.0,30.8
2007,7,19,1008.6,29.8,76,5.4,230.0,27.1
2007,7,20,1008.9,29.6,76,0.0,240.0,24.2
2007,7,21,1008.7,29.7,75,0.0,240.0,24.0
2007,7,22,1008.4,30.0,75,0.0,240.0,22.5
2007,7,23,1009.3,29.8,75,0.0,260.0,22.3
2007,7,24,1010.0,29.9,74,0.0,230.0,19.1
2007,7,25,1010.0,29.9,71,0.0,230.0,15.4
2007,7,26,1009.5,29.7,71,0.0,140.0,7.8
2007,7,27,1009.7,30.2,73,0.05,100.0,11.7
2007,7,28,1009.4,30.7,75,0.05,110.0,14.1
2007,7,29,1009.4,30.4,74,0.05,130.0,10.1
2007,7,30,1009.2,30.1,74,0.05,150.0,7.8
2007,7,31,1008.0,29.8,74,0.05,240.0,9.4
2007,8,1,1007.0,29.9,72,0.0,240.0,15.3
2007,8,2,1006.4,30.2,71,0.0,230.0,15.8
2007,8,3,1006.1,30.8,71,0.0,120.0,9.0
2007,8,4,1005.6,30.8,76,0.0,100.0,16.9
2007,8,5,1006.4,29.3,81,7.7,70.0,22.5
2007,8,6,1006.7,26.7,92,100.4,80.0,25.0
2007,8,7,1003.5,28.3,87,17.4,100.0,21.1
2007,8,8,998.2,28.5,80,17.9,280.0,10.3
2007,8,9,995.3,26.7,93,33.6,100.0,30.1
2007,8,10,994.1,25.7,91,57.8,220.0,47.3
2007,8,11,993.5,26.0,91,39.9,240.0,43.5
2007,8,12,998.0,26.8,91,5.3,250.0,32.1
2007,8,13,1001.1,28.1,87,0.05,240.0,22.9
2007,8,14,999.8,26.4,89,14.7,240.0,16.8
2007,8,15,998.4,26.7,86,10.9,300.0,13.5
2007,8,16,1000.7,25.5,92,60.7,360.0,18.2
2007,8,17,1003.0,27.1,85,27.9,90.0,19.0
2007,8,18,1001.0,28.6,76,1.2,270.0,22.8
2007,8,19,1000.8,28.9,78,0.0,270.0,33.4
2007,8,20,1003.9,28.5,83,0.05,240.0,38.4
2007,8,21,1005.3,28.6,80,0.05,230.0,32.3
2007,8,22,1006.4,27.8,85,15.1,230.0,27.4
2007,8,23,1008.2,28.4,82,0.05,190.0,15.1
2007,8,24,1010.3,28.0,86,15.3,90.0,6.5
2007,8,25,1009.4,27.7,86,10.3,100.0,6.4
2007,8,26,1008.8,27.6,83,0.05,80.0,8.7
2007,8,27,1010.0,27.6,89,25.0,80.0,24.0
2007,8,28,1010.3,27.9,87,25.9,70.0,26.8
2007,8,29,1009.4,28.3,85,1.3,90.0,16.5
2007,8,30,1008.1,28.5,80,0.1,140.0,7.5
2007,8,31,1007.0,28.9,75,0.0,150.0,7.4
2007,9,1,1006.6,29.1,72,0.0,210.0,5.9
2007,9,2,1007.3,27.4,83,3.7,270.0,5.7
2007,9,3,1007.4,28.3,79,0.05,190.0,6.4
2007,9,4,1007.4,27.7,82,2.3,270.0,8.8
2007,9,5,1008.1,26.8,78,1.5,360.0,14.4
2007,9,6,1007.9,26.7,69,0.0,350.0,9.7
2007,9,7,1007.4,26.8,78,0.1,80.0,15.5
2007,9,8,1007.0,27.4,79,0.05,80.0,26.5
2007,9,9,1007.1,27.4,81,0.05,70.0,31.0
2007,9,10,1008.3,27.5,80,0.05,80.0,35.8
2007,9,11,1008.4,27.8,78,10.7,80.0,28.8
2007,9,12,1008.1,27.2,76,0.05,80.0,29.8
2007,9,13,1008.2,27.8,69,0.0,80.0,26.0
2007,9,14,1006.9,28.4,70,0.0,10.0,8.8
2007,9,15,1005.2,29.4,70,0.0,280.0,9.0
2007,9,16,1006.0,28.5,80,6.0,70.0,12.8
2007,9,17,1006.9,28.0,78,0.5,70.0,10.8
2007,9,18,1003.0,28.9,51,0.0,350.0,23.2
2007,9,19,1002.6,28.2,54,0.0,340.0,18.0
2007,9,20,1007.3,27.8,58,0.1,360.0,22.8
2007,9,21,1008.6,27.9,69,1.7,360.0,18.5
2007,9,22,1006.5,28.7,62,0.0,360.0,32.4
2007,9,23,1002.8,25.8,81,12.5,350.0,46.0
2007,9,24,1004.5,25.3,94,60.1,80.0,40.0
2007,9,25,1010.9,26.8,87,2.1,80.0,37.7
2007,9,26,1012.3,27.3,79,1.0,70.0,28.7
2007,9,27,1011.4,27.6,78,0.0,70.0,20.1
2007,9,28,1011.3,27.9,78,0.0,60.0,22.6
2007,9,29,1011.0,28.5,76,0.05,70.0,19.0
2007,9,30,1008.1,29.0,74,0.0,80.0,28.8
2007,10,1,1005.5,28.6,74,0.05,60.0,50.0
2007,10,2,1006.7,26.8,85,17.6,70.0,61.4
2007,10,3,1010.3,26.2,88,22.2,80.0,44.6
2007,10,4,1010.9,27.4,75,0.0,80.0,24.8
2007,10,5,1007.4,27.9,75,0.0,290.0,11.3
2007,10,6,1003.6,29.1,68,0.0,270.0,19.0
2007,10,7,1003.7,29.4,62,0.0,270.0,18.1
2007,10,8,1008.4,28.9,69,0.0,360.0,14.6
2007,10,9,1012.7,25.8,62,0.05,360.0,31.0
2007,10,10,1013.9,25.6,70,2.1,70.0,29.3
2007,10,11,1015.2,25.9,77,0.05,60.0,33.3
2007,10,12,1016.5,25.9,79,0.2,70.0,39.3
2007,10,13,1016.9,25.8,73,1.4,70.0,39.7
2007,10,14,1017.6,25.4,78,0.2,70.0,34.4
2007,10,15,1019.1,24.7,67,0.0,360.0,27.1
2007,10,16,1019.0,24.3,62,0.0,360.0,25.0
2007,10,17,1018.1,23.8,64,0.05,80.0,23.5
2007,10,18,1017.2,24.1,72,0.05,70.0,25.7
2007,10,19,1017.8,24.5,56,0.05,60.0,21.4
2007,10,20,1017.7,24.0,60,0.0,70.0,28.8
2007,10,21,1017.1,23.7,68,0.0,80.0,34.1
2007,10,22,1016.0,24.1,71,0.0,80.0,22.6
2007,10,23,1016.1,24.5,74,0.0,70.0,30.8
2007,10,24,1016.5,25.3,71,0.05,70.0,31.7
2007,10,25,1015.3,25.7,75,0.0,70.0,25.0
2007,10,26,1014.2,25.7,71,0.0,80.0,17.2
2007,10,27,1013.5,24.9,76,0.0,80.0,23.8
2007,10,28,1013.6,24.6,76,0.0,80.0,20.6
2007,10,29,1014.8,24.7,72,0.0,70.0,36.9
2007,10,30,1016.7,23.3,82,6.3,70.0,30.2
2007,10,31,1017.3,22.8,84,1.7,360.0,27.7
2007,11,1,1018.3,20.1,84,2.1,350.0,39.8
2007,11,2,1018.3,19.0,74,1.6,350.0,31.8
2007,11,3,1018.1,21.0,62,0.05,350.0,25.1
2007,11,4,1018.0,21.6,64,0.2,70.0,24.9
2007,11,5,1015.6,21.8,53,0.0,360.0,24.3
2007,11,6,1013.5,23.2,54,0.0,350.0,25.1
2007,11,7,1013.2,22.7,56,0.05,350.0,30.5
2007,11,8,1013.5,21.4,70,0.05,350.0,27.5
2007,11,9,1014.5,23.0,64,0.0,360.0,20.2
2007,11,10,1016.4,22.2,72,0.0,70.0,30.7
2007,11,11,1017.6,21.6,71,0.0,70.0,38.6
2007,11,12,1017.5,21.0,70,0.0,70.0,37.6
2007,11,13,1017.2,21.1,70,0.0,70.0,29.8
2007,11,14,1018.1,21.5,74,0.0,70.0,29.3
2007,11,15,1019.2,21.9,73,0.0,60.0,27.8
2007,11,16,1017.7,22.6,72,0.0,50.0,23.4
2007,11,17,1015.7,22.7,75,0.0,60.0,25.9
2007,11,18,1018.3,22.1,72,0.0,360.0,26.7
2007,11,19,1021.2,20.5,67,0.05,360.0,22.2
2007,11,20,1020.7,19.4,67,0.0,350.0,27.1
2007,11,21,1020.4,20.8,66,0.05,70.0,27.8
2007,11,22,1019.9,20.7,71,0.0,70.0,30.3
2007,11,23,1017.9,20.6,69,0.0,70.0,27.6
2007,11,24,1017.6,21.0,66,0.0,70.0,27.6
2007,11,25,1016.8,21.7,65,0.0,50.0,15.5
2007,11,26,1014.1,22.1,55,0.0,340.0,39.9
2007,11,27,1013.3,19.4,38,0.0,340.0,48.1
2007,11,28,1016.1,16.4,31,0.0,350.0,34.5
2007,11,29,1020.5,16.8,39,0.0,350.0,17.0
2007,11,30,1023.7,17.1,56,0.0,70.0,25.9
2007,12,1,1022.2,18.4,73,0.0,70.0,27.4
2007,12,2,1020.8,20.4,69,0.0,20.0,17.3
2007,12,3,1021.9,20.0,61,0.0,350.0,22.2
2007,12,4,1024.2,18.6,68,0.0,60.0,31.7
2007,12,5,1024.3,18.7,67,0.0,60.0,28.6
2007,12,6,1021.9,19.4,67,0.0,30.0,14.3
2007,12,7,1020.4,19.2,64,0.0,70.0,18.5
2007,12,8,1020.4,18.4,72,0.0,60.0,33.7
2007,12,9,1018.5,19.1,74,0.0,60.0,25.7
2007,12,10,1017.3,19.7,78,0.0,60.0,21.8
2007,12,11,1015.3,21.1,70,0.0,10.0,14.1
2007,12,12,1013.5,21.6,73,0.0,40.0,9.1
2007,12,13,1014.0,21.4,74,0.05,360.0,10.7
2007,12,14,1016.2,19.5,76,0.05,70.0,25.1
2007,12,15,1018.0,19.3,78,0.0,70.0,29.0
2007,12,16,1019.8,19.4,78,0.0,60.0,32.9
2007,12,17,1018.7,21.2,70,0.05,50.0,14.2
2007,12,18,1018.3,21.0,77,0.0,70.0,15.9
2007,12,19,1018.5,19.6,82,0.05,10.0,15.7
2007,12,20,1018.5,19.9,79,0.0,70.0,25.0
2007,12,21,1016.7,21.2,80,0.0,40.0,17.5
2007,12,22,1015.0,21.7,84,0.05,70.0,13.1
2007,12,23,1015.3,20.1,88,1.1,60.0,32.2
2007,12,24,1016.6,17.8,84,14.6,350.0,25.2
2007,12,25,1018.6,17.3,72,0.0,350.0,23.3
2007,12,26,1019.5,17.7,73,0.05,70.0,27.9
2007,12,27,1016.9,18.2,74,0.0,70.0,22.0
2007,12,28,1014.9,19.2,77,0.0,60.0,16.8
2007,12,29,1016.1,18.1,66,0.0,350.0,26.7
2007,12,30,1019.3,15.9,54,0.0,350.0,32.5
2007,12,31,1022.6,14.0,41,0.0,350.0,31.8
2008,1,1,1025.3,12.9,33,0.0,350.0,33.2
2008,1,2,1025.6,12.9,42,0.0,350.0,25.8
2008,1,3,1023.6,14.5,57,0.0,50.0,19.9
2008,1,4,1021.8,15.7,73,0.0,60.0,23.4
2008,1,5,1020.1,17.0,62,0.0,10.0,14.0
2008,1,6,1019.7,17.8,76,0.0,40.0,22.3
2008,1,7,1018.4,20.2,67,0.0,10.0,9.0
2008,1,8,1016.7,20.8,72,0.05,30.0,17.1
2008,1,9,1015.3,21.3,77,0.0,30.0,16.2
2008,1,10,1014.3,20.8,85,0.05,20.0,22.8
2008,1,11,1012.9,21.4,92,0.05,20.0,13.9
2008,1,12,1013.2,22.0,78,0.0,10.0,10.3
2008,1,13,1017.0,18.7,78,0.05,60.0,29.3
2008,1,14,1019.8,15.3,66,0.05,350.0,27.9
2008,1,15,1021.9,14.7,70,0.7,350.0,27.4
2008,1,16,1024.3,14.2,62,0.05,350.0,30.7
2008,1,17,1024.2,12.7,69,0.05,350.0,26.3
2008,1,18,1021.3,14.7,78,0.05,60.0,38.5
2008,1,19,1018.2,16.6,84,0.05,60.0,35.7
2008,1,20,1015.4,18.4,83,0.05,50.0,17.9
2008,1,21,1015.1,17.4,76,0.0,330.0,13.1
2008,1,22,1017.9,17.1,74,0.05,60.0,16.3
2008,1,23,1019.5,17.1,62,0.05,350.0,20.6
2008,1,24,1022.3,14.0,77,0.5,350.0,28.9
2008,1,25,1020.8,12.7,95,19.2,30.0,32.6
2008,1,26,1019.5,13.6,89,0.05,350.0,26.2
2008,1,27,1019.6,11.7,84,0.0,350.0,22.0
2008,1,28,1015.8,13.8,87,0.05,20.0,16.0
2008,1,29,1015.6,12.7,90,0.6,350.0,15.9
2008,1,30,1017.7,11.9,96,10.4,350.0,27.5
2008,1,31,1020.3,9.8,90,1.9,350.0,25.6
2008,2,1,1018.4,11.2,85,0.0,20.0,26.7
2008,2,2,1016.8,9.3,93,12.3,340.0,24.4
2008,2,3,1018.9,11.0,70,0.3,350.0,20.7
2008,2,4,1018.8,12.1,79,0.05,40.0,24.7
2008,2,5,1017.3,12.6,87,1.6,340.0,21.6
2008,2,6,1018.9,11.3,73,0.3,350.0,26.2
2008,2,7,1019.1,9.9,80,0.5,350.0,24.2
2008,2,8,1020.3,11.7,66,0.0,350.0,28.3
2008,2,9,1020.9,11.3,55,0.0,350.0,27.4
2008,2,10,1020.3,11.8,62,0.0,360.0,27.9
2008,2,11,1020.2,11.0,67,0.05,350.0,25.6
2008,2,12,1022.1,11.0,48,0.05,350.0,31.3
2008,2,13,1023.6,11.6,54,0.05,360.0,23.7
2008,2,14,1024.1,12.5,56,0.05,350.0,23.3
2008,2,15,1023.7,12.6,59,0.3,350.0,23.6
2008,2,16,1023.1,13.5,64,0.05,60.0,32.8
2008,2,17,1023.6,15.1,74,0.4,40.0,31.4
2008,2,18,1024.6,15.6,75,0.0,70.0,29.4
2008,2,19,1024.9,14.9,78,0.05,70.0,25.0
2008,2,20,1023.0,15.7,71,0.0,360.0,17.8
2008,2,21,1020.6,16.6,71,0.0,50.0,23.9
2008,2,22,1018.3,17.4,83,3.8,10.0,18.2
2008,2,23,1018.1,18.0,92,7.1,10.0,27.0
2008,2,24,1018.8,14.3,84,0.4,60.0,49.9
2008,2,25,1016.8,15.0,85,0.5,50.0,34.0
2008,2,26,1019.4,16.4,84,0.05,350.0,24.5
2008,2,27,1025.1,13.5,66,0.05,350.0,23.7
2008,2,28,1022.1,14.4,65,0.0,30.0,12.3
2008,2,29,1018.2,15.2,61,0.05,350.0,12.5
2008,3,1,1018.5,16.4,57,0.0,350.0,15.1
2008,3,2,1019.3,18.2,58,0.0,360.0,12.6
2008,3,3,1019.5,19.6,53,0.0,10.0,15.3
2008,3,4,1020.4,18.4,56,0.0,30.0,29.1
2008,3,5,1022.3,17.1,59,0.0,60.0,39.0
2008,3,6,1021.7,17.7,61,0.0,30.0,25.8
2008,3,7,1020.8,19.1,71,0.0,30.0,23.9
2008,3,8,1021.0,18.6,71,0.0,60.0,22.0
2008,3,9,1019.4,19.1,79,0.0,20.0,15.5
2008,3,10,1017.8,19.2,77,0.0,20.0,23.1
2008,3,11,1016.9,19.9,75,0.0,10.0,12.0
2008,3,12,1016.4,20.4,80,0.0,50.0,19.8
2008,3,13,1015.3,21.1,82,0.05,10.0,13.8
2008,3,14,1015.7,21.5,77,0.05,70.0,17.9
2008,3,15,1016.4,20.1,65,0.0,70.0,26.8
2008,3,16,1014.1,20.9,78,0.0,20.0,13.2
2008,3,17,1011.9,21.5,87,0.0,70.0,13.2
2008,3,18,1011.7,21.7,88,0.05,90.0,12.1
2008,3,19,1013.3,23.0,80,0.0,70.0,17.3
2008,3,20,1014.9,20.0,77,0.05,70.0,37.0
2008,3,21,1013.8,19.9,84,0.05,60.0,30.7
2008,3,22,1011.5,20.1,93,28.0,60.0,13.6
2008,3,23,1014.5,19.1,77,0.05,340.0,21.1
2008,3,24,1016.5,20.7,66,0.0,70.0,20.1
2008,3,25,1015.5,19.3,76,0.05,50.0,19.5
2008,3,26,1014.0,17.8,84,10.7,350.0,12.9
2008,3,27,1013.1,20.0,81,0.0,10.0,12.8
2008,3,28,1011.5,22.1,93,13.8,80.0,18.3
2008,3,29,1011.5,24.1,86,0.0,100.0,7.3
2008,3,30,1010.7,23.8,89,0.05,30.0,5.0
2008,3,31,1013.6,19.0,96,4.7,60.0,38.3
2008,4,1,1016.4,17.0,96,4.3,60.0,42.2
2008,4,2,1016.3,18.4,94,0.7,50.0,22.0
2008,4,3,1015.1,18.6,97,1.4,60.0,22.5
2008,4,4,1014.8,20.3,94,0.9,30.0,22.3
2008,4,5,1016.2,22.6,89,0.05,30.0,12.8
2008,4,6,1014.3,23.7,83,0.0,230.0,10.3
2008,4,7,1010.9,25.4,82,0.0,210.0,13.9
2008,4,8,1007.5,26.4,80,0.0,190.0,22.3
2008,4,9,1008.0,26.3,83,0.05,190.0,15.3
2008,4,10,1009.2,26.1,87,0.05,170.0,9.2
2008,4,11,1010.6,23.3,89,0.05,30.0,22.5
2008,4,12,1012.1,22.7,93,0.05,70.0,22.3
2008,4,13,1012.4,22.5,94,1.3,70.0,22.3
2008,4,14,1013.2,22.8,87,0.0,80.0,26.9
2008,4,15,1012.6,23.6,81,0.0,60.0,21.7
2008,4,16,1011.3,25.6,81,0.0,10.0,8.1
2008,4,17,1011.0,25.3,84,0.05,60.0,18.0
2008,4,18,1011.5,22.6,81,0.05,70.0,53.1
2008,4,19,1008.3,22.1,94,237.4,70.0,60.1
2008,4,20,1008.0,26.1,83,0.0,190.0,17.8
2008,4,21,1009.0,26.2,85,0.05,140.0,10.7
2008,4,22,1011.5,26.3,79,0.0,350.0,11.0
2008,4,23,1015.7,22.2,74,0.4,350.0,26.2
2008,4,24,1017.5,20.9,75,0.1,350.0,22.0
2008,4,25,1017.0,21.0,79,0.7,60.0,17.5
2008,4,26,1014.5,22.9,69,0.05,70.0,10.5
2008,4,27,1011.9,23.2,85,0.05,60.0,21.8
2008,4,28,1011.5,21.5,92,7.8,10.0,19.7
2008,4,29,1012.2,22.5,79,0.05,40.0,17.3
2008,4,30,1010.5,23.9,83,0.05,60.0,11.8
2008,5,1,1008.4,24.6,83,0.05,290.0,4.1
2008,5,2,1008.4,23.8,93,7.1,50.0,13.2
2008,5,3,1009.2,25.0,92,2.2,50.0,21.3
2008,5,4,1008.6,26.2,89,0.05,60.0,13.2
2008,5,5,1007.9,26.1,88,4.5,90.0,15.0
2008,5,6,1010.1,22.2,84,2.1,80.0,33.1
2008,5,7,1009.6,24.2,88,0.05,80.0,24.7
2008,5,8,1007.0,27.0,84,0.05,220.0,10.9
2008,5,9,1005.2,27.8,81,0.0,260.0,18.4
2008,5,10,1008.2,24.3,79,3.5,10.0,26.2
2008,5,11,1010.1,22.4,83,0.05,80.0,22.2
2008,5,12,1010.8,24.1,76,0.0,80.0,22.5
2008,5,13,1012.9,24.6,63,0.0,80.0,34.2
2008,5,14,1012.6,24.7,72,0.0,90.0,27.3
2008,5,15,1011.0,24.6,68,0.0,80.0,17.4
2008,5,16,1010.0,25.2,67,0.0,100.0,14.0
2008,5,17,1007.8,25.0,65,0.0,80.0,10.2
2008,5,18,1006.5,25.9,72,0.05,230.0,5.6
2008,5,19,1008.9,23.2,92,20.1,10.0,18.8
2008,5,20,1009.5,20.9,98,32.9,80.0,48.6
2008,5,21,1008.5,22.9,91,0.05,60.0,26.3
2008,5,22,1008.8,24.1,94,1.4,80.0,23.5
2008,5,23,1008.2,26.8,86,0.3,100.0,9.9
2008,5,24,1006.4,27.6,83,0.4,220.0,15.3
2008,5,25,1007.0,27.7,83,0.3,220.0,17.0
2008,5,26,1008.2,27.5,87,9.9,180.0,19.1
2008,5,27,1006.2,28.3,81,0.05,200.0,24.2
2008,5,28,1003.6,28.3,82,6.9,220.0,32.8
2008,5,29,1004.3,27.8,87,60.6,220.0,26.5
2008,5,30,1005.9,26.8,90,39.0,220.0,18.7
2008,5,31,1007.5,26.0,91,0.7,100.0,11.3
2008,6,1,1006.4,25.2,92,23.1,80.0,25.9
2008,6,2,1006.4,25.5,95,36.6,100.0,11.8
2008,6,3,1008.5,25.6,95,44.9,80.0,17.9
2008,6,4,1008.5,24.9,95,18.3,80.0,17.2
2008,6,5,1007.9,25.8,86,0.1,210.0,10.5
2008,6,6,1008.5,24.0,96,130.8,90.0,19.0
2008,6,7,1009.2,25.5,93,307.1,200.0,30.8
2008,6,8,1010.0,27.6,86,0.0,190.0,19.5
2008,6,9,1009.9,28.1,81,0.0,180.0,22.2
2008,6,10,1008.5,28.2,81,4.5,200.0,29.7
2008,6,11,1008.6,28.1,81,1.7,240.0,27.3
2008,6,12,1006.8,28.4,81,7.2,210.0,25.8
2008,6,13,1003.9,27.3,87,62.5,190.0,46.3
2008,6,14,1005.2,25.3,93,80.8,290.0,14.7
2008,6,15,1005.0,26.5,92,41.3,120.0,8.7
2008,6,16,1004.0,26.3,96,32.3,30.0,5.4
2008,6,17,1004.8,25.1,95,86.9,210.0,31.8
2008,6,18,1007.6,25.6,93,24.8,180.0,27.3
2008,6,19,1009.4,27.4,87,7.6,170.0,21.3
2008,6,20,1008.9,28.7,79,0.0,160.0,14.8
2008,6,21,1006.2,28.7,78,0.0,210.0,8.6
2008,6,22,1003.5,28.7,77,0.0,270.0,12.5
2008,6,23,1001.0,28.9,75,0.0,120.0,7.5
2008,6,24,999.0,28.8,79,0.6,40.0,44.6
2008,6,25,998.4,25.7,93,146.1,240.0,60.9
2008,6,26,1003.9,26.3,89,100.4,250.0,35.8
2008,6,27,1005.2,25.6,91,60.0,240.0,16.8
2008,6,28,1005.7,25.9,93,35.5,190.0,15.5
2008,6,29,1006.7,26.2,92,44.5,210.0,17.0
2008,6,30,1009.0,26.2,93,48.5,30.0,4.3
2008,7,1,1010.9,28.5,83,4.0,180.0,17.8
2008,7,2,1010.6,28.8,78,0.05,170.0,15.1
2008,7,3,1010.7,29.1,77,0.0,200.0,10.8
2008,7,4,1009.4,29.0,79,0.0,130.0,7.9
2008,7,5,1007.3,28.9,85,11.6,120.0,14.5
2008,7,6,1005.3,25.8,96,54.4,110.0,24.9
2008,7,7,1001.5,25.5,96,39.4,100.0,24.3
2008,7,8,1005.6,26.8,90,51.3,230.0,15.6
2008,7,9,1008.7,25.6,97,43.3,40.0,9.3
2008,7,10,1007.3,26.2,93,59.9,290.0,19.4
2008,7,11,1004.6,26.3,90,12.8,240.0,15.1
2008,7,12,1004.2,25.1,92,114.3,210.0,12.1
2008,7,13,1005.7,26.1,90,11.7,280.0,9.4
2008,7,14,1006.9,27.6,88,30.7,170.0,8.5
2008,7,15,1004.5,27.4,89,33.8,80.0,11.2
2008,7,16,1002.8,28.2,84,0.05,110.0,6.8
2008,7,17,1003.1,29.1,78,0.0,240.0,16.5
2008,7,18,1004.5,29.2,80,0.05,250.0,30.0
2008,7,19,1006.7,29.1,82,3.9,230.0,28.7
2008,7,20,1008.3,29.6,78,0.0,240.0,20.5
2008,7,21,1007.3,29.9,76,0.05,240.0,20.1
2008,7,22,1005.9,29.5,75,0.05,230.0,24.3
2008,7,23,1006.5,29.5,74,0.0,210.0,19.2
2008,7,24,1007.4,29.6,72,0.0,230.0,17.5
2008,7,25,1006.3,29.6,74,0.0,260.0,18.4
2008,7,26,1005.5,30.2,71,0.0,270.0,17.3
2008,7,27,1003.5,29.8,70,0.05,270.0,18.0
2008,7,28,998.8,31.0,71,0.05,280.0,26.0
2008,7,29,998.0,30.5,77,0.05,250.0,32.4
2008,7,30,1001.9,29.2,82,0.05,230.0,31.5
2008,7,31,1007.8,28.8,80,0.05,90.0,15.7
2008,8,1,1009.4,28.2,84,0.05,70.0,20.9
2008,8,2,1007.5,29.1,77,0.05,50.0,15.6
2008,8,3,1005.9,29.7,75,0.0,80.0,12.0
2008,8,4,1003.9,29.5,76,0.05,90.0,17.0
2008,8,5,999.3,27.7,80,6.1,10.0,39.5
2008,8,6,994.1,25.9,92,74.1,120.0,68.3
2008,8,7,1002.0,26.5,91,72.3,110.0,33.2
2008,8,8,1004.3,26.0,95,48.3,100.0,15.9
2008,8,9,1003.4,27.8,80,0.0,20.0,5.9
2008,8,10,1003.4,27.7,80,0.0,230.0,8.1
2008,8,11,1007.2,25.7,90,17.7,150.0,8.2
2008,8,12,1009.8,27.9,84,0.05,160.0,12.7
2008,8,13,1009.7,29.0,75,0.0,230.0,12.3
2008,8,14,1006.6,28.8,77,0.0,250.0,25.4
2008,8,15,1004.2,29.0,77,0.0,250.0,28.9
2008,8,16,1004.8,29.1,76,0.0,240.0,22.0
2008,8,17,1007.3,29.5,76,0.05,190.0,13.8
2008,8,18,1009.5,29.8,78,0.05,100.0,14.0
2008,8,19,1009.9,29.5,78,0.05,110.0,10.5
2008,8,20,1006.5,29.7,74,0.0,260.0,19.1
2008,8,21,1003.0,30.6,71,0.05,60.0,18.8
2008,8,22,992.5,26.6,82,61.6,350.0,70.0
2008,8,23,1005.2,25.6,81,36.9,250.0,34.5
2008,8,24,1009.2,28.0,82,0.05,160.0,6.4
2008,8,25,1010.3,28.7,80,0.05,160.0,10.3
2008,8,26,1009.5,28.5,78,0.0,240.0,11.3
2008,8,27,1009.7,28.9,72,0.0,270.0,10.7
2008,8,28,1009.4,28.9,76,0.0,210.0,10.7
2008,8,29,1008.6,29.1,77,0.0,230.0,13.5
2008,8,30,1008.8,29.5,74,0.0,210.0,11.9
2008,8,31,1009.4,29.4,75,0.0,240.0,17.2
2008,9,1,1009.3,29.5,75,0.0,260.0,18.4
2008,9,2,1010.2,27.9,85,6.7,,9.6
2008,9,3,1010.0,28.1,82,9.0,140.0,8.6
2008,9,4,1009.8,28.4,77,0.05,220.0,9.1
2008,9,5,1010.1,27.6,85,6.3,50.0,6.3
2008,9,6,1011.4,27.3,86,25.8,40.0,11.1
2008,9,7,1011.9,28.5,80,5.5,40.0,17.2
2008,9,8,1011.2,28.3,75,0.05,90.0,22.7
2008,9,9,1009.7,28.7,74,0.2,90.0,27.0
2008,9,10,1008.6,29.3,71,0.0,90.0,16.8
2008,9,11,1007.2,29.4,72,0.0,270.0,12.1
2008,9,12,1005.7,30.3,68,0.0,10.0,12.1
2008,9,13,1005.8,30.8,60,0.0,360.0,14.1
2008,9,14,1005.4,30.4,60,0.0,360.0,18.3
2008,9,15,1004.9,30.8,60,0.0,350.0,12.8
2008,9,16,1005.4,30.4,64,0.0,350.0,7.1
2008,9,17,1007.1,30.4,76,0.0,150.0,8.0
2008,9,18,1008.9,29.2,81,1.6,110.0,6.1
2008,9,19,1010.2,28.3,87,23.5,100.0,15.5
2008,9,20,1009.4,29.5,80,0.0,90.0,15.3
2008,9,21,1006.8,29.7,74,0.0,260.0,9.9
2008,9,22,1002.3,31.2,72,0.0,280.0,8.1
2008,9,23,996.1,29.5,71,34.1,360.0,58.6
2008,9,24,1003.8,27.1,88,43.7,110.0,52.3
2008,9,25,1008.6,28.3,85,0.4,100.0,25.3
2008,9,26,1008.9,28.8,79,0.1,90.0,23.3
2008,9,27,1009.4,28.2,75,0.05,90.0,30.5
2008,9,28,1007.2,27.6,70,2.3,360.0,24.5
2008,9,29,1007.7,27.8,62,0.0,360.0,28.4
2008,9,30,1011.0,27.7,63,0.0,360.0,17.1
2008,10,1,1012.7,27.0,70,0.0,360.0,19.9
2008,10,2,1012.6,27.0,80,3.0,80.0,26.9
2008,10,3,1011.4,26.3,83,2.4,80.0,43.2
2008,10,4,1009.4,27.4,86,14.0,120.0,29.6
2008,10,5,1007.9,25.9,87,122.6,140.0,40.9
2008,10,6,1009.7,24.2,75,0.05,360.0,28.1
2008,10,7,1013.2,23.7,78,0.05,360.0,22.6
2008,10,8,1013.8,25.5,78,0.5,70.0,31.2
2008,10,9,1015.5,26.7,75,0.05,70.0,34.6
2008,10,10,1016.1,27.4,73,0.0,70.0,27.7
2008,10,11,1015.8,27.3,75,0.0,80.0,37.0
2008,10,12,1014.7,26.2,74,0.05,80.0,46.0
2008,10,13,1014.5,25.3,75,0.3,70.0,41.0
2008,10,14,1015.9,26.1,74,0.05,70.0,28.2
2008,10,15,1015.6,26.5,72,0.05,70.0,34.4
2008,10,16,1013.2,26.8,76,0.0,70.0,19.6
2008,10,17,1012.6,26.5,81,0.1,80.0,29.8
2008,10,18,1014.6,27.1,77,0.0,80.0,34.3
2008,10,19,1014.4,27.0,77,1.6,80.0,24.3
2008,10,20,1014.1,26.9,74,0.05,80.0,28.5
2008,10,21,1013.8,26.7,76,0.0,80.0,24.3
2008,10,22,1013.0,26.8,78,0.0,80.0,13.0
2008,10,23,1013.6,27.4,74,0.0,220.0,5.8
2008,10,24,1017.1,27.3,75,0.05,80.0,27.2
2008,10,25,1017.9,26.5,76,0.05,80.0,35.2
2008,10,26,1017.1,27.0,79,0.0,70.0,18.9
2008,10,27,1017.4,26.8,78,0.05,80.0,26.9
2008,10,28,1016.2,26.0,76,0.1,90.0,26.5
2008,10,29,1014.5,26.3,77,0.0,70.0,25.5
2008,10,30,1015.0,27.0,78,0.0,80.0,24.8
2008,10,31,1015.4,26.9,81,0.0,70.0,27.4
2008,11,1,1015.2,26.3,82,0.2,80.0,35.0
2008,11,2,1013.9,25.9,87,2.6,90.0,31.8
2008,11,3,1015.6,24.9,85,51.2,70.0,26.9
2008,11,4,1016.0,25.2,82,0.05,80.0,35.2
2008,11,5,1015.1,25.5,84,0.3,80.0,32.6
2008,11,6,1013.6,26.3,83,0.0,80.0,27.2
2008,11,7,1012.9,26.9,82,0.05,80.0,20.6
2008,11,8,1012.8,24.3,71,0.05,360.0,25.4
2008,11,9,1015.6,20.7,64,0.05,,
2008,11,10,1018.3,19.6,51,0.0,,
2008,11,11,1018.6,19.4,47,0.0,,
2008,11,12,1017.6,20.0,50,0.0,,
2008,11,13,1017.6,22.3,63,0.05,80.0,23.7
2008,11,14,1016.4,23.5,73,0.05,70.0,26.0
2008,11,15,1014.8,23.9,76,0.0,70.0,21.6
2008,11,16,1013.6,24.1,73,0.0,80.0,18.2
2008,11,17,1014.7,23.3,75,0.0,80.0,30.1
2008,11,18,1018.6,21.6,69,0.0,10.0,30.9
2008,11,19,1023.5,18.9,59,0.0,360.0,36.8
2008,11,20,1023.3,17.5,56,0.0,70.0,29.8
2008,11,21,1021.2,19.7,62,0.0,80.0,27.0
2008,11,22,1019.5,21.4,70,0.0,60.0,27.8
2008,11,23,1018.3,22.9,75,0.05,50.0,16.9
2008,11,24,1018.5,23.0,61,0.0,360.0,23.6
2008,11,25,1020.9,21.3,61,0.0,360.0,26.1
2008,11,26,1020.3,21.2,63,0.0,10.0,21.3
2008,11,27,1022.0,19.4,37,0.0,360.0,48.4
2008,11,28,1023.9,15.3,36,0.0,360.0,31.2
2008,11,29,1024.2,16.9,36,0.0,360.0,20.7
2008,11,30,1024.1,17.2,47,0.0,60.0,24.3
2008,12,1,1021.8,18.3,64,0.0,60.0,19.5
2008,12,2,1018.7,18.9,61,0.0,80.0,19.7
2008,12,3,1015.5,19.9,69,0.05,50.0,27.4
2008,12,4,1017.8,22.0,67,0.2,40.0,26.0
2008,12,5,1023.7,17.8,49,0.05,360.0,39.6
2008,12,6,1025.1,15.6,42,0.0,360.0,32.5
2008,12,7,1023.3,15.7,55,0.4,50.0,29.1
2008,12,8,1021.0,17.6,44,0.05,360.0,21.8
2008,12,9,1018.4,18.1,54,0.0,10.0,16.5
2008,12,10,1018.5,18.9,55,0.0,50.0,21.6
2008,12,11,1017.3,20.3,54,0.0,10.0,11.7
2008,12,12,1015.7,19.9,74,0.0,70.0,32.1
2008,12,13,1017.2,21.6,65,0.0,20.0,15.6
2008,12,14,1020.4,19.1,52,0.0,360.0,25.2
2008,12,15,1020.9,16.5,64,0.0,10.0,23.3
2008,12,16,1020.1,17.0,69,0.0,50.0,20.3
2008,12,17,1020.5,18.0,65,0.0,50.0,14.9
2008,12,18,1020.3,18.9,62,0.0,80.0,22.6
2008,12,19,1020.1,19.3,65,0.0,60.0,31.6
2008,12,20,1018.3,20.1,72,0.0,40.0,21.2
2008,12,21,1018.6,21.1,61,0.0,30.0,17.0
2008,12,22,1022.8,16.5,56,0.05,360.0,36.9
2008,12,23,1023.6,14.1,61,0.0,360.0,24.1
2008,12,24,1019.9,18.0,60,0.0,10.0,15.0
2008,12,25,1019.5,19.6,67,0.0,60.0,18.8
2008,12,26,1020.5,18.6,72,0.05,70.0,42.9
2008,12,27,1018.5,19.0,74,0.05,70.0,26.8
2008,12,28,1017.3,19.3,80,0.1,40.0,17.9
2008,12,29,1017.3,20.6,75,2.0,10.0,22.0
2008,12,30,1019.9,16.7,84,5.2,360.0,25.5
2008,12,31,1022.3,14.5,73,1.1,360.0,35.3
2009,1,1,1024.4,14.2,53,0.0,360.0,26.5
2009,1,2,1025.6,13.7,56,0.0,60.0,27.1
2009,1,3,1023.2,15.1,64,0.0,70.0,34.3
2009,1,4,1020.3,17.0,70,0.05,70.0,26.2
2009,1,5,1020.2,17.2,77,0.0,70.0,32.0
2009,1,6,1020.4,17.5,77,0.0,70.0,31.4
2009,1,7,1021.6,17.2,68,0.0,360.0,22.0
2009,1,8,1024.1,15.2,60,0.0,360.0,29.4
2009,1,9,1026.0,12.6,47,0.0,360.0,43.1
2009,1,10,1025.9,12.0,33,0.0,360.0,34.7
2009,1,11,1024.3,12.5,49,0.0,10.0,18.9
2009,1,12,1027.6,13.8,45,0.0,10.0,26.5
2009,1,13,1029.8,12.7,36,0.0,360.0,29.4
2009,1,14,1029.4,12.4,47,0.0,10.0,22.5
2009,1,15,1028.2,13.2,59,0.0,60.0,30.8
2009,1,16,1025.4,14.4,66,0.0,60.0,25.0
2009,1,17,1022.1,16.3,67,0.0,40.0,22.7
2009,1,18,1019.7,18.8,75,0.0,20.0,12.3
2009,1,19,1017.3,19.2,74,0.0,30.0,23.6
2009,1,20,1017.2,18.1,75,0.0,60.0,30.5
2009,1,21,1016.9,20.0,73,0.0,20.0,11.6
2009,1,22,1014.2,18.7,74,0.0,330.0,6.0
2009,1,23,1019.1,17.5,70,0.0,10.0,27.4
2009,1,24,1024.9,11.6,53,0.0,360.0,35.1
2009,1,25,1021.9,13.3,60,0.0,40.0,29.8
2009,1,26,1019.7,14.6,66,0.0,60.0,30.5
2009,1,27,1019.8,12.2,78,0.05,10.0,20.1
2009,1,28,1018.0,15.0,83,0.05,40.0,26.5
2009,1,29,1016.5,16.3,82,0.0,60.0,22.7
2009,1,30,1015.9,16.0,73,0.0,350.0,15.2
2009,1,31,1018.3,16.7,70,0.0,60.0,30.2
2009,2,1,1020.2,17.5,74,0.05,60.0,32.4
2009,2,2,1019.2,18.6,69,0.0,50.0,24.1
2009,2,3,1017.8,19.6,73,0.0,20.0,7.7
2009,2,4,1017.9,18.2,80,0.0,50.0,24.5
2009,2,5,1018.3,19.1,80,0.0,80.0,22.6
2009,2,6,1019.5,19.2,78,0.0,80.0,29.6
2009,2,7,1018.6,19.1,75,0.0,70.0,28.0
2009,2,8,1018.8,20.4,70,0.0,60.0,26.4
2009,2,9,1018.2,20.3,74,0.0,60.0,15.2
2009,2,10,1017.0,19.4,82,0.0,60.0,14.2
2009,2,11,1014.4,20.2,80,0.0,30.0,10.2
2009,2,12,1009.6,21.5,81,0.0,160.0,9.0
2009,2,13,1007.4,23.8,81,0.0,210.0,20.8
2009,2,14,1009.9,24.0,87,0.05,140.0,8.3
2009,2,15,1012.8,22.4,91,0.1,80.0,13.7
2009,2,16,1016.4,19.7,92,0.4,80.0,32.4
2009,2,17,1018.6,18.4,81,0.05,80.0,43.3
2009,2,18,1016.8,19.5,77,0.05,70.0,30.8
2009,2,19,1014.8,19.4,87,0.3,20.0,15.6
2009,2,20,1016.4,21.4,75,0.05,10.0,16.0
2009,2,21,1015.8,18.8,80,0.05,80.0,35.4
2009,2,22,1011.4,20.5,88,0.05,30.0,17.3
2009,2,23,1011.9,22.7,89,0.0,100.0,9.0
2009,2,24,1012.7,23.3,88,0.05,70.0,11.6
2009,2,25,1012.7,23.7,83,0.05,60.0,13.9
2009,2,26,1014.7,21.6,91,0.3,80.0,24.2
2009,2,27,1015.0,21.6,85,0.05,60.0,21.8
2009,2,28,1016.7,20.4,85,0.05,70.0,31.8
2009,3,1,1018.3,19.1,88,0.8,80.0,36.4
2009,3,2,1018.3,18.8,78,0.05,70.0,31.0
2009,3,3,1016.5,18.8,79,0.05,,26.5
2009,3,4,1013.6,18.4,89,0.4,,33.0
2009,3,5,1011.2,19.4,95,38.5,,20.9
2009,3,6,1014.5,16.9,89,11.6,,23.1
2009,3,7,1016.9,14.6,85,0.2,,25.5
2009,3,8,1015.6,15.8,88,0.1,,23.8
2009,3,9,1016.9,17.2,76,0.4,,19.5
2009,3,10,1016.3,18.0,75,0.0,,37.5
2009,3,11,1014.9,19.0,84,0.05,,36.0
2009,3,12,1015.2,19.7,85,0.05,,29.7
2009,3,13,1016.8,20.1,84,0.05,,23.8
2009,3,14,1022.3,16.2,54,0.05,,30.2
2009,3,15,1019.6,18.2,66,0.0,,20.8
2009,3,16,1016.8,20.4,73,0.0,,14.5
2009,3,17,1013.9,21.8,79,0.0,,3.6
2009,3,18,1012.4,22.4,84,0.0,,5.6
2009,3,19,1012.3,22.9,85,0.0,,7.8
2009,3,20,1012.4,23.9,84,0.0,210.0,11.0
2009,3,21,1011.2,22.6,90,0.1,10.0,14.0
2009,3,22,1010.6,25.7,84,0.05,200.0,13.8
2009,3,23,1012.1,23.9,89,0.05,70.0,12.0
2009,3,24,1013.3,20.4,91,27.1,80.0,31.4
2009,3,25,1016.7,18.5,89,27.9,70.0,37.5
2009,3,26,1015.8,18.5,80,0.05,70.0,38.8
2009,3,27,1014.3,19.5,93,10.4,50.0,26.5
2009,3,28,1012.5,20.9,94,0.6,30.0,18.2
2009,3,29,1014.8,19.7,89,2.6,60.0,28.3
2009,3,30,1017.8,19.4,79,0.05,70.0,36.3
2009,3,31,1018.7,19.7,78,0.05,70.0,27.4
2009,4,1,1019.9,19.9,67,0.0,70.0,40.8
2009,4,2,1019.9,18.4,70,0.05,80.0,51.3
2009,4,3,1017.8,18.8,78,0.05,70.0,38.8
2009,4,4,1016.4,21.5,79,0.05,70.0,25.3
2009,4,5,1014.6,23.5,79,0.0,20.0,11.9
2009,4,6,1015.9,19.1,82,8.1,70.0,28.8
2009,4,7,1016.5,18.2,70,0.6,70.0,27.3
2009,4,8,1016.5,20.8,75,0.0,70.0,23.8
2009,4,9,1016.9,20.9,55,0.0,80.0,41.3
2009,4,10,1016.0,20.9,61,0.0,80.0,35.0
2009,4,11,1014.7,21.5,77,0.0,70.0,26.8
2009,4,12,1011.9,21.9,84,0.05,80.0,19.0
2009,4,13,1007.9,23.7,84,5.0,10.0,7.5
2009,4,14,1007.9,24.7,80,0.0,100.0,5.0
2009,4,15,1009.6,23.1,83,4.3,80.0,28.5
2009,4,16,1005.4,23.1,88,2.9,60.0,16.2
2009,4,17,1007.2,23.9,80,0.0,80.0,24.3
2009,4,18,1009.6,21.9,86,34.1,80.0,37.9
2009,4,19,1004.8,25.5,92,4.5,160.0,31.3
2009,4,20,1003.2,27.2,75,0.0,230.0,11.5
2009,4,21,1006.7,25.3,64,1.5,70.0,29.8
2009,4,22,1009.6,22.4,76,0.05,70.0,42.0
2009,4,23,1010.6,22.2,86,0.2,70.0,34.1
2009,4,24,1009.5,22.8,89,0.05,30.0,22.5
2009,4,25,1010.8,22.8,94,43.0,10.0,18.0
2009,4,26,1015.5,19.2,92,4.5,70.0,36.4
2009,4,27,1015.7,21.0,71,0.0,80.0,37.0
2009,4,28,1016.7,21.9,60,0.0,80.0,41.8
2009,4,29,1016.5,21.9,69,0.0,80.0,36.5
2009,4,30,1015.9,22.7,68,0.05,80.0,38.3
2009,5,1,1016.2,23.3,69,0.0,70.0,31.7
2009,5,2,1015.1,23.7,63,0.0,50.0,16.7
2009,5,3,1014.1,24.2,73,0.05,20.0,12.0
2009,5,4,1014.0,23.6,79,0.3,30.0,19.1
2009,5,5,1013.8,24.0,71,0.0,80.0,26.0
2009,5,6,1012.3,23.5,72,0.0,80.0,34.1
2009,5,7,1010.5,24.2,58,0.0,70.0,32.6
2009,5,8,1010.9,24.3,70,0.0,70.0,23.7
2009,5,9,1010.6,25.2,76,0.05,80.0,22.1
2009,5,10,1010.6,25.4,82,0.05,80.0,22.0
2009,5,11,1011.1,26.5,81,0.0,80.0,16.4
2009,5,12,1010.7,27.0,78,0.0,20.0,8.1
2009,5,13,1009.5,27.1,78,0.05,110.0,8.7
2009,5,14,1011.7,26.0,77,0.05,80.0,22.5
2009,5,15,1012.7,26.3,77,0.0,70.0,17.9
2009,5,16,1012.4,25.8,82,0.1,30.0,5.5
2009,5,17,1011.1,27.3,80,0.2,220.0,13.5
2009,5,18,1009.6,28.5,75,0.0,210.0,13.8
2009,5,19,1008.9,28.6,76,0.3,180.0,18.8
2009,5,20,1008.1,27.6,78,10.9,160.0,24.6
2009,5,21,1010.0,27.5,84,1.4,160.0,16.2
2009,5,22,1010.3,27.7,82,2.3,80.0,24.3
2009,5,23,1008.4,25.7,93,62.3,80.0,40.7
2009,5,24,1008.2,25.5,94,61.2,100.0,30.4
2009,5,25,1009.5,24.9,94,29.8,90.0,37.2
2009,5,26,1008.6,25.3,94,20.2,90.0,22.9
2009,5,27,1007.4,25.5,92,39.2,100.0,32.1
2009,5,28,1009.2,23.5,87,11.5,90.0,41.8
2009,5,29,1011.3,22.2,86,5.5,70.0,31.5
2009,5,30,1010.3,25.3,59,0.0,360.0,8.7
2009,5,31,1008.6,26.4,67,0.0,170.0,5.0
2009,6,1,1006.5,26.9,71,0.0,150.0,8.3
2009,6,2,1004.1,27.1,77,0.05,170.0,19.3
2009,6,3,1000.8,28.2,81,10.4,200.0,30.0
2009,6,4,999.7,27.6,76,36.8,280.0,17.4
2009,6,5,1002.8,27.8,74,0.0,360.0,12.0
2009,6,6,1004.1,28.6,74,0.0,230.0,10.9
2009,6,7,1005.3,27.7,78,0.05,120.0,16.1
2009,6,8,1006.4,27.5,81,11.2,120.0,26.6
2009,6,9,1006.7,26.9,87,16.5,130.0,19.8
2009,6,10,1006.4,28.3,83,0.05,210.0,7.2
2009,6,11,1005.4,26.6,85,49.2,300.0,9.1
2009,6,12,1005.2,27.0,84,7.9,280.0,4.9
2009,6,13,1005.4,29.0,81,0.05,220.0,15.3
2009,6,14,1005.3,27.6,88,24.0,100.0,8.9
2009,6,15,1005.6,26.6,92,17.3,90.0,18.3
2009,6,16,1006.8,27.4,90,6.1,100.0,21.0
2009,6,17,1006.6,28.8,80,0.05,80.0,15.4
2009,6,18,1004.4,29.0,77,0.0,70.0,8.5
2009,6,19,1002.9,29.1,81,5.7,90.0,8.4
2009,6,20,1002.4,29.9,73,0.0,230.0,14.2
2009,6,21,1001.7,30.1,78,0.0,230.0,30.6
2009,6,22,1003.7,29.6,82,15.7,220.0,33.1
2009,6,23,1005.4,29.8,80,12.5,200.0,22.1
2009,6,24,1005.4,29.1,83,8.5,200.0,15.7
2009,6,25,1004.8,28.8,82,6.6,120.0,14.7
2009,6,26,1002.9,27.7,88,17.7,80.0,34.4
2009,6,27,1003.9,26.7,88,46.9,240.0,34.9
2009,6,28,1007.2,26.3,91,48.7,200.0,20.8
2009,6,29,1007.8,29.0,81,0.05,190.0,27.6
2009,6,30,1008.8,29.6,75,0.1,200.0,27.4
2009,7,1,1008.7,29.6,73,0.0,220.0,26.5
2009,7,2,1007.1,29.6,75,0.05,220.0,31.1
2009,7,3,1005.2,29.5,76,0.5,220.0,32.6
2009,7,4,1006.1,28.5,83,17.4,190.0,26.2
2009,7,5,1008.4,25.8,94,49.6,80.0,15.5
2009,7,6,1010.2,27.8,86,31.2,50.0,11.2
2009,7,7,1009.4,29.2,77,20.1,220.0,13.4
2009,7,8,1008.0,29.5,75,0.0,220.0,11.6
2009,7,9,1006.5,29.7,72,0.0,230.0,17.0
2009,7,10,1003.1,30.2,75,0.05,260.0,16.9
2009,7,11,1002.0,28.9,80,8.1,50.0,39.4
2009,7,12,1004.8,29.6,79,0.05,110.0,22.8
2009,7,13,1004.7,29.6,77,0.0,90.0,7.7
2009,7,14,1004.3,29.2,78,0.0,240.0,16.4
2009,7,15,1005.2,29.4,83,4.8,90.0,25.8
2009,7,16,1005.5,29.2,83,0.8,100.0,22.5
2009,7,17,1002.9,29.9,73,0.4,80.0,15.1
2009,7,18,997.4,29.4,78,11.7,280.0,28.0
2009,7,19,999.9,26.4,89,124.6,210.0,44.5
2009,7,20,1008.6,28.4,87,8.1,110.0,24.0
2009,7,21,1009.3,29.0,83,0.6,110.0,12.0
2009,7,22,1006.7,28.9,80,0.0,140.0,11.9
2009,7,23,1005.3,28.9,81,7.6,200.0,15.6
2009,7,24,1004.1,29.5,79,2.6,210.0,25.0
2009,7,25,1003.9,29.6,80,8.3,220.0,23.9
2009,7,26,1003.9,29.1,85,24.1,200.0,18.0
2009,7,27,1003.0,28.7,86,33.6,160.0,20.0
2009,7,28,1002.4,29.3,84,10.2,190.0,20.8
2009,7,29,1003.7,29.9,82,2.4,130.0,20.0
2009,7,30,1003.4,28.9,88,14.0,100.0,25.2
2009,7,31,1004.1,29.3,83,8.7,100.0,25.5
2009,8,1,1002.4,30.3,71,0.0,220.0,10.9
2009,8,2,998.9,30.8,80,0.0,150.0,7.8
2009,8,3,997.5,29.9,80,21.4,60.0,33.7
2009,8,4,995.8,28.0,90,21.3,70.0,50.1
2009,8,5,997.2,27.6,90,92.5,140.0,40.5
2009,8,6,998.1,29.0,85,8.3,130.0,19.9
2009,8,7,996.2,29.6,78,0.0,250.0,18.5
2009,8,8,993.1,30.4,78,0.0,260.0,29.8
2009,8,9,994.1,30.3,76,0.0,230.0,28.9
2009,8,10,998.8,29.2,87,21.8,140.0,10.1
2009,8,11,1003.5,28.1,91,32.2,80.0,10.4
2009,8,12,1005.7,27.3,88,3.1,160.0,14.2
2009,8,13,1007.4,26.4,91,70.7,210.0,13.8
2009,8,14,1009.7,27.8,88,44.9,160.0,8.0
2009,8,15,1010.2,29.3,80,0.0,210.0,10.4
2009,8,16,1010.6,29.9,77,0.0,210.0,11.4
2009,8,17,1011.1,29.1,81,2.0,100.0,3.2
2009,8,18,1010.9,28.7,85,12.7,110.0,9.9
2009,8,19,1010.9,29.4,82,0.3,130.0,10.0
2009,8,20,1008.8,29.8,74,0.0,230.0,9.5
2009,8,21,1007.1,30.1,70,0.0,220.0,15.5
2009,8,22,1007.2,30.0,73,0.0,250.0,15.0
2009,8,23,1007.8,30.4,75,0.05,260.0,15.0
2009,8,24,1008.6,30.1,72,0.0,90.0,12.5
2009,8,25,1009.0,29.9,78,0.05,60.0,24.2
2009,8,26,1008.6,30.0,79,0.05,110.0,12.0
2009,8,27,1008.4,30.0,78,0.05,140.0,6.8
2009,8,28,1007.8,30.4,73,0.0,240.0,15.5
2009,8,29,1007.6,30.3,78,0.05,100.0,8.4
2009,8,30,1008.6,30.4,77,2.4,70.0,10.6
2009,8,31,1009.0,29.9,74,0.5,10.0,13.0
2009,9,1,1009.0,29.9,74,0.05,100.0,23.0
2009,9,2,1007.6,30.0,72,0.05,90.0,27.9
2009,9,3,1006.2,30.6,71,0.05,90.0,30.4
2009,9,4,1005.3,30.0,74,0.05,90.0,18.1
2009,9,5,1005.1,30.1,71,0.05,80.0,21.9
2009,9,6,1005.6,29.9,72,0.0,90.0,21.0
2009,9,7,1006.8,30.0,74,0.0,90.0,17.0
2009,9,8,1007.2,29.9,73,0.0,60.0,17.8
2009,9,9,1007.4,29.0,78,37.1,80.0,29.1
2009,9,10,1006.6,28.8,72,0.9,70.0,57.1
2009,9,11,1007.7,27.5,86,11.8,80.0,46.7
2009,9,12,1008.4,28.5,84,5.7,80.0,30.9
2009,9,13,1007.5,29.4,79,23.4,210.0,11.4
2009,9,14,1002.1,27.3,86,38.8,30.0,61.2
2009,9,15,1004.0,26.5,91,190.3,140.0,53.0
2009,9,16,1010.2,27.9,89,20.5,120.0,27.0
2009,9,17,1011.8,29.0,82,0.05,130.0,12.3
2009,9,18,1010.0,29.6,78,0.0,250.0,17.6
2009,9,19,1007.8,30.6,77,0.0,220.0,17.3
2009,9,20,1008.9,30.1,79,0.05,110.0,9.5
2009,9,21,1009.2,28.9,81,9.5,120.0,9.6
2009,9,22,1009.3,28.2,76,1.3,,21.5
2009,9,23,1009.2,28.6,73,0.0,,30.2
2009,9,24,1009.6,29.2,74,0.05,,43.3
2009,9,25,1009.8,29.2,73,0.0,,29.8
2009,9,26,1007.8,29.6,74,0.3,,16.4
2009,9,27,1005.2,29.1,72,0.0,,32.3
2009,9,28,1004.8,26.2,87,52.7,,39.8
2009,9,29,1005.5,24.9,92,31.0,40.0,50.8
2009,9,30,1009.3,26.3,90,63.0,50.0,34.5
2009,10,1,1011.4,27.5,80,0.0,,15.2
2009,10,2,1010.5,28.0,73,0.05,,17.6
2009,10,3,1009.7,27.7,71,0.0,,9.1
2009,10,4,1008.8,28.0,57,0.0,,17.8
2009,10,5,1007.9,28.1,51,0.0,,25.3
2009,10,6,1008.4,28.4,57,0.0,,19.5
2009,10,7,1008.4,27.7,70,25.4,,11.3
2009,10,8,1009.0,26.2,72,0.0,,12.7
2009,10,9,1009.1,26.6,66,0.0,,5.8
2009,10,10,1011.2,26.8,66,0.0,,21.1
2009,10,11,1013.1,25.9,80,5.1,,51.1
2009,10,12,1014.1,25.3,84,1.5,,46.0
2009,10,13,1014.6,26.7,78,0.05,,33.6
2009,10,14,1015.6,25.6,87,9.5,,34.7
2009,10,15,1015.5,25.6,78,0.0,,32.1
2009,10,16,1012.9,25.8,79,0.05,,
2009,10,17,1009.9,26.5,74,0.0,,
2009,10,18,1010.8,26.0,71,0.0,,
2009,10,19,1011.1,25.8,83,2.0,,
2009,10,20,1013.4,24.5,83,0.9,,
2009,10,21,1014.9,24.9,78,0.0,,
2009,10,22,1013.7,25.7,74,0.0,160.0,11.5
2009,10,23,1011.3,26.3,66,0.0,10.0,9.6
2009,10,24,1010.6,26.2,71,0.0,100.0,10.1
2009,10,25,1012.8,26.0,77,0.05,160.0,11.9
2009,10,26,1015.0,25.2,76,0.05,100.0,17.5
2009,10,27,1016.5,24.4,73,0.0,80.0,32.8
2009,10,28,1017.9,24.5,73,0.05,100.0,25.3
2009,10,29,1017.2,24.8,73,0.0,60.0,23.8
2009,10,30,1016.0,24.8,76,0.0,80.0,22.0
2009,10,31,1014.0,25.7,68,0.0,50.0,21.9
2009,11,1,1015.5,26.3,69,0.0,40.0,21.6
2009,11,2,1022.8,22.9,45,0.0,10.0,48.3
2009,11,3,1025.8,18.5,47,0.0,10.0,37.8
2009,11,4,1022.9,21.0,53,0.0,10.0,22.7
2009,11,5,1019.3,23.5,67,0.0,30.0,16.6
2009,11,6,1015.8,24.2,79,0.0,70.0,20.3
2009,11,7,1014.2,25.0,79,0.0,60.0,22.4
2009,11,8,1012.9,25.3,85,0.05,80.0,15.3
2009,11,9,1009.6,25.6,85,0.05,70.0,11.4
2009,11,10,1007.2,26.4,78,0.05,210.0,12.6
2009,11,11,1009.2,26.2,80,0.05,130.0,19.0
2009,11,12,1012.6,25.8,82,5.2,170.0,20.0
2009,11,13,1014.5,19.0,75,0.2,360.0,29.3
2009,11,14,1015.1,17.6,74,0.05,10.0,25.2
2009,11,15,1013.4,19.6,86,20.2,60.0,43.7
2009,11,16,1014.8,17.4,88,34.8,350.0,34.1
2009,11,17,1021.4,12.2,67,0.0,350.0,45.9
2009,11,18,1023.5,12.3,72,0.0,360.0,26.3
2009,11,19,1024.1,14.9,66,0.05,360.0,23.9
2009,11,20,1024.9,15.5,62,0.0,360.0,35.8
2009,11,21,1024.2,14.5,59,0.0,360.0,33.0
2009,11,22,1021.4,15.9,56,0.0,360.0,26.4
2009,11,23,1018.7,18.8,69,0.0,40.0,22.3
2009,11,24,1016.4,20.4,78,0.0,30.0,11.8
2009,11,25,1016.5,20.7,82,0.0,40.0,18.7
2009,11,26,1016.4,21.2,82,0.0,60.0,30.8
2009,11,27,1017.2,22.0,77,0.0,40.0,16.8
2009,11,28,1018.8,21.1,76,0.0,70.0,28.8
2009,11,29,1020.2,20.9,75,0.05,60.0,23.4
2009,11,30,1021.4,19.7,73,0.05,10.0,20.0
2009,12,1,1021.5,19.0,74,0.0,10.0,20.4
2009,12,2,1020.9,19.8,73,0.0,60.0,23.6
2009,12,3,1021.3,17.4,60,0.0,360.0,30.5
2009,12,4,1019.8,17.6,67,0.0,10.0,17.7
2009,12,5,1019.7,17.3,58,0.0,360.0,22.8
2009,12,6,1018.2,18.4,71,0.05,80.0,35.3
2009,12,7,1017.7,17.9,85,5.5,50.0,45.2
2009,12,8,1016.8,18.6,94,14.1,30.0,35.5
2009,12,9,1015.6,19.7,91,0.4,10.0,19.3
2009,12,10,1014.8,20.3,84,0.05,360.0,7.7
2009,12,11,1016.6,21.0,84,0.05,30.0,19.9
2009,12,12,1017.8,20.4,84,0.05,50.0,27.9
2009,12,13,1017.9,20.6,83,0.0,40.0,11.8
2009,12,14,1018.5,19.8,85,1.0,70.0,33.4
2009,12,15,1018.1,19.0,89,9.6,60.0,32.2
2009,12,16,1021.3,13.9,84,3.8,360.0,30.0
2009,12,17,1023.4,12.9,75,0.05,360.0,28.1
2009,12,18,1025.8,12.5,76,0.05,360.0,26.4
2009,12,19,1027.8,13.3,67,0.0,10.0,26.1
2009,12,20,1026.9,13.8,50,0.0,10.0,23.3
2009,12,21,1026.0,14.7,55,0.0,10.0,25.0
2009,12,22,1022.1,16.0,72,0.0,60.0,25.1
2009,12,23,1019.1,18.0,76,0.0,40.0,24.7
2009,12,24,1016.2,20.0,84,0.0,30.0,10.7
2009,12,25,1015.3,19.9,81,0.0,10.0,5.5
2009,12,26,1016.6,18.1,78,0.0,70.0,35.3
2009,12,27,1016.8,15.7,86,3.1,80.0,36.8
2009,12,28,1018.4,12.2,85,5.7,30.0,24.3
2009,12,29,1015.1,15.5,92,3.5,40.0,30.6
2009,12,30,1015.3,17.2,93,2.5,30.0,22.0
2009,12,31,1018.2,16.2,84,1.0,70.0,44.0
2010,1,1,1018.1,16.2,73,0.05,60.0,37.6
2010,1,2,1016.1,17.4,88,5.2,20.0,21.4
2010,1,3,1017.1,17.0,87,3.5,50.0,21.8
2010,1,4,1015.1,17.9,81,0.0,40.0,21.9
2010,1,5,1015.6,17.3,84,0.8,60.0,42.2
2010,1,6,1018.6,15.8,90,1.2,40.0,31.8
2010,1,7,1021.3,13.7,84,0.5,20.0,25.5
2010,1,8,1020.6,13.7,80,0.9,10.0,19.2
2010,1,9,1018.9,15.1,78,0.0,50.0,30.8
2010,1,10,1017.3,17.4,80,0.05,40.0,30.1
2010,1,11,1018.3,15.0,89,12.5,360.0,26.7
2010,1,12,1023.0,12.1,63,0.0,360.0,36.8
2010,1,13,1026.8,12.9,53,0.0,10.0,22.8
2010,1,14,1026.6,14.5,66,0.05,60.0,32.6
2010,1,15,1025.0,15.8,68,0.0,40.0,31.2
2010,1,16,1025.8,16.7,66,0.0,40.0,25.8
2010,1,17,1025.9,16.5,77,0.0,40.0,27.8
2010,1,18,1023.8,16.9,78,0.0,60.0,29.5
2010,1,19,1021.0,18.1,80,0.0,30.0,28.0
2010,1,20,1019.7,21.3,83,0.05,30.0,30.5
2010,1,21,1018.5,22.3,87,0.0,60.0,27.4
2010,1,22,1021.5,18.3,86,0.05,60.0,39.9
2010,1,23,1022.7,15.5,86,0.05,30.0,26.6
2010,1,24,1021.1,15.7,85,0.05,30.0,23.3
2010,1,25,1021.1,18.4,78,0.0,360.0,20.7
2010,1,26,1023.4,16.1,79,0.05,60.0,30.8
2010,1,27,1019.6,16.9,84,0.05,50.0,27.7
2010,1,28,1017.4,19.4,91,0.05,20.0,10.3
2010,1,29,1019.4,18.4,89,0.05,40.0,26.1
2010,1,30,1018.2,18.6,84,0.0,30.0,24.5
2010,1,31,1016.5,21.4,83,0.0,30.0,7.9
2010,2,1,1015.1,21.6,84,0.0,210.0,9.6
2010,2,2,1015.5,19.0,89,0.05,20.0,21.0
2010,2,3,1016.8,18.2,89,0.05,40.0,29.6
2010,2,4,1017.7,17.2,91,0.4,30.0,33.4
2010,2,5,1017.6,17.4,89,0.05,40.0,34.3
2010,2,6,1017.4,17.5,90,0.05,40.0,29.4
2010,2,7,1017.7,17.1,96,94.1,40.0,33.3
2010,2,8,1015.9,18.0,97,7.1,20.0,20.5
2010,2,9,1014.4,21.6,93,0.0,20.0,14.7
2010,2,10,1013.2,24.1,85,0.05,170.0,21.3
2010,2,11,1013.9,25.0,81,0.05,200.0,18.3
2010,2,12,1020.0,16.7,79,0.05,360.0,24.8
2010,2,13,1019.8,13.2,89,1.7,30.0,39.2
2010,2,14,1015.5,15.4,97,2.3,30.0,27.2
2010,2,15,1018.9,12.6,93,0.6,360.0,19.6
2010,2,16,1022.3,10.2,88,0.6,360.0,28.7
2010,2,17,1022.8,9.7,87,1.0,360.0,29.9
2010,2,18,1024.1,9.1,84,0.8,360.0,28.3
2010,2,19,1022.7,9.5,89,3.7,360.0,20.4
2010,2,20,1020.0,13.2,80,0.05,30.0,19.0
2010,2,21,1017.2,15.9,80,0.05,30.0,23.9
2010,2,22,1015.6,17.7,87,0.1,20.0,18.9
2010,2,23,1014.1,20.1,86,0.0,20.0,10.0
2010,2,24,1010.3,22.3,88,0.05,160.0,19.4
2010,2,25,1009.4,24.5,87,0.4,180.0,20.6
2010,2,26,1009.7,24.6,88,0.3,190.0,15.7
2010,2,27,1011.7,24.7,89,0.05,180.0,13.8
2010,2,28,1014.3,23.9,91,0.05,130.0,9.7
2010,3,1,1014.0,22.1,94,0.0,20.0,12.5
2010,3,2,1012.0,24.6,87,0.0,160.0,12.8
2010,3,3,1011.7,24.7,88,0.0,140.0,19.9
2010,3,4,1011.2,24.5,88,0.1,150.0,18.3
2010,3,5,1010.9,25.8,82,0.05,160.0,18.8
2010,3,6,1012.3,25.7,84,0.05,170.0,19.8
2010,3,7,1015.6,18.9,92,4.9,20.0,23.0
2010,3,8,1017.4,16.7,94,0.5,50.0,33.6
2010,3,9,1025.0,10.5,75,2.7,360.0,54.4
2010,3,10,1027.6,12.1,48,0.0,10.0,31.3
2010,3,11,1024.1,15.4,63,0.0,70.0,16.9
2010,3,12,1019.7,16.8,85,0.4,30.0,21.9
2010,3,13,1016.2,18.8,93,0.05,30.0,18.4
2010,3,14,1014.4,20.0,96,0.05,20.0,18.0
2010,3,15,1015.0,22.9,92,0.05,10.0,5.8
2010,3,16,1020.4,19.2,86,0.05,20.0,23.3
2010,3,17,1022.6,19.0,77,0.0,60.0,22.5
2010,3,18,1020.2,20.9,79,0.0,30.0,5.1
2010,3,19,1016.3,21.2,78,0.0,30.0,10.2
2010,3,20,1013.4,21.9,82,0.05,300.0,6.8
2010,3,21,1013.7,22.7,80,0.0,90.0,14.5
2010,3,22,1013.3,21.5,77,0.0,40.0,23.0
2010,3,23,1010.9,22.9,88,0.0,30.0,14.5
2010,3,24,1010.2,24.4,86,0.05,100.0,5.3
2010,3,25,1017.5,16.7,71,8.9,360.0,45.9
2010,3,26,1021.2,17.5,52,0.0,80.0,34.0
2010,3,27,1021.3,18.3,67,0.0,50.0,27.7
2010,3,28,1020.3,19.9,66,0.0,70.0,21.8
2010,3,29,1020.0,18.5,63,0.0,70.0,45.7
2010,3,30,1018.2,19.0,83,0.05,50.0,40.3
2010,3,31,1016.0,21.6,84,0.05,40.0,21.5
2010,4,1,1013.6,23.0,89,0.05,20.0,9.2
2010,4,2,1015.1,21.2,92,2.0,20.0,20.0
2010,4,3,1017.6,18.1,88,0.05,60.0,42.0
2010,4,4,1014.8,18.8,92,0.05,30.0,26.5
2010,4,5,1012.4,20.5,95,0.05,20.0,15.5
2010,4,6,1012.4,22.9,93,0.05,20.0,13.3
2010,4,7,1016.7,19.6,91,1.8,50.0,36.6
2010,4,8,1015.9,17.3,88,9.6,20.0,29.9
2010,4,9,1013.4,19.3,87,0.05,40.0,15.8
2010,4,10,1011.0,19.3,96,1.7,20.0,21.1
2010,4,11,1008.8,23.6,91,0.05,170.0,18.7
2010,4,12,1009.4,26.1,87,0.0,170.0,12.5
2010,4,13,1013.8,24.6,91,0.9,150.0,22.6
2010,4,14,1016.9,19.1,90,0.3,70.0,39.6
2010,4,15,1018.1,16.6,94,8.2,360.0,28.5
2010,4,16,1020.0,16.5,83,0.05,20.0,23.5
2010,4,17,1019.2,18.4,84,2.0,60.0,34.0
2010,4,18,1016.1,19.2,92,3.1,50.0,26.8
2010,4,19,1012.3,22.0,89,0.05,30.0,15.2
2010,4,20,1010.4,23.3,94,1.1,20.0,11.4
2010,4,21,1010.0,26.0,87,0.0,160.0,16.3
2010,4,22,1010.9,24.4,87,6.8,190.0,17.1
2010,4,23,1016.7,21.0,70,0.0,350.0,27.6
2010,4,24,1018.2,21.4,67,0.05,80.0,33.7
2010,4,25,1017.4,20.6,73,0.0,70.0,37.4
2010,4,26,1016.8,21.8,80,0.2,50.0,20.9
2010,4,27,1016.0,21.6,76,0.05,10.0,11.5
2010,4,28,1014.4,22.8,81,0.05,30.0,9.4
2010,4,29,1015.3,21.1,89,40.6,60.0,28.5
2010,4,30,1016.7,21.3,84,0.6,40.0,25.6
2010,5,1,1015.4,23.5,82,0.0,20.0,12.4
2010,5,2,1013.3,24.8,80,0.0,10.0,5.7
2010,5,3,1012.1,24.2,82,0.0,60.0,16.3
2010,5,4,1009.6,24.1,88,0.05,80.0,21.8
2010,5,5,1007.5,25.9,87,0.05,140.0,11.2
2010,5,6,1007.0,27.3,87,0.2,180.0,26.4
2010,5,7,1007.0,25.3,92,29.1,260.0,18.6
2010,5,8,1006.8,25.6,92,0.0,20.0,10.5
2010,5,9,1005.9,27.0,86,3.9,20.0,14.4
2010,5,10,1008.1,23.9,94,27.6,90.0,10.8
2010,5,11,1011.7,23.9,89,0.3,70.0,26.1
2010,5,12,1012.2,24.0,87,0.05,70.0,27.9
2010,5,13,1010.7,23.9,90,0.7,80.0,25.0
2010,5,14,1009.0,24.5,93,0.05,80.0,20.4
2010,5,15,1009.6,23.9,92,11.9,40.0,24.8
2010,5,16,1011.1,24.1,92,0.8,40.0,23.8
2010,5,17,1011.6,25.2,89,0.05,30.0,19.5
2010,5,18,1010.2,27.3,85,0.05,190.0,8.9
2010,5,19,1009.2,26.0,89,55.7,190.0,16.1
2010,5,20,1010.1,25.9,87,8.1,190.0,13.6
2010,5,21,1008.7,28.5,84,0.05,170.0,20.1
2010,5,22,1004.5,29.0,82,0.05,200.0,38.2
2010,5,23,1003.2,26.0,80,10.1,350.0,21.0
2010,5,24,1006.9,25.6,65,0.0,360.0,16.8
2010,5,25,1008.0,25.9,75,0.0,70.0,18.8
2010,5,26,1007.5,26.6,77,0.0,60.0,31.1
2010,5,27,1007.6,26.1,86,0.05,40.0,27.7
2010,5,28,1008.4,26.9,84,0.0,100.0,14.5
2010,5,29,1006.9,27.0,89,22.6,220.0,15.3
2010,5,30,1006.3,26.5,91,5.3,80.0,5.4
2010,5,31,1007.9,24.7,89,0.3,70.0,26.5
2010,6,1,1008.0,24.2,84,16.1,70.0,34.6
2010,6,2,1008.3,21.7,97,29.3,60.0,45.0
2010,6,3,1010.2,22.7,90,1.0,10.0,17.0
2010,6,4,1010.1,24.7,85,0.05,90.0,7.3
2010,6,5,1009.6,24.9,85,8.2,110.0,15.3
2010,6,6,1010.3,25.2,80,0.0,90.0,15.3
2010,6,7,1010.8,25.5,80,0.0,100.0,14.5
2010,6,8,1009.5,25.6,84,0.05,90.0,20.5
2010,6,9,1007.9,25.6,93,16.7,120.0,17.3
2010,6,10,1008.5,25.4,97,58.4,120.0,8.9
2010,6,11,1008.5,27.2,87,0.05,210.0,9.8
2010,6,12,1008.2,28.1,83,0.05,180.0,6.5
2010,6,13,1007.4,28.4,87,29.0,210.0,26.7
2010,6,14,1006.9,29.3,83,6.4,210.0,32.0
2010,6,15,1006.4,29.3,84,0.1,210.0,30.9
2010,6,16,1006.8,29.4,83,3.8,200.0,32.3
2010,6,17,1007.6,29.7,80,0.05,200.0,30.0
2010,6,18,1008.1,29.8,78,0.0,200.0,29.4
2010,6,19,1008.2,29.7,77,0.05,200.0,23.3
2010,6,20,1007.3,29.5,79,1.9,210.0,24.5
2010,6,21,1007.5,29.6,78,1.4,190.0,20.5
2010,6,22,1008.6,29.3,80,4.6,200.0,18.8
2010,6,23,1007.7,28.0,85,41.0,200.0,16.4
2010,6,24,1003.6,29.0,84,39.0,210.0,31.8
2010,6,25,1001.8,28.8,83,2.9,220.0,32.7
2010,6,26,1005.1,26.1,93,127.6,240.0,16.6
2010,6,27,1006.9,25.6,95,44.2,150.0,17.8
2010,6,28,1007.3,25.5,96,43.2,80.0,13.5
2010,6,29,1009.0,27.3,90,0.1,40.0,13.9
2010,6,30,1008.9,29.1,81,0.0,90.0,6.5
2010,7,1,1008.4,29.5,76,0.0,210.0,10.2
2010,7,2,1007.7,30.0,76,0.0,210.0,19.4
2010,7,3,1008.4,30.1,76,0.0,220.0,26.7
2010,7,4,1008.4,30.1,79,0.05,230.0,30.7
2010,7,5,1006.7,30.1,78,0.0,220.0,36.8
2010,7,6,1006.9,30.0,79,0.05,220.0,33.3
2010,7,7,1008.2,30.2,78,0.05,210.0,24.5
2010,7,8,1008.1,30.6,76,0.4,210.0,23.5
2010,7,9,1008.2,29.8,76,1.7,210.0,22.8
2010,7,10,1009.0,29.8,76,3.9,210.0,18.4
2010,7,11,1008.9,30.0,76,1.8,210.0,18.7
2010,7,12,1008.4,30.2,75,0.05,190.0,16.2
2010,7,13,1008.5,29.9,79,0.05,120.0,12.4
2010,7,14,1008.4,30.2,79,0.0,60.0,18.9
2010,7,15,1007.5,29.2,86,8.4,90.0,23.1
2010,7,16,1008.3,27.6,88,17.8,120.0,23.9
2010,7,17,1010.5,27.7,89,40.0,120.0,19.3
2010,7,18,1011.1,28.1,86,1.1,10.0,7.3
2010,7,19,1009.3,29.7,77,0.0,160.0,6.2
2010,7,20,1008.6,29.5,81,0.0,80.0,10.3
2010,7,21,1007.4,27.4,91,29.6,80.0,29.3
2010,7,22,1006.9,27.2,93,182.4,120.0,35.6
2010,7,23,1007.8,27.6,91,14.6,100.0,17.8
2010,7,24,1008.1,28.3,86,1.1,90.0,13.7
2010,7,25,1007.5,29.2,81,0.0,110.0,8.3
2010,7,26,1007.5,29.2,80,0.0,210.0,12.9
2010,7,27,1008.2,27.9,86,33.6,220.0,24.3
2010,7,28,1008.3,26.9,91,122.5,210.0,23.5
2010,7,29,1006.9,28.5,83,4.6,220.0,25.6
2010,7,30,1006.9,29.6,80,5.1,220.0,22.8
2010,7,31,1008.2,30.1,78,0.8,210.0,16.6
2010,8,1,1010.3,30.0,79,0.05,130.0,16.1
2010,8,2,1010.3,29.4,79,1.1,200.0,14.4
2010,8,3,1007.5,29.1,76,0.05,230.0,17.9
2010,8,4,1005.1,30.0,74,0.0,270.0,18.8
2010,8,5,1005.5,29.4,79,41.6,30.0,13.5
2010,8,6,1006.0,28.4,81,1.6,40.0,20.7
2010,8,7,1004.5,28.8,84,39.1,80.0,23.9
2010,8,8,1003.5,28.8,84,18.0,80.0,28.0
2010,8,9,1003.9,29.6,82,0.2,90.0,17.3
2010,8,10,1006.2,30.2,77,0.05,170.0,8.9
2010,8,11,1008.7,28.3,88,22.2,110.0,6.4
2010,8,12,1009.5,29.3,79,3.0,190.0,11.7
2010,8,13,1008.7,29.8,79,3.8,200.0,13.0
2010,8,14,1009.2,29.4,79,8.7,190.0,11.0
2010,8,15,1010.4,28.1,83,13.5,210.0,13.7
2010,8,16,1010.3,27.1,85,5.1,200.0,13.5
2010,8,17,1010.1,28.3,83,3.2,20.0,8.4
2010,8,18,1011.7,28.6,84,0.0,50.0,16.3
2010,8,19,1012.9,27.5,92,56.4,70.0,29.0
2010,8,20,1012.6,28.0,85,22.1,30.0,15.2
2010,8,21,1009.8,29.4,78,0.05,60.0,18.6
2010,8,22,1008.4,28.9,83,9.1,90.0,32.3
2010,8,23,1008.6,28.5,84,23.7,100.0,27.8
2010,8,24,1010.4,26.5,93,42.6,,18.4
2010,8,25,1010.4,28.0,82,5.2,190.0,12.0
2010,8,26,1008.7,28.4,82,0.05,160.0,5.8
2010,8,27,1007.5,28.8,78,0.0,340.0,5.3
2010,8,28,1007.2,27.9,81,30.1,360.0,6.7
2010,8,29,1006.6,29.2,78,0.0,360.0,14.3
2010,8,30,1004.1,29.7,74,0.0,350.0,10.6
2010,8,31,1002.4,30.4,69,0.0,360.0,10.9
2010,9,1,1002.9,31.2,62,0.0,340.0,14.4
2010,9,2,1003.5,29.5,70,16.2,290.0,14.1
2010,9,3,1003.6,26.0,93,47.4,160.0,28.8
2010,9,4,1005.5,26.8,89,3.5,50.0,24.6
2010,9,5,1007.5,27.8,86,4.9,80.0,13.8
2010,9,6,1007.9,29.3,78,0.0,210.0,10.3
2010,9,7,1007.2,29.7,79,0.05,220.0,19.7
2010,9,8,1005.9,29.9,80,27.6,250.0,16.5
2010,9,9,1005.8,28.2,83,22.5,180.0,8.9
2010,9,10,1005.9,28.1,81,58.8,220.0,17.9
2010,9,11,1008.9,25.5,93,51.8,230.0,14.7
2010,9,12,1010.7,25.2,94,95.9,210.0,12.1
2010,9,13,1011.1,26.8,89,0.1,60.0,14.0
2010,9,14,1011.7,27.2,86,1.7,40.0,17.8
2010,9,15,1011.5,28.2,83,1.7,90.0,16.0
2010,9,16,1010.3,28.9,78,0.0,10.0,8.9
2010,9,17,1009.0,29.1,75,0.0,210.0,14.3
2010,9,18,1007.9,29.7,76,0.0,230.0,15.3
2010,9,19,1004.2,30.6,75,0.0,270.0,22.8
2010,9,20,1000.0,28.3,82,67.0,260.0,35.2
2010,9,21,1007.4,24.5,95,178.8,200.0,29.1
2010,9,22,1011.5,25.4,92,0.8,140.0,17.2
2010,9,23,1011.9,27.0,87,0.05,30.0,14.3
2010,9,24,1011.6,27.7,84,0.0,40.0,16.1
2010,9,25,1012.5,27.4,84,0.05,70.0,23.9
2010,9,26,1013.5,27.6,82,0.0,60.0,20.7
2010,9,27,1012.9,28.3,82,0.0,110.0,14.0
2010,9,28,1013.1,28.6,80,0.0,90.0,15.4
2010,9,29,1013.4,28.5,80,0.05,60.0,31.7
2010,9,30,1013.1,27.7,82,4.4,70.0,35.4
2010,10,1,1012.4,27.6,80,0.05,70.0,39.9
2010,10,2,1011.7,28.4,74,0.0,50.0,28.8
2010,10,3,1012.4,28.1,72,0.05,30.0,26.9
2010,10,4,1013.7,25.5,67,0.05,30.0,30.3
2010,10,5,1013.9,24.1,78,2.2,80.0,35.6
2010,10,6,1013.6,24.2,82,0.9,80.0,39.4
2010,10,7,1012.3,25.4,78,0.05,60.0,36.8
2010,10,8,1010.7,26.4,79,0.05,70.0,31.2
2010,10,9,1009.2,25.8,81,1.4,80.0,35.7
2010,10,10,1009.2,25.0,93,10.2,100.0,42.2
2010,10,11,1012.0,26.4,93,3.7,90.0,30.8
2010,10,12,1013.0,27.6,85,0.05,80.0,19.0
2010,10,13,1011.9,27.6,83,0.0,70.0,18.8
2010,10,14,1010.9,27.9,82,0.0,70.0,21.5
2010,10,15,1012.9,26.0,86,3.9,90.0,30.4
2010,10,16,1013.5,25.2,80,0.2,50.0,36.8
2010,10,17,1013.7,26.4,77,0.05,80.0,41.1
2010,10,18,1012.3,26.6,73,0.05,90.0,22.6
2010,10,19,1009.8,26.1,62,0.0,20.0,29.8
2010,10,20,1006.4,26.4,62,0.0,20.0,40.6
2010,10,21,1004.1,25.5,65,0.05,10.0,45.6
2010,10,22,1005.3,23.6,67,0.2,10.0,35.9
2010,10,23,1005.1,24.9,61,0.0,10.0,17.9
2010,10,24,1007.9,25.1,67,0.0,10.0,13.0
2010,10,25,1011.0,24.9,68,0.0,20.0,25.6
2010,10,26,1016.2,22.3,73,0.05,20.0,34.7
2010,10,27,1019.1,20.0,60,0.0,20.0,37.7
2010,10,28,1019.2,18.7,52,0.0,20.0,36.2
2010,10,29,1020.8,19.1,51,0.0,20.0,35.0
2010,10,30,1021.8,19.3,47,0.0,20.0,32.1
2010,10,31,1020.3,20.0,55,0.0,20.0,25.1
2010,11,1,1018.6,21.1,67,0.0,80.0,31.5
2010,11,2,1019.0,21.5,65,0.0,70.0,33.3
2010,11,3,1019.9,21.2,65,0.0,20.0,32.7
2010,11,4,1019.4,20.0,74,3.2,70.0,31.0
2010,11,5,1018.3,17.5,97,24.3,40.0,26.9
2010,11,6,1016.4,18.8,95,14.7,20.0,19.0
2010,11,7,1015.6,22.1,77,0.0,40.0,9.0
2010,11,8,1017.5,22.5,66,0.0,20.0,16.5
2010,11,9,1020.1,21.4,61,0.0,90.0,24.0
2010,11,10,1019.1,21.0,71,0.0,70.0,29.4
2010,11,11,1017.0,21.3,61,0.0,70.0,24.7
2010,11,12,1015.0,21.7,68,0.0,70.0,35.4
2010,11,13,1016.9,22.4,73,0.0,50.0,32.4
2010,11,14,1019.6,22.8,78,0.05,50.0,28.0
2010,11,15,1019.5,23.4,77,0.05,80.0,28.1
2010,11,16,1018.8,21.8,74,0.05,70.0,25.9
2010,11,17,1018.2,21.0,74,0.0,90.0,23.4
2010,11,18,1017.6,21.6,77,0.0,70.0,20.5
2010,11,19,1015.6,21.7,75,0.0,20.0,15.3
2010,11,20,1013.5,21.0,77,0.0,50.0,20.2
2010,11,21,1011.9,21.4,81,0.0,50.0,16.4
2010,11,22,1011.7,22.5,73,0.0,20.0,14.8
2010,11,23,1014.5,21.4,75,0.05,80.0,21.8
2010,11,24,1016.5,20.9,75,0.0,60.0,28.7
2010,11,25,1017.5,20.2,65,0.0,20.0,21.3
2010,11,26,1017.7,19.8,68,0.0,80.0,27.6
2010,11,27,1017.7,20.1,73,0.0,70.0,30.8
2010,11,28,1018.2,20.8,75,0.0,60.0,27.1
2010,11,29,1017.1,20.9,81,0.0,90.0,19.5
2010,11,30,1015.4,21.7,76,0.0,30.0,7.8
2010,12,1,1015.3,20.9,74,0.0,30.0,14.8
2010,12,2,1016.4,21.6,71,0.0,20.0,12.9
2010,12,3,1018.4,20.9,61,0.0,20.0,26.8
2010,12,4,1017.2,20.4,62,0.0,70.0,30.5
2010,12,5,1014.5,21.6,70,0.0,50.0,16.5
2010,12,6,1014.9,23.5,65,0.0,40.0,14.6
2010,12,7,1018.6,19.3,50,0.0,20.0,42.0
2010,12,8,1017.2,17.0,34,0.0,20.0,27.0
2010,12,9,1015.9,17.5,52,0.0,80.0,24.3
2010,12,10,1013.3,19.5,72,0.0,60.0,31.3
2010,12,11,1012.3,20.2,70,0.0,60.0,35.8
2010,12,12,1010.4,20.0,84,0.05,70.0,40.0
2010,12,13,1010.8,21.9,90,0.05,50.0,18.0
2010,12,14,1013.5,21.8,86,0.05,30.0,21.4
2010,12,15,1013.7,17.5,91,12.9,70.0,47.5
2010,12,16,1020.8,8.8,72,5.3,10.0,60.7
2010,12,17,1020.5,10.4,41,0.0,20.0,24.6
2010,12,18,1018.4,14.3,64,0.0,50.0,26.5
2010,12,19,1018.3,18.4,74,0.0,50.0,19.3
2010,12,20,1015.8,20.1,68,0.0,40.0,8.7
2010,12,21,1014.1,20.5,71,0.0,40.0,8.5
2010,12,22,1014.5,19.3,64,0.0,40.0,19.3
2010,12,23,1015.6,18.1,71,0.0,60.0,26.7
2010,12,24,1015.0,18.7,77,0.0,70.0,34.4
2010,12,25,1016.7,16.2,78,0.05,60.0,42.9
2010,12,26,1020.9,12.4,47,0.2,10.0,37.6
2010,12,27,1019.4,13.3,56,0.0,30.0,16.0
2010,12,28,1018.1,15.4,55,0.0,30.0,14.3
2010,12,29,1017.3,17.1,74,0.0,40.0,21.3
2010,12,30,1018.1,17.8,55,0.0,20.0,27.7
2010,12,31,1018.9,15.5,40,0.0,20.0,24.0
2011,1,1,1019.1,14.9,57,0.0,70.0,34.1
2011,1,2,1019.8,15.1,65,0.0,60.0,44.3
2011,1,3,1019.6,14.0,72,0.05,20.0,27.5
2011,1,4,1020.4,13.4,81,1.2,40.0,29.9
2011,1,5,1018.6,15.7,77,0.0,40.0,24.9
2011,1,6,1021.9,14.2,69,0.05,10.0,30.0
2011,1,7,1024.2,10.9,63,0.0,10.0,26.7
2011,1,8,1021.3,12.8,65,0.0,30.0,18.5
2011,1,9,1020.2,14.5,56,0.0,10.0,26.9
2011,1,10,1020.0,13.1,55,0.0,10.0,26.0
2011,1,11,1018.7,11.2,61,0.05,10.0,32.5
2011,1,12,1019.4,8.8,88,4.2,20.0,24.9
2011,1,13,1018.9,12.9,77,0.05,40.0,21.4
2011,1,14,1017.1,16.3,70,0.0,40.0,12.3
2011,1,15,1021.5,13.7,58,0.0,20.0,42.1
2011,1,16,1024.2,11.2,58,0.0,20.0,32.8
2011,1,17,1024.2,11.8,63,0.0,60.0,31.0
2011,1,18,1020.9,14.3,72,0.0,60.0,31.6
2011,1,19,1018.5,15.3,79,0.0,60.0,29.1
2011,1,20,1017.2,16.1,70,0.0,30.0,24.0
2011,1,21,1019.3,13.7,61,0.0,10.0,27.1
2011,1,22,1021.6,13.2,70,0.0,30.0,21.6
2011,1,23,1021.8,15.0,69,0.0,30.0,12.3
2011,1,24,1023.4,14.1,64,0.0,20.0,20.7
2011,1,25,1024.3,14.3,71,0.0,50.0,25.7
2011,1,26,1024.6,15.0,75,0.0,50.0,20.5
2011,1,27,1024.5,15.9,77,0.0,60.0,23.0
2011,1,28,1023.9,15.1,68,0.0,10.0,29.8
2011,1,29,1025.2,12.9,51,0.0,20.0,33.6
2011,1,30,1026.4,12.2,52,0.0,20.0,27.0
2011,1,31,1025.6,13.1,61,0.05,20.0,26.4
2011,2,1,1022.7,14.0,70,0.0,60.0,18.0
2011,2,2,1020.9,14.8,64,0.0,40.0,14.8
2011,2,3,1020.1,15.3,75,0.0,50.0,18.3
2011,2,4,1017.5,16.3,75,0.0,30.0,8.5
2011,2,5,1017.5,17.1,69,0.0,30.0,14.8
2011,2,6,1016.0,17.8,61,0.0,40.0,19.2
2011,2,7,1012.6,18.7,65,0.0,40.0,19.0
2011,2,8,1009.6,19.6,77,0.0,40.0,14.3
2011,2,9,1010.0,19.8,83,0.0,50.0,20.8
2011,2,10,1013.0,17.9,79,0.0,40.0,27.0
2011,2,11,1017.2,16.5,78,0.05,60.0,24.2
2011,2,12,1019.7,14.3,71,0.0,80.0,34.9
2011,2,13,1017.5,12.5,87,17.0,10.0,33.0
2011,2,14,1020.8,10.6,74,0.6,10.0,31.0
2011,2,15,1020.9,11.3,85,3.2,70.0,46.1
2011,2,16,1017.6,13.2,93,0.05,50.0,29.1
2011,2,17,1015.6,15.2,93,0.05,30.0,12.2
2011,2,18,1016.3,14.7,90,0.05,40.0,20.4
2011,2,19,1017.7,13.1,91,2.0,20.0,27.3
2011,2,20,1019.4,13.8,81,0.9,20.0,16.5
2011,2,21,1019.3,14.9,84,0.05,60.0,27.4
2011,2,22,1018.9,15.4,64,0.0,50.0,32.1
2011,2,23,1017.8,17.4,69,0.0,40.0,18.8
2011,2,24,1016.1,18.8,79,0.0,40.0,14.5
2011,2,25,1016.3,18.9,81,0.0,50.0,28.5
2011,2,26,1017.7,18.6,75,0.0,60.0,30.5
2011,2,27,1016.1,20.4,80,0.05,40.0,17.3
2011,2,28,1014.0,21.6,73,0.0,40.0,10.8
2011,3,1,1014.6,21.2,81,0.05,50.0,19.5
2011,3,2,1017.5,18.3,75,0.05,70.0,23.0
2011,3,3,1018.5,18.1,76,0.1,60.0,29.3
2011,3,4,1019.7,16.9,69,0.0,50.0,35.5
2011,3,5,1017.8,16.7,71,0.0,60.0,34.6
2011,3,6,1014.9,19.1,79,0.1,40.0,18.4
2011,3,7,1016.7,19.8,72,0.5,20.0,26.0
2011,3,8,1020.4,15.5,75,2.3,60.0,33.1
2011,3,9,1021.8,15.7,66,2.4,70.0,36.3
2011,3,10,1021.7,16.9,66,0.1,30.0,27.5
2011,3,11,1019.9,17.5,74,0.0,70.0,26.4
2011,3,12,1017.8,19.1,78,0.0,70.0,21.4
2011,3,13,1015.6,20.7,80,0.0,20.0,7.1
2011,3,14,1014.6,22.4,79,0.0,40.0,12.2
2011,3,15,1017.9,19.0,78,0.05,20.0,28.5
2011,3,16,1022.3,15.9,50,0.05,20.0,32.8
2011,3,17,1021.6,16.2,53,0.7,70.0,37.0
2011,3,18,1017.4,15.4,78,2.2,60.0,46.5
2011,3,19,1013.4,16.7,96,11.1,40.0,26.4
2011,3,20,1011.3,20.0,96,0.05,30.0,12.5
2011,3,21,1011.9,22.9,90,0.0,40.0,11.1
2011,3,22,1017.4,19.7,80,0.05,20.0,24.5
2011,3,23,1021.5,16.0,71,0.0,50.0,26.2
2011,3,24,1021.8,16.8,69,0.05,20.0,24.7
2011,3,25,1023.2,17.4,62,0.0,20.0,26.1
2011,3,26,1022.9,17.8,61,0.0,80.0,34.8
2011,3,27,1022.7,15.0,70,0.8,20.0,23.6
2011,3,28,1022.2,16.9,58,0.05,30.0,22.6
2011,3,29,1022.4,18.0,50,0.0,60.0,21.9
2011,3,30,1020.9,18.1,51,0.2,70.0,35.5
2011,3,31,1018.5,18.9,50,0.05,60.0,26.5
2011,4,1,1016.5,20.5,70,0.0,50.0,19.3
2011,4,2,1014.8,22.0,72,0.0,50.0,11.5
2011,4,3,1013.6,22.2,77,0.05,220.0,5.3
2011,4,4,1016.8,19.7,83,0.05,80.0,25.6
2011,4,5,1018.9,18.9,74,0.05,90.0,37.4
2011,4,6,1018.0,19.6,66,0.0,70.0,31.3
2011,4,7,1016.8,21.8,77,0.0,50.0,13.9
2011,4,8,1017.3,23.1,73,0.0,30.0,5.1
2011,4,9,1019.4,22.5,77,0.05,80.0,23.3
2011,4,10,1018.1,23.4,77,0.05,50.0,14.4
2011,4,11,1015.3,23.8,77,0.05,220.0,17.2
2011,4,12,1017.8,22.0,73,0.0,70.0,35.5
2011,4,13,1016.7,23.0,64,0.05,60.0,16.8
2011,4,14,1012.7,24.1,75,0.0,170.0,8.5
2011,4,15,1010.3,24.4,77,0.0,220.0,8.3
2011,4,16,1010.0,25.1,82,0.0,240.0,16.7
2011,4,17,1008.7,24.8,91,26.7,230.0,20.7
2011,4,18,1010.1,23.6,77,0.05,50.0,15.3
2011,4,19,1014.4,23.6,64,0.0,80.0,26.6
2011,4,20,1016.8,21.8,77,0.0,70.0,34.2
2011,4,21,1014.7,23.1,81,0.05,70.0,23.7
2011,4,22,1011.6,24.1,79,0.2,40.0,11.5
2011,4,23,1014.1,20.9,85,2.3,40.0,22.0
2011,4,24,1014.6,23.1,50,0.0,50.0,14.0
2011,4,25,1012.8,24.1,65,0.0,10.0,7.1
2011,4,26,1010.0,24.2,68,0.0,220.0,12.5
2011,4,27,1007.8,25.9,77,0.0,240.0,22.9
2011,4,28,1010.0,25.1,87,0.4,100.0,18.4
2011,4,29,1011.6,23.1,93,6.3,90.0,25.6
2011,4,30,1010.7,24.9,86,0.1,170.0,8.3
2011,5,1,1010.5,25.9,86,0.05,160.0,9.1
2011,5,2,1009.5,26.8,83,0.05,160.0,12.9
2011,5,3,1009.3,27.3,78,0.05,170.0,11.8
2011,5,4,1010.5,24.7,85,0.7,40.0,16.8
2011,5,5,1011.0,23.6,90,0.05,50.0,19.2
2011,5,6,1009.7,26.5,84,0.05,180.0,14.3
2011,5,7,1008.6,27.6,80,0.05,140.0,11.3
2011,5,8,1008.5,26.9,83,0.0,110.0,14.0
2011,5,9,1007.5,27.3,83,0.0,60.0,13.3
2011,5,10,1006.5,28.5,76,0.05,200.0,11.5
2011,5,11,1006.2,29.3,79,0.0,220.0,17.0
2011,5,12,1007.7,29.5,79,0.2,220.0,14.9
2011,5,13,1009.7,26.9,88,33.5,200.0,14.3
2011,5,14,1012.4,25.0,91,14.5,80.0,35.0
2011,5,15,1014.2,24.4,92,2.9,90.0,29.7
2011,5,16,1012.7,25.5,91,7.5,40.0,9.8
2011,5,17,1011.2,23.4,86,0.3,80.0,22.5
2011,5,18,1010.0,24.7,70,0.05,60.0,28.2
2011,5,19,1010.0,25.8,79,0.0,60.0,24.5
2011,5,20,1008.3,27.0,82,0.0,50.0,14.9
2011,5,21,1006.9,26.1,89,42.8,70.0,14.3
2011,5,22,1005.9,25.2,94,69.8,160.0,20.3
2011,5,23,1007.3,24.2,86,9.3,20.0,12.4
2011,5,24,1009.4,22.5,84,4.9,20.0,19.5
2011,5,25,1010.0,23.0,83,0.3,20.0,18.4
2011,5,26,1009.1,25.5,67,0.0,20.0,11.3
2011,5,27,1007.1,26.7,70,0.0,20.0,6.2
2011,5,28,1006.5,27.4,65,0.0,210.0,9.7
2011,5,29,1010.6,26.9,79,0.0,100.0,23.7
2011,5,30,1011.6,25.8,70,0.0,90.0,25.3
2011,5,31,1007.4,26.7,67,0.0,40.0,18.0
2011,6,1,1006.6,27.9,73,0.0,220.0,16.1
2011,6,2,1009.4,28.1,80,0.0,190.0,10.4
2011,6,3,1009.6,28.1,75,0.0,200.0,11.3
2011,6,4,1008.8,28.8,79,0.0,180.0,18.8
2011,6,5,1009.2,29.4,78,0.05,200.0,16.3
2011,6,6,1008.6,29.5,77,0.05,210.0,19.5
2011,6,7,1007.1,29.6,76,0.05,220.0,26.6
2011,6,8,1006.5,29.7,78,0.05,210.0,20.0
2011,6,9,1006.2,30.0,76,2.8,160.0,17.9
2011,6,10,1003.9,29.6,74,0.0,120.0,8.0
2011,6,11,1004.9,29.0,80,11.6,210.0,15.8
2011,6,12,1007.6,27.6,85,28.4,200.0,12.3
2011,6,13,1007.9,28.7,82,5.9,200.0,15.7
2011,6,14,1007.1,29.5,79,2.4,200.0,26.0
2011,6,15,1005.9,29.5,77,2.4,200.0,27.9
2011,6,16,1005.1,26.6,94,75.2,150.0,18.3
2011,6,17,1006.2,27.3,94,77.5,150.0,28.1
2011,6,18,1005.8,29.0,82,1.2,140.0,22.5
2011,6,19,1004.5,29.2,82,0.05,120.0,12.4
2011,6,20,1004.2,29.9,75,0.0,50.0,11.8
2011,6,21,1002.1,29.1,81,8.3,50.0,39.0
2011,6,22,997.8,26.6,93,41.4,110.0,55.8
2011,6,23,998.9,28.0,86,0.05,130.0,46.7
2011,6,24,999.8,28.4,84,0.6,130.0,17.4
2011,6,25,1000.3,29.1,78,0.0,230.0,19.8
2011,6,26,1002.8,28.8,81,0.05,230.0,17.8
2011,6,27,1003.8,29.4,79,0.05,220.0,18.3
2011,6,28,1004.5,26.4,93,106.6,210.0,17.5
2011,6,29,1005.7,26.5,93,76.5,180.0,31.2
2011,6,30,1007.6,27.5,88,5.3,170.0,27.3
2011,7,1,1008.9,28.2,86,11.2,170.0,22.0
2011,7,2,1008.2,29.0,80,0.05,190.0,18.2
2011,7,3,1007.9,29.3,76,0.05,220.0,17.6
2011,7,4,1009.1,29.7,75,0.0,220.0,17.9
2011,7,5,1007.7,29.7,75,0.0,230.0,18.4
2011,7,6,1004.7,29.7,73,0.0,230.0,22.2
2011,7,7,1004.1,30.0,73,0.0,220.0,23.7
2011,7,8,1004.5,30.2,76,0.0,230.0,23.5
2011,7,9,1003.6,29.8,78,0.0,240.0,20.4
2011,7,10,1002.0,29.8,77,0.05,240.0,10.6
2011,7,11,1001.3,28.9,85,33.2,230.0,10.0
2011,7,12,1001.6,27.6,89,10.9,50.0,13.4
2011,7,13,1002.1,27.4,92,21.8,60.0,24.2
2011,7,14,1002.2,27.1,91,12.4,60.0,19.8
2011,7,15,1002.2,26.5,93,34.9,220.0,18.4
2011,7,16,1001.9,26.8,89,60.5,250.0,36.5
2011,7,17,1000.1,28.2,83,0.2,230.0,22.3
2011,7,18,999.5,27.9,85,4.3,290.0,23.5
2011,7,19,1000.4,27.4,86,5.6,180.0,9.1
2011,7,20,1002.0,27.3,87,15.2,220.0,21.9
2011,7,21,1004.6,28.6,79,0.0,220.0,14.8
2011,7,22,1006.1,29.5,81,4.2,200.0,17.9
2011,7,23,1007.3,29.6,76,0.0,210.0,11.4
2011,7,24,1007.5,29.5,78,0.0,230.0,14.8
2011,7,25,1006.8,30.3,78,0.0,220.0,19.4
2011,7,26,1007.4,29.8,76,0.0,110.0,10.8
2011,7,27,1007.1,30.2,76,0.05,50.0,15.9
2011,7,28,1004.5,30.1,72,0.05,40.0,27.0
2011,7,29,1002.8,28.2,87,12.4,100.0,35.2
2011,7,30,1004.3,28.3,85,0.05,70.0,22.6
2011,7,31,1004.9,29.2,80,0.0,50.0,14.2
2011,8,1,1005.5,29.5,76,0.0,200.0,7.1
2011,8,2,1006.7,29.5,73,0.0,230.0,15.6
2011,8,3,1005.8,29.5,73,0.0,270.0,20.5
2011,8,4,1002.9,29.9,75,0.0,220.0,14.3
2011,8,5,1001.1,30.1,74,0.0,210.0,8.5
2011,8,6,1000.2,30.2,74,0.0,220.0,14.5
2011,8,7,1002.1,30.9,75,0.0,210.0,13.8
2011,8,8,1004.3,29.2,79,22.1,210.0,15.7
2011,8,9,1004.5,28.0,86,9.9,150.0,12.4
2011,8,10,1005.8,26.8,92,60.5,180.0,20.5
2011,8,11,1007.9,28.7,83,17.9,180.0,16.2
2011,8,12,1008.0,29.4,78,0.0,180.0,12.8
2011,8,13,1008.8,29.6,75,0.0,220.0,14.0
2011,8,14,1010.6,29.6,74,0.05,210.0,12.4
2011,8,15,1011.0,29.7,76,0.0,220.0,11.3
2011,8,16,1009.9,29.3,78,8.5,210.0,10.9
2011,8,17,1009.4,28.7,81,10.1,180.0,11.6
2011,8,18,1010.0,29.2,80,0.0,120.0,9.8
2011,8,19,1010.9,29.6,79,0.0,50.0,14.5
2011,8,20,1011.0,29.2,80,3.7,100.0,15.5
2011,8,21,1009.8,29.5,80,0.05,110.0,7.9
2011,8,22,1008.1,29.0,83,1.4,180.0,8.8
2011,8,23,1006.6,29.8,76,0.0,220.0,13.7
2011,8,24,1006.1,29.8,76,3.9,220.0,15.1
2011,8,25,1005.7,28.6,81,13.7,40.0,7.3
2011,8,26,1006.1,29.1,76,0.05,20.0,11.2
2011,8,27,1004.6,29.2,75,5.2,20.0,8.7
2011,8,28,1003.0,30.2,69,0.0,290.0,14.4
2011,8,29,1002.3,30.6,67,0.2,280.0,18.4
2011,8,30,1001.0,30.9,69,0.0,290.0,23.9
2011,8,31,999.3,30.6,64,0.5,280.0,13.1
2011,9,1,1000.5,28.2,74,0.1,310.0,11.8
2011,9,2,1002.6,28.8,78,0.0,160.0,6.2
2011,9,3,1006.5,27.7,89,22.6,40.0,15.0
2011,9,4,1008.0,28.6,84,1.8,140.0,8.5
2011,9,5,1007.4,29.2,80,0.0,160.0,6.8
2011,9,6,1007.4,29.3,78,0.0,130.0,9.7
2011,9,7,1006.6,29.2,78,0.2,130.0,15.3
2011,9,8,1007.5,29.5,79,0.05,110.0,18.4
2011,9,9,1010.0,29.6,75,0.05,100.0,27.6
2011,9,10,1010.9,29.0,78,2.6,100.0,34.6
2011,9,11,1010.6,28.2,83,20.4,70.0,37.0
2011,9,12,1010.6,28.5,82,0.6,70.0,33.2
2011,9,13,1009.3,28.8,77,2.7,110.0,19.8
2011,9,14,1007.4,29.0,75,2.7,110.0,16.9
2011,9,15,1006.9,28.3,83,10.9,100.0,24.0
2011,9,16,1005.5,28.6,82,1.0,110.0,25.9
2011,9,17,1004.5,29.4,79,0.2,90.0,27.0
2011,9,18,1007.2,28.6,81,0.5,110.0,30.4
2011,9,19,1009.7,28.4,80,16.1,100.0,24.7
2011,9,20,1011.3,26.1,76,0.05,20.0,24.7
2011,9,21,1010.7,25.8,69,0.0,20.0,24.6
2011,9,22,1010.3,25.8,68,0.05,30.0,30.9
2011,9,23,1009.7,25.6,73,0.3,50.0,38.4
2011,9,24,1009.0,25.7,73,0.05,50.0,41.2
2011,9,25,1008.6,25.1,81,4.2,50.0,51.5
2011,9,26,1008.9,27.3,78,0.2,70.0,44.9
2011,9,27,1006.5,27.9,80,0.05,90.0,19.4
2011,9,28,1003.0,28.7,72,2.5,30.0,37.2
2011,9,29,1002.9,27.2,88,30.8,130.0,63.0
2011,9,30,1009.4,27.7,89,2.7,110.0,24.6
2011,10,1,1010.7,26.2,86,12.7,90.0,46.4
2011,10,2,1009.2,25.0,84,3.3,30.0,32.7
2011,10,3,1009.1,22.6,81,1.6,30.0,43.5
2011,10,4,1011.5,23.8,76,0.05,60.0,50.0
2011,10,5,1013.6,24.5,79,0.1,50.0,34.4
2011,10,6,1014.3,25.2,79,0.1,80.0,31.5
2011,10,7,1014.8,25.7,79,0.05,80.0,35.8
2011,10,8,1014.7,26.2,76,0.05,80.0,33.0
2011,10,9,1012.8,26.8,76,0.0,80.0,27.5
2011,10,10,1011.8,26.4,80,5.3,60.0,40.0
2011,10,11,1013.0,24.8,93,6.9,80.0,47.7
2011,10,12,1012.2,24.6,97,105.8,100.0,34.5
2011,10,13,1010.6,24.8,97,30.7,70.0,22.2
2011,10,14,1010.0,25.4,89,3.8,70.0,19.4
2011,10,15,1012.2,25.1,73,0.0,20.0,22.8
2011,10,16,1013.7,25.5,62,0.0,20.0,20.2
2011,10,17,1015.7,25.3,69,0.0,70.0,19.5
2011,10,18,1016.9,24.7,72,0.0,90.0,26.5
2011,10,19,1016.0,24.3,70,0.05,90.0,33.8
2011,10,20,1015.3,24.0,72,0.0,70.0,21.3
2011,10,21,1014.3,24.8,74,0.0,60.0,15.8
2011,10,22,1014.0,25.2,78,0.0,70.0,26.3
2011,10,23,1014.3,25.0,79,0.0,60.0,24.4
2011,10,24,1013.8,25.7,79,0.0,60.0,8.7
2011,10,25,1015.8,24.6,81,0.5,40.0,25.8
2011,10,26,1017.5,23.3,77,0.1,50.0,29.5
2011,10,27,1017.8,23.3,79,1.5,90.0,32.3
2011,10,28,1017.7,24.3,72,0.05,80.0,26.4
2011,10,29,1016.2,24.1,69,0.0,20.0,15.8
2011,10,30,1015.6,24.3,75,0.05,60.0,24.3
2011,10,31,1016.4,24.5,71,0.05,80.0,37.5
2011,11,1,1015.9,24.6,71,0.0,70.0,25.3
2011,11,2,1014.0,25.4,74,0.0,40.0,19.6
2011,11,3,1013.6,26.0,77,0.0,60.0,23.6
2011,11,4,1013.8,26.4,76,0.05,60.0,19.9
2011,11,5,1013.3,26.4,80,0.05,80.0,19.9
2011,11,6,1012.8,26.5,78,0.05,90.0,31.3
2011,11,7,1011.1,25.8,76,0.05,60.0,39.7
2011,11,8,1009.4,22.7,94,13.9,40.0,35.3
2011,11,9,1008.7,19.9,93,44.2,20.0,41.2
2011,11,10,1012.0,19.4,77,0.2,10.0,33.8
2011,11,11,1014.7,20.3,71,0.05,20.0,22.0
2011,11,12,1016.8,22.0,73,0.0,30.0,10.7
2011,11,13,1017.1,23.2,78,0.0,20.0,13.8
2011,11,14,1017.9,23.4,81,0.05,80.0,28.0
2011,11,15,1018.2,23.5,76,0.0,90.0,35.8
2011,11,16,1015.7,23.4,80,0.0,70.0,32.8
2011,11,17,1012.2,23.4,87,18.1,50.0,33.1
2011,11,18,1009.2,24.4,93,8.6,70.0,14.8
2011,11,19,1012.0,24.9,84,1.1,20.0,18.7
2011,11,20,1019.3,22.9,74,0.05,90.0,33.8
2011,11,21,1021.6,21.5,70,0.05,80.0,46.8
2011,11,22,1020.8,22.0,67,0.05,50.0,25.5
2011,11,23,1020.4,22.0,60,0.05,20.0,23.5
2011,11,24,1021.1,20.8,68,0.0,80.0,31.3
2011,11,25,1020.4,20.5,72,0.0,80.0,40.3
2011,11,26,1018.5,21.1,73,0.05,60.0,36.0
2011,11,27,1016.0,21.3,76,0.0,50.0,23.0
2011,11,28,1014.4,21.9,80,0.0,60.0,22.7
2011,11,29,1015.2,22.7,78,0.0,60.0,22.1
2011,11,30,1014.6,23.1,80,0.05,50.0,15.9
2011,12,1,1017.2,18.7,68,0.0,10.0,36.6
2011,12,2,1017.0,15.0,59,0.0,10.0,32.2
2011,12,3,1017.5,15.1,54,0.0,20.0,22.7
2011,12,4,1019.0,17.4,65,0.0,70.0,33.0
2011,12,5,1018.4,18.8,79,1.2,70.0,38.4
2011,12,6,1018.2,19.9,85,1.2,60.0,27.6
2011,12,7,1016.7,22.3,80,0.0,30.0,14.0
2011,12,8,1017.6,20.4,65,0.0,20.0,38.5
2011,12,9,1022.5,14.6,59,0.05,20.0,41.2
2011,12,10,1023.8,13.1,45,0.0,20.0,42.8
2011,12,11,1022.7,12.9,44,0.0,20.0,33.5
2011,12,12,1020.5,15.1,48,0.0,20.0,23.5
2011,12,13,1019.5,17.1,58,0.05,20.0,20.4
2011,12,14,1018.8,19.3,63,0.0,40.0,13.9
2011,12,15,1019.7,19.2,60,0.0,20.0,21.3
2011,12,16,1023.3,17.0,56,0.0,20.0,29.5
2011,12,17,1024.6,16.1,65,0.05,80.0,29.8
2011,12,18,1023.8,16.1,70,0.05,40.0,25.6
2011,12,19,1021.4,16.7,73,0.0,60.0,30.5
2011,12,20,1019.6,17.4,74,0.05,40.0,24.0
2011,12,21,1018.3,19.5,68,0.0,30.0,15.4
2011,12,22,1019.2,17.9,61,0.0,20.0,24.5
2011,12,23,1021.2,15.0,63,0.0,20.0,28.2
2011,12,24,1023.8,13.0,39,0.0,20.0,38.0
2011,12,25,1025.2,13.3,45,0.0,20.0,26.2
2011,12,26,1025.1,15.8,58,0.0,50.0,28.9
2011,12,27,1023.7,16.5,76,0.0,80.0,39.1
2011,12,28,1022.2,17.3,81,0.0,60.0,19.6
2011,12,29,1020.6,17.7,81,0.0,60.0,26.3
2011,12,30,1023.0,17.7,79,0.05,80.0,27.3
2011,12,31,1023.4,16.9,80,0.4,30.0,19.3
2012,1,1,1022.3,17.2,76,0.0,80.0,19.3
2012,1,2,1021.2,16.6,76,0.0,90.0,30.8
2012,1,3,1020.4,17.0,74,0.0,70.0,29.7
2012,1,4,1024.2,13.5,67,0.05,20.0,33.3
2012,1,5,1023.4,11.0,79,0.8,30.0,26.7
2012,1,6,1022.8,13.2,82,0.5,20.0,17.7
2012,1,7,1025.4,14.2,81,0.0,30.0,19.1
2012,1,8,1024.7,15.6,76,0.0,30.0,13.5
2012,1,9,1022.9,15.8,75,0.0,20.0,13.5
2012,1,10,1022.4,15.9,77,0.0,20.0,13.5
2012,1,11,1023.7,16.0,74,0.4,20.0,22.2
2012,1,12,1022.6,15.3,79,0.9,40.0,24.2
2012,1,13,1019.6,15.9,87,2.3,50.0,21.9
2012,1,14,1015.1,17.5,90,0.6,50.0,18.6
2012,1,15,1011.5,17.2,98,19.1,40.0,14.6
2012,1,16,1012.7,15.7,89,8.7,20.0,13.0
2012,1,17,1014.8,16.5,78,0.0,50.0,26.5
2012,1,18,1014.1,17.7,83,0.0,40.0,27.2
2012,1,19,1014.3,19.4,87,0.0,40.0,14.1
2012,1,20,1015.5,17.4,86,0.0,60.0,33.2
2012,1,21,1014.8,16.2,87,0.05,50.0,33.9
2012,1,22,1017.5,13.4,84,0.05,20.0,28.6
2012,1,23,1020.1,10.5,84,1.3,20.0,29.8
2012,1,24,1018.6,10.9,90,4.5,40.0,34.8
2012,1,25,1021.1,8.7,88,2.2,20.0,30.5
2012,1,26,1019.7,11.2,90,0.8,50.0,38.0
2012,1,27,1016.6,14.7,91,0.0,50.0,27.5
2012,1,28,1016.1,16.7,86,0.0,40.0,16.8
2012,1,29,1018.6,15.1,87,0.0,40.0,17.1
2012,1,30,1020.5,15.7,71,0.0,20.0,15.0
2012,1,31,1021.3,15.1,67,0.0,20.0,17.3
2012,2,1,1020.0,15.6,77,0.0,50.0,21.8
2012,2,2,1021.5,16.0,79,0.05,70.0,32.0
2012,2,3,1022.5,14.5,79,0.05,40.0,26.2
2012,2,4,1019.8,15.3,83,0.05,60.0,29.2
2012,2,5,1016.2,17.4,83,0.1,50.0,23.4
2012,2,6,1011.3,18.5,92,0.4,40.0,16.5
2012,2,7,1015.0,16.7,81,3.1,20.0,27.8
2012,2,8,1021.2,12.3,82,0.7,30.0,29.4
2012,2,9,1019.7,12.7,81,0.05,80.0,40.8
2012,2,10,1019.0,14.8,88,0.05,60.0,23.4
2012,2,11,1021.4,14.0,82,0.0,30.0,20.0
2012,2,12,1020.2,16.2,82,0.05,60.0,23.4
2012,2,13,1017.6,19.1,81,0.05,40.0,16.3
2012,2,14,1014.9,19.4,89,0.3,40.0,16.8
2012,2,15,1013.0,18.8,94,0.05,40.0,18.3
2012,2,16,1016.4,16.1,89,0.05,70.0,24.9
2012,2,17,1020.2,14.9,72,0.05,20.0,24.0
2012,2,18,1022.6,13.7,72,0.0,80.0,30.2
2012,2,19,1022.1,14.3,71,0.0,80.0,33.2
2012,2,20,1018.5,15.0,76,0.0,70.0,35.0
2012,2,21,1014.1,17.3,84,1.7,50.0,23.5
2012,2,22,1010.8,18.2,95,1.3,40.0,17.4
2012,2,23,1008.9,19.9,99,2.9,40.0,13.7
2012,2,24,1010.0,17.8,97,0.5,30.0,23.1
2012,2,25,1011.6,16.1,96,0.05,50.0,28.1
2012,2,26,1016.3,13.6,84,0.05,20.0,29.1
2012,2,27,1016.4,12.1,85,0.05,30.0,28.7
2012,2,28,1013.2,13.0,92,18.0,30.0,24.2
2012,2,29,1014.2,14.7,89,0.5,50.0,36.6
2012,3,1,1014.1,16.7,96,0.05,40.0,22.8
2012,3,2,1012.5,20.9,92,0.0,40.0,14.4
2012,3,3,1013.8,17.7,95,0.2,50.0,33.3
2012,3,4,1012.8,17.9,96,0.5,40.0,22.9
2012,3,5,1009.0,21.4,94,0.05,30.0,13.7
2012,3,6,1008.5,23.8,89,0.3,170.0,13.1
2012,3,7,1009.0,18.7,94,0.05,30.0,23.4
2012,3,8,1010.7,16.9,95,3.3,50.0,32.7
2012,3,9,1014.3,15.6,92,0.2,30.0,28.8
2012,3,10,1017.7,13.9,79,0.05,20.0,26.5
2012,3,11,1020.0,12.6,94,8.4,20.0,25.6
2012,3,12,1021.7,12.6,96,6.6,60.0,32.2
2012,3,13,1021.0,14.2,93,1.7,50.0,21.6
2012,3,14,1018.5,16.1,87,0.05,50.0,28.9
2012,3,15,1016.5,17.4,88,0.6,50.0,26.6
2012,3,16,1013.5,19.9,95,0.2,40.0,14.1
2012,3,17,1012.5,22.3,88,0.05,30.0,7.4
2012,3,18,1012.9,23.9,81,0.0,200.0,5.7
2012,3,19,1014.1,20.8,88,0.05,40.0,21.2
2012,3,20,1014.1,20.3,87,0.05,50.0,21.5
2012,3,21,1015.7,18.8,84,0.05,90.0,36.1
2012,3,22,1014.2,20.7,80,0.05,50.0,24.5
2012,3,23,1014.3,20.9,80,0.0,20.0,21.2
2012,3,24,1019.2,17.6,56,0.1,20.0,31.2
2012,3,25,1020.1,18.5,64,0.0,70.0,24.0
2012,3,26,1020.6,19.6,50,0.0,60.0,35.3
2012,3,27,1021.1,20.5,59,0.0,60.0,28.7
2012,3,28,1019.9,21.1,67,0.0,60.0,28.8
2012,3,29,1017.7,22.3,72,0.0,50.0,28.8
2012,3,30,1015.5,23.0,82,0.0,50.0,22.8
2012,3,31,1018.5,22.3,74,0.05,30.0,26.8
2012,4,1,1019.2,20.7,73,0.0,80.0,23.5
2012,4,2,1015.9,21.9,83,0.0,50.0,18.1
2012,4,3,1016.9,24.5,81,0.0,200.0,6.3
2012,4,4,1016.6,21.9,79,0.0,40.0,27.4
2012,4,5,1013.7,21.3,92,48.5,40.0,15.4
2012,4,6,1015.3,19.9,96,10.9,70.0,33.5
2012,4,7,1017.1,20.3,68,0.0,80.0,38.8
2012,4,8,1015.7,20.8,85,0.3,70.0,30.4
2012,4,9,1014.3,22.5,91,28.9,40.0,21.2
2012,4,10,1013.8,23.8,88,0.0,70.0,14.3
2012,4,11,1011.3,25.0,81,0.0,230.0,8.4
2012,4,12,1010.0,25.5,83,0.0,190.0,9.5
2012,4,13,1010.8,26.5,83,0.05,200.0,15.3
2012,4,14,1011.2,26.9,85,0.05,210.0,11.9
2012,4,15,1009.6,27.1,80,0.05,210.0,14.8
2012,4,16,1008.5,26.0,86,11.8,220.0,19.9
2012,4,17,1009.6,21.3,93,16.6,90.0,40.4
2012,4,18,1009.4,22.0,88,0.05,90.0,32.0
2012,4,19,1009.6,22.2,96,28.2,50.0,20.2
2012,4,20,1008.7,22.0,96,66.2,50.0,15.7
2012,4,21,1008.8,23.3,82,0.0,350.0,6.5
2012,4,22,1009.9,24.3,79,0.0,50.0,12.2
2012,4,23,1008.7,25.4,86,0.3,170.0,23.5
2012,4,24,1006.6,27.1,82,0.05,210.0,32.1
2012,4,25,1006.7,27.5,83,4.8,220.0,24.1
2012,4,26,1009.9,24.4,83,0.05,90.0,23.7
2012,4,27,1009.5,22.3,92,34.5,70.0,30.1
2012,4,28,1008.9,23.5,95,22.2,100.0,21.6
2012,4,29,1007.3,27.2,89,21.2,200.0,22.9
2012,4,30,1005.8,28.5,82,0.5,210.0,29.6
2012,5,1,1006.3,28.7,83,0.05,210.0,28.2
2012,5,2,1006.6,29.2,81,0.4,220.0,26.4
2012,5,3,1005.5,29.0,82,0.05,210.0,23.8
2012,5,4,1006.1,28.0,89,35.7,190.0,18.4
2012,5,5,1009.4,24.9,93,3.4,80.0,22.6
2012,5,6,1010.5,25.9,84,0.0,90.0,17.7
2012,5,7,1010.0,26.5,83,0.0,110.0,12.7
2012,5,8,1008.8,28.6,78,0.0,230.0,11.5
2012,5,9,1008.9,29.2,79,0.0,240.0,24.7
2012,5,10,1008.8,29.1,81,6.1,240.0,22.0
2012,5,11,1008.4,26.0,91,1.4,90.0,33.7
2012,5,12,1007.0,26.4,88,0.1,110.0,27.9
2012,5,13,1005.3,27.9,82,4.6,200.0,13.8
2012,5,14,1006.9,28.8,82,1.9,190.0,11.2
2012,5,15,1007.6,28.0,89,22.1,110.0,8.5
2012,5,16,1006.1,26.6,93,14.4,60.0,16.0
2012,5,17,1006.5,27.0,90,2.0,110.0,11.8
2012,5,18,1008.1,25.4,98,83.8,110.0,28.1
2012,5,19,1007.1,26.5,92,7.4,40.0,18.2
2012,5,20,1005.6,27.0,91,49.6,50.0,15.2
2012,5,21,1007.6,25.9,81,0.05,100.0,41.5
2012,5,22,1008.5,25.6,74,0.05,100.0,40.8
2012,5,23,1007.6,25.7,78,0.0,90.0,38.1
2012,5,24,1006.7,26.1,83,0.05,80.0,31.2
2012,5,25,1006.3,27.9,83,0.05,70.0,29.8
2012,5,26,1006.6,26.9,90,28.4,80.0,29.7
2012,5,27,1007.4,26.9,90,5.8,90.0,27.7
2012,5,28,1008.6,25.5,95,10.5,150.0,25.0
2012,5,29,1009.8,25.5,87,0.1,,
2012,5,30,1007.8,26.7,85,0.05,,
2012,5,31,1007.8,27.0,83,0.05,,
2012,6,1,1008.0,26.1,75,0.0,,
2012,6,2,1006.3,26.6,82,8.6,,
2012,6,3,1005.3,26.0,88,0.05,,
2012,6,4,1004.8,27.0,82,0.05,160.0,12.5
2012,6,5,1004.2,28.2,79,0.0,150.0,9.7
2012,6,6,1004.0,28.3,82,0.0,100.0,14.1
2012,6,7,1004.2,28.5,82,0.05,90.0,16.3
2012,6,8,1004.5,29.5,81,0.0,210.0,11.9
2012,6,9,1003.5,29.1,82,1.5,230.0,23.5
2012,6,10,1001.1,29.0,87,26.8,240.0,37.6
2012,6,11,999.4,29.4,84,0.2,240.0,41.1
2012,6,12,999.7,28.9,83,2.8,240.0,24.7
2012,6,13,1001.0,26.3,93,22.5,80.0,17.4
2012,6,14,1001.2,27.4,80,0.05,150.0,15.0
2012,6,15,1000.5,28.0,83,0.05,90.0,25.7
2012,6,16,1000.3,26.1,93,60.3,60.0,32.9
2012,6,17,1001.3,26.7,93,24.6,110.0,32.0
2012,6,18,998.6,27.3,91,17.7,110.0,30.8
2012,6,19,995.0,28.2,85,1.4,50.0,32.1
2012,6,20,997.8,29.9,77,0.0,240.0,20.0
2012,6,21,1003.1,28.3,89,31.2,200.0,21.8
2012,6,22,1004.2,28.5,83,16.0,210.0,35.6
2012,6,23,1003.5,28.8,79,0.05,210.0,37.7
2012,6,24,1003.7,28.8,81,4.9,210.0,35.5
2012,6,25,1003.7,28.9,79,0.2,210.0,35.1
2012,6,26,1003.6,28.8,81,0.8,200.0,31.1
2012,6,27,1005.1,29.4,79,0.05,180.0,26.9
2012,6,28,1005.0,29.4,79,0.0,170.0,13.5
2012,6,29,1000.4,29.4,79,3.9,50.0,34.9
2012,6,30,1004.6,26.6,92,38.1,150.0,31.5
2012,7,1,1008.5,27.8,86,4.3,120.0,22.5
2012,7,2,1007.9,28.3,83,0.05,130.0,19.2
2012,7,3,1005.3,29.1,79,0.0,140.0,11.0
2012,7,4,1004.8,29.6,78,0.0,110.0,14.1
2012,7,5,1005.0,27.8,92,22.0,110.0,20.0
2012,7,6,1006.1,28.5,84,0.8,160.0,19.2
2012,7,7,1005.9,29.1,81,2.7,170.0,22.3
2012,7,8,1006.7,29.3,78,0.4,180.0,20.3
2012,7,9,1007.8,29.8,76,0.05,210.0,15.9
2012,7,10,1007.2,29.9,74,0.05,230.0,22.0
2012,7,11,1006.8,30.0,75,0.05,230.0,27.2
2012,7,12,1006.9,30.0,73,1.3,230.0,22.9
2012,7,13,1006.0,29.2,79,9.0,220.0,25.8
2012,7,14,1004.7,29.6,80,7.0,230.0,30.5
2012,7,15,1005.6,30.2,77,2.1,230.0,28.0
2012,7,16,1006.1,29.8,80,18.4,220.0,26.1
2012,7,17,1006.0,30.0,78,1.0,220.0,22.7
2012,7,18,1006.6,29.1,84,34.3,200.0,12.7
2012,7,19,1006.8,30.2,75,0.05,230.0,11.8
2012,7,20,1005.4,30.3,75,4.2,230.0,8.7
2012,7,21,1002.2,30.1,76,2.2,40.0,11.9
2012,7,22,998.7,28.9,79,1.0,50.0,39.5
2012,7,23,992.2,26.4,90,112.0,50.0,73.1
2012,7,24,996.5,26.9,91,99.5,140.0,62.1
2012,7,25,1005.4,25.7,95,82.3,140.0,29.4
2012,7,26,1006.6,25.5,97,28.1,120.0,18.0
2012,7,27,1005.0,25.8,96,25.7,140.0,15.5
2012,7,28,1005.2,27.7,86,0.05,160.0,8.5
2012,7,29,1004.4,28.9,78,0.0,40.0,7.9
2012,7,30,1001.2,29.4,74,0.0,240.0,14.7
2012,7,31,999.1,29.2,78,9.5,280.0,16.4
2012,8,1,997.2,30.6,73,0.2,280.0,14.7
2012,8,2,997.1,31.8,66,0.0,230.0,16.0
2012,8,3,998.4,31.0,68,0.05,250.0,14.0
2012,8,4,998.7,29.8,80,0.4,240.0,20.0
2012,8,5,1000.6,29.5,83,6.8,230.0,18.8
2012,8,6,1002.2,29.0,84,2.8,120.0,10.0
2012,8,7,1000.9,30.0,78,0.05,230.0,15.0
2012,8,8,999.9,30.5,77,0.0,270.0,20.7
2012,8,9,1000.9,30.5,74,0.0,240.0,26.7
2012,8,10,1003.0,29.6,77,7.7,230.0,26.4
2012,8,11,1004.2,27.6,86,64.7,230.0,20.8
2012,8,12,1003.3,27.7,87,12.4,210.0,17.1
2012,8,13,1003.3,27.8,88,9.5,230.0,11.0
2012,8,14,1004.8,28.4,85,1.9,110.0,10.4
2012,8,15,1003.9,30.0,77,0.0,360.0,5.3
2012,8,16,1001.5,28.6,84,15.4,70.0,36.2
2012,8,17,1004.7,28.2,85,0.05,130.0,37.8
2012,8,18,1008.6,29.4,81,0.1,170.0,16.0
2012,8,19,1008.1,29.2,78,0.0,230.0,10.2
2012,8,20,1006.3,29.5,76,0.0,210.0,11.7
2012,8,21,1006.4,29.1,79,0.05,230.0,11.5
2012,8,22,1006.3,28.0,81,5.1,280.0,10.6
2012,8,23,1006.0,28.9,75,0.0,340.0,6.1
2012,8,24,1005.0,29.9,70,0.0,10.0,13.3
2012,8,25,1003.6,30.1,64,0.05,360.0,16.3
2012,8,26,1001.3,30.5,60,0.0,10.0,26.8
2012,8,27,1001.4,30.8,59,0.0,280.0,16.3
2012,8,28,1004.3,31.0,74,0.0,230.0,21.5
2012,8,29,1007.2,29.4,76,2.4,230.0,18.9
2012,8,30,1007.2,30.1,77,0.05,220.0,14.0
2012,8,31,1007.6,28.5,85,20.4,120.0,12.5
2012,9,1,1007.9,27.5,90,11.1,110.0,26.0
2012,9,2,1008.3,28.4,82,6.7,110.0,23.2
2012,9,3,1008.4,29.4,76,0.05,110.0,16.6
2012,9,4,1010.3,27.9,85,7.6,100.0,26.7
2012,9,5,1012.6,28.2,82,0.5,80.0,28.4
2012,9,6,1013.1,29.0,82,2.3,80.0,31.4
2012,9,7,1013.3,28.6,86,4.7,120.0,19.8
2012,9,8,1012.1,28.8,81,8.0,30.0,5.8
2012,9,9,1010.9,29.5,78,0.05,120.0,7.7
2012,9,10,1010.3,29.3,77,0.0,180.0,8.8
2012,9,11,1009.9,29.9,75,0.05,120.0,14.5
2012,9,12,1009.1,29.8,77,0.05,120.0,13.0
2012,9,13,1008.5,29.0,75,0.7,120.0,13.3
2012,9,14,1009.3,26.9,65,0.0,20.0,33.6
2012,9,15,1010.3,26.5,65,0.05,20.0,23.8
2012,9,16,1010.8,27.0,63,0.0,20.0,13.3
2012,9,17,1011.3,27.0,54,0.0,10.0,15.7
2012,9,18,1010.1,27.4,59,0.0,30.0,10.1
2012,9,19,1011.0,26.9,73,0.0,100.0,18.1
2012,9,20,1011.6,27.2,80,1.8,100.0,33.3
2012,9,21,1010.7,27.7,81,1.2,90.0,34.9
2012,9,22,1009.1,28.0,88,23.0,110.0,18.2
2012,9,23,1007.3,28.5,84,0.9,160.0,5.9
2012,9,24,1007.4,27.7,88,121.5,110.0,13.7
2012,9,25,1009.9,26.8,84,22.6,90.0,36.2
2012,9,26,1010.7,27.0,81,0.4,100.0,18.0
2012,9,27,1009.6,28.2,64,0.05,30.0,13.8
2012,9,28,1009.3,28.2,58,0.0,20.0,29.8
2012,9,29,1011.3,27.5,60,0.0,20.0,23.0
2012,9,30,1013.4,26.0,65,0.05,30.0,22.7
2012,10,1,1013.8,26.0,73,0.05,90.0,34.1
2012,10,2,1013.3,26.2,72,0.0,80.0,29.7
2012,10,3,1010.8,26.1,74,0.0,90.0,20.3
2012,10,4,1010.4,26.0,76,0.0,90.0,20.8
2012,10,5,1013.4,26.6,69,0.1,110.0,31.8
2012,10,6,1015.3,26.9,73,0.05,100.0,28.8
2012,10,7,1015.6,26.6,69,0.05,100.0,30.0
2012,10,8,1014.1,26.5,72,0.0,110.0,23.8
2012,10,9,1013.0,26.2,73,0.0,90.0,14.9
2012,10,10,1012.8,26.3,63,0.0,20.0,18.1
2012,10,11,1012.9,25.8,64,0.0,110.0,16.8
2012,10,12,1012.9,25.3,71,0.0,100.0,15.5
2012,10,13,1012.5,25.3,74,0.0,100.0,12.9
2012,10,14,1013.6,25.7,77,0.0,160.0,11.2
2012,10,15,1015.1,26.3,74,0.0,110.0,14.0
2012,10,16,1014.7,26.2,74,0.05,110.0,13.7
2012,10,17,1014.1,26.5,69,0.0,20.0,25.4
2012,10,18,1016.4,24.6,69,0.0,20.0,28.9
2012,10,19,1017.5,24.6,73,0.05,90.0,33.2
2012,10,20,1017.3,24.9,75,0.05,100.0,26.3
2012,10,21,1017.4,25.0,72,0.0,100.0,23.6
2012,10,22,1015.9,25.7,73,0.0,130.0,13.1
2012,10,23,1014.6,26.3,73,0.05,110.0,16.2
2012,10,24,1015.0,25.6,74,0.0,90.0,30.9
2012,10,25,1014.7,25.8,75,0.0,90.0,27.7
2012,10,26,1014.1,25.1,77,0.7,60.0,35.7
2012,10,27,1014.7,26.1,78,0.8,80.0,37.2
2012,10,28,1015.9,26.2,77,0.0,90.0,37.9
2012,10,29,1014.2,25.3,81,0.4,90.0,45.7
2012,10,30,1012.5,23.2,95,33.3,80.0,40.5
2012,10,31,1015.9,19.8,79,11.1,20.0,38.6
2012,11,1,1016.9,21.1,62,0.0,20.0,28.0
2012,11,2,1015.8,22.6,72,0.0,90.0,27.5
2012,11,3,1015.3,23.6,77,0.05,70.0,31.4
2012,11,4,1014.6,24.2,66,0.0,30.0,17.6
2012,11,5,1015.5,24.1,70,0.0,90.0,24.0
2012,11,6,1016.7,23.7,67,0.0,100.0,26.8
2012,11,7,1015.6,23.2,76,0.0,90.0,36.8
2012,11,8,1013.3,23.7,84,1.9,100.0,28.1
2012,11,9,1012.8,24.9,88,0.05,120.0,16.6
2012,11,10,1013.2,25.5,88,0.0,60.0,10.2
2012,11,11,1016.9,22.5,71,0.3,20.0,29.8
2012,11,12,1018.1,22.2,74,0.0,50.0,20.8
2012,11,13,1016.3,23.1,76,0.0,20.0,10.6
2012,11,14,1015.9,23.4,77,0.0,80.0,24.5
2012,11,15,1017.5,23.1,80,0.05,80.0,43.3
2012,11,16,1017.0,23.1,81,0.05,80.0,39.0
2012,11,17,1016.2,20.4,79,3.0,20.0,28.0
2012,11,18,1016.7,20.1,85,0.1,70.0,27.4
2012,11,19,1016.8,22.0,77,0.0,80.0,29.0
2012,11,20,1016.2,22.1,80,0.3,80.0,37.0
2012,11,21,1013.1,22.6,93,3.0,100.0,25.7
2012,11,22,1011.1,25.1,88,0.4,50.0,8.5
2012,11,23,1013.5,22.4,83,17.7,20.0,27.9
2012,11,24,1017.4,19.5,82,0.05,20.0,30.3
2012,11,25,1015.5,21.1,97,11.5,60.0,29.5
2012,11,26,1015.8,19.3,89,0.6,20.0,22.9
2012,11,27,1017.7,16.5,95,19.5,20.0,35.6
2012,11,28,1014.8,19.3,94,1.1,60.0,27.6
2012,11,29,1014.5,20.3,94,2.6,40.0,19.3
2012,11,30,1013.3,20.9,95,1.9,50.0,23.9
2012,12,1,1015.0,20.8,92,0.3,70.0,32.1
2012,12,2,1015.6,18.1,87,3.2,20.0,21.8
2012,12,3,1017.3,17.1,91,10.9,20.0,22.3
2012,12,4,1016.3,17.3,88,8.7,60.0,33.3
2012,12,5,1017.6,16.2,86,6.5,20.0,36.0
2012,12,6,1018.2,16.9,72,0.0,70.0,34.4
2012,12,7,1017.8,18.4,78,0.05,60.0,26.6
2012,12,8,1016.3,18.8,79,0.9,60.0,28.5
2012,12,9,1016.1,19.0,77,0.0,90.0,33.8
2012,12,10,1016.8,18.3,74,0.0,80.0,39.1
2012,12,11,1018.2,18.7,75,0.0,70.0,29.4
2012,12,12,1020.7,17.9,74,0.0,60.0,37.4
2012,12,13,1020.0,18.9,77,0.0,70.0,38.3
2012,12,14,1018.6,21.0,81,0.0,50.0,20.8
2012,12,15,1015.4,22.3,88,0.0,40.0,10.0
2012,12,16,1015.2,23.5,87,0.0,50.0,7.9
2012,12,17,1016.5,21.7,85,0.0,70.0,34.8
2012,12,18,1020.3,17.1,79,2.3,20.0,38.1
2012,12,19,1020.0,15.1,79,1.1,50.0,40.0
2012,12,20,1017.4,17.8,86,0.0,70.0,43.8
2012,12,21,1016.2,20.7,89,0.05,70.0,23.3
2012,12,22,1019.0,18.4,74,0.0,20.0,25.0
2012,12,23,1025.0,13.3,54,0.0,20.0,46.1
2012,12,24,1023.6,13.3,68,0.0,60.0,27.7
2012,12,25,1020.3,17.0,73,0.0,50.0,24.3
2012,12,26,1018.8,18.7,75,0.05,80.0,46.8
2012,12,27,1017.0,18.6,79,0.05,20.0,33.5
2012,12,28,1015.9,19.7,75,0.05,60.0,19.3
2012,12,29,1016.3,18.0,84,22.1,70.0,37.3
2012,12,30,1022.0,10.4,57,0.05,20.0,52.3
2012,12,31,1022.6,10.2,47,0.0,20.0,25.8
2013,1,1,1020.6,13.9,54,0.0,30.0,18.0
2013,1,2,1019.4,16.8,64,0.0,60.0,23.6
2013,1,3,1022.9,16.8,72,0.0,50.0,29.2
2013,1,4,1021.0,12.9,72,0.0,20.0,23.3
2013,1,5,1018.5,14.3,72,0.0,20.0,19.3
2013,1,6,1019.1,15.1,71,0.0,20.0,15.2
2013,1,7,1018.3,15.2,71,0.0,10.0,15.0
2013,1,8,1017.5,17.5,65,0.0,20.0,11.3
2013,1,9,1019.5,16.2,63,0.0,20.0,23.5
2013,1,10,1021.0,14.7,65,0.0,20.0,25.2
2013,1,11,1020.7,16.3,73,0.0,70.0,21.1
2013,1,12,1018.7,16.4,69,0.05,30.0,12.3
2013,1,13,1015.5,16.8,69,0.0,10.0,10.1
2013,1,14,1019.1,15.7,66,0.0,20.0,22.5
2013,1,15,1021.3,15.9,74,0.0,70.0,30.3
2013,1,16,1021.2,17.4,71,0.0,50.0,17.3
2013,1,17,1024.4,16.9,67,0.0,70.0,29.5
2013,1,18,1026.8,14.6,69,0.0,90.0,25.9
2013,1,19,1023.4,15.0,70,0.0,70.0,28.7
2013,1,20,1020.6,17.8,75,0.0,60.0,25.0
2013,1,21,1019.6,20.4,76,0.0,50.0,20.6
2013,1,22,1019.1,21.3,78,0.05,40.0,13.6
2013,1,23,1019.3,18.1,86,0.0,70.0,18.6
2013,1,24,1018.4,18.9,78,0.0,50.0,13.3
2013,1,25,1019.2,18.1,74,0.0,60.0,16.6
2013,1,26,1018.9,17.7,80,2.8,70.0,22.3
2013,1,27,1022.0,16.4,85,0.6,40.0,18.7
2013,1,28,1022.4,16.2,66,0.0,80.0,35.0
2013,1,29,1021.9,17.8,68,0.05,60.0,22.0
2013,1,30,1022.6,18.1,74,0.0,50.0,25.8
2013,1,31,1021.7,18.6,66,0.0,60.0,23.8
2013,2,1,1020.1,20.7,73,0.0,20.0,14.5
2013,2,2,1019.8,21.1,74,0.0,50.0,20.5
2013,2,3,1018.9,18.9,82,0.05,80.0,31.9
2013,2,4,1018.5,21.2,85,0.05,50.0,11.6
2013,2,5,1017.5,22.1,88,0.05,50.0,16.6
2013,2,6,1015.9,21.3,87,0.05,50.0,17.0
2013,2,7,1014.3,19.1,87,0.05,70.0,31.0
2013,2,8,1019.3,16.4,86,0.2,80.0,42.8
2013,2,9,1022.6,14.1,73,0.05,30.0,22.5
2013,2,10,1020.6,15.9,79,0.05,40.0,18.7
2013,2,11,1020.0,17.2,80,0.05,90.0,32.0
2013,2,12,1020.0,19.0,73,0.05,20.0,17.1
2013,2,13,1020.0,17.4,71,0.05,20.0,21.0
2013,2,14,1017.3,18.5,77,0.05,60.0,19.4
2013,2,15,1016.9,20.8,77,0.5,70.0,14.2
2013,2,16,1019.1,17.3,82,0.1,80.0,37.2
2013,2,17,1015.6,18.2,79,0.0,60.0,22.1
2013,2,18,1013.1,21.1,84,0.0,40.0,8.4
2013,2,19,1014.5,20.9,86,0.05,40.0,14.5
2013,2,20,1019.9,17.3,78,0.05,80.0,34.0
2013,2,21,1020.4,17.7,79,0.05,80.0,27.1
2013,2,22,1021.5,19.1,73,0.0,80.0,18.0
2013,2,23,1023.1,18.0,72,0.0,80.0,29.8
2013,2,24,1020.9,18.0,73,0.05,70.0,33.2
2013,2,25,1018.9,19.6,71,0.0,50.0,24.6
2013,2,26,1016.2,21.3,82,0.2,50.0,18.4
2013,2,27,1014.0,22.7,83,0.05,30.0,6.6
2013,2,28,1013.8,19.0,91,0.5,50.0,26.9
2013,3,1,1014.2,20.1,91,0.1,40.0,19.1
2013,3,2,1020.4,17.9,88,0.8,30.0,30.2
2013,3,3,1023.7,15.3,65,0.0,20.0,24.8
2013,3,4,1023.4,16.7,54,0.0,20.0,19.8
2013,3,5,1023.2,18.5,48,0.0,70.0,29.1
2013,3,6,1021.2,19.3,61,0.0,60.0,19.5
2013,3,7,1019.8,20.4,63,0.0,40.0,9.8
2013,3,8,1016.8,21.5,49,0.0,250.0,9.7
2013,3,9,1014.9,21.5,65,0.0,250.0,4.4
2013,3,10,1014.7,21.5,69,0.0,30.0,7.5
2013,3,11,1016.7,20.3,78,0.05,80.0,24.3
2013,3,12,1015.8,20.4,79,0.2,60.0,22.4
2013,3,13,1014.5,22.8,80,0.05,30.0,9.8
2013,3,14,1019.2,19.9,82,0.05,90.0,33.8
2013,3,15,1021.3,19.2,76,0.0,80.0,27.9
2013,3,16,1019.4,20.0,78,0.0,60.0,21.4
2013,3,17,1013.7,21.2,86,0.0,40.0,13.7
2013,3,18,1010.6,23.6,84,0.0,240.0,8.5
2013,3,19,1010.8,24.3,88,18.2,190.0,14.8
2013,3,20,1012.1,25.1,81,0.05,200.0,11.2
2013,3,21,1013.8,20.8,90,0.8,60.0,24.4
2013,3,22,1013.3,21.5,86,0.0,60.0,16.5
2013,3,23,1011.5,23.3,83,0.0,210.0,8.3
2013,3,24,1010.4,23.4,88,1.1,200.0,5.3
2013,3,25,1012.0,21.2,91,0.9,100.0,31.1
2013,3,26,1011.4,19.0,97,13.6,60.0,31.7
2013,3,27,1013.1,20.0,90,1.5,50.0,16.0
2013,3,28,1012.5,19.7,94,31.4,60.0,23.6
2013,3,29,1013.2,20.3,92,2.7,30.0,20.0
2013,3,30,1013.1,18.7,95,58.2,80.0,39.8
2013,3,31,1014.5,19.7,94,1.0,70.0,26.6
2013,4,1,1015.4,20.1,84,0.1,60.0,26.0
2013,4,2,1014.0,21.1,93,13.3,40.0,16.9
2013,4,3,1012.0,19.1,91,9.2,70.0,35.2
2013,4,4,1007.8,19.3,96,0.5,60.0,24.0
2013,4,5,1003.0,23.3,95,34.7,240.0,21.5
2013,4,6,1008.0,20.4,77,36.8,20.0,35.8
2013,4,7,1013.0,17.4,66,0.0,20.0,29.8
2013,4,8,1013.0,18.8,77,0.05,70.0,32.8
2013,4,9,1014.3,19.4,95,25.1,40.0,23.9
2013,4,10,1017.2,18.4,93,14.1,40.0,25.0
2013,4,11,1017.7,17.3,89,13.8,80.0,32.3
2013,4,12,1019.4,17.2,87,2.1,60.0,25.8
2013,4,13,1017.0,19.9,64,0.0,90.0,19.3
2013,4,14,1013.6,21.6,69,0.0,10.0,12.5
2013,4,15,1010.9,22.9,79,0.0,60.0,10.5
2013,4,16,1008.9,22.8,89,0.4,40.0,6.4
2013,4,17,1008.1,24.8,94,15.6,210.0,14.0
2013,4,18,1008.5,25.5,91,8.2,220.0,13.8
2013,4,19,1009.0,25.2,93,8.9,230.0,14.7
2013,4,20,1011.0,22.7,92,12.2,40.0,17.3
2013,4,21,1014.1,22.0,88,0.3,90.0,31.6
2013,4,22,1015.5,19.8,89,1.0,80.0,38.1
2013,4,23,1014.5,22.1,89,0.5,60.0,21.9
2013,4,24,1012.7,25.0,83,0.0,40.0,7.7
2013,4,25,1011.1,26.0,85,30.3,220.0,10.2
2013,4,26,1013.0,22.1,84,2.9,80.0,32.8
2013,4,27,1012.8,21.5,77,0.05,70.0,35.7
2013,4,28,1012.8,22.1,89,0.05,70.0,28.5
2013,4,29,1012.0,23.7,93,0.05,90.0,22.4
2013,4,30,1009.0,24.4,89,23.8,220.0,20.4
2013,5,1,1009.5,21.8,86,1.2,100.0,30.4
2013,5,2,1010.6,19.3,73,0.9,60.0,44.5
2013,5,3,1011.1,19.7,85,33.8,60.0,35.5
2013,5,4,1013.7,20.8,83,0.05,60.0,26.9
2013,5,5,1014.5,22.1,87,0.05,60.0,20.4
2013,5,6,1013.2,22.4,91,0.05,70.0,23.6
2013,5,7,1012.1,23.3,89,0.05,70.0,22.1
2013,5,8,1011.1,22.9,93,29.7,70.0,30.0
2013,5,9,1010.0,25.2,91,31.3,90.0,12.8
2013,5,10,1008.2,25.0,91,23.4,70.0,8.1
2013,5,11,1006.6,25.6,84,0.1,240.0,9.4
2013,5,12,1007.8,24.7,92,1.4,40.0,12.8
2013,5,13,1007.6,26.0,88,0.2,50.0,12.6
2013,5,14,1006.5,26.2,91,0.05,130.0,17.0
2013,5,15,1005.2,28.4,85,0.05,200.0,25.7
2013,5,16,1005.5,27.6,86,5.4,230.0,25.6
2013,5,17,1007.7,25.9,94,13.9,40.0,7.3
2013,5,18,1006.8,28.3,88,21.0,230.0,18.3
2013,5,19,1005.4,29.2,84,0.1,240.0,28.0
2013,5,20,1004.8,29.0,82,26.0,230.0,25.7
2013,5,21,1005.5,25.7,91,26.3,60.0,11.3
2013,5,22,1006.1,24.8,95,230.8,210.0,15.2
2013,5,23,1009.0,26.5,87,0.05,240.0,6.6
2013,5,24,1009.6,27.8,81,0.05,160.0,9.9
2013,5,25,1009.7,25.7,96,52.0,140.0,17.1
2013,5,26,1007.6,27.8,87,11.3,220.0,26.6
2013,5,27,1006.9,28.8,82,0.1,240.0,26.9
2013,5,28,1008.9,29.2,83,0.05,230.0,18.2
2013,5,29,1010.9,29.1,81,0.4,210.0,11.7
2013,5,30,1010.7,29.3,78,0.0,240.0,7.2
2013,5,31,1009.4,29.5,75,0.0,240.0,12.8
2013,6,1,1007.7,29.6,76,0.0,240.0,20.0
2013,6,2,1006.4,29.8,75,0.05,250.0,25.2
2013,6,3,1007.0,29.8,77,0.0,240.0,20.2
2013,6,4,1010.0,28.0,87,20.2,70.0,11.5
2013,6,5,1011.1,26.8,89,2.4,30.0,9.3
2013,6,6,1010.0,27.1,90,13.6,70.0,10.0
2013,6,7,1006.8,29.2,78,0.2,210.0,15.8
2013,6,8,1003.6,29.3,80,10.6,230.0,22.6
2013,6,9,1002.2,29.1,86,15.7,240.0,23.4
2013,6,10,1002.3,28.6,84,12.6,230.0,15.3
2013,6,11,1004.1,24.0,95,168.9,20.0,21.7
2013,6,12,1005.5,24.4,82,1.1,30.0,23.9
2013,6,13,1004.8,25.0,86,1.4,40.0,26.7
2013,6,14,1003.5,24.9,94,30.8,70.0,52.4
2013,6,15,1004.7,25.6,98,62.0,110.0,26.6
2013,6,16,1006.0,26.8,96,5.4,100.0,29.3
2013,6,17,1004.2,27.5,94,6.5,110.0,23.3
2013,6,18,1002.1,28.8,85,0.05,140.0,11.5
2013,6,19,1001.6,29.7,76,0.0,230.0,11.3
2013,6,20,1002.5,30.1,76,0.0,170.0,11.8
2013,6,21,1002.9,29.6,80,0.8,90.0,32.4
2013,6,22,1003.1,27.5,90,15.2,110.0,30.0
2013,6,23,1004.3,27.6,88,12.1,190.0,24.7
2013,6,24,1006.1,27.4,88,57.0,200.0,28.6
2013,6,25,1006.6,29.3,81,0.7,230.0,42.6
2013,6,26,1006.8,29.7,78,0.05,230.0,32.1
2013,6,27,1006.3,29.8,77,1.2,230.0,29.1
2013,6,28,1005.8,29.8,76,0.2,220.0,28.6
2013,6,29,1007.5,29.8,79,0.05,200.0,23.5
2013,6,30,1008.2,29.8,77,0.0,110.0,17.2
2013,7,1,1005.7,28.2,86,29.5,120.0,36.8
2013,7,2,1007.9,29.4,77,0.0,160.0,31.2
2013,7,3,1009.4,29.7,78,0.05,170.0,17.3
2013,7,4,1008.0,29.5,76,0.05,200.0,11.0
2013,7,5,1007.5,29.8,71,0.0,220.0,12.8
2013,7,6,1008.4,28.5,81,4.6,210.0,20.5
2013,7,7,1010.0,27.3,85,40.7,210.0,24.8
2013,7,8,1010.8,28.8,77,0.3,200.0,16.6
2013,7,9,1009.0,29.0,78,0.05,150.0,9.5
2013,7,10,1007.8,27.5,85,14.2,140.0,9.2
2013,7,11,1008.3,28.8,80,0.3,160.0,7.8
2013,7,12,1005.2,29.7,76,0.0,270.0,17.1
2013,7,13,1001.0,30.1,78,0.0,280.0,32.2
2013,7,14,1005.1,29.3,81,41.4,240.0,28.3
2013,7,15,1008.5,26.0,96,44.9,60.0,11.3
2013,7,16,1008.4,25.9,94,7.0,120.0,10.9
2013,7,17,1006.9,26.2,94,29.5,110.0,20.7
2013,7,18,1004.8,27.3,84,0.5,30.0,13.8
2013,7,19,1005.9,26.8,92,23.0,60.0,27.6
2013,7,20,1007.4,27.3,92,3.5,140.0,23.7
2013,7,21,1007.3,27.4,89,0.4,90.0,24.0
2013,7,22,1008.1,27.8,90,8.2,110.0,22.3
2013,7,23,1008.5,27.4,92,12.3,100.0,21.2
2013,7,24,1006.9,26.0,95,26.8,120.0,22.3
2013,7,25,1004.3,25.7,97,57.7,170.0,25.5
2013,7,26,1004.8,26.2,92,65.4,200.0,31.5
2013,7,27,1006.4,27.0,89,14.8,180.0,26.3
2013,7,28,1008.4,27.7,87,10.8,150.0,21.0
2013,7,29,1008.5,28.0,86,0.0,130.0,9.6
2013,7,30,1006.3,29.1,78,0.0,110.0,12.6
2013,7,31,1004.7,29.4,81,0.5,90.0,29.7
2013,8,1,1003.8,28.3,84,4.5,90.0,35.0
2013,8,2,1004.5,26.5,93,72.4,130.0,36.4
2013,8,3,1009.9,28.2,88,13.3,150.0,31.4
2013,8,4,1011.7,29.2,79,0.05,150.0,9.6
2013,8,5,1009.4,29.4,73,0.0,220.0,7.8
2013,8,6,1009.0,29.5,78,0.0,120.0,10.5
2013,8,7,1010.3,29.2,82,0.5,140.0,18.1
2013,8,8,1010.8,29.4,78,1.3,170.0,14.2
2013,8,9,1008.9,29.6,76,0.0,250.0,19.5
2013,8,10,1008.4,30.0,80,0.0,290.0,14.7
2013,8,11,1008.8,29.8,77,0.0,110.0,15.9
2013,8,12,1006.5,30.6,71,0.05,50.0,13.5
2013,8,13,1002.2,27.5,86,48.4,70.0,54.3
2013,8,14,999.3,26.6,92,59.4,150.0,55.0
2013,8,15,1002.9,28.2,83,0.7,200.0,46.4
2013,8,16,1000.7,28.0,87,5.3,200.0,38.1
2013,8,17,999.6,28.2,86,35.6,210.0,33.3
2013,8,18,1001.4,28.4,86,3.7,200.0,24.7
2013,8,19,1001.6,27.5,92,30.6,190.0,12.5
2013,8,20,1000.7,28.9,82,0.05,230.0,7.5
2013,8,21,998.4,29.2,81,0.2,300.0,11.8
2013,8,22,996.2,29.2,82,20.1,280.0,35.7
2013,8,23,999.4,28.6,84,26.0,230.0,42.1
2013,8,24,1003.8,28.0,87,51.6,200.0,30.3
2013,8,25,1007.1,27.7,91,7.3,130.0,16.1
2013,8,26,1006.8,28.8,82,0.0,60.0,8.9
2013,8,27,1006.2,29.3,79,0.0,10.0,7.2
2013,8,28,1005.2,29.7,75,0.0,210.0,9.7
2013,8,29,1004.1,29.6,77,0.0,230.0,9.2
2013,8,30,1005.9,27.3,87,29.5,250.0,22.8
2013,8,31,1008.4,26.4,90,35.0,30.0,12.5
2013,9,1,1010.1,27.2,81,1.0,230.0,11.8
2013,9,2,1010.4,27.5,84,40.6,190.0,10.1
2013,9,3,1008.8,26.0,93,5.0,30.0,6.9
2013,9,4,1009.2,25.0,96,88.9,90.0,22.1
2013,9,5,1011.1,24.1,98,197.7,90.0,28.0
2013,9,6,1013.2,26.3,86,0.3,80.0,27.3
2013,9,7,1013.6,27.5,80,0.0,70.0,21.2
2013,9,8,1013.9,28.0,78,0.0,70.0,24.1
2013,9,9,1012.6,28.2,78,0.0,70.0,27.0
2013,9,10,1010.6,28.6,81,0.0,70.0,22.6
2013,9,11,1011.1,28.4,83,0.0,70.0,22.0
2013,9,12,1011.5,28.5,81,0.0,80.0,23.2
2013,9,13,1009.7,27.8,82,0.2,60.0,21.1
2013,9,14,1006.8,28.0,81,0.0,110.0,15.3
2013,9,15,1006.0,28.2,83,15.2,110.0,9.5
2013,9,16,1007.5,28.1,79,0.8,100.0,39.5
2013,9,17,1008.0,27.8,72,0.0,90.0,49.3
2013,9,18,1008.3,27.7,76,0.05,90.0,46.7
2013,9,19,1007.9,28.5,77,0.0,100.0,30.4
2013,9,20,1005.9,29.2,78,0.0,280.0,15.8
2013,9,21,999.9,31.2,60,0.0,20.0,24.9
2013,9,22,993.0,28.0,78,30.6,10.0,45.1
2013,9,23,998.9,27.9,88,56.9,200.0,43.3
2013,9,24,1006.7,28.1,86,1.3,100.0,30.1
2013,9,25,1010.0,28.2,79,0.05,90.0,31.0
2013,9,26,1012.3,27.5,77,0.1,70.0,34.1
2013,9,27,1011.7,26.5,77,0.1,90.0,29.6
2013,9,28,1008.8,26.5,81,2.6,50.0,31.0
2013,9,29,1008.0,25.7,82,2.9,50.0,32.5
2013,9,30,1010.1,25.3,92,10.0,80.0,45.5
2013,10,1,1012.7,27.2,82,0.0,90.0,28.8
2013,10,2,1012.6,27.8,69,0.0,40.0,11.0
2013,10,3,1013.0,26.7,68,0.0,100.0,16.2
2013,10,4,1011.9,26.2,72,0.0,120.0,11.2
2013,10,5,1010.5,26.3,63,0.0,30.0,10.6
2013,10,6,1008.7,27.7,47,0.0,20.0,22.9
2013,10,7,1006.0,28.3,55,0.0,20.0,24.2
2013,10,8,1008.1,26.8,65,0.0,20.0,21.7
2013,10,9,1010.8,27.2,75,0.05,30.0,21.8
2013,10,10,1012.8,27.0,82,2.8,80.0,20.7
2013,10,11,1011.8,27.8,77,0.0,70.0,10.8
2013,10,12,1011.0,27.6,68,0.05,100.0,26.3
2013,10,13,1011.0,27.2,67,0.0,90.0,41.6
2013,10,14,1011.5,26.1,76,0.05,80.0,39.8
2013,10,15,1013.5,26.9,75,0.0,100.0,25.7
2013,10,16,1017.2,25.8,71,0.05,100.0,40.1
2013,10,17,1018.9,24.5,74,0.05,90.0,39.5
2013,10,18,1018.4,25.2,68,0.05,80.0,29.5
2013,10,19,1017.8,25.2,67,0.0,40.0,17.1
2013,10,20,1016.0,25.4,69,0.0,110.0,15.6
2013,10,21,1015.2,24.8,73,0.1,40.0,16.3
2013,10,22,1015.6,25.1,63,0.0,30.0,14.1
2013,10,23,1014.5,24.6,49,0.0,20.0,19.3
2013,10,24,1013.1,24.4,41,0.0,30.0,25.3
2013,10,25,1015.4,23.8,39,0.0,30.0,31.6
2013,10,26,1018.3,22.0,50,0.0,30.0,24.1
2013,10,27,1018.7,22.0,67,0.0,90.0,28.5
2013,10,28,1018.7,22.8,70,0.0,80.0,28.8
2013,10,29,1018.6,23.7,72,0.0,80.0,24.0
2013,10,30,1017.2,24.2,73,0.0,80.0,23.8
2013,10,31,1016.7,24.8,73,0.05,70.0,20.9
2013,11,1,1014.0,25.5,65,0.0,30.0,17.0
2013,11,2,1011.5,26.2,65,0.05,30.0,32.5
2013,11,3,1012.8,25.6,71,0.4,40.0,39.8
2013,11,4,1017.6,22.7,87,12.2,50.0,29.4
2013,11,5,1019.0,22.6,88,3.6,80.0,36.2
2013,11,6,1018.3,24.2,81,0.05,80.0,18.7
2013,11,7,1017.6,24.1,80,0.0,90.0,30.3
2013,11,8,1016.4,24.2,76,0.05,70.0,30.8
2013,11,9,1014.6,25.5,74,0.05,70.0,39.9
2013,11,10,1014.7,25.4,84,7.6,80.0,41.0
2013,11,11,1014.0,24.1,85,0.05,90.0,49.3
2013,11,12,1013.2,21.9,95,33.4,100.0,48.0
2013,11,13,1014.2,20.7,91,3.9,30.0,30.8
2013,11,14,1017.3,21.0,79,0.05,30.0,23.3
2013,11,15,1018.4,21.5,72,0.0,30.0,23.8
2013,11,16,1018.2,21.7,68,0.0,30.0,14.4
2013,11,17,1018.6,21.3,58,0.0,30.0,19.7
2013,11,18,1020.6,20.7,53,0.0,80.0,24.3
2013,11,19,1021.1,20.2,64,0.0,80.0,29.1
2013,11,20,1019.5,20.1,71,0.05,80.0,35.2
2013,11,21,1018.5,20.5,66,0.5,70.0,31.2
2013,11,22,1018.7,21.0,78,0.7,80.0,37.7
2013,11,23,1017.3,21.7,76,0.05,80.0,35.6
2013,11,24,1014.3,22.7,82,15.2,60.0,20.6
2013,11,25,1015.0,19.5,54,0.0,30.0,28.0
2013,11,26,1016.9,19.6,71,0.0,70.0,29.8
2013,11,27,1018.1,20.1,78,0.5,70.0,30.3
2013,11,28,1023.5,15.6,68,5.1,30.0,40.1
2013,11,29,1024.2,15.0,40,0.0,30.0,28.6
2013,11,30,1021.8,16.0,54,0.0,30.0,19.4
2013,12,1,1021.8,17.1,50,0.0,30.0,18.6
2013,12,2,1020.4,17.7,52,0.0,30.0,21.6
2013,12,3,1019.2,18.9,66,0.0,60.0,24.8
2013,12,4,1018.2,19.2,52,0.0,30.0,15.1
2013,12,5,1017.9,18.3,50,0.0,30.0,18.3
2013,12,6,1016.9,18.3,47,0.0,30.0,19.1
2013,12,7,1017.4,19.3,65,0.0,40.0,18.3
2013,12,8,1015.2,20.0,74,0.05,60.0,23.8
2013,12,9,1013.6,22.0,61,0.0,30.0,17.8
2013,12,10,1014.5,20.1,66,0.0,30.0,29.3
2013,12,11,1017.0,19.2,66,0.0,60.0,26.4
2013,12,12,1017.2,18.0,65,0.05,60.0,33.5
2013,12,13,1017.9,19.2,75,0.05,40.0,20.4
2013,12,14,1018.8,18.8,84,13.0,60.0,35.5
2013,12,15,1016.7,17.0,98,22.7,50.0,38.0
2013,12,16,1015.0,13.6,96,24.8,20.0,39.7
2013,12,17,1016.4,12.3,94,27.8,20.0,26.7
2013,12,18,1019.8,10.9,71,0.0,20.0,41.1
2013,12,19,1022.0,12.0,65,0.0,20.0,32.0
2013,12,20,1022.9,13.9,64,0.0,40.0,23.0
2013,12,21,1024.1,14.4,62,0.0,30.0,24.8
2013,12,22,1024.3,13.5,62,0.0,30.0,21.9
2013,12,23,1022.5,14.6,58,0.0,30.0,20.2
2013,12,24,1023.1,14.8,60,0.0,20.0,22.0
2013,12,25,1021.5,15.3,57,0.0,20.0,17.3
2013,12,26,1021.1,14.8,45,0.0,20.0,34.9
2013,12,27,1023.5,13.0,43,0.0,30.0,36.7
2013,12,28,1022.9,12.0,47,0.0,30.0,22.6
2013,12,29,1023.0,12.1,51,0.0,30.0,21.9
2013,12,30,1022.5,13.8,50,0.0,30.0,9.5
2013,12,31,1021.1,15.3,49,0.0,20.0,9.1
2014,1,1,1019.3,15.7,54,0.0,40.0,13.0
2014,1,2,1016.8,16.8,73,0.0,40.0,16.1
2014,1,3,1015.7,19.8,65,0.0,20.0,10.6
2014,1,4,1017.8,18.8,51,0.0,20.0,24.0
2014,1,5,1018.8,16.3,60,0.0,70.0,24.3
2014,1,6,1018.0,16.5,72,0.0,70.0,33.8
2014,1,7,1016.8,17.8,81,0.05,60.0,28.6
2014,1,8,1017.9,18.8,84,0.05,30.0,17.4
2014,1,9,1022.9,15.5,68,0.0,30.0,25.5
2014,1,10,1024.3,15.3,76,0.05,80.0,38.1
2014,1,11,1023.7,16.2,78,0.0,70.0,29.1
2014,1,12,1023.3,17.5,73,0.0,30.0,23.8
2014,1,13,1023.6,13.9,67,0.0,30.0,28.1
2014,1,14,1023.6,13.2,65,0.0,30.0,26.2
2014,1,15,1025.6,13.2,62,0.0,30.0,28.5
2014,1,16,1024.3,13.9,68,0.0,60.0,30.3
2014,1,17,1023.3,15.5,75,0.0,60.0,14.7
2014,1,18,1026.1,16.2,48,0.0,30.0,23.0
2014,1,19,1026.0,14.6,69,0.0,70.0,30.3
2014,1,20,1023.7,16.4,51,0.0,30.0,18.8
2014,1,21,1024.5,14.9,33,0.0,30.0,31.5
2014,1,22,1025.2,13.3,43,0.0,30.0,18.6
2014,1,23,1023.2,13.3,70,0.0,80.0,26.9
2014,1,24,1018.8,15.6,78,0.0,60.0,28.0
2014,1,25,1017.7,18.4,78,0.0,50.0,20.8
2014,1,26,1019.4,19.0,76,0.0,30.0,19.9
2014,1,27,1021.3,16.4,74,0.0,90.0,28.8
2014,1,28,1020.4,17.0,75,0.0,70.0,20.1
2014,1,29,1019.9,17.8,72,0.0,50.0,15.4
2014,1,30,1019.3,18.9,75,0.0,40.0,7.3
2014,1,31,1018.4,19.4,77,0.0,60.0,9.9
2014,2,1,1015.4,20.0,83,0.0,50.0,10.8
2014,2,2,1011.6,20.2,76,0.0,20.0,10.0
2014,2,3,1010.0,20.6,71,0.0,280.0,9.4
2014,2,4,1013.3,18.2,82,0.05,100.0,40.3
2014,2,5,1013.9,17.1,82,0.05,80.0,35.6
2014,2,6,1012.1,18.6,87,0.05,50.0,16.0
2014,2,7,1010.9,20.3,87,0.05,50.0,10.5
2014,2,8,1011.4,16.6,90,0.3,40.0,22.5
2014,2,9,1012.3,14.5,95,13.1,30.0,36.7
2014,2,10,1019.1,9.1,77,0.3,30.0,39.2
2014,2,11,1019.9,8.4,69,0.05,30.0,28.1
2014,2,12,1018.8,8.9,85,0.4,30.0,24.2
2014,2,13,1021.3,8.7,91,21.4,20.0,30.2
2014,2,14,1022.1,10.6,67,0.0,30.0,25.3
2014,2,15,1020.4,11.8,79,0.05,60.0,32.2
2014,2,16,1018.6,14.2,89,0.05,60.0,33.0
2014,2,17,1018.1,17.6,95,0.0,50.0,18.5
2014,2,18,1016.4,17.0,90,0.05,20.0,16.3
2014,2,19,1021.5,10.0,75,3.8,20.0,39.7
2014,2,20,1024.8,12.3,62,0.0,70.0,22.1
2014,2,21,1024.5,13.8,75,0.0,80.0,41.2
2014,2,22,1023.0,14.7,77,0.2,70.0,40.3
2014,2,23,1022.7,16.2,78,0.0,70.0,34.6
2014,2,24,1020.6,17.0,82,0.05,70.0,34.8
2014,2,25,1018.6,18.7,85,0.0,50.0,24.7
2014,2,26,1018.0,20.2,87,0.05,50.0,13.5
2014,2,27,1018.9,19.6,89,0.05,50.0,25.8
2014,2,28,1017.0,18.3,87,0.05,60.0,28.7
2014,3,1,1014.6,20.0,89,0.0,50.0,13.8
2014,3,2,1014.6,19.0,91,0.6,80.0,21.8
2014,3,3,1017.0,15.8,87,0.05,70.0,42.3
2014,3,4,1017.5,16.8,91,0.1,50.0,22.4
2014,3,5,1018.7,16.7,86,0.1,70.0,30.0
2014,3,6,1018.2,15.3,88,0.05,70.0,43.2
2014,3,7,1020.3,14.6,88,0.1,80.0,46.3
2014,3,8,1018.8,15.1,94,0.9,60.0,29.2
2014,3,9,1020.9,14.8,87,0.05,40.0,24.2
2014,3,10,1022.1,14.4,81,0.05,70.0,45.5
2014,3,11,1020.2,15.0,86,0.3,60.0,39.4
2014,3,12,1014.7,17.7,96,0.1,40.0,14.7
2014,3,13,1016.2,20.2,77,0.3,30.0,19.8
2014,3,14,1022.2,17.1,73,0.4,60.0,31.3
2014,3,15,1022.1,16.0,67,0.05,60.0,29.2
2014,3,16,1021.0,18.1,70,0.0,50.0,24.9
2014,3,17,1018.9,20.4,88,0.05,50.0,18.2
2014,3,18,1016.0,21.9,89,0.0,50.0,12.8
2014,3,19,1013.6,22.7,86,0.0,40.0,6.8
2014,3,20,1014.2,21.5,81,0.0,40.0,14.3
2014,3,21,1020.4,16.5,69,0.05,30.0,26.7
2014,3,22,1021.0,17.3,67,0.0,70.0,32.9
2014,3,23,1022.0,18.4,70,0.0,70.0,33.1
2014,3,24,1019.4,19.5,72,0.0,60.0,25.0
2014,3,25,1015.5,21.9,73,0.0,40.0,14.4
2014,3,26,1013.9,22.6,82,0.05,40.0,7.4
2014,3,27,1012.7,23.5,82,0.0,160.0,11.5
2014,3,28,1012.1,22.2,92,0.05,50.0,18.5
2014,3,29,1011.4,21.8,94,19.0,40.0,9.5
2014,3,30,1010.4,22.6,91,103.1,100.0,20.8
2014,3,31,1009.7,20.0,98,82.6,100.0,18.9
2014,4,1,1010.9,20.2,98,8.0,60.0,21.2
2014,4,2,1011.9,19.4,97,24.4,80.0,25.8
2014,4,3,1013.5,19.6,97,42.3,40.0,16.6
2014,4,4,1016.5,20.6,82,0.0,90.0,27.0
2014,4,5,1016.5,20.8,73,0.0,80.0,20.4
2014,4,6,1017.0,19.2,89,9.3,70.0,41.0
2014,4,7,1016.4,19.2,86,0.05,80.0,38.2
2014,4,8,1014.6,19.9,95,27.5,50.0,20.8
2014,4,9,1014.1,22.3,89,0.05,60.0,13.7
2014,4,10,1015.2,22.1,85,0.05,80.0,24.3
2014,4,11,1013.7,22.7,85,0.05,70.0,19.8
2014,4,12,1012.3,24.1,82,0.0,40.0,10.8
2014,4,13,1012.1,24.7,84,0.0,270.0,9.6
2014,4,14,1014.7,22.8,84,0.4,100.0,27.6
2014,4,15,1015.9,21.9,78,0.0,90.0,33.1
2014,4,16,1013.3,22.1,84,0.0,60.0,23.1
2014,4,17,1012.0,24.1,86,0.0,30.0,10.1
2014,4,18,1012.2,24.9,84,0.0,140.0,5.2
2014,4,19,1011.7,25.0,85,0.0,60.0,7.2
2014,4,20,1011.1,25.4,82,0.0,220.0,4.6
2014,4,21,1012.6,23.8,91,0.6,60.0,21.2
2014,4,22,1012.6,24.8,86,0.05,50.0,8.0
2014,4,23,1012.3,22.4,96,13.3,100.0,32.1
2014,4,24,1011.7,21.7,95,1.5,90.0,34.2
2014,4,25,1012.2,22.6,95,1.7,80.0,23.8
2014,4,26,1012.9,23.1,90,2.7,70.0,21.1
2014,4,27,1013.3,25.5,73,0.0,20.0,12.3
2014,4,28,1013.5,25.4,68,0.0,20.0,18.9
2014,4,29,1013.1,23.9,81,0.0,100.0,22.3
2014,4,30,1011.7,23.3,85,0.7,60.0,22.6
2014,5,1,1012.6,22.8,87,2.8,60.0,31.5
2014,5,2,1015.0,24.0,81,0.05,70.0,31.6
2014,5,3,1014.5,24.6,76,0.2,90.0,36.9
2014,5,4,1012.0,22.4,95,7.3,90.0,32.3
2014,5,5,1014.3,21.8,91,26.6,80.0,30.7
2014,5,6,1016.4,19.9,89,1.0,80.0,35.0
2014,5,7,1013.6,20.4,94,3.2,70.0,28.0
2014,5,8,1010.7,22.2,97,106.3,60.0,23.5
2014,5,9,1009.1,21.7,99,89.1,,
2014,5,10,1008.2,23.3,95,12.5,,
2014,5,11,1007.7,24.3,95,164.5,,
2014,5,12,1008.5,25.8,92,40.9,180.0,10.6
2014,5,13,1007.0,27.3,89,57.5,210.0,20.6
2014,5,14,1005.2,28.7,82,2.0,230.0,28.5
2014,5,15,1005.1,28.9,83,2.8,240.0,25.7
2014,5,16,1007.6,28.2,90,18.8,190.0,25.0
2014,5,17,1008.8,28.3,88,10.7,190.0,25.0
2014,5,18,1008.9,28.7,82,1.2,230.0,20.3
2014,5,19,1008.9,28.9,81,0.7,230.0,23.5
2014,5,20,1007.8,26.9,88,53.2,240.0,21.8
2014,5,21,1006.9,27.1,88,47.1,210.0,18.6
2014,5,22,1005.7,29.1,80,0.05,220.0,30.9
2014,5,23,1008.6,27.4,90,33.1,210.0,24.0
2014,5,24,1011.4,27.9,87,0.0,50.0,14.8
2014,5,25,1011.5,29.5,78,3.6,230.0,15.8
2014,5,26,1010.0,29.6,78,0.05,250.0,20.4
2014,5,27,1007.9,29.7,78,0.0,250.0,23.8
2014,5,28,1007.4,29.4,77,0.0,250.0,23.7
2014,5,29,1007.0,29.4,79,0.05,240.0,22.5
2014,5,30,1007.4,29.8,76,2.2,230.0,17.0
2014,5,31,1008.0,30.1,76,0.05,230.0,8.5
2014,6,1,1007.5,30.2,77,3.7,240.0,21.0
2014,6,2,1005.5,30.1,74,0.0,250.0,27.3
2014,6,3,1004.2,29.5,79,0.05,250.0,19.6
2014,6,4,1004.3,30.2,75,0.0,240.0,10.3
2014,6,5,1003.6,29.9,79,0.2,230.0,16.3
2014,6,6,1003.1,28.0,81,17.2,240.0,10.1
2014,6,7,1002.3,27.2,84,7.6,10.0,4.5
2014,6,8,1001.2,28.6,82,57.6,230.0,7.1
2014,6,9,1001.8,27.8,81,0.05,110.0,26.0
2014,6,10,1001.7,28.4,79,0.05,100.0,21.4
2014,6,11,1001.9,28.1,78,0.05,110.0,28.1
2014,6,12,1002.1,28.8,68,0.0,90.0,30.8
2014,6,13,1002.6,28.8,58,0.0,60.0,32.1
2014,6,14,1003.1,29.8,59,0.05,30.0,19.6
2014,6,15,1001.9,28.2,80,9.9,250.0,16.7
2014,6,16,1002.5,29.6,81,3.8,230.0,28.8
2014,6,17,1004.7,30.2,79,1.1,230.0,25.2
2014,6,18,1004.6,30.1,79,6.0,230.0,22.9
2014,6,19,1003.4,29.7,83,10.5,210.0,19.9
2014,6,20,1002.7,29.2,85,29.2,210.0,26.0
2014,6,21,1003.2,28.4,88,47.6,200.0,21.6
2014,6,22,1004.1,26.6,94,114.9,200.0,8.5
2014,6,23,1004.1,27.8,89,41.5,180.0,13.7
2014,6,24,1004.3,27.8,91,45.9,190.0,13.6
2014,6,25,1005.7,27.6,92,18.5,190.0,16.3
2014,6,26,1006.5,30.3,78,0.1,220.0,14.7
2014,6,27,1005.6,30.5,78,0.0,190.0,11.0
2014,6,28,1004.3,30.3,78,0.0,160.0,8.5
2014,6,29,1005.0,29.3,84,20.4,110.0,17.9
2014,6,30,1007.4,29.3,85,0.9,150.0,25.5
2014,7,1,1008.8,28.7,88,13.9,170.0,20.7
2014,7,2,1007.0,30.1,81,0.05,200.0,13.4
2014,7,3,1004.4,30.5,77,0.1,230.0,18.0
2014,7,4,1004.0,30.9,76,0.0,220.0,15.6
2014,7,5,1004.5,30.9,76,1.5,220.0,15.1
2014,7,6,1004.1,30.4,79,14.8,230.0,14.4
2014,7,7,1001.9,29.0,84,5.5,230.0,8.9
2014,7,8,1000.3,30.5,78,0.0,280.0,9.1
2014,7,9,1002.3,30.8,76,0.05,170.0,10.1
2014,7,10,1003.9,30.1,80,16.9,210.0,12.0
2014,7,11,1005.2,29.4,82,23.3,210.0,11.5
2014,7,12,1006.7,30.3,81,5.8,190.0,25.3
2014,7,13,1008.5,30.0,80,2.9,210.0,17.4
2014,7,14,1009.6,29.9,80,22.6,220.0,16.3
2014,7,15,1009.8,30.6,75,0.2,210.0,15.4
2014,7,16,1007.9,30.2,76,0.05,50.0,11.1
2014,7,17,1004.7,29.2,81,34.5,70.0,41.6
2014,7,18,1003.9,27.6,88,19.5,130.0,49.3
2014,7,19,1007.3,28.7,86,6.5,150.0,27.6
2014,7,20,1008.1,28.9,85,11.1,120.0,12.0
2014,7,21,1005.5,29.7,75,0.0,30.0,5.0
2014,7,22,1002.6,29.4,79,35.7,270.0,16.4
2014,7,23,999.7,30.6,79,0.0,270.0,39.7
2014,7,24,1001.4,29.8,83,7.3,240.0,37.3
2014,7,25,1005.7,29.9,77,6.2,230.0,17.6
2014,7,26,1008.8,28.4,87,6.7,160.0,19.1
2014,7,27,1008.8,27.9,90,25.5,130.0,17.9
2014,7,28,1006.3,29.6,77,0.0,70.0,10.6
2014,7,29,1005.3,30.0,76,0.0,20.0,6.7
2014,7,30,1005.1,30.4,78,0.0,30.0,8.9
2014,7,31,1003.0,30.8,75,0.0,250.0,19.1
2014,8,1,1001.0,30.2,78,5.9,260.0,22.7
2014,8,2,1001.4,29.7,79,10.7,230.0,16.3
2014,8,3,1001.9,29.3,82,39.3,230.0,13.3
2014,8,4,1002.4,30.2,81,12.0,230.0,12.1
2014,8,5,1003.4,29.2,86,21.1,50.0,10.2
2014,8,6,1003.6,28.1,87,36.5,220.0,12.9
2014,8,7,1003.3,29.0,85,14.5,240.0,21.8
2014,8,8,1003.0,29.9,78,0.0,240.0,20.4
2014,8,9,1004.4,30.1,77,0.0,230.0,25.9
2014,8,10,1004.7,29.8,78,5.1,240.0,27.2
2014,8,11,1003.3,29.9,80,0.05,240.0,22.1
2014,8,12,1002.1,28.9,85,102.9,230.0,23.3
2014,8,13,1003.5,26.0,96,166.1,220.0,16.2
2014,8,14,1008.0,28.1,85,0.5,230.0,18.9
2014,8,15,1010.1,29.2,78,0.0,230.0,13.7
2014,8,16,1008.6,29.3,79,0.0,250.0,23.1
2014,8,17,1007.3,29.3,78,0.0,240.0,20.4
2014,8,18,1008.2,29.6,76,0.0,230.0,22.8
2014,8,19,1008.7,27.4,86,42.1,240.0,26.9
2014,8,20,1010.4,24.7,95,88.8,30.0,6.0
2014,8,21,1010.7,26.9,86,0.1,170.0,8.1
2014,8,22,1010.6,28.5,81,0.0,160.0,6.9
2014,8,23,1009.8,29.1,78,0.05,200.0,8.0
2014,8,24,1009.7,29.1,76,0.0,140.0,8.6
2014,8,25,1010.1,29.9,77,0.0,120.0,11.0
2014,8,26,1010.6,30.1,76,0.0,60.0,18.2
2014,8,27,1010.1,29.4,78,0.7,70.0,37.3
2014,8,28,1012.1,29.5,81,0.3,120.0,22.4
2014,8,29,1012.5,30.1,75,0.0,60.0,14.5
2014,8,30,1011.1,30.1,75,0.0,60.0,16.9
2014,8,31,1009.7,29.1,83,1.6,110.0,20.3
2014,9,1,1010.5,29.5,80,2.2,140.0,11.6
2014,9,2,1010.8,29.4,75,0.0,230.0,7.6
2014,9,3,1009.3,29.8,75,0.0,260.0,20.7
2014,9,4,1006.9,29.2,77,6.7,80.0,10.4
2014,9,5,1007.2,29.7,80,0.05,80.0,21.2
2014,9,6,1007.7,29.9,75,0.05,100.0,18.0
2014,9,7,1007.5,29.8,79,0.6,70.0,33.4
2014,9,8,1007.0,29.1,83,3.0,180.0,18.3
2014,9,9,1007.9,29.7,76,0.0,220.0,10.4
2014,9,10,1008.1,30.0,75,0.05,180.0,8.3
2014,9,11,1008.0,30.3,75,0.05,90.0,14.7
2014,9,12,1006.3,28.0,88,32.1,70.0,32.8
2014,9,13,1006.0,29.0,85,6.2,170.0,18.9
2014,9,14,1006.1,29.8,80,0.5,80.0,14.6
2014,9,15,1001.8,29.2,79,17.6,70.0,41.2
2014,9,16,1003.6,27.3,89,51.6,150.0,58.6
2014,9,17,1011.2,28.1,88,7.7,150.0,32.7
2014,9,18,1012.0,29.1,79,0.05,180.0,9.3
2014,9,19,1006.8,29.9,77,0.3,310.0,12.9
2014,9,20,1004.0,29.2,66,0.0,30.0,26.2
2014,9,21,1005.3,27.2,66,0.0,20.0,22.4
2014,9,22,1007.1,27.2,68,0.05,30.0,14.0
2014,9,23,1008.6,27.5,72,0.0,30.0,9.1
2014,9,24,1011.0,28.1,76,0.05,350.0,5.5
2014,9,25,1012.1,28.5,76,0.0,200.0,7.8
2014,9,26,1012.5,28.4,77,0.7,350.0,7.5
2014,9,27,1013.0,28.7,77,0.0,170.0,8.1
2014,9,28,1012.2,29.1,75,0.0,150.0,5.7
2014,9,29,1011.4,29.3,73,0.0,230.0,8.3
2014,9,30,1011.1,29.6,78,11.4,310.0,11.2
2014,10,1,1012.2,28.1,83,26.7,90.0,23.1
2014,10,2,1010.5,28.5,79,0.05,240.0,11.0
2014,10,3,1009.4,27.5,86,23.7,110.0,13.3
2014,10,4,1010.9,26.5,84,2.6,120.0,21.6
2014,10,5,1012.9,27.1,73,0.1,120.0,23.3
2014,10,6,1015.1,26.8,64,0.0,110.0,30.1
2014,10,7,1014.6,26.3,64,0.05,110.0,29.2
2014,10,8,1012.9,26.0,63,0.0,70.0,21.7
2014,10,9,1010.8,26.5,63,0.0,30.0,12.1
2014,10,10,1010.1,27.1,59,0.0,30.0,18.2
2014,10,11,1010.9,27.9,59,0.0,30.0,15.6
2014,10,12,1013.5,27.6,56,0.0,30.0,20.5
2014,10,13,1016.2,26.3,54,0.0,30.0,28.8
2014,10,14,1017.6,25.5,60,0.05,30.0,24.3
2014,10,15,1017.3,25.3,68,0.0,80.0,22.0
2014,10,16,1017.9,25.4,67,0.05,100.0,34.7
2014,10,17,1017.5,25.0,66,0.0,100.0,33.1
2014,10,18,1016.3,25.4,70,0.0,100.0,30.0
2014,10,19,1015.8,25.8,74,0.05,100.0,29.9
2014,10,20,1015.0,26.5,77,0.0,100.0,20.5
2014,10,21,1015.2,27.3,70,0.05,50.0,5.0
2014,10,22,1015.2,27.3,69,56.4,40.0,21.0
2014,10,23,1016.2,24.8,81,0.2,100.0,34.8
2014,10,24,1016.3,24.8,78,0.0,100.0,29.1
2014,10,25,1016.6,25.0,79,0.0,90.0,27.2
2014,10,26,1016.8,25.8,79,0.1,90.0,20.8
2014,10,27,1016.4,26.1,77,0.0,100.0,28.1
2014,10,28,1016.8,25.1,70,0.05,100.0,48.7
2014,10,29,1017.0,25.2,75,0.05,100.0,33.5
2014,10,30,1015.8,25.5,79,0.0,100.0,28.6
2014,10,31,1014.1,25.6,79,0.0,100.0,16.1
2014,11,1,1013.0,25.6,79,0.0,110.0,6.7
2014,11,2,1015.2,25.3,71,0.05,30.0,31.2
2014,11,3,1017.4,21.7,67,0.05,30.0,27.8
2014,11,4,1017.5,22.8,75,0.05,100.0,26.3
2014,11,5,1017.4,23.9,77,0.0,100.0,23.2
2014,11,6,1017.0,24.1,82,0.1,110.0,15.5
2014,11,7,1017.1,22.9,90,11.8,100.0,40.5
2014,11,8,1017.9,20.5,94,18.0,40.0,33.5
2014,11,9,1018.3,22.2,81,0.05,100.0,26.9
2014,11,10,1017.3,23.3,79,0.05,100.0,30.0
2014,11,11,1016.6,23.6,81,0.0,90.0,24.9
2014,11,12,1017.4,22.6,81,0.05,40.0,22.8
2014,11,13,1020.2,19.8,78,0.05,30.0,29.4
2014,11,14,1019.9,20.9,75,0.05,70.0,27.3
2014,11,15,1019.7,21.9,74,0.4,90.0,36.1
2014,11,16,1017.8,22.6,73,0.0,80.0,15.1
2014,11,17,1019.3,21.1,65,0.0,30.0,31.0
2014,11,18,1021.5,20.7,65,0.05,30.0,27.7
2014,11,19,1020.7,21.2,69,0.05,90.0,26.1
2014,11,20,1018.4,21.5,73,0.0,100.0,30.5
2014,11,21,1017.0,22.1,75,0.0,90.0,23.3
2014,11,22,1016.5,22.4,80,0.0,100.0,23.0
2014,11,23,1016.8,22.8,80,0.0,90.0,27.0
2014,11,24,1015.4,23.4,77,0.0,80.0,19.1
2014,11,25,1013.4,24.0,80,0.0,40.0,7.2
2014,11,26,1013.6,23.4,80,0.0,100.0,21.5
2014,11,27,1015.2,22.2,83,0.4,90.0,30.6
2014,11,28,1014.7,23.3,83,0.05,90.0,21.8
2014,11,29,1013.4,23.5,87,0.2,100.0,26.5
2014,11,30,1012.9,24.0,91,0.2,90.0,18.2
2014,12,1,1016.3,19.7,78,3.1,30.0,37.3
2014,12,2,1019.5,16.4,86,4.5,70.0,35.0
2014,12,3,1017.4,18.3,86,1.7,90.0,35.9
2014,12,4,1020.9,14.8,80,5.4,30.0,42.4
2014,12,5,1022.3,15.1,65,0.5,40.0,26.8
2014,12,6,1020.1,17.6,69,0.05,90.0,39.7
2014,12,7,1019.3,17.8,68,0.1,90.0,34.5
2014,12,8,1020.5,18.3,70,0.1,30.0,30.5
2014,12,9,1021.5,19.4,70,0.0,80.0,38.7
2014,12,10,1019.5,19.6,78,2.1,50.0,21.7
2014,12,11,1019.6,19.5,62,0.05,20.0,25.7
2014,12,12,1024.2,15.5,53,0.0,10.0,39.3
2014,12,13,1025.6,14.6,52,0.0,20.0,25.8
2014,12,14,1023.5,16.0,62,0.0,80.0,25.7
2014,12,15,1020.9,18.6,66,0.0,50.0,22.0
2014,12,16,1024.6,16.8,46,0.0,20.0,44.5
2014,12,17,1027.1,13.3,29,0.0,20.0,39.8
2014,12,18,1026.4,14.0,47,0.1,30.0,27.8
2014,12,19,1024.0,13.0,84,14.3,20.0,29.3
2014,12,20,1020.8,14.7,66,0.2,20.0,26.6
2014,12,21,1023.2,16.3,57,0.0,20.0,36.2
2014,12,22,1024.3,13.6,52,0.0,60.0,31.4
2014,12,23,1021.7,15.4,67,0.05,30.0,25.8
2014,12,24,1021.4,18.7,73,0.0,20.0,17.8
2014,12,25,1020.8,16.9,78,6.7,60.0,39.9
2014,12,26,1020.7,16.2,88,2.2,70.0,42.2
2014,12,27,1021.6,16.6,82,0.5,60.0,30.2
2014,12,28,1022.6,14.5,83,3.2,10.0,26.1
2014,12,29,1020.6,14.0,61,0.0,20.0,21.3
2014,12,30,1019.8,14.9,65,0.0,20.0,14.3
2014,12,31,1021.7,16.4,67,0.0,50.0,10.5
2015,1,1,1024.5,16.0,61,0.0,80.0,24.6
2015,1,2,1025.0,15.2,71,0.0,70.0,32.9
2015,1,3,1022.3,15.5,65,0.0,70.0,30.5
2015,1,4,1017.0,17.3,78,0.0,50.0,22.5
2015,1,5,1014.5,19.0,81,0.0,40.0,18.7
2015,1,6,1014.8,20.2,84,0.0,40.0,9.2
2015,1,7,1019.7,18.1,79,0.1,20.0,21.4
2015,1,8,1025.1,15.7,68,0.0,20.0,26.3
2015,1,9,1025.0,15.5,70,0.0,60.0,25.1
2015,1,10,1023.4,16.3,67,0.0,60.0,26.9
2015,1,11,1022.3,16.9,66,0.05,50.0,28.9
2015,1,12,1021.5,14.1,83,14.9,20.0,38.8
2015,1,13,1020.9,12.6,91,25.8,10.0,23.1
2015,1,14,1022.0,13.7,65,0.0,20.0,31.6
2015,1,15,1022.7,14.5,66,0.0,30.0,21.5
2015,1,16,1022.4,16.7,68,0.0,50.0,16.6
2015,1,17,1024.1,15.7,65,0.0,80.0,30.6
2015,1,18,1023.7,16.2,63,0.0,70.0,24.7
2015,1,19,1022.4,15.8,54,0.0,20.0,26.0
2015,1,20,1021.3,15.9,67,0.0,70.0,25.9
2015,1,21,1020.9,17.2,70,0.05,30.0,6.5
2015,1,22,1021.5,17.4,48,0.0,40.0,16.2
2015,1,23,1020.6,16.3,68,0.0,50.0,23.5
2015,1,24,1019.1,17.0,76,0.9,50.0,31.9
2015,1,25,1018.9,18.2,79,0.05,40.0,19.4
2015,1,26,1018.5,18.6,82,0.0,40.0,16.4
2015,1,27,1017.9,18.3,82,0.0,60.0,25.5
2015,1,28,1018.8,16.9,77,0.05,70.0,42.8
2015,1,29,1019.6,16.8,78,0.05,50.0,23.0
2015,1,30,1021.9,16.8,79,0.0,40.0,15.0
2015,1,31,1025.6,15.5,81,0.05,50.0,29.0
2015,2,1,1026.3,15.3,78,0.05,60.0,31.5
2015,2,2,1025.4,16.3,77,0.0,60.0,29.1
2015,2,3,1024.6,17.1,80,0.0,50.0,23.3
2015,2,4,1023.5,16.2,80,0.0,70.0,19.0
2015,2,5,1024.9,14.0,62,0.05,20.0,29.0
2015,2,6,1024.5,13.4,70,0.3,50.0,21.9
2015,2,7,1021.7,16.0,72,0.0,70.0,19.9
2015,2,8,1023.2,16.2,51,0.0,20.0,27.8
2015,2,9,1025.2,14.9,68,0.0,70.0,32.0
2015,2,10,1022.2,14.5,70,0.0,70.0,23.3
2015,2,11,1018.7,16.0,70,0.0,50.0,10.7
2015,2,12,1018.2,17.3,59,0.0,50.0,12.8
2015,2,13,1018.3,17.5,53,0.0,50.0,20.8
2015,2,14,1016.9,18.5,53,0.0,50.0,27.4
2015,2,15,1016.2,18.9,85,3.3,30.0,16.3
2015,2,16,1016.5,19.7,90,0.0,40.0,4.4
2015,2,17,1016.7,19.2,86,0.05,40.0,13.5
2015,2,18,1019.1,18.1,79,0.05,50.0,29.0
2015,2,19,1020.3,17.2,78,0.05,70.0,39.6
2015,2,20,1018.3,17.5,84,0.05,50.0,31.7
2015,2,21,1015.5,19.3,90,0.2,30.0,13.4
2015,2,22,1016.1,20.3,93,15.6,40.0,13.7
2015,2,23,1015.5,18.6,95,10.2,40.0,21.4
2015,2,24,1014.8,18.6,94,0.05,40.0,19.8
2015,2,25,1014.1,19.6,95,0.8,30.0,18.8
2015,2,26,1014.2,21.4,91,0.0,40.0,13.1
2015,2,27,1015.8,19.4,94,1.2,90.0,32.7
2015,2,28,1017.3,18.3,90,0.4,50.0,27.2
2015,3,1,1019.4,18.9,74,0.05,20.0,16.5
2015,3,2,1016.4,17.5,84,0.05,70.0,32.5
2015,3,3,1012.4,19.3,87,0.2,40.0,19.5
2015,3,4,1015.1,17.2,91,0.2,60.0,31.8
2015,3,5,1016.6,16.2,95,4.8,70.0,35.8
2015,3,6,1017.0,16.9,94,0.1,50.0,29.4
2015,3,7,1018.0,17.4,91,0.2,50.0,30.5
2015,3,8,1017.9,18.5,86,0.05,40.0,24.3
2015,3,9,1018.5,21.1,82,0.05,30.0,9.8
2015,3,10,1022.1,17.7,73,0.05,80.0,45.2
2015,3,11,1021.9,16.2,81,0.3,60.0,34.2
2015,3,12,1020.6,15.7,89,3.7,30.0,22.3
2015,3,13,1019.1,17.2,76,0.0,50.0,29.5
2015,3,14,1018.4,19.4,83,0.05,40.0,22.5
2015,3,15,1016.5,20.9,93,0.0,40.0,16.3
2015,3,16,1015.7,21.8,93,0.05,40.0,13.6
2015,3,17,1013.0,22.1,92,0.0,50.0,14.2
2015,3,18,1011.6,23.0,91,0.0,40.0,8.9
2015,3,19,1013.1,24.0,89,0.0,50.0,9.4
2015,3,20,1015.3,24.0,86,0.0,40.0,7.6
2015,3,21,1016.7,22.9,85,0.0,40.0,7.1
2015,3,22,1017.9,21.0,81,0.1,70.0,32.3
2015,3,23,1018.9,20.9,64,0.05,80.0,36.2
2015,3,24,1022.5,19.8,75,0.0,80.0,41.8
2015,3,25,1024.2,18.2,76,0.05,70.0,39.5
2015,3,26,1024.2,18.8,80,4.2,70.0,27.4
2015,3,27,1021.6,20.3,88,14.6,30.0,10.8
2015,3,28,1018.4,21.4,81,0.0,50.0,14.6
2015,3,29,1016.2,22.4,80,0.0,50.0,12.3
2015,3,30,1014.9,22.8,87,0.0,50.0,14.0
2015,3,31,1013.9,23.3,90,0.05,40.0,9.9
2015,4,1,1012.2,24.4,87,0.0,150.0,10.0
2015,4,2,1008.5,25.6,84,0.0,180.0,22.0
2015,4,3,1007.6,25.9,84,0.05,170.0,21.4
2015,4,4,1009.8,26.5,83,0.0,170.0,16.9
2015,4,5,1011.3,26.0,80,0.0,50.0,10.7
2015,4,6,1011.4,26.5,80,0.05,30.0,8.8
2015,4,7,1013.7,24.9,83,0.1,70.0,25.9
2015,4,8,1018.3,18.9,77,10.0,20.0,29.8
2015,4,9,1017.8,18.0,89,1.3,30.0,26.8
2015,4,10,1017.9,18.2,87,0.7,20.0,19.8
2015,4,11,1019.1,17.1,97,52.0,30.0,26.5
2015,4,12,1019.6,19.3,81,0.2,20.0,9.8
2015,4,13,1018.7,22.4,57,0.0,10.0,12.6
2015,4,14,1018.7,21.5,44,0.0,20.0,18.0
2015,4,15,1016.1,22.1,56,0.0,180.0,7.4
2015,4,16,1015.0,22.7,69,0.0,230.0,11.5
2015,4,17,1012.4,23.7,75,0.0,140.0,11.9
2015,4,18,1010.1,25.3,86,0.05,180.0,22.2
2015,4,19,1008.6,26.6,83,0.05,200.0,25.0
2015,4,20,1008.0,26.3,84,0.2,210.0,20.3
2015,4,21,1012.7,23.7,75,0.05,20.0,20.1
2015,4,22,1017.1,23.3,75,0.05,80.0,31.4
2015,4,23,1018.4,22.6,66,0.05,70.0,29.0
2015,4,24,1017.6,24.4,70,0.0,70.0,15.0
2015,4,25,1017.1,23.9,77,0.0,70.0,20.6
2015,4,26,1016.9,24.1,76,0.0,80.0,20.4
2015,4,27,1014.3,24.8,79,0.0,50.0,13.3
2015,4,28,1011.7,25.4,79,0.0,230.0,10.5
2015,4,29,1011.1,26.6,80,0.0,220.0,16.3
2015,4,30,1011.0,27.5,78,0.0,190.0,12.2
2015,5,1,1010.3,27.2,81,0.5,120.0,15.0
2015,5,2,1009.5,27.6,79,0.05,200.0,22.4
2015,5,3,1009.7,28.2,79,0.05,210.0,19.5
2015,5,4,1010.1,28.1,79,0.05,210.0,19.2
2015,5,5,1008.9,27.3,82,3.9,200.0,22.9
2015,5,6,1008.5,26.8,87,0.6,170.0,19.4
2015,5,7,1009.7,28.0,83,0.3,180.0,15.0
2015,5,8,1008.7,28.2,80,0.0,180.0,22.5
2015,5,9,1008.5,27.3,83,7.3,210.0,21.1
2015,5,10,1009.7,26.3,90,20.1,30.0,14.1
2015,5,11,1010.3,25.6,91,51.0,110.0,19.4
2015,5,12,1012.2,25.7,75,0.0,100.0,16.1
2015,5,13,1012.2,26.4,84,0.0,100.0,19.3
2015,5,14,1012.1,28.5,78,0.05,170.0,12.5
2015,5,15,1011.4,29.1,78,0.0,200.0,13.8
2015,5,16,1009.9,26.7,88,18.4,220.0,13.1
2015,5,17,1008.3,26.4,87,5.7,230.0,17.2
2015,5,18,1007.9,28.2,82,0.9,210.0,23.0
2015,5,19,1006.9,28.6,83,1.2,210.0,32.4
2015,5,20,1006.2,27.9,88,107.7,220.0,34.3
2015,5,21,1008.4,24.2,92,12.6,70.0,41.6
2015,5,22,1008.8,23.6,92,0.7,60.0,30.8
2015,5,23,1006.2,24.8,97,169.4,210.0,18.8
2015,5,24,1005.8,26.6,94,8.2,30.0,6.0
2015,5,25,1006.6,28.4,86,29.4,210.0,8.3
2015,5,26,1008.3,26.9,95,64.6,200.0,11.3
2015,5,27,1007.0,29.2,84,0.2,200.0,24.4
2015,5,28,1005.3,30.0,81,1.4,210.0,27.3
2015,5,29,1006.5,30.3,79,0.0,210.0,23.5
2015,5,30,1007.5,29.6,81,7.0,230.0,24.0
2015,5,31,1007.3,29.3,83,1.9,220.0,15.4
2015,6,1,1007.9,29.3,83,10.6,190.0,22.8
2015,6,2,1009.3,29.6,81,5.4,190.0,22.9
2015,6,3,1010.2,29.9,76,0.05,220.0,19.8
2015,6,4,1008.9,29.8,76,0.0,230.0,19.9
2015,6,5,1007.3,29.2,79,0.0,230.0,24.4
2015,6,6,1007.7,29.5,78,0.8,210.0,10.8
2015,6,7,1009.0,29.8,78,0.05,200.0,20.3
2015,6,8,1008.1,29.8,77,1.6,200.0,20.9
2015,6,9,1007.2,29.9,77,0.05,220.0,22.6
2015,6,10,1007.3,29.9,80,8.1,210.0,22.0
2015,6,11,1008.2,30.3,78,0.8,220.0,22.6
2015,6,12,1008.5,28.8,85,96.8,210.0,15.2
2015,6,13,1007.9,29.9,78,0.4,210.0,18.0
2015,6,14,1008.3,29.9,78,1.5,200.0,18.4
2015,6,15,1009.4,30.2,77,5.2,200.0,10.6
2015,6,16,1008.2,30.1,76,0.0,220.0,11.1
2015,6,17,1006.0,30.2,76,0.0,230.0,22.5
2015,6,18,1005.3,30.7,73,0.0,230.0,20.9
2015,6,19,1006.1,30.8,73,0.05,230.0,14.5
2015,6,20,1006.5,30.9,76,0.0,130.0,13.6
2015,6,21,1005.1,28.5,90,51.0,110.0,26.0
2015,6,22,1003.2,27.9,93,18.1,130.0,25.6
2015,6,23,1003.9,27.3,93,51.3,160.0,24.6
2015,6,24,1005.3,28.3,89,9.7,170.0,17.4
2015,6,25,1005.8,28.3,89,28.5,200.0,24.4
2015,6,26,1006.1,29.5,82,10.4,220.0,24.4
2015,6,27,1008.3,30.4,78,0.0,200.0,21.9
2015,6,28,1009.5,30.4,76,1.9,220.0,20.2
2015,6,29,1007.9,30.5,75,0.05,220.0,24.1
2015,6,30,1006.0,30.4,76,0.05,220.0,27.2
2015,7,1,1004.2,30.5,78,0.0,220.0,28.2
2015,7,2,1003.2,30.6,78,0.05,220.0,28.0
2015,7,3,1002.8,30.6,79,0.0,210.0,19.0
2015,7,4,1002.8,30.5,77,0.0,170.0,11.8
2015,7,5,1003.1,29.8,79,0.0,40.0,10.7
2015,7,6,1001.3,29.2,75,0.05,20.0,11.0
2015,7,7,1000.4,29.2,64,0.0,10.0,23.5
2015,7,8,1000.3,28.8,64,0.0,10.0,19.3
2015,7,9,997.4,27.4,74,2.0,360.0,23.3
2015,7,10,1000.2,28.3,83,24.3,90.0,20.0
2015,7,11,1000.1,29.9,74,0.0,220.0,11.9
2015,7,12,1001.1,30.9,75,0.0,220.0,14.3
2015,7,13,1002.3,30.8,75,0.0,210.0,12.6
2015,7,14,1002.1,30.5,78,0.0,180.0,9.6
2015,7,15,1001.1,30.3,79,0.05,150.0,10.2
2015,7,16,1000.5,30.2,79,0.05,220.0,10.4
2015,7,17,1001.5,28.9,81,1.2,230.0,15.8
2015,7,18,1001.6,29.7,81,0.2,60.0,17.7
2015,7,19,1001.2,29.7,75,0.05,40.0,31.3
2015,7,20,1001.4,27.4,91,46.2,60.0,32.0
2015,7,21,1006.6,26.7,87,51.2,230.0,46.7
2015,7,22,1008.4,27.0,91,191.3,220.0,26.5
2015,7,23,1007.9,27.9,87,45.0,200.0,28.5
2015,7,24,1006.9,28.8,83,5.7,200.0,37.1
2015,7,25,1006.6,28.5,83,9.6,200.0,32.1
2015,7,26,1009.0,28.5,83,24.9,200.0,31.9
2015,7,27,1011.4,29.1,80,0.3,200.0,21.1
2015,7,28,1012.1,29.2,76,0.05,200.0,11.8
2015,7,29,1011.6,27.9,83,3.7,190.0,15.2
2015,7,30,1011.1,28.1,80,0.6,190.0,14.0
2015,7,31,1011.0,28.5,78,0.0,70.0,6.8
2015,8,1,1011.2,28.9,78,0.0,20.0,11.8
2015,8,2,1011.6,28.9,78,0.0,100.0,9.8
2015,8,3,1010.6,29.5,75,0.0,20.0,5.5
2015,8,4,1008.3,29.4,74,0.0,10.0,4.4
2015,8,5,1006.1,29.6,74,0.0,220.0,8.7
2015,8,6,1005.3,30.1,72,0.0,220.0,6.1
2015,8,7,1003.4,30.7,72,0.0,290.0,10.9
2015,8,8,998.5,32.4,62,0.0,290.0,17.2
2015,8,9,998.5,31.0,71,11.6,220.0,26.4
2015,8,10,1004.5,28.1,85,23.5,230.0,20.2
2015,8,11,1007.3,29.2,81,16.8,220.0,13.9
2015,8,12,1007.9,30.0,79,0.05,220.0,11.9
2015,8,13,1007.9,28.0,87,27.5,230.0,22.9
2015,8,14,1007.4,26.9,90,18.9,210.0,12.9
2015,8,15,1008.5,27.0,89,24.6,220.0,14.2
2015,8,16,1008.5,29.2,86,0.1,230.0,18.0
2015,8,17,1008.2,29.9,83,0.05,230.0,20.5
2015,8,18,1008.0,30.2,78,0.05,220.0,18.1
2015,8,19,1007.7,30.1,77,0.0,230.0,16.6
2015,8,20,1006.3,29.1,84,6.1,270.0,6.9
2015,8,21,1002.2,30.0,77,0.0,350.0,13.6
2015,8,22,1000.1,30.2,71,0.05,10.0,12.0
2015,8,23,1000.0,30.6,69,3.4,220.0,11.7
2015,8,24,1002.4,30.7,70,0.0,10.0,11.0
2015,8,25,1005.5,30.6,65,0.0,10.0,10.7
2015,8,26,1008.1,28.9,81,0.2,40.0,16.4
2015,8,27,1008.1,29.0,79,0.0,200.0,12.0
2015,8,28,1006.5,28.3,79,0.05,210.0,8.9
2015,8,29,1006.2,27.8,84,0.9,230.0,11.0
2015,8,30,1006.8,26.6,92,9.7,220.0,5.9
2015,8,31,1007.4,27.4,87,0.05,40.0,5.7
2015,9,1,1007.8,27.4,89,5.3,50.0,8.6
2015,9,2,1010.9,25.8,94,39.0,110.0,16.5
2015,9,3,1013.0,27.6,90,0.2,60.0,18.2
2015,9,4,1013.1,29.1,82,0.0,80.0,9.8
2015,9,5,1011.1,29.3,78,0.0,220.0,11.7
2015,9,6,1008.1,29.6,79,0.0,240.0,24.9
2015,9,7,1007.2,28.3,87,7.3,250.0,21.3
2015,9,8,1009.4,27.9,75,0.0,60.0,29.0
2015,9,9,1012.0,28.2,74,0.05,70.0,26.2
2015,9,10,1012.7,28.1,75,0.0,60.0,24.5
2015,9,11,1011.1,28.1,77,0.05,100.0,21.4
2015,9,12,1011.5,27.9,76,0.05,90.0,22.6
2015,9,13,1013.0,28.0,68,0.0,50.0,39.9
2015,9,14,1012.2,28.0,71,0.0,60.0,41.3
2015,9,15,1011.3,28.6,73,0.0,70.0,39.5
2015,9,16,1011.9,28.1,81,1.5,70.0,32.2
2015,9,17,1014.6,28.2,79,0.05,70.0,27.4
2015,9,18,1015.0,28.5,77,0.05,70.0,14.5
2015,9,19,1012.2,28.3,79,0.0,180.0,8.1
2015,9,20,1009.3,28.7,78,0.05,200.0,14.5
2015,9,21,1008.6,27.4,81,16.9,190.0,11.9
2015,9,22,1009.9,28.1,86,2.9,110.0,14.8
2015,9,23,1009.1,28.9,81,0.05,110.0,10.2
2015,9,24,1006.7,29.3,77,0.0,230.0,17.3
2015,9,25,1004.9,29.7,78,0.0,230.0,20.5
2015,9,26,1006.7,28.7,87,10.2,90.0,14.0
2015,9,27,1008.2,27.8,85,4.6,90.0,15.1
2015,9,28,1006.7,29.0,61,0.0,10.0,16.4
2015,9,29,1005.6,29.7,56,0.0,230.0,15.5
2015,9,30,1011.0,29.8,75,0.05,140.0,12.7
2015,10,1,1013.0,28.8,81,0.3,30.0,7.9
2015,10,2,1012.4,27.9,76,7.0,10.0,30.6
2015,10,3,1011.7,26.8,83,46.4,60.0,52.8
2015,10,4,1013.2,26.7,92,38.1,120.0,50.7
2015,10,5,1015.2,26.7,93,15.6,100.0,37.0
2015,10,6,1014.1,26.0,97,50.7,100.0,30.4
2015,10,7,1012.7,26.4,92,5.8,140.0,12.5
2015,10,8,1010.5,27.8,76,0.0,300.0,13.0
2015,10,9,1011.3,26.8,70,0.05,20.0,20.4
2015,10,10,1013.7,24.3,77,1.0,20.0,30.2
2015,10,11,1018.0,20.5,78,2.0,20.0,38.3
2015,10,12,1019.0,23.1,67,0.05,50.0,28.2
2015,10,13,1018.7,25.1,70,0.05,70.0,32.4
2015,10,14,1017.4,25.0,75,0.0,70.0,23.9
2015,10,15,1015.2,25.2,76,0.0,90.0,14.1
2015,10,16,1013.8,25.8,73,0.0,30.0,9.9
2015,10,17,1013.4,26.2,69,0.0,70.0,12.4
2015,10,18,1012.5,25.5,70,0.0,60.0,8.9
2015,10,19,1010.2,25.3,59,0.0,20.0,17.3
2015,10,20,1008.3,26.2,58,0.0,10.0,17.2
2015,10,21,1010.2,26.4,65,0.05,10.0,13.2
2015,10,22,1012.0,27.0,70,0.0,120.0,9.2
2015,10,23,1013.0,27.0,73,0.0,80.0,9.9
2015,10,24,1015.0,26.8,76,0.05,80.0,19.7
2015,10,25,1016.8,25.9,77,0.2,80.0,37.5
2015,10,26,1016.8,25.4,83,0.7,80.0,28.9
2015,10,27,1015.6,26.5,77,0.0,60.0,10.3
2015,10,28,1017.0,26.7,82,0.05,110.0,15.8
2015,10,29,1018.2,26.4,81,0.05,90.0,24.2
2015,10,30,1017.8,26.7,81,0.0,100.0,16.5
2015,10,31,1020.4,25.6,79,0.5,80.0,40.8
2015,11,1,1020.9,22.9,73,0.0,20.0,29.6
2015,11,2,1019.8,22.6,67,0.05,20.0,22.5
2015,11,3,1019.5,23.7,74,0.05,70.0,32.9
2015,11,4,1018.1,24.7,77,0.05,80.0,29.8
2015,11,5,1016.1,25.8,80,0.05,70.0,28.3
2015,11,6,1015.6,25.5,83,0.05,80.0,30.2
2015,11,7,1016.3,26.2,85,0.3,80.0,24.8
2015,11,8,1016.4,26.5,84,0.05,70.0,18.0
2015,11,9,1015.8,26.7,82,0.05,50.0,12.8
2015,11,10,1016.9,24.9,81,0.3,80.0,46.3
2015,11,11,1017.7,23.8,82,1.1,80.0,43.8
2015,11,12,1017.3,23.9,84,0.3,80.0,41.4
2015,11,13,1015.2,23.3,92,10.4,80.0,29.7
2015,11,14,1014.5,24.3,83,0.05,30.0,13.8
2015,11,15,1015.2,24.2,89,6.5,80.0,35.8
2015,11,16,1013.7,24.8,93,3.9,80.0,25.5
2015,11,17,1013.9,25.5,90,0.0,80.0,17.2
2015,11,18,1016.0,26.1,84,0.0,80.0,7.9
2015,11,19,1017.0,25.9,84,0.05,70.0,22.1
2015,11,20,1017.2,24.8,82,0.05,80.0,30.6
2015,11,21,1017.0,24.8,80,0.0,70.0,40.4
2015,11,22,1017.1,25.4,78,0.05,80.0,29.2
2015,11,23,1016.7,25.4,78,0.0,90.0,19.6
2015,11,24,1016.7,24.5,76,0.05,70.0,31.2
2015,11,25,1017.7,22.6,70,0.0,20.0,28.6
2015,11,26,1020.6,18.2,52,0.0,20.0,34.3
2015,11,27,1022.4,18.4,57,0.0,60.0,39.3
2015,11,28,1022.5,20.8,70,0.0,70.0,34.0
2015,11,29,1021.2,22.1,75,0.0,60.0,16.0
2015,11,30,1018.9,22.4,75,0.05,100.0,15.7
2015,12,1,1017.6,22.9,79,0.0,70.0,25.0
2015,12,2,1017.1,23.3,80,0.05,70.0,15.9
2015,12,3,1019.4,20.8,77,0.05,20.0,27.9
2015,12,4,1021.1,19.5,75,0.05,50.0,37.9
2015,12,5,1018.4,18.4,85,15.7,70.0,41.3
2015,12,6,1021.3,16.6,76,1.0,10.0,28.4
2015,12,7,1023.1,17.3,72,0.0,10.0,21.8
2015,12,8,1022.2,18.0,78,0.7,30.0,28.5
2015,12,9,1016.8,17.7,95,44.6,60.0,35.1
2015,12,10,1015.5,19.3,86,0.05,20.0,10.2
2015,12,11,1016.4,19.9,76,0.0,60.0,20.7
2015,12,12,1016.2,20.0,83,0.0,70.0,39.5
2015,12,13,1016.4,20.4,85,0.05,70.0,30.3
2015,12,14,1016.6,20.4,82,0.05,50.0,20.3
2015,12,15,1019.0,18.4,69,0.05,10.0,26.8
2015,12,16,1022.5,15.2,49,0.0,10.0,48.0
2015,12,17,1025.9,13.2,39,0.0,20.0,35.6
2015,12,18,1026.4,13.9,48,0.0,40.0,25.2
2015,12,19,1025.4,16.2,62,0.0,30.0,29.0
2015,12,20,1022.5,17.6,75,0.7,40.0,19.0
2015,12,21,1021.3,19.4,82,0.05,50.0,22.5
2015,12,22,1020.3,19.9,87,0.6,60.0,27.3
2015,12,23,1017.8,21.1,91,0.05,40.0,15.0
2015,12,24,1016.8,22.3,91,0.05,40.0,9.4
2015,12,25,1020.4,18.2,75,0.2,10.0,27.6
2015,12,26,1020.6,17.9,74,0.0,30.0,21.6
2015,12,27,1022.7,17.7,84,0.4,30.0,18.4
2015,12,28,1026.6,17.3,75,0.05,20.0,25.9
2015,12,29,1025.9,17.7,75,0.05,70.0,33.4
2015,12,30,1025.3,17.3,78,0.4,20.0,20.9
2015,12,31,1026.4,17.8,74,0.05,20.0,23.3
2016,1,1,1025.9,18.3,72,0.05,80.0,26.3
2016,1,2,1022.0,18.9,81,0.3,50.0,15.3
2016,1,3,1019.7,19.3,95,5.6,40.0,14.2
2016,1,4,1018.9,20.6,90,0.05,50.0,16.9
2016,1,5,1015.9,20.7,95,46.7,40.0,13.7
2016,1,6,1018.8,20.9,84,0.05,20.0,14.5
2016,1,7,1021.8,18.8,79,0.0,30.0,21.5
2016,1,8,1020.8,18.4,78,0.0,60.0,14.3
2016,1,9,1020.6,18.1,78,0.0,70.0,39.3
2016,1,10,1017.5,18.0,85,6.9,70.0,37.7
2016,1,11,1016.5,18.1,90,30.7,40.0,23.3
2016,1,12,1019.9,17.3,79,0.0,20.0,23.9
2016,1,13,1020.8,16.1,77,0.0,30.0,24.4
2016,1,14,1019.3,16.5,79,1.1,60.0,33.2
2016,1,15,1015.4,15.1,97,38.8,50.0,37.5
2016,1,16,1013.5,16.4,95,12.3,60.0,40.0
2016,1,17,1011.5,17.8,90,24.6,20.0,23.4
2016,1,18,1017.1,15.2,76,0.0,50.0,28.4
2016,1,19,1020.1,16.4,78,0.0,60.0,38.0
2016,1,20,1019.6,15.5,90,3.3,70.0,50.6
2016,1,21,1017.7,16.1,95,0.1,50.0,26.2
2016,1,22,1018.9,14.1,92,12.9,50.0,35.3
2016,1,23,1027.1,8.5,70,0.5,20.0,55.5
2016,1,24,1034.6,4.9,61,4.0,20.0,59.5
2016,1,25,1032.6,7.4,46,0.0,20.0,28.7
2016,1,26,1027.1,10.4,59,0.05,20.0,21.3
2016,1,27,1022.7,13.0,92,3.5,20.0,29.6
2016,1,28,1018.2,16.1,98,42.5,60.0,28.8
2016,1,29,1017.9,16.6,96,32.8,50.0,25.0
2016,1,30,1020.0,17.6,88,0.0,50.0,21.2
2016,1,31,1019.9,15.7,86,0.3,70.0,43.1
2016,2,1,1022.2,12.4,93,11.3,20.0,31.9
2016,2,2,1024.4,10.4,79,0.05,10.0,27.3
2016,2,3,1023.6,12.5,77,0.05,40.0,21.3
2016,2,4,1021.8,15.2,76,0.0,40.0,9.1
2016,2,5,1021.2,14.8,66,0.0,20.0,24.4
2016,2,6,1024.9,13.6,39,0.0,20.0,44.7
2016,2,7,1026.1,13.7,36,0.0,20.0,20.5
2016,2,8,1023.9,14.8,52,0.0,40.0,16.7
2016,2,9,1020.8,16.7,54,0.0,40.0,17.2
2016,2,10,1017.5,16.6,64,0.2,40.0,22.0
2016,2,11,1014.9,18.8,86,0.05,40.0,15.8
2016,2,12,1013.4,19.2,95,0.1,30.0,13.9
2016,2,13,1012.5,23.1,89,0.0,200.0,10.2
2016,2,14,1014.8,21.7,81,0.05,20.0,15.3
2016,2,15,1024.3,13.2,64,0.3,20.0,33.5
2016,2,16,1025.4,12.8,63,0.0,20.0,23.5
2016,2,17,1024.1,12.9,77,1.7,20.0,19.2
2016,2,18,1021.9,13.7,89,3.4,40.0,18.6
2016,2,19,1020.3,15.3,88,4.4,40.0,22.2
2016,2,20,1023.2,16.0,67,2.4,20.0,23.9
2016,2,21,1022.2,15.0,77,0.05,70.0,44.7
2016,2,22,1020.6,16.1,91,0.5,50.0,24.4
2016,2,23,1022.3,15.5,92,0.5,20.0,19.3
2016,2,24,1027.5,13.7,78,0.05,20.0,28.0
2016,2,25,1028.9,14.8,76,0.0,20.0,20.4
2016,2,26,1027.4,15.2,79,0.05,30.0,15.2
2016,2,27,1024.7,15.5,79,0.05,20.0,9.1
2016,2,28,1023.8,16.6,72,0.0,20.0,9.2
2016,2,29,1024.4,18.5,61,0.0,40.0,16.9
2016,3,1,1024.7,16.5,73,0.0,70.0,34.2
2016,3,2,1023.8,16.6,72,0.0,60.0,27.1
2016,3,3,1020.9,18.7,75,0.0,40.0,14.7
2016,3,4,1018.1,20.2,82,0.0,40.0,15.4
2016,3,5,1016.7,20.8,79,0.05,30.0,13.3
2016,3,6,1015.8,21.8,79,0.0,220.0,6.6
2016,3,7,1014.9,19.7,91,0.2,40.0,13.8
2016,3,8,1012.5,20.1,93,0.0,40.0,15.3
2016,3,9,1012.5,20.8,95,15.5,50.0,15.1
2016,3,10,1019.5,13.4,93,16.8,20.0,39.7
2016,3,11,1022.6,11.9,77,0.1,20.0,25.0
2016,3,12,1017.7,13.6,87,0.1,50.0,36.0
2016,3,13,1014.5,15.8,96,6.8,50.0,22.8
2016,3,14,1018.0,15.3,83,0.8,20.0,26.7
2016,3,15,1017.1,14.8,79,0.05,70.0,38.0
2016,3,16,1015.0,15.3,90,1.1,60.0,33.2
2016,3,17,1014.3,16.5,97,2.2,50.0,26.5
2016,3,18,1012.0,19.5,97,0.05,30.0,13.1
2016,3,19,1013.0,22.4,94,0.05,40.0,12.5
2016,3,20,1014.7,19.0,91,0.3,50.0,28.0
2016,3,21,1014.8,17.1,95,59.6,60.0,38.3
2016,3,22,1013.4,16.6,96,1.7,50.0,33.5
2016,3,23,1012.8,18.4,97,8.7,40.0,22.0
2016,3,24,1020.2,15.3,98,33.4,70.0,42.0
2016,3,25,1023.9,13.7,75,1.4,20.0,19.4
2016,3,26,1023.6,15.8,68,0.0,70.0,13.4
2016,3,27,1024.1,17.3,58,0.0,30.0,14.6
2016,3,28,1024.1,16.9,65,0.0,60.0,26.9
2016,3,29,1021.4,17.7,59,0.05,50.0,20.5
2016,3,30,1018.3,20.0,79,0.05,40.0,14.8
2016,3,31,1015.3,21.5,86,0.0,50.0,4.5
2016,4,1,1014.5,21.9,86,0.0,50.0,8.3
2016,4,2,1015.6,21.3,90,0.05,40.0,14.5
2016,4,3,1014.6,23.0,87,0.0,50.0,9.2
2016,4,4,1012.5,23.6,88,4.3,120.0,8.0
2016,4,5,1013.3,22.3,91,0.05,40.0,14.8
2016,4,6,1013.3,23.1,91,0.0,70.0,20.0
2016,4,7,1013.2,23.9,91,0.0,40.0,10.0
2016,4,8,1013.3,25.3,87,0.05,40.0,9.1
2016,4,9,1011.6,25.7,86,0.05,200.0,17.3
2016,4,10,1009.2,23.3,92,22.1,190.0,20.5
2016,4,11,1010.1,21.5,91,0.4,70.0,31.8
2016,4,12,1009.1,20.3,94,11.4,70.0,29.8
2016,4,13,1005.5,21.8,98,76.4,40.0,14.5
2016,4,14,1008.5,23.1,98,0.7,30.0,11.2
2016,4,15,1011.4,21.1,97,3.4,30.0,20.0
2016,4,16,1010.5,24.7,89,0.05,210.0,15.3
2016,4,17,1010.9,25.9,90,0.05,190.0,16.0
2016,4,18,1014.4,23.1,87,23.7,80.0,19.6
2016,4,19,1017.4,20.5,86,0.05,70.0,35.3
2016,4,20,1014.6,21.6,88,0.05,40.0,20.9
2016,4,21,1012.5,24.6,87,0.05,30.0,7.3
2016,4,22,1010.7,23.7,90,8.3,300.0,11.1
2016,4,23,1008.2,24.9,88,2.8,240.0,13.0
2016,4,24,1008.7,24.4,93,41.4,190.0,8.5
2016,4,25,1009.8,26.0,90,12.4,180.0,13.0
2016,4,26,1009.5,27.2,86,0.05,200.0,24.2
2016,4,27,1008.2,26.8,85,0.9,230.0,20.2
2016,4,28,1010.4,26.0,84,1.7,50.0,12.5
2016,4,29,1013.9,24.1,76,0.05,90.0,30.5
2016,4,30,1012.2,22.5,80,1.5,60.0,27.0
2016,5,1,1011.5,22.2,92,3.1,50.0,23.7
2016,5,2,1011.0,25.6,89,0.3,50.0,11.1
2016,5,3,1011.4,26.5,86,30.7,220.0,11.8
2016,5,4,1011.4,25.8,87,0.05,40.0,9.2
2016,5,5,1010.5,28.1,84,0.0,180.0,15.4
2016,5,6,1009.9,28.4,83,0.0,190.0,15.5
2016,5,7,1010.6,28.7,81,0.0,170.0,12.1
2016,5,8,1011.4,28.7,82,0.0,150.0,9.5
2016,5,9,1010.1,28.7,81,0.0,170.0,16.3
2016,5,10,1008.1,26.6,87,60.3,220.0,12.0
2016,5,11,1008.6,25.5,75,0.0,80.0,26.0
2016,5,12,1009.8,25.1,80,0.05,70.0,28.6
2016,5,13,1012.4,25.5,82,0.05,50.0,24.9
2016,5,14,1014.2,25.4,89,4.7,70.0,28.3
2016,5,15,1012.1,26.6,85,1.0,50.0,15.7
2016,5,16,1011.2,24.8,73,0.3,10.0,21.9
2016,5,17,1012.3,23.7,80,1.2,80.0,39.5
2016,5,18,1012.0,24.5,76,0.0,70.0,30.3
2016,5,19,1009.9,25.5,84,0.05,70.0,26.4
2016,5,20,1006.9,25.2,94,16.1,40.0,22.3
2016,5,21,1005.9,26.5,88,37.6,230.0,25.9
2016,5,22,1007.8,27.2,77,0.0,20.0,11.3
2016,5,23,1008.4,26.8,81,0.05,20.0,7.9
2016,5,24,1007.9,27.5,82,0.05,180.0,7.4
2016,5,25,1007.8,28.0,82,0.05,100.0,16.2
2016,5,26,1007.6,27.6,85,0.1,70.0,34.8
2016,5,27,1006.4,27.5,89,14.4,130.0,32.5
2016,5,28,1007.6,27.7,89,62.9,200.0,24.0
2016,5,29,1007.9,29.1,84,0.8,210.0,19.0
2016,5,30,1008.8,29.8,80,0.1,220.0,22.8
2016,5,31,1009.5,29.9,79,0.0,220.0,25.2
2016,6,1,1007.8,30.1,80,0.0,230.0,31.7
2016,6,2,1006.0,30.3,79,0.0,230.0,27.4
2016,6,3,1006.5,30.3,80,0.05,220.0,28.8
2016,6,4,1007.9,28.7,83,12.4,220.0,20.8
2016,6,5,1008.8,26.9,86,7.6,20.0,9.8
2016,6,6,1008.8,26.2,91,77.6,20.0,11.2
2016,6,7,1008.1,28.1,86,0.4,20.0,9.5
2016,6,8,1006.3,27.1,89,46.5,190.0,12.6
2016,6,9,1005.7,28.2,86,0.05,,
2016,6,10,1005.7,27.9,89,9.1,220.0,14.6
2016,6,11,1005.9,26.6,93,85.5,230.0,20.0
2016,6,12,1005.7,27.1,93,28.2,220.0,29.8
2016,6,13,1005.0,29.7,84,0.1,220.0,24.3
2016,6,14,1004.2,30.2,81,0.05,220.0,30.0
2016,6,15,1005.3,30.3,79,0.6,210.0,29.3
2016,6,16,1006.7,29.4,82,2.8,230.0,23.2
2016,6,17,1008.2,29.4,82,2.5,220.0,12.8
2016,6,18,1010.5,29.3,83,13.1,200.0,19.8
2016,6,19,1010.3,30.1,80,0.0,130.0,12.4
2016,6,20,1008.5,30.8,78,0.05,170.0,12.1
2016,6,21,1009.3,30.6,75,0.0,200.0,12.6
2016,6,22,1009.5,30.5,75,0.0,220.0,10.9
2016,6,23,1008.4,30.4,72,0.0,210.0,9.6
2016,6,24,1008.1,31.0,72,0.0,180.0,9.0
2016,6,25,1008.9,31.4,74,0.0,150.0,9.1
2016,6,26,1009.1,31.3,75,0.05,160.0,11.9
2016,6,27,1007.5,31.1,78,1.7,60.0,15.7
2016,6,28,1007.5,29.1,85,37.1,220.0,26.1
2016,6,29,1010.0,29.0,87,20.4,160.0,23.4
2016,6,30,1010.3,30.0,80,1.8,190.0,24.4
2016,7,1,1008.9,30.1,79,3.4,190.0,21.9
2016,7,2,1009.1,29.4,82,20.8,200.0,21.9
2016,7,3,1008.7,29.4,82,2.7,190.0,25.1
2016,7,4,1006.6,30.1,78,3.8,180.0,33.0
2016,7,5,1007.5,29.0,87,9.8,130.0,22.5
2016,7,6,1008.4,27.3,93,33.6,130.0,24.8
2016,7,7,1005.9,30.2,77,0.05,270.0,11.3
2016,7,8,1001.0,31.0,75,0.0,280.0,23.5
2016,7,9,999.0,31.5,75,10.3,280.0,25.0
2016,7,10,1000.3,28.6,81,1.7,240.0,18.8
2016,7,11,1002.2,28.9,85,11.7,240.0,19.8
2016,7,12,1003.8,28.1,84,0.1,230.0,16.3
2016,7,13,1005.0,28.6,87,35.2,160.0,12.6
2016,7,14,1006.8,28.9,86,10.2,230.0,14.3
2016,7,15,1007.0,30.2,81,1.0,230.0,22.4
2016,7,16,1008.1,30.6,79,0.3,240.0,25.1
2016,7,17,1008.5,30.6,78,0.0,230.0,23.7
2016,7,18,1007.5,30.4,74,0.6,230.0,23.7
2016,7,19,1007.9,29.9,79,4.4,220.0,25.1
2016,7,20,1009.8,29.2,82,16.8,220.0,22.6
2016,7,21,1010.9,30.0,76,0.3,220.0,12.3
2016,7,22,1010.3,30.0,76,0.0,240.0,14.5
2016,7,23,1008.9,30.0,77,0.0,250.0,21.6
2016,7,24,1008.4,30.4,72,0.0,240.0,16.0
2016,7,25,1008.6,30.8,74,0.0,130.0,8.3
2016,7,26,1008.3,29.4,84,8.0,60.0,17.5
2016,7,27,1009.3,30.2,76,0.05,200.0,9.5
2016,7,28,1009.7,30.1,74,0.0,240.0,12.8
2016,7,29,1008.5,30.3,74,0.0,260.0,21.9
2016,7,30,1006.6,29.9,74,0.05,270.0,16.1
2016,7,31,1005.1,30.1,74,1.2,50.0,14.1
2016,8,1,998.8,29.5,76,4.6,290.0,19.6
2016,8,2,995.9,27.1,88,121.0,190.0,52.5
2016,8,3,1006.3,26.8,93,17.3,120.0,14.3
2016,8,4,1008.7,26.9,94,20.9,60.0,23.6
2016,8,5,1008.3,29.3,83,0.05,50.0,11.0
2016,8,6,1005.0,30.0,77,0.0,250.0,20.4
2016,8,7,1002.8,30.4,80,0.0,250.0,22.3
2016,8,8,1003.0,30.5,79,0.0,240.0,17.9
2016,8,9,1001.8,29.2,83,33.5,260.0,11.0
2016,8,10,1002.6,26.7,91,39.8,80.0,7.8
2016,8,11,1003.2,27.2,87,42.1,240.0,8.9
2016,8,12,1001.3,28.1,86,0.4,250.0,10.9
2016,8,13,999.8,28.8,84,0.05,70.0,12.1
2016,8,14,998.3,27.3,90,25.7,60.0,26.4
2016,8,15,997.4,26.6,93,19.1,40.0,16.3
2016,8,16,996.0,26.2,96,49.9,90.0,18.8
2016,8,17,993.7,26.5,96,40.9,80.0,32.8
2016,8,18,996.3,27.0,94,50.9,120.0,34.3
2016,8,19,1003.0,28.2,90,10.5,70.0,20.1
2016,8,20,1004.7,29.2,88,3.8,240.0,6.4
2016,8,21,1003.2,27.4,87,39.9,230.0,12.1
2016,8,22,1004.7,29.3,82,0.0,70.0,15.0
2016,8,23,1004.8,29.7,74,0.0,120.0,4.9
2016,8,24,1003.8,30.1,75,0.0,70.0,10.8
2016,8,25,1004.2,30.4,77,0.0,60.0,11.6
2016,8,26,1004.6,30.4,72,0.0,220.0,10.9
2016,8,27,1006.4,29.7,79,3.5,80.0,8.3
2016,8,28,1006.4,27.6,82,8.7,10.0,19.9
2016,8,29,1007.2,26.7,76,0.05,50.0,27.2
2016,8,30,1007.6,28.0,69,0.0,30.0,12.0
2016,8,31,1006.3,28.6,78,0.2,210.0,8.8
2016,9,1,1003.3,27.9,88,68.9,230.0,23.5
2016,9,2,1002.0,28.7,86,6.1,230.0,19.7
2016,9,3,1002.7,28.1,87,7.0,230.0,10.9
2016,9,4,1005.2,28.2,84,0.05,70.0,28.1
2016,9,5,1006.1,27.1,89,75.3,50.0,30.0
2016,9,6,1006.7,26.7,90,10.8,50.0,7.3
2016,9,7,1007.5,26.5,90,20.4,230.0,16.1
2016,9,8,1008.0,27.1,90,2.8,230.0,8.8
2016,9,9,1008.4,27.0,88,16.3,230.0,11.3
2016,9,10,1007.8,26.3,93,53.2,50.0,11.0
2016,9,11,1008.4,28.1,87,6.6,30.0,7.1
2016,9,12,1010.2,28.7,83,0.0,30.0,15.2
2016,9,13,1010.2,28.2,84,8.5,80.0,18.7
2016,9,14,1004.5,29.6,69,0.0,340.0,17.1
2016,9,15,1002.9,29.4,68,0.7,280.0,15.0
2016,9,16,1004.9,29.0,70,0.0,10.0,15.3
2016,9,17,1005.7,29.3,66,0.0,10.0,19.4
2016,9,18,1006.9,28.6,66,0.05,10.0,12.7
2016,9,19,1008.0,28.6,73,3.8,10.0,21.0
2016,9,20,1012.1,25.5,87,39.6,350.0,31.5
2016,9,21,1014.4,27.1,77,2.4,70.0,35.7
2016,9,22,1013.6,27.2,76,0.0,70.0,35.0
2016,9,23,1012.0,27.7,78,0.05,70.0,30.8
2016,9,24,1010.5,27.9,78,0.05,80.0,28.1
2016,9,25,1009.8,28.1,80,0.0,80.0,20.3
2016,9,26,1007.7,28.5,81,0.05,230.0,15.0
2016,9,27,1002.6,31.1,68,0.0,290.0,11.2
2016,9,28,999.5,30.4,58,0.0,300.0,25.5
2016,9,29,1003.9,26.5,70,0.7,10.0,18.2
2016,9,30,1007.7,25.1,78,0.0,10.0,7.4
2016,10,1,1009.9,26.6,89,95.5,90.0,16.2
2016,10,2,1009.0,27.6,82,0.05,60.0,17.9
2016,10,3,1007.8,27.5,82,0.2,50.0,28.5
2016,10,4,1008.1,27.5,83,0.0,50.0,17.5
2016,10,5,1008.9,28.6,78,0.05,70.0,18.7
2016,10,6,1009.1,28.5,75,16.7,10.0,19.3
2016,10,7,1007.1,27.7,79,17.3,10.0,23.6
2016,10,8,1006.8,28.1,71,0.05,360.0,35.2
2016,10,9,1008.9,26.5,69,0.0,10.0,33.0
2016,10,10,1010.2,25.3,70,0.0,20.0,28.0
2016,10,11,1010.7,24.5,79,0.1,10.0,29.8
2016,10,12,1012.5,24.6,84,0.9,60.0,39.7
2016,10,13,1013.5,26.0,77,0.05,80.0,39.5
2016,10,14,1013.2,26.7,76,0.05,80.0,34.6
2016,10,15,1012.6,27.2,72,0.0,50.0,20.3
2016,10,16,1010.9,28.0,71,0.0,20.0,20.3
2016,10,17,1009.1,26.6,81,16.7,70.0,43.5
2016,10,18,1008.1,24.8,96,178.7,90.0,57.5
2016,10,19,1008.7,25.1,96,223.4,100.0,36.0
2016,10,20,1004.6,27.3,82,0.0,10.0,15.8
2016,10,21,997.1,26.1,86,72.5,220.0,60.8
2016,10,22,1007.8,27.5,84,1.9,220.0,18.1
2016,10,23,1010.0,27.1,88,0.0,100.0,5.9
2016,10,24,1011.3,27.3,88,0.05,120.0,13.8
2016,10,25,1013.3,27.3,87,0.05,90.0,16.5
2016,10,26,1015.6,27.1,84,0.0,70.0,17.1
2016,10,27,1016.0,27.5,79,0.0,60.0,11.1
2016,10,28,1014.9,28.2,75,0.0,20.0,8.6
2016,10,29,1017.2,26.7,79,0.5,80.0,31.5
2016,10,30,1019.8,24.4,74,0.0,20.0,32.3
2016,10,31,1019.1,25.5,70,0.0,70.0,24.0
2016,11,1,1019.7,23.9,69,0.0,20.0,31.2
2016,11,2,1020.3,22.8,68,0.0,20.0,31.2
2016,11,3,1019.3,21.8,66,0.0,10.0,28.2
2016,11,4,1015.2,22.4,68,0.0,10.0,13.3
2016,11,5,1013.0,23.8,77,0.0,100.0,13.4
2016,11,6,1015.1,24.2,79,0.0,80.0,19.5
2016,11,7,1016.6,25.3,81,0.0,70.0,21.6
2016,11,8,1017.4,24.6,80,4.8,70.0,19.5
2016,11,9,1019.5,20.7,81,1.3,20.0,33.0
2016,11,10,1020.1,17.7,82,1.9,10.0,28.5
2016,11,11,1018.8,20.0,80,0.05,20.0,20.6
2016,11,12,1017.9,23.3,84,0.2,70.0,27.4
2016,11,13,1016.9,24.7,85,0.0,70.0,19.3
2016,11,14,1015.4,25.4,83,0.0,60.0,9.1
2016,11,15,1015.8,25.7,81,0.05,80.0,13.7
2016,11,16,1017.2,24.6,81,0.05,80.0,33.1
2016,11,17,1016.6,24.8,78,0.05,70.0,26.7
2016,11,18,1014.2,24.8,83,0.05,70.0,26.2
2016,11,19,1013.1,25.8,78,1.4,60.0,24.4
2016,11,20,1012.9,25.6,78,0.05,70.0,32.6
2016,11,21,1012.9,24.7,85,0.3,80.0,36.7
2016,11,22,1013.3,22.7,95,36.5,70.0,40.3
2016,11,23,1016.2,20.5,93,25.9,50.0,42.1
2016,11,24,1018.6,17.3,76,0.05,20.0,35.5
2016,11,25,1016.4,20.0,78,0.1,50.0,35.1
2016,11,26,1015.9,17.6,89,50.3,360.0,36.5
2016,11,27,1016.9,16.2,83,8.6,360.0,27.5
2016,11,28,1020.9,18.1,68,0.0,10.0,31.9
2016,11,29,1022.3,19.2,66,0.0,20.0,27.0
2016,11,30,1022.3,19.7,64,0.0,20.0,25.8
2016,12,1,1022.1,19.8,67,0.0,10.0,24.2
2016,12,2,1022.6,20.5,74,0.0,70.0,26.3
2016,12,3,1020.9,21.3,77,0.0,70.0,26.0
2016,12,4,1018.2,22.3,79,0.05,70.0,9.8
2016,12,5,1017.7,23.3,79,0.0,60.0,12.0
2016,12,6,1020.7,20.8,54,0.05,10.0,30.2
2016,12,7,1019.1,19.9,61,0.05,20.0,17.3
2016,12,8,1016.5,19.2,61,0.0,20.0,16.6
2016,12,9,1015.4,19.4,65,0.0,80.0,23.7
2016,12,10,1016.4,20.8,72,0.0,70.0,28.0
2016,12,11,1016.6,20.4,76,0.05,80.0,42.8
2016,12,12,1015.1,21.1,77,0.05,70.0,25.2
2016,12,13,1014.5,22.9,75,0.05,50.0,12.7
2016,12,14,1018.2,21.4,63,0.05,20.0,27.9
2016,12,15,1022.6,18.0,62,0.0,10.0,31.5
2016,12,16,1025.5,15.2,61,0.0,10.0,31.1
2016,12,17,1023.2,16.6,68,0.0,60.0,31.5
2016,12,18,1021.6,19.2,76,0.0,60.0,29.6
2016,12,19,1018.5,20.3,73,0.0,60.0,22.8
2016,12,20,1017.3,21.3,80,0.0,60.0,26.8
2016,12,21,1016.8,21.9,90,2.8,40.0,23.5
2016,12,22,1016.8,22.4,75,0.1,10.0,25.9
2016,12,23,1019.0,20.2,73,0.05,30.0,25.6
2016,12,24,1019.2,18.1,76,3.7,70.0,41.8
2016,12,25,1018.4,19.5,82,0.05,70.0,36.6
2016,12,26,1017.0,21.4,80,0.0,50.0,13.5
2016,12,27,1020.4,16.6,61,0.0,10.0,48.4
2016,12,28,1023.0,14.0,60,0.0,20.0,31.0
2016,12,29,1024.1,15.9,54,0.0,10.0,27.7
2016,12,30,1024.2,16.6,60,0.0,40.0,24.7
2016,12,31,1022.8,18.2,74,0.0,60.0,30.6
2017,1,1,1021.7,19.2,80,0.0,60.0,34.2
2017,1,2,1020.2,20.2,81,0.0,70.0,17.6
2017,1,3,1019.8,20.0,83,0.0,70.0,26.1
2017,1,4,1018.7,19.9,80,0.0,70.0,27.7
2017,1,5,1016.9,21.1,80,0.0,40.0,14.3
2017,1,6,1015.1,21.6,80,0.0,40.0,20.0
2017,1,7,1013.9,21.1,79,0.0,60.0,20.8
2017,1,8,1013.4,22.6,76,0.0,30.0,6.8
2017,1,9,1016.3,20.6,78,0.0,70.0,23.3
2017,1,10,1018.1,19.4,79,0.0,70.0,36.6
2017,1,11,1018.1,19.1,80,0.0,70.0,37.8
2017,1,12,1015.5,19.0,81,0.05,70.0,28.0
2017,1,13,1015.7,15.9,84,0.5,10.0,22.9
2017,1,14,1017.9,15.7,87,1.0,50.0,29.7
2017,1,15,1020.5,15.5,85,1.5,20.0,29.3
2017,1,16,1020.4,16.3,80,0.4,70.0,35.5
2017,1,17,1021.1,18.0,76,0.0,70.0,37.3
2017,1,18,1021.2,18.9,86,0.05,60.0,24.2
2017,1,19,1020.1,20.4,85,0.0,60.0,12.8
2017,1,20,1022.4,18.3,69,0.05,10.0,26.9
2017,1,21,1025.3,16.7,67,0.0,20.0,20.1
2017,1,22,1026.1,16.4,58,0.0,20.0,18.8
2017,1,23,1025.7,16.8,71,0.0,70.0,33.0
2017,1,24,1025.4,17.0,72,0.0,70.0,43.0
2017,1,25,1025.5,17.5,76,0.0,70.0,30.7
2017,1,26,1024.3,17.3,75,0.0,80.0,27.4
2017,1,27,1022.6,17.5,69,0.0,60.0,18.8
2017,1,28,1018.6,17.3,79,0.3,60.0,30.4
2017,1,29,1016.6,19.1,88,2.4,50.0,28.2
2017,1,30,1018.2,20.2,90,1.2,40.0,22.8
2017,1,31,1020.2,16.7,87,0.5,70.0,34.3
2017,2,1,1021.3,18.4,80,0.05,60.0,23.9
2017,2,2,1022.7,16.8,83,0.05,80.0,43.0
2017,2,3,1020.3,17.1,76,0.0,70.0,31.4
2017,2,4,1016.0,18.2,79,1.6,60.0,22.2
2017,2,5,1013.9,19.0,83,3.3,20.0,11.0
2017,2,6,1015.7,18.1,80,0.05,70.0,38.5
2017,2,7,1016.9,16.7,74,0.0,70.0,47.2
2017,2,8,1016.6,17.7,78,0.05,60.0,29.7
2017,2,9,1020.2,14.0,56,0.05,10.0,39.9
2017,2,10,1023.3,12.8,56,0.0,10.0,27.7
2017,2,11,1026.3,14.0,57,0.0,10.0,22.7
2017,2,12,1026.7,15.0,66,0.0,60.0,20.8
2017,2,13,1027.1,16.1,65,0.0,60.0,30.3
2017,2,14,1028.2,17.3,62,0.0,60.0,35.3
2017,2,15,1026.1,17.4,62,0.0,60.0,28.3
2017,2,16,1021.6,18.7,69,0.0,40.0,16.3
2017,2,17,1020.6,20.4,74,0.0,30.0,10.5
2017,2,18,1021.2,19.9,76,0.0,50.0,19.1
2017,2,19,1018.0,17.9,82,0.3,60.0,30.0
2017,2,20,1013.9,21.0,84,0.05,30.0,12.8
2017,2,21,1017.1,18.3,90,4.6,60.0,35.5
2017,2,22,1015.3,18.9,91,8.0,40.0,18.5
2017,2,23,1017.4,17.9,88,0.05,20.0,18.8
2017,2,24,1022.1,13.0,81,0.05,10.0,28.0
2017,2,25,1020.9,12.2,85,0.7,10.0,22.4
2017,2,26,1021.2,13.9,79,1.4,360.0,21.7
2017,2,27,1022.5,17.0,66,0.0,70.0,33.6
2017,2,28,1020.6,17.4,64,0.0,60.0,31.3
2017,3,1,1019.5,18.8,67,0.0,20.0,11.3
2017,3,2,1019.2,19.4,45,0.0,10.0,25.5
2017,3,3,1017.0,17.4,67,0.0,80.0,32.8
2017,3,4,1014.1,18.7,73,0.0,50.0,23.4
2017,3,5,1012.4,20.7,83,0.0,40.0,15.9
2017,3,6,1013.7,20.3,80,0.05,80.0,17.3
2017,3,7,1016.5,18.0,75,0.05,80.0,37.8
2017,3,8,1017.5,16.3,86,2.8,70.0,28.5
2017,3,9,1015.7,17.0,74,0.05,70.0,35.2
2017,3,10,1012.5,17.8,90,0.05,50.0,24.3
2017,3,11,1015.1,17.5,88,0.05,60.0,31.7
2017,3,12,1014.3,18.4,90,1.0,50.0,27.0
2017,3,13,1011.8,21.7,92,0.0,40.0,11.9
2017,3,14,1015.8,19.1,94,8.5,80.0,31.0
2017,3,15,1018.2,16.8,75,0.05,80.0,44.5
2017,3,16,1016.4,17.8,78,0.05,70.0,30.9
2017,3,17,1017.2,18.1,86,0.05,60.0,34.3
2017,3,18,1017.8,18.9,90,0.3,60.0,29.1
2017,3,19,1017.3,19.8,94,10.7,50.0,28.5
2017,3,20,1015.1,21.9,86,0.05,60.0,16.4
2017,3,21,1015.0,22.9,85,0.6,70.0,19.5
2017,3,22,1014.1,18.8,88,0.9,80.0,34.2
2017,3,23,1015.0,21.2,84,0.0,50.0,16.4
2017,3,24,1016.3,20.8,83,0.05,50.0,28.4
2017,3,25,1017.2,20.2,84,0.05,20.0,23.1
2017,3,26,1022.0,15.8,76,1.0,10.0,31.6
2017,3,27,1022.7,18.9,55,0.0,60.0,30.1
2017,3,28,1019.2,20.6,70,0.0,60.0,27.6
2017,3,29,1018.3,21.7,84,0.3,60.0,27.8
2017,3,30,1017.3,21.9,89,0.05,50.0,22.5
2017,3,31,1015.3,20.1,92,21.9,10.0,23.9
2017,4,1,1019.9,18.7,70,0.2,10.0,24.1
2017,4,2,1021.5,19.9,64,0.0,90.0,30.8
2017,4,3,1020.8,20.7,68,0.0,80.0,34.0
2017,4,4,1018.4,21.9,77,0.0,80.0,31.4
2017,4,5,1014.8,23.4,81,0.0,50.0,22.0
2017,4,6,1012.5,23.5,87,0.3,50.0,17.7
2017,4,7,1012.4,24.5,84,0.0,140.0,6.8
2017,4,8,1012.2,25.0,85,0.0,50.0,6.8
2017,4,9,1009.4,25.8,84,0.0,190.0,12.0
2017,4,10,1006.6,27.0,83,0.05,200.0,27.8
2017,4,11,1007.7,26.1,90,0.6,210.0,17.0
2017,4,12,1013.2,20.6,89,21.5,20.0,26.3
2017,4,13,1017.4,20.0,80,0.05,40.0,22.7
2017,4,14,1015.2,21.9,78,0.0,80.0,17.5
2017,4,15,1013.5,23.6,86,0.0,40.0,12.2
2017,4,16,1013.3,25.7,82,0.05,70.0,12.5
2017,4,17,1010.9,26.0,79,0.05,220.0,15.8
2017,4,18,1008.9,26.7,79,0.0,250.0,23.4
2017,4,19,1009.1,26.7,78,0.0,250.0,19.5
2017,4,20,1009.8,26.1,86,3.1,170.0,17.4
2017,4,21,1008.1,26.2,88,7.8,180.0,25.2
2017,4,22,1012.9,20.6,79,6.6,10.0,26.1
2017,4,23,1014.8,20.8,83,1.4,70.0,23.7
2017,4,24,1014.3,21.5,83,0.05,70.0,32.4
2017,4,25,1012.4,21.9,92,10.9,80.0,25.2
2017,4,26,1010.9,23.7,95,2.9,50.0,12.7
2017,4,27,1012.5,22.3,88,3.5,10.0,26.9
2017,4,28,1015.2,21.8,74,0.0,90.0,17.7
2017,4,29,1014.4,23.0,75,0.0,160.0,9.6
2017,4,30,1013.3,24.0,75,0.0,120.0,7.3
2017,5,1,1012.6,25.0,81,0.0,90.0,11.2
2017,5,2,1011.9,26.1,85,0.0,130.0,8.1
2017,5,3,1011.4,27.5,82,0.05,130.0,12.2
2017,5,4,1011.9,24.9,90,42.5,150.0,12.8
2017,5,5,1013.7,26.1,81,0.0,170.0,5.1
2017,5,6,1014.8,27.5,79,0.05,100.0,10.1
2017,5,7,1014.6,25.6,86,1.8,90.0,28.5
2017,5,8,1012.0,25.9,83,9.2,90.0,19.4
2017,5,9,1012.4,25.9,81,10.8,310.0,6.1
2017,5,10,1013.8,27.1,81,0.0,90.0,7.0
2017,5,11,1013.8,27.5,81,0.0,80.0,15.1
2017,5,12,1010.9,27.5,76,0.05,120.0,11.8
2017,5,13,1010.2,25.8,80,4.7,300.0,6.2
2017,5,14,1010.4,26.7,85,0.05,140.0,10.8
2017,5,15,1008.7,25.5,94,38.5,160.0,17.6
2017,5,16,1007.6,25.0,85,3.0,10.0,21.9
2017,5,17,1009.7,26.0,77,0.0,80.0,14.9
2017,5,18,1012.0,25.5,74,0.1,80.0,36.0
2017,5,19,1011.0,24.6,80,0.7,70.0,36.3
2017,5,20,1008.7,23.9,88,0.3,70.0,31.5
2017,5,21,1007.7,23.9,90,4.4,80.0,38.4
2017,5,22,1008.1,24.6,93,5.6,90.0,34.0
2017,5,23,1007.8,26.1,93,4.1,100.0,15.9
2017,5,24,1006.8,25.3,95,273.6,350.0,15.3
2017,5,25,1008.7,25.5,79,0.0,360.0,18.9
2017,5,26,1010.2,25.0,76,0.0,40.0,17.8
2017,5,27,1010.0,26.1,65,0.05,80.0,23.9
2017,5,28,1009.6,26.7,68,0.0,90.0,27.7
2017,5,29,1009.9,26.6,74,0.0,80.0,31.4
2017,5,30,1009.4,27.0,80,0.05,80.0,18.5
2017,5,31,1006.6,28.2,79,0.0,220.0,12.0
2017,6,1,1003.2,29.1,83,0.05,240.0,37.6
2017,6,2,1002.6,29.4,85,0.05,240.0,36.1
2017,6,3,1002.7,30.0,83,0.0,240.0,30.5
2017,6,4,1003.6,30.0,81,0.05,210.0,22.9
2017,6,5,1006.2,30.3,80,0.05,160.0,21.3
2017,6,6,1009.2,30.4,78,0.05,150.0,19.4
2017,6,7,1010.0,30.0,80,4.3,150.0,14.6
2017,6,8,1009.9,29.8,80,0.0,120.0,15.4
2017,6,9,1009.2,29.5,81,1.1,120.0,20.6
2017,6,10,1008.3,29.9,79,0.05,150.0,16.1
2017,6,11,1007.0,29.8,78,0.05,130.0,10.8
2017,6,12,1001.9,27.6,87,37.7,80.0,53.5
2017,6,13,1006.2,26.4,93,219.4,240.0,32.0
2017,6,14,1008.6,28.3,85,15.6,210.0,19.8
2017,6,15,1007.6,29.2,81,14.5,230.0,31.3
2017,6,16,1005.1,29.0,85,13.5,230.0,40.3
2017,6,17,1003.7,25.5,96,138.0,230.0,19.7
2017,6,18,1004.7,26.2,91,24.2,250.0,16.2
2017,6,19,1005.3,26.2,92,32.6,260.0,11.7
2017,6,20,1005.1,26.5,91,24.8,240.0,14.0
2017,6,21,1005.3,27.4,90,95.9,230.0,28.6
2017,6,22,1007.8,29.3,81,0.05,210.0,22.4
2017,6,23,1007.7,28.9,84,10.5,180.0,19.5
2017,6,24,1006.3,28.5,85,18.3,190.0,23.0
2017,6,25,1006.9,29.2,79,4.2,240.0,25.6
2017,6,26,1008.4,29.8,78,0.1,230.0,28.1
2017,6,27,1009.5,29.5,79,1.3,230.0,24.8
2017,6,28,1010.2,29.7,77,0.0,240.0,18.3
2017,6,29,1009.7,29.6,78,0.0,230.0,9.5
2017,6,30,1007.8,29.9,75,0.0,150.0,7.9
2017,7,1,1006.3,29.2,79,7.4,210.0,18.6
2017,7,2,1005.8,28.9,84,8.8,210.0,25.8
2017,7,3,1006.1,28.5,83,8.4,200.0,22.8
2017,7,4,1008.4,26.5,92,32.3,40.0,15.3
2017,7,5,1009.3,27.8,89,27.5,80.0,25.3
2017,7,6,1008.1,27.0,93,16.3,130.0,24.9
2017,7,7,1008.5,27.3,87,35.8,200.0,23.9
2017,7,8,1009.9,27.5,91,12.8,170.0,20.4
2017,7,9,1009.7,29.3,81,1.2,190.0,19.1
2017,7,10,1008.5,29.4,77,0.6,190.0,14.6
2017,7,11,1010.1,29.5,78,0.0,130.0,12.5
2017,7,12,1011.0,29.6,79,0.05,110.0,12.1
2017,7,13,1008.8,30.2,79,0.05,100.0,14.9
2017,7,14,1007.6,29.3,82,2.3,100.0,21.1
2017,7,15,1007.4,28.7,84,8.8,90.0,26.8
2017,7,16,1007.8,27.4,90,21.0,100.0,32.8
2017,7,17,1008.9,26.2,95,184.6,80.0,32.1
2017,7,18,1011.2,25.7,96,134.3,120.0,25.6
2017,7,19,1009.3,27.4,89,12.6,90.0,17.0
2017,7,20,1008.6,28.6,85,2.0,80.0,25.0
2017,7,21,1009.4,29.3,81,0.2,80.0,29.7
2017,7,22,1008.8,29.2,81,3.3,80.0,20.0
2017,7,23,1005.7,27.2,87,46.5,10.0,26.0
2017,7,24,1005.5,27.9,89,3.3,90.0,19.9
2017,7,25,1005.1,29.6,80,0.05,100.0,15.0
2017,7,26,1004.1,29.8,77,0.0,80.0,10.8
2017,7,27,1003.4,29.0,80,0.05,80.0,28.6
2017,7,28,1003.6,30.3,73,0.0,60.0,23.2
2017,7,29,999.9,30.8,72,0.0,270.0,17.8
2017,7,30,996.0,31.8,74,0.0,300.0,24.3
2017,7,31,997.9,30.7,79,0.0,250.0,38.8
2017,8,1,1001.4,30.5,80,5.9,230.0,30.7
2017,8,2,1002.2,29.3,83,14.8,230.0,15.5
2017,8,3,1001.8,27.8,88,66.7,70.0,6.2
2017,8,4,1003.0,27.6,89,19.3,240.0,11.2
2017,8,5,1005.5,30.0,80,0.9,160.0,7.1
2017,8,6,1006.4,30.3,78,0.0,240.0,19.1
2017,8,7,1006.3,30.5,77,6.9,240.0,24.6
2017,8,8,1006.6,30.4,78,1.9,240.0,33.1
2017,8,9,1006.1,29.6,81,14.3,240.0,35.4
2017,8,10,1006.1,29.6,81,11.1,230.0,30.5
2017,8,11,1007.6,30.0,79,3.5,220.0,23.2
2017,8,12,1008.7,30.0,76,0.0,230.0,24.7
2017,8,13,1009.1,29.8,76,0.0,230.0,22.5
2017,8,14,1008.8,29.9,75,0.05,240.0,23.5
2017,8,15,1008.4,29.8,74,0.2,240.0,17.7
2017,8,16,1008.3,29.3,75,0.05,250.0,9.4
2017,8,17,1009.1,29.9,73,0.0,220.0,6.3
2017,8,18,1010.3,30.4,76,0.0,130.0,6.5
2017,8,19,1009.8,30.6,71,0.0,30.0,7.6
2017,8,20,1007.1,30.5,75,0.0,250.0,13.6
2017,8,21,1003.2,31.3,72,0.0,260.0,19.2
2017,8,22,999.7,30.9,76,2.0,20.0,14.9
2017,8,23,996.9,26.9,89,67.1,160.0,59.7
2017,8,24,1007.8,29.1,86,0.05,110.0,23.6
2017,8,25,1008.3,29.2,81,0.1,60.0,18.6
2017,8,26,1006.4,29.8,73,6.3,60.0,28.3
2017,8,27,1004.3,25.6,95,165.3,160.0,62.0
2017,8,28,1010.2,25.2,96,98.3,140.0,17.1
2017,8,29,1010.1,28.2,79,0.0,20.0,11.8
2017,8,30,1008.3,28.9,79,0.4,240.0,9.9
2017,8,31,1007.3,28.9,77,4.1,350.0,6.7
2017,9,1,1005.6,27.9,83,6.5,290.0,10.3
2017,9,2,1004.5,27.9,83,1.0,270.0,10.5
2017,9,3,1005.4,27.3,88,23.8,270.0,24.7
2017,9,4,1006.7,26.4,89,32.8,240.0,38.8
2017,9,5,1008.5,28.3,87,6.4,180.0,12.3
2017,9,6,1007.5,29.1,82,0.05,190.0,7.2
2017,9,7,1008.2,28.5,84,1.8,360.0,6.8
2017,9,8,1009.3,28.4,83,1.1,360.0,6.8
2017,9,9,1009.0,28.1,86,25.8,360.0,9.9
2017,9,10,1010.1,29.1,81,0.05,,11.0
2017,9,11,1009.7,29.8,75,0.0,360.0,8.0
2017,9,12,1009.3,29.9,77,0.6,50.0,7.8
2017,9,13,1009.5,30.0,73,0.0,70.0,33.3
2017,9,14,1008.5,29.0,64,0.0,70.0,36.0
2017,9,15,1009.5,29.4,77,0.05,70.0,15.2
2017,9,16,1009.9,29.9,73,0.0,260.0,15.3
2017,9,17,1009.4,30.1,72,0.0,270.0,9.8
2017,9,18,1009.8,29.7,75,0.0,90.0,14.5
2017,9,19,1010.2,29.1,75,0.0,90.0,16.2
2017,9,20,1009.3,29.3,78,0.2,90.0,15.0
2017,9,21,1008.6,29.4,79,0.05,80.0,13.3
2017,9,22,1009.9,29.1,83,17.9,80.0,24.2
2017,9,23,1010.8,29.0,85,33.4,80.0,30.3
2017,9,24,1008.8,28.8,84,5.6,100.0,39.8
2017,9,25,1010.1,29.4,81,0.5,120.0,26.3
2017,9,26,1011.0,29.7,78,0.0,120.0,9.8
2017,9,27,1009.6,29.9,78,0.0,200.0,6.0
2017,9,28,1009.2,30.3,72,0.0,130.0,7.6
2017,9,29,1012.2,30.2,78,0.05,90.0,21.1
2017,9,30,1013.7,28.3,86,35.0,80.0,34.7
2017,10,1,1011.7,28.4,86,6.6,90.0,28.5
2017,10,2,1011.1,29.2,83,3.6,90.0,21.6
2017,10,3,1012.3,30.1,78,0.0,90.0,18.8
2017,10,4,1014.0,28.7,82,9.5,80.0,35.7
2017,10,5,1013.3,28.5,76,0.05,70.0,38.8
2017,10,6,1013.1,28.9,75,0.2,70.0,36.4
2017,10,7,1013.0,29.3,74,0.0,70.0,39.7
2017,10,8,1011.8,28.9,75,0.0,70.0,36.8
2017,10,9,1010.1,29.4,71,0.05,70.0,53.3
2017,10,10,1010.8,29.8,74,0.05,70.0,38.9
2017,10,11,1011.2,29.8,73,0.2,70.0,31.9
2017,10,12,1009.9,29.5,69,0.0,80.0,24.8
2017,10,13,1007.9,27.0,64,0.0,360.0,34.8
2017,10,14,1004.5,24.5,68,0.4,350.0,51.5
2017,10,15,1000.3,23.3,89,20.7,360.0,65.7
2017,10,16,1008.1,26.7,91,17.1,70.0,42.3
2017,10,17,1012.2,25.8,87,41.3,60.0,44.7
2017,10,18,1013.0,26.2,74,0.05,360.0,25.2
2017,10,19,1011.9,25.4,71,0.0,350.0,33.5
2017,10,20,1012.1,24.1,69,0.0,360.0,34.4
2017,10,21,1012.1,23.6,64,0.0,360.0,33.3
2017,10,22,1012.4,22.9,60,0.0,350.0,24.7
2017,10,23,1015.6,23.7,62,0.0,360.0,22.5
2017,10,24,1018.5,24.4,65,0.0,70.0,29.1
2017,10,25,1018.8,24.1,69,0.05,70.0,32.3
2017,10,26,1016.3,24.4,71,0.0,70.0,15.2
2017,10,27,1013.9,24.9,60,0.0,360.0,10.0
2017,10,28,1014.8,24.8,54,0.0,360.0,18.5
2017,10,29,1018.0,24.1,53,0.0,360.0,31.9
2017,10,30,1020.9,22.7,55,0.05,360.0,30.7
2017,10,31,1019.7,22.0,61,0.05,70.0,31.2
2017,11,1,1017.2,23.0,66,0.0,60.0,26.4
2017,11,2,1014.3,23.8,67,0.0,60.0,19.7
2017,11,3,1015.5,24.5,63,0.0,360.0,30.2
2017,11,4,1018.9,23.6,58,0.3,60.0,35.9
2017,11,5,1018.5,23.0,64,0.05,70.0,32.2
2017,11,6,1016.4,23.3,68,0.05,60.0,28.3
2017,11,7,1016.0,23.6,75,0.3,360.0,22.4
2017,11,8,1015.9,24.6,78,0.05,80.0,25.0
2017,11,9,1015.8,24.4,74,0.05,70.0,40.8
2017,11,10,1014.9,25.0,74,0.0,70.0,27.1
2017,11,11,1014.1,24.7,78,0.0,70.0,37.4
2017,11,12,1013.6,22.1,87,14.7,70.0,44.1
2017,11,13,1013.2,21.9,91,12.5,70.0,35.9
2017,11,14,1014.6,23.0,88,0.2,70.0,28.5
2017,11,15,1016.0,23.2,84,0.0,60.0,30.8
2017,11,16,1015.1,23.4,81,0.0,60.0,29.0
2017,11,17,1011.6,24.2,84,0.0,50.0,13.1
2017,11,18,1012.2,23.9,83,1.9,360.0,19.6
2017,11,19,1017.7,19.9,84,1.0,60.0,41.5
2017,11,20,1018.8,19.3,78,0.0,360.0,29.3
2017,11,21,1018.0,19.3,77,0.0,10.0,23.0
2017,11,22,1016.5,19.8,70,0.0,350.0,26.4
2017,11,23,1019.9,17.8,64,0.0,360.0,34.1
2017,11,24,1022.1,18.0,65,0.0,360.0,28.5
2017,11,25,1021.5,18.0,73,0.0,10.0,21.8
2017,11,26,1020.2,19.7,73,0.0,10.0,13.8
2017,11,27,1018.1,20.3,78,0.05,50.0,29.3
2017,11,28,1017.4,22.2,79,0.05,50.0,28.1
2017,11,29,1016.9,23.8,82,0.0,50.0,26.4
2017,11,30,1016.9,22.3,90,0.3,70.0,34.6
2017,12,1,1018.8,21.2,73,0.05,360.0,27.0
2017,12,2,1019.1,20.1,73,0.0,360.0,23.5
2017,12,3,1017.7,20.6,76,0.0,10.0,15.2
2017,12,4,1018.3,20.1,71,0.0,360.0,18.4
2017,12,5,1020.0,18.9,71,0.0,10.0,23.3
2017,12,6,1018.5,18.8,73,0.0,70.0,28.2
2017,12,7,1018.2,19.4,69,0.0,70.0,24.6
2017,12,8,1021.2,17.6,49,0.0,360.0,39.4
2017,12,9,1019.7,15.5,56,0.0,80.0,18.9
2017,12,10,1018.2,17.8,60,0.0,10.0,12.4
2017,12,11,1018.3,18.9,58,0.0,70.0,28.6
2017,12,12,1018.4,18.6,70,0.05,70.0,36.3
2017,12,13,1017.7,18.4,79,0.05,70.0,48.6
2017,12,14,1018.1,19.3,78,0.05,70.0,37.7
2017,12,15,1019.2,19.6,81,0.0,70.0,32.5
2017,12,16,1023.4,15.8,67,0.0,360.0,43.5
2017,12,17,1026.6,12.3,64,0.0,360.0,39.4
2017,12,18,1025.5,12.8,57,0.0,360.0,32.7
2017,12,19,1025.6,13.6,46,0.0,360.0,38.6
2017,12,20,1027.3,15.2,40,0.0,360.0,36.3
2017,12,21,1025.7,15.0,53,0.0,70.0,37.5
2017,12,22,1021.2,16.8,65,0.0,50.0,31.8
2017,12,23,1017.5,19.0,73,0.0,40.0,17.4
2017,12,24,1018.1,20.2,60,0.0,360.0,22.7
2017,12,25,1019.8,17.7,53,0.0,360.0,29.1
2017,12,26,1021.0,17.6,73,0.0,70.0,33.8
2017,12,27,1021.2,17.6,75,0.0,70.0,37.1
2017,12,28,1020.7,18.5,76,0.05,60.0,29.4
2017,12,29,1021.3,19.0,77,0.0,70.0,21.9
2017,12,30,1021.6,19.5,71,0.0,50.0,23.6
2017,12,31,1021.5,18.1,65,0.05,360.0,27.4
2018,1,1,1020.5,17.3,78,0.0,70.0,28.3
2018,1,2,1019.3,17.8,78,0.0,60.0,31.7
2018,1,3,1018.5,19.4,76,0.0,60.0,32.3
2018,1,4,1016.7,18.8,82,0.2,60.0,32.4
2018,1,5,1015.3,19.3,87,0.2,60.0,25.5
2018,1,6,1014.6,16.2,92,3.7,60.0,47.3
2018,1,7,1014.3,16.8,93,16.2,50.0,32.9
2018,1,8,1015.2,15.1,95,11.6,360.0,28.8
2018,1,9,1023.1,9.0,82,9.9,350.0,38.5
2018,1,10,1024.9,12.8,46,0.05,360.0,33.9
2018,1,11,1026.1,13.8,42,0.05,360.0,31.0
2018,1,12,1027.1,12.8,46,0.0,360.0,30.3
2018,1,13,1026.0,12.9,67,0.0,70.0,42.8
2018,1,14,1022.9,14.2,70,0.0,60.0,30.5
2018,1,15,1018.9,15.3,79,0.0,60.0,24.9
2018,1,16,1015.4,17.8,75,0.0,40.0,13.9
2018,1,17,1014.4,19.8,60,0.0,30.0,9.4
2018,1,18,1016.6,19.2,76,0.0,40.0,22.3
2018,1,19,1017.8,18.6,89,0.8,50.0,22.0
2018,1,20,1016.8,19.1,79,0.05,60.0,26.1
2018,1,21,1015.6,18.7,81,0.0,60.0,23.3
2018,1,22,1013.9,20.0,80,0.0,20.0,8.5
2018,1,23,1015.3,19.2,78,0.0,70.0,23.9
2018,1,24,1015.5,17.7,78,0.0,60.0,41.8
2018,1,25,1015.7,17.2,79,0.0,60.0,40.3
2018,1,26,1017.2,17.1,85,0.05,60.0,30.8
2018,1,27,1017.0,15.5,81,0.05,60.0,36.4
2018,1,28,1014.7,16.5,81,0.0,360.0,22.0
2018,1,29,1020.1,10.5,76,0.1,350.0,34.3
2018,1,30,1020.4,10.1,82,0.2,30.0,33.0
2018,1,31,1021.0,9.4,87,19.3,350.0,37.1
2018,2,1,1022.2,10.2,64,0.0,350.0,29.2
2018,2,2,1024.6,11.1,64,0.05,350.0,37.7
2018,2,3,1025.9,10.2,55,0.0,350.0,34.3
2018,2,4,1026.1,10.2,51,0.0,360.0,33.3
2018,2,5,1026.6,9.8,48,0.0,350.0,32.3
2018,2,6,1023.7,11.1,50,0.0,360.0,32.2
2018,2,7,1021.0,12.7,56,0.0,50.0,24.8
2018,2,8,1018.8,14.0,61,0.0,360.0,24.4
2018,2,9,1016.5,15.5,76,0.0,50.0,24.1
2018,2,10,1017.4,18.0,78,0.0,50.0,15.4
2018,2,11,1022.7,16.1,63,0.0,360.0,23.7
2018,2,12,1026.4,14.9,59,0.0,360.0,20.3
2018,2,13,1023.8,15.2,64,0.0,60.0,25.3
2018,2,14,1019.1,16.8,58,0.0,30.0,17.6
2018,2,15,1016.0,19.8,76,0.0,10.0,8.4
2018,2,16,1015.0,20.6,78,0.0,210.0,6.2
2018,2,17,1016.9,17.7,85,0.05,80.0,35.5
2018,2,18,1017.6,18.3,79,0.0,50.0,22.7
2018,2,19,1016.0,21.4,81,0.05,20.0,12.4
2018,2,20,1014.3,21.0,86,0.05,30.0,16.6
2018,2,21,1014.9,18.2,84,0.05,30.0,29.2
2018,2,22,1018.2,15.1,89,2.3,360.0,33.6
2018,2,23,1019.9,14.8,85,2.0,60.0,27.7
2018,2,24,1019.0,18.3,72,0.2,60.0,21.4
2018,2,25,1018.0,20.4,80,0.05,10.0,16.0
2018,2,26,1019.8,17.3,81,0.05,60.0,25.5
2018,2,27,1017.3,19.1,71,0.0,60.0,22.4
2018,2,28,1013.7,21.4,79,0.05,30.0,10.9
2018,3,1,1012.5,21.3,86,0.0,30.0,10.2
2018,3,2,1012.1,21.3,78,0.05,40.0,18.0
2018,3,3,1011.2,22.0,91,0.0,20.0,14.0
2018,3,4,1011.0,24.0,89,0.05,140.0,8.0
2018,3,5,1012.4,25.1,84,0.0,160.0,7.0
2018,3,6,1017.2,19.8,83,0.05,60.0,32.0
2018,3,7,1016.7,19.1,79,0.05,60.0,31.1
2018,3,8,1019.4,14.5,82,20.3,360.0,41.3
2018,3,9,1022.8,14.8,61,0.0,360.0,27.2
2018,3,10,1022.1,16.7,66,0.0,60.0,25.8
2018,3,11,1021.5,18.0,69,0.0,60.0,28.3
2018,3,12,1019.0,19.6,71,0.0,30.0,17.4
2018,3,13,1016.7,20.9,75,0.0,30.0,14.9
2018,3,14,1014.8,20.2,83,2.4,30.0,21.8
2018,3,15,1013.2,22.1,84,0.05,10.0,10.8
2018,3,16,1014.8,22.7,81,0.0,90.0,9.6
2018,3,17,1017.3,19.5,85,0.05,70.0,42.9
2018,3,18,1016.0,20.8,83,0.05,50.0,24.9
2018,3,19,1011.7,22.8,86,0.05,40.0,10.2
2018,3,20,1013.0,21.4,70,0.05,360.0,25.0
2018,3,21,1016.7,18.7,51,0.0,360.0,30.1
2018,3,22,1016.9,19.5,57,0.0,360.0,18.9
2018,3,23,1018.4,20.5,68,0.0,60.0,21.3
2018,3,24,1018.9,21.1,77,0.05,60.0,28.0
2018,3,25,1019.4,21.7,68,0.05,60.0,28.5
2018,3,26,1018.3,22.6,71,0.0,30.0,11.7
2018,3,27,1016.2,22.8,73,0.0,30.0,10.5
2018,3,28,1014.7,22.7,77,0.0,70.0,15.3
2018,3,29,1014.3,22.9,78,0.0,50.0,17.5
2018,3,30,1015.4,23.5,76,0.0,80.0,17.1
2018,3,31,1015.5,23.5,65,0.0,70.0,26.0
2018,4,1,1014.5,23.6,73,0.0,40.0,11.2
2018,4,2,1013.6,24.3,71,0.0,10.0,6.5
2018,4,3,1013.6,24.7,74,0.0,120.0,4.0
2018,4,4,1012.7,24.7,78,0.0,120.0,9.8
2018,4,5,1011.6,24.6,78,0.0,110.0,7.1
2018,4,6,1015.1,22.3,70,0.05,360.0,26.2
2018,4,7,1023.6,18.0,45,0.05,10.0,38.6
2018,4,8,1020.7,20.1,53,0.0,360.0,16.7
2018,4,9,1017.6,22.0,75,0.0,60.0,17.4
2018,4,10,1014.7,23.8,78,0.0,90.0,11.0
2018,4,11,1012.3,24.6,83,0.0,130.0,9.9
2018,4,12,1011.1,25.6,82,0.0,130.0,8.8
2018,4,13,1011.7,26.7,79,0.05,130.0,11.9
2018,4,14,1011.3,26.7,79,0.05,180.0,6.7
2018,4,15,1014.2,21.0,85,17.2,350.0,21.0
2018,4,16,1016.5,18.5,88,2.0,360.0,24.4
2018,4,17,1017.1,19.9,82,0.2,10.0,19.1
2018,4,18,1015.8,22.5,78,0.1,80.0,22.7
2018,4,19,1014.6,23.2,76,0.0,70.0,21.6
2018,4,20,1014.1,23.2,83,0.05,70.0,27.7
2018,4,21,1013.1,24.5,83,0.05,60.0,21.4
2018,4,22,1011.2,25.2,86,0.05,70.0,13.8
2018,4,23,1009.2,26.3,79,0.05,130.0,7.6
2018,4,24,1009.9,25.2,85,8.2,350.0,7.5
2018,4,25,1012.1,23.7,79,0.05,70.0,26.9
2018,4,26,1013.6,23.4,84,0.3,70.0,24.0
2018,4,27,1015.0,24.9,80,0.05,40.0,11.6
2018,4,28,1015.0,24.5,84,0.1,70.0,22.8
2018,4,29,1013.3,25.6,82,0.05,70.0,14.4
2018,4,30,1012.9,26.1,85,0.05,50.0,9.8
2018,5,1,1012.5,27.3,80,0.05,80.0,6.0
2018,5,2,1012.4,27.9,75,0.0,230.0,15.7
2018,5,3,1014.1,27.1,80,1.9,80.0,26.5
2018,5,4,1016.1,23.8,82,0.8,70.0,38.0
2018,5,5,1015.5,25.3,82,0.05,60.0,24.7
2018,5,6,1011.3,27.6,80,1.0,210.0,17.3
2018,5,7,1007.2,28.0,82,6.7,200.0,34.3
2018,5,8,1008.3,25.2,91,28.4,20.0,12.5
2018,5,9,1012.9,24.6,88,5.4,80.0,41.2
2018,5,10,1015.0,23.0,89,8.0,80.0,51.6
2018,5,11,1014.2,23.8,86,1.0,70.0,34.0
2018,5,12,1012.3,26.5,82,0.0,50.0,10.2
2018,5,13,1011.0,27.7,79,0.0,230.0,15.1
2018,5,14,1010.0,28.6,77,0.0,230.0,18.6
2018,5,15,1009.3,28.7,76,0.0,150.0,14.5
2018,5,16,1008.8,28.6,74,0.0,150.0,12.7
2018,5,17,1008.2,29.4,75,0.0,200.0,16.5
2018,5,18,1007.7,29.8,74,0.0,220.0,16.9
2018,5,19,1007.7,29.8,74,0.0,230.0,16.6
2018,5,20,1008.4,30.1,72,0.0,220.0,16.0
2018,5,21,1009.5,30.3,71,0.0,190.0,8.2
2018,5,22,1010.5,30.4,69,0.0,180.0,11.0
2018,5,23,1009.6,30.5,69,0.0,220.0,16.2
2018,5,24,1009.3,30.0,73,0.0,150.0,12.3
2018,5,25,1008.2,29.8,71,0.05,190.0,15.7
2018,5,26,1008.3,30.7,72,0.9,220.0,23.5
2018,5,27,1008.9,30.0,76,3.4,230.0,23.7
2018,5,28,1009.0,30.3,72,0.0,260.0,16.9
2018,5,29,1009.6,31.1,69,0.0,250.0,21.5
2018,5,30,1009.7,31.2,69,0.0,230.0,19.4
2018,5,31,1009.7,31.1,70,0.0,230.0,20.2
2018,6,1,1009.9,30.2,75,0.0,70.0,17.8
2018,6,2,1010.5,29.1,74,0.05,80.0,33.6
2018,6,3,1008.4,29.3,74,0.05,80.0,29.5
2018,6,4,1007.4,28.0,85,12.4,80.0,37.6
2018,6,5,1006.8,27.1,92,28.2,100.0,21.2
2018,6,6,1005.0,27.2,93,58.3,100.0,28.3
2018,6,7,1004.3,27.3,92,47.4,,
2018,6,8,1001.0,27.8,88,70.2,,
2018,6,9,999.1,28.6,79,4.8,,
2018,6,10,1000.4,30.0,69,0.0,280.0,12.8
2018,6,11,1002.4,30.5,59,0.0,360.0,14.6
2018,6,12,1002.4,27.5,88,39.6,80.0,17.8
2018,6,13,998.2,26.6,94,109.3,70.0,17.3
2018,6,14,998.3,26.8,82,1.3,360.0,14.7
2018,6,15,1001.8,27.1,76,0.2,80.0,18.4
2018,6,16,1003.6,28.4,70,0.0,70.0,41.0
2018,6,17,1002.3,28.3,72,0.05,70.0,37.1
2018,6,18,1002.0,28.9,77,0.05,230.0,27.8
2018,6,19,1004.1,29.6,79,0.05,230.0,32.7
2018,6,20,1005.5,30.2,78,0.05,220.0,31.1
2018,6,21,1005.9,30.0,81,2.6,220.0,27.1
2018,6,22,1006.2,27.8,87,32.9,180.0,19.1
2018,6,23,1006.7,27.0,90,25.6,190.0,19.3
2018,6,24,1008.2,28.7,84,18.1,130.0,25.8
2018,6,25,1008.9,28.1,85,6.2,160.0,25.9
2018,6,26,1010.6,29.2,80,1.7,150.0,16.9
2018,6,27,1010.0,29.2,78,0.05,210.0,8.7
2018,6,28,1007.0,29.7,75,0.0,230.0,19.5
2018,6,29,1004.2,30.1,76,0.05,240.0,30.3
2018,6,30,1004.1,30.4,76,0.05,230.0,32.3
2018,7,1,1004.1,30.2,77,4.1,230.0,28.1
2018,7,2,1003.4,29.5,81,2.1,220.0,29.5
2018,7,3,1002.5,29.7,81,15.4,220.0,31.3
2018,7,4,1002.2,30.3,78,3.4,220.0,32.4
2018,7,5,1002.3,30.0,78,1.5,210.0,28.9
2018,7,6,1002.6,30.1,80,5.0,190.0,20.0
2018,7,7,1003.3,29.0,84,5.2,190.0,13.5
2018,7,8,1004.4,28.2,88,14.4,40.0,17.1
2018,7,9,1005.7,28.2,85,11.3,60.0,32.5
2018,7,10,1005.1,29.0,80,1.3,90.0,23.2
2018,7,11,1001.8,29.6,74,0.0,220.0,13.4
2018,7,12,1003.3,30.0,77,0.05,80.0,19.2
2018,7,13,1003.9,26.7,93,50.4,80.0,24.9
2018,7,14,1004.0,27.0,91,52.7,90.0,37.9
2018,7,15,1004.0,26.6,89,67.4,80.0,46.8
2018,7,16,1003.8,28.2,81,5.8,70.0,41.8
2018,7,17,1002.4,30.0,78,6.5,70.0,29.8
2018,7,18,1003.9,27.7,88,29.6,90.0,42.3
2018,7,19,1004.6,27.9,87,17.3,80.0,36.4
2018,7,20,1003.8,28.2,87,7.1,80.0,26.1
2018,7,21,1002.6,29.5,75,0.0,230.0,12.2
2018,7,22,1002.3,29.0,76,0.05,230.0,15.0
2018,7,23,1001.8,28.4,87,30.8,120.0,26.0
2018,7,24,1003.6,29.8,80,0.1,140.0,30.8
2018,7,25,1005.8,29.4,83,2.7,110.0,15.5
2018,7,26,1006.5,29.6,82,3.4,120.0,14.8
2018,7,27,1006.7,29.8,78,0.3,140.0,11.4
2018,7,28,1006.7,30.2,75,0.0,120.0,10.4
2018,7,29,1005.8,30.2,73,0.0,200.0,9.0
2018,7,30,1005.6,30.4,74,0.0,220.0,12.0
2018,7,31,1005.5,30.2,76,3.3,230.0,18.9
2018,8,1,1004.6,29.9,78,2.7,230.0,20.1
2018,8,2,1003.8,30.0,78,6.1,230.0,25.9
2018,8,3,1003.4,30.1,77,0.05,230.0,22.1
2018,8,4,1004.7,29.8,79,5.0,200.0,10.0
2018,8,5,1005.9,30.3,77,0.5,140.0,7.3
2018,8,6,1005.4,30.2,76,0.0,90.0,7.3
2018,8,7,1004.4,30.0,78,0.0,80.0,9.5
2018,8,8,1004.2,30.3,75,0.5,90.0,27.1
2018,8,9,1003.3,30.4,74,0.05,80.0,38.5
2018,8,10,1001.7,27.2,92,47.9,80.0,25.5
2018,8,11,998.7,27.0,93,51.9,100.0,25.6
2018,8,12,996.5,26.9,93,18.9,100.0,23.9
2018,8,13,996.3,28.9,84,0.1,80.0,24.5
2018,8,14,996.2,27.6,90,32.9,90.0,28.3
2018,8,15,999.2,28.2,86,2.2,130.0,22.5
2018,8,16,1000.1,27.8,89,3.2,140.0,19.5
2018,8,17,1000.2,27.2,91,36.1,210.0,8.2
2018,8,18,1001.4,28.4,84,21.8,230.0,14.2
2018,8,19,1002.5,28.6,84,31.2,240.0,22.5
2018,8,20,1002.3,27.8,88,61.1,230.0,14.3
2018,8,21,1000.2,28.3,86,25.7,10.0,8.1
2018,8,22,1000.1,28.5,83,26.4,270.0,12.7
2018,8,23,1001.7,27.7,86,24.9,280.0,20.1
2018,8,24,1001.6,29.1,82,0.1,270.0,17.5
2018,8,25,999.8,30.3,73,0.0,270.0,20.7
2018,8,26,999.5,28.9,77,80.2,360.0,9.1
2018,8,27,1001.3,27.0,87,27.3,220.0,14.5
2018,8,28,1002.2,26.3,93,71.6,200.0,16.8
2018,8,29,1002.5,27.4,89,23.3,180.0,34.9
2018,8,30,1005.5,28.0,87,6.3,180.0,36.3
2018,8,31,1009.3,27.9,88,7.2,150.0,30.2
2018,9,1,1009.9,26.3,93,32.0,150.0,12.7
2018,9,2,1007.9,26.8,88,9.8,30.0,5.8
2018,9,3,1006.9,27.7,82,0.3,230.0,9.3
2018,9,4,1005.7,29.1,80,0.0,240.0,23.8
2018,9,5,1004.9,29.8,79,0.1,250.0,18.8
2018,9,6,1005.4,29.6,82,0.0,30.0,7.5
2018,9,7,1006.3,29.4,80,0.05,100.0,6.1
2018,9,8,1008.6,27.4,81,24.6,360.0,16.1
2018,9,9,1011.5,27.1,76,16.7,360.0,24.9
2018,9,10,1012.5,26.1,80,0.2,70.0,15.0
2018,9,11,1009.3,28.2,65,0.0,350.0,10.8
2018,9,12,1007.7,27.8,78,0.05,70.0,43.3
2018,9,13,1009.4,27.7,84,2.5,70.0,33.5
2018,9,14,1009.2,28.8,78,0.0,40.0,13.0
2018,9,15,1002.8,30.7,65,0.05,10.0,23.3
2018,9,16,990.9,26.4,86,167.5,10.0,102.1
2018,9,17,1008.6,27.5,89,12.0,100.0,38.9
2018,9,18,1013.7,28.2,85,1.2,80.0,21.8
2018,9,19,1012.7,28.6,77,0.0,,
2018,9,20,1011.0,29.0,77,0.0,220.0,15.8
2018,9,21,1011.6,29.2,71,0.0,160.0,7.5
2018,9,22,1013.3,29.2,76,0.0,100.0,8.3
2018,9,23,1013.1,29.0,78,0.05,100.0,9.1
2018,9,24,1011.1,27.0,88,72.2,90.0,9.5
2018,9,25,1009.9,27.0,80,34.5,100.0,20.1
2018,9,26,1009.6,26.8,81,9.7,100.0,14.5
2018,9,27,1009.8,27.3,77,0.05,100.0,6.5
2018,9,28,1009.9,27.6,70,0.0,360.0,14.4
2018,9,29,1008.9,27.4,60,0.0,350.0,25.2
2018,9,30,1010.5,27.5,60,0.0,360.0,23.0
2018,10,1,1013.9,26.8,70,2.9,80.0,19.7
2018,10,2,1014.9,27.2,67,0.0,80.0,24.8
2018,10,3,1015.3,26.9,68,0.0,90.0,21.0
2018,10,4,1013.8,26.9,54,0.0,350.0,14.4
2018,10,5,1012.1,27.1,40,0.0,350.0,24.5
2018,10,6,1013.4,26.8,48,0.0,350.0,19.9
2018,10,7,1014.7,27.1,69,0.0,80.0,20.3
2018,10,8,1014.2,26.7,75,2.0,80.0,23.5
2018,10,9,1013.7,26.5,78,0.6,90.0,16.8
2018,10,10,1014.7,24.8,83,42.8,360.0,16.1
2018,10,11,1017.6,23.2,72,0.0,360.0,28.8
2018,10,12,1018.9,23.8,73,0.3,80.0,29.3
2018,10,13,1017.5,24.7,72,0.4,80.0,34.6
2018,10,14,1015.5,25.3,79,0.6,80.0,28.3
2018,10,15,1014.6,25.6,84,31.4,90.0,20.5
2018,10,16,1013.2,24.3,92,8.9,10.0,13.4
2018,10,17,1012.5,23.5,84,1.5,10.0,18.6
2018,10,18,1014.7,22.5,87,12.6,50.0,40.5
2018,10,19,1017.2,24.2,77,0.2,70.0,49.2
2018,10,20,1018.6,24.0,78,0.05,70.0,40.6
2018,10,21,1017.6,24.8,77,0.05,80.0,30.1
2018,10,22,1015.9,25.0,81,0.05,70.0,12.6
2018,10,23,1016.5,25.3,79,0.1,70.0,17.1
2018,10,24,1016.8,25.2,80,0.05,80.0,25.9
2018,10,25,1017.0,25.5,79,0.0,80.0,21.3
2018,10,26,1016.5,26.3,76,0.0,360.0,12.7
2018,10,27,1018.1,25.4,61,0.0,360.0,25.8
2018,10,28,1017.4,24.3,54,0.0,360.0,13.9
2018,10,29,1015.1,25.2,35,0.0,360.0,18.7
2018,10,30,1014.8,25.7,33,0.0,360.0,29.9
2018,10,31,1014.2,25.0,37,0.0,360.0,39.6
2018,11,1,1012.5,24.6,45,0.0,360.0,42.7
2018,11,2,1015.5,22.4,70,0.1,360.0,28.7
2018,11,3,1016.7,21.5,86,8.3,360.0,17.3
2018,11,4,1016.6,23.7,83,0.05,80.0,28.3
2018,11,5,1016.8,24.5,79,0.05,70.0,35.1
2018,11,6,1017.5,24.7,78,0.0,70.0,34.5
2018,11,7,1017.6,25.0,77,0.0,70.0,29.0
2018,11,8,1016.6,25.2,75,0.05,10.0,11.9
2018,11,9,1016.8,24.5,74,0.0,360.0,28.4
2018,11,10,1017.9,23.9,78,0.05,70.0,45.2
2018,11,11,1017.0,23.8,79,0.0,70.0,26.2
2018,11,12,1014.2,24.9,77,0.05,100.0,10.3
2018,11,13,1014.1,24.3,76,0.05,70.0,29.8
2018,11,14,1015.6,23.5,76,0.05,80.0,40.7
2018,11,15,1015.8,23.2,82,0.05,70.0,40.8
2018,11,16,1015.2,23.9,85,1.1,70.0,29.1
2018,11,17,1015.8,23.5,87,0.5,70.0,35.3
2018,11,18,1016.2,23.8,84,0.0,70.0,24.4
2018,11,19,1017.5,23.9,75,0.0,10.0,21.5
2018,11,20,1017.4,23.1,80,0.1,70.0,36.1
2018,11,21,1016.4,23.9,81,2.4,60.0,22.0
2018,11,22,1019.9,20.4,65,0.2,360.0,34.5
2018,11,23,1020.1,20.9,66,0.05,360.0,22.3
2018,11,24,1019.7,21.7,73,0.05,70.0,32.1
2018,11,25,1018.8,19.5,84,21.0,40.0,24.6
2018,11,26,1018.9,19.0,89,15.7,40.0,22.7
2018,11,27,1019.0,20.5,83,16.3,40.0,25.9
2018,11,28,1019.3,20.3,89,7.7,60.0,30.8
2018,11,29,1021.0,21.3,75,0.05,70.0,30.3
2018,11,30,1020.4,21.5,72,0.0,70.0,32.1
2018,12,1,1018.3,22.1,78,0.0,60.0,27.7
2018,12,2,1016.4,22.4,83,0.0,60.0,21.5
2018,12,3,1016.5,23.7,79,0.0,40.0,15.0
2018,12,4,1016.0,24.8,78,0.0,20.0,10.5
2018,12,5,1015.5,23.6,82,0.05,70.0,35.1
2018,12,6,1015.5,23.3,84,0.1,70.0,25.2
2018,12,7,1018.5,21.1,88,1.0,70.0,34.3
2018,12,8,1021.6,18.0,76,0.0,10.0,29.6
2018,12,9,1021.5,17.0,75,0.05,10.0,24.9
2018,12,10,1019.7,17.0,75,0.2,360.0,21.4
2018,12,11,1020.3,18.0,68,0.05,350.0,29.7
2018,12,12,1024.2,14.9,67,0.0,360.0,33.6
2018,12,13,1025.1,15.6,68,0.0,360.0,28.0
2018,12,14,1025.3,16.8,72,0.0,10.0,25.6
2018,12,15,1023.5,18.9,75,0.0,50.0,22.6
2018,12,16,1022.0,19.3,74,0.05,360.0,20.5
2018,12,17,1022.2,18.0,56,0.0,360.0,22.8
2018,12,18,1022.2,18.1,60,0.0,70.0,27.9
2018,12,19,1019.5,19.9,78,0.0,60.0,31.5
2018,12,20,1016.5,21.6,84,0.0,40.0,16.9
2018,12,21,1016.1,22.4,86,0.0,70.0,21.2
2018,12,22,1017.0,22.2,77,0.0,50.0,21.9
2018,12,23,1017.6,20.1,89,10.5,360.0,27.9
2018,12,24,1017.5,18.0,86,0.1,360.0,27.8
2018,12,25,1015.5,19.7,81,0.0,60.0,25.8
2018,12,26,1014.3,20.9,84,0.0,30.0,5.9
2018,12,27,1016.6,20.6,79,0.05,70.0,27.2
2018,12,28,1021.6,18.1,70,0.05,360.0,34.8
2018,12,29,1026.1,14.0,68,0.05,360.0,40.3
2018,12,30,1026.5,12.6,67,0.05,360.0,37.7
2018,12,31,1027.0,13.2,68,0.0,360.0,26.8
2019,1,1,1026.5,13.8,68,0.05,350.0,26.5
2019,1,2,1025.4,14.8,68,0.05,360.0,26.3
2019,1,3,1024.3,16.2,84,0.1,30.0,26.0
2019,1,4,1022.8,18.8,83,0.1,70.0,30.1
2019,1,5,1020.5,19.8,87,0.0,330.0,6.3
2019,1,6,1021.5,18.6,83,0.05,20.0,20.0
2019,1,7,1021.4,18.5,83,0.0,70.0,27.2
2019,1,8,1021.3,19.2,84,0.2,70.0,18.3
2019,1,9,1022.3,17.8,84,0.0,70.0,32.5
2019,1,10,1020.2,19.2,82,0.0,60.0,24.5
2019,1,11,1018.6,20.6,84,0.0,40.0,12.8
2019,1,12,1018.3,20.9,83,0.05,20.0,6.7
2019,1,13,1019.3,18.5,89,0.05,70.0,27.0
2019,1,14,1018.8,18.5,86,0.05,70.0,25.7
2019,1,15,1018.8,19.0,88,4.0,60.0,21.7
2019,1,16,1020.5,17.3,72,0.0,360.0,26.5
2019,1,17,1022.2,16.7,70,0.0,360.0,20.2
2019,1,18,1022.1,17.1,75,0.0,60.0,26.4
2019,1,19,1019.6,18.8,75,0.2,50.0,20.7
2019,1,20,1018.9,20.4,73,0.1,30.0,20.6
2019,1,21,1021.8,17.8,64,0.0,360.0,25.6
2019,1,22,1022.3,16.0,53,0.0,360.0,23.6
2019,1,23,1021.0,16.2,62,0.0,10.0,15.5
2019,1,24,1020.6,16.9,71,0.0,60.0,25.6
2019,1,25,1021.2,18.7,67,0.0,50.0,14.8
2019,1,26,1023.1,18.2,73,0.0,70.0,28.5
2019,1,27,1023.6,16.9,71,0.0,70.0,37.5
2019,1,28,1021.6,17.5,68,0.0,60.0,28.8
2019,1,29,1021.4,18.5,74,0.0,40.0,24.6
2019,1,30,1020.8,19.3,73,0.0,50.0,25.8
2019,1,31,1018.9,21.7,76,0.0,10.0,11.8
2019,2,1,1021.6,18.8,70,0.0,10.0,25.7
2019,2,2,1018.4,18.6,80,0.05,50.0,28.6
2019,2,3,1017.2,21.8,83,0.05,20.0,11.3
2019,2,4,1018.1,21.7,83,0.0,70.0,12.8
2019,2,5,1017.4,20.1,84,0.0,50.0,23.7
2019,2,6,1014.5,22.1,85,0.0,30.0,12.3
2019,2,7,1014.8,23.0,83,0.05,170.0,9.0
2019,2,8,1015.3,21.7,87,0.05,70.0,22.8
2019,2,9,1017.9,19.3,90,0.8,70.0,38.8
2019,2,10,1021.7,18.0,90,0.8,60.0,41.6
2019,2,11,1024.3,18.4,85,0.05,40.0,27.3
2019,2,12,1024.2,19.0,82,0.2,60.0,23.7
2019,2,13,1021.8,21.1,80,0.0,30.0,14.7
2019,2,14,1020.6,20.4,83,0.05,60.0,28.8
2019,2,15,1019.9,20.4,84,0.2,60.0,24.9
2019,2,16,1017.9,22.4,81,0.0,70.0,17.7
2019,2,17,1017.8,18.8,86,0.1,70.0,43.5
2019,2,18,1015.4,17.9,90,18.1,70.0,35.3
2019,2,19,1016.8,20.3,91,31.0,30.0,21.9
2019,2,20,1018.5,22.6,92,0.2,10.0,14.0
2019,2,21,1017.4,21.4,93,0.05,30.0,17.6
2019,2,22,1017.2,20.4,82,1.6,10.0,18.4
2019,2,23,1015.8,18.1,87,12.3,60.0,36.5
2019,2,24,1016.9,16.9,83,3.4,10.0,17.9
2019,2,25,1017.5,18.0,85,0.05,30.0,20.0
2019,2,26,1017.6,18.7,88,0.05,60.0,34.4
2019,2,27,1015.5,20.7,85,0.05,40.0,20.2
2019,2,28,1014.7,22.8,85,0.0,20.0,12.7
2019,3,1,1016.1,20.8,89,0.4,60.0,30.6
2019,3,2,1012.7,21.5,87,0.05,70.0,23.3
2019,3,3,1011.3,21.5,87,6.3,10.0,8.0
2019,3,4,1013.7,20.9,82,10.2,80.0,26.1
2019,3,5,1012.1,22.2,88,30.3,70.0,22.7
2019,3,6,1013.2,20.5,92,45.5,40.0,24.5
2019,3,7,1015.8,17.9,93,29.6,40.0,39.5
2019,3,8,1016.0,16.5,92,11.5,60.0,46.0
2019,3,9,1012.2,17.8,95,14.5,50.0,25.0
2019,3,10,1013.6,17.7,87,4.6,360.0,17.3
2019,3,11,1014.9,18.4,81,7.6,360.0,17.0
2019,3,12,1016.4,20.1,77,0.0,70.0,21.0
2019,3,13,1017.8,20.8,71,0.0,50.0,30.2
2019,3,14,1018.3,20.4,83,6.4,60.0,32.4
2019,3,15,1020.6,18.7,81,0.4,10.0,25.1
2019,3,16,1020.0,20.2,65,0.0,70.0,35.0
2019,3,17,1018.9,20.9,77,0.0,70.0,34.1
2019,3,18,1016.8,21.7,82,0.0,60.0,20.1
2019,3,19,1014.8,23.4,84,0.0,100.0,9.0
2019,3,20,1013.0,23.5,88,0.0,90.0,14.3
2019,3,21,1011.4,25.3,81,0.0,160.0,7.6
2019,3,22,1012.0,25.8,84,0.05,160.0,13.8
2019,3,23,1017.1,20.0,89,3.3,60.0,39.6
2019,3,24,1018.0,17.5,88,0.3,70.0,44.9
2019,3,25,1016.8,20.5,85,1.0,60.0,19.1
2019,3,26,1018.5,21.9,85,0.0,70.0,26.4
2019,3,27,1017.1,22.3,82,0.05,60.0,22.8
2019,3,28,1012.6,24.4,84,0.0,30.0,7.4
2019,3,29,1010.5,24.4,86,6.9,230.0,14.2
2019,3,30,1013.3,23.1,86,0.05,60.0,20.0
2019,3,31,1016.8,21.4,85,7.7,70.0,44.3
2019,4,1,1019.3,20.3,81,0.05,70.0,45.3
2019,4,2,1018.2,20.7,76,0.05,70.0,35.4
2019,4,3,1016.9,22.8,80,0.05,60.0,23.3
2019,4,4,1016.7,21.7,83,0.05,70.0,29.2
2019,4,5,1014.5,24.0,76,0.0,10.0,13.7
2019,4,6,1013.0,25.1,79,0.0,230.0,13.1
2019,4,7,1012.5,25.7,80,0.0,230.0,12.0
2019,4,8,1011.6,26.7,80,0.0,210.0,13.8
2019,4,9,1011.1,26.6,81,0.0,180.0,17.1
2019,4,10,1010.9,27.1,80,0.0,220.0,16.7
2019,4,11,1010.0,27.3,81,0.7,180.0,15.0
2019,4,12,1013.3,22.3,89,6.1,70.0,43.0
2019,4,13,1014.3,21.2,92,3.8,70.0,38.5
2019,4,14,1013.8,22.7,90,10.4,50.0,25.7
2019,4,15,1014.4,22.1,85,1.1,70.0,41.7
2019,4,16,1012.6,21.2,91,9.2,70.0,24.2
2019,4,17,1012.2,23.5,85,0.0,50.0,9.3
2019,4,18,1010.0,24.0,90,6.7,80.0,18.2
2019,4,19,1007.7,23.7,93,75.8,40.0,18.0
2019,4,20,1007.2,23.3,95,43.6,30.0,14.3
2019,4,21,1008.0,26.2,88,0.3,30.0,7.4
2019,4,22,1009.3,27.5,84,0.0,190.0,10.0
2019,4,23,1010.4,28.0,81,0.0,220.0,13.4
2019,4,24,1009.9,28.0,78,0.0,220.0,16.9
2019,4,25,1009.3,28.5,77,0.0,230.0,18.6
2019,4,26,1010.4,28.4,81,0.9,220.0,13.4
2019,4,27,1012.8,24.9,86,16.6,80.0,39.5
2019,4,28,1013.2,24.3,89,3.1,70.0,31.0
2019,4,29,1010.9,26.4,86,0.0,70.0,12.7
2019,4,30,1008.0,26.7,82,7.5,180.0,17.3
2019,5,1,1009.1,25.4,78,0.2,20.0,17.8
2019,5,2,1012.1,23.0,80,0.5,60.0,36.5
2019,5,3,1014.5,21.8,81,5.3,60.0,36.7
2019,5,4,1013.2,22.6,76,8.4,70.0,43.4
2019,5,5,1009.4,21.7,93,8.3,60.0,39.9
2019,5,6,1008.7,21.8,90,11.3,60.0,42.0
2019,5,7,1010.2,20.5,87,17.0,70.0,49.6
2019,5,8,1009.3,20.4,88,25.1,60.0,42.1
2019,5,9,1008.1,22.7,90,10.0,40.0,20.3
2019,5,10,1010.0,23.9,87,0.0,80.0,13.0
2019,5,11,1011.5,25.3,76,0.0,70.0,15.4
2019,5,12,1011.2,25.5,80,0.0,50.0,22.1
2019,5,13,1010.5,25.1,89,0.05,40.0,19.4
2019,5,14,1009.2,27.5,84,0.0,30.0,8.6
2019,5,15,1009.1,28.5,85,0.05,160.0,8.9
2019,5,16,1007.4,29.2,83,0.8,230.0,30.2
2019,5,17,1005.5,29.6,80,0.1,230.0,28.9
2019,5,18,1005.2,30.0,80,0.05,230.0,26.9
2019,5,19,1006.9,30.2,80,0.0,220.0,25.3
2019,5,20,1008.0,29.1,83,9.0,230.0,14.5
2019,5,21,1010.8,25.0,82,3.3,70.0,34.3
2019,5,22,1010.1,25.3,83,0.7,70.0,17.3
2019,5,23,1010.2,25.9,90,6.5,80.0,26.2
2019,5,24,1011.0,24.8,92,21.5,80.0,37.5
2019,5,25,1008.8,26.7,90,2.4,70.0,24.7
2019,5,26,1007.8,26.5,92,15.1,120.0,12.6
2019,5,27,1008.1,26.5,93,27.8,140.0,10.5
2019,5,28,1008.7,25.9,92,43.9,30.0,10.6
2019,5,29,1009.9,24.7,91,3.2,70.0,41.4
2019,5,30,1010.1,24.4,89,3.2,70.0,37.3
2019,5,31,1008.7,25.7,93,11.0,70.0,13.8
2019,6,1,1007.5,27.2,87,32.6,220.0,18.9
2019,6,2,1007.2,27.2,86,3.0,240.0,20.3
2019,6,3,1007.3,27.5,85,34.1,220.0,24.2
2019,6,4,1008.6,28.0,89,38.1,220.0,17.0
2019,6,5,1009.5,29.4,82,0.0,190.0,14.5
2019,6,6,1010.4,30.2,78,0.05,180.0,17.8
2019,6,7,1010.4,30.1,77,0.0,210.0,21.0
2019,6,8,1008.5,30.1,76,1.1,220.0,24.7
2019,6,9,1005.4,30.1,79,4.1,220.0,35.6
2019,6,10,1003.5,29.5,81,3.3,220.0,29.5
2019,6,11,1004.4,27.5,91,111.6,220.0,11.8
2019,6,12,1005.3,27.5,91,1.5,40.0,17.3
2019,6,13,1003.0,27.7,88,55.8,30.0,13.8
2019,6,14,1002.4,28.4,76,16.5,,
2019,6,15,1005.3,28.6,74,0.05,,
2019,6,16,1006.5,27.9,80,0.0,,
2019,6,17,1007.3,27.6,88,4.7,,
2019,6,18,1008.1,28.6,88,11.1,,
2019,6,19,1007.8,28.9,87,14.0,,
2019,6,20,1006.9,30.1,80,0.5,230.0,25.5
2019,6,21,1005.9,30.8,77,0.7,220.0,30.0
2019,6,22,1004.7,30.7,78,0.7,220.0,31.6
2019,6,23,1004.8,30.3,80,3.2,230.0,30.4
2019,6,24,1006.2,29.1,85,16.8,220.0,27.5
2019,6,25,1006.7,27.2,89,35.4,70.0,9.4
2019,6,26,1004.0,28.6,86,0.9,230.0,12.9
2019,6,27,1001.7,30.2,83,3.5,230.0,17.2
2019,6,28,1001.7,30.5,82,2.2,200.0,19.7
2019,6,29,1001.6,31.0,79,0.6,190.0,21.6
2019,6,30,1001.6,29.5,85,33.1,190.0,11.7
2019,7,1,1001.6,30.0,82,15.3,80.0,27.7
2019,7,2,1001.4,28.9,85,19.1,70.0,32.7
2019,7,3,1004.0,26.6,95,79.1,170.0,19.4
2019,7,4,1006.3,29.1,84,13.0,190.0,28.9
2019,7,5,1004.9,29.5,79,1.3,230.0,31.4
2019,7,6,1003.5,29.8,80,1.5,230.0,31.2
2019,7,7,1004.7,29.7,81,4.3,210.0,30.9
2019,7,8,1005.6,30.1,79,0.1,210.0,31.1
2019,7,9,1003.4,30.0,80,6.0,220.0,38.2
2019,7,10,1003.5,28.6,86,14.3,230.0,30.0
2019,7,11,1007.5,28.8,86,6.0,190.0,15.1
2019,7,12,1007.4,29.9,80,2.6,210.0,29.4
2019,7,13,1005.4,30.1,77,0.05,220.0,35.5
2019,7,14,1004.0,30.1,79,0.05,220.0,29.9
2019,7,15,1004.8,30.4,77,0.0,190.0,11.5
2019,7,16,1004.7,30.3,76,0.0,220.0,9.8
2019,7,17,1001.4,30.5,79,0.0,290.0,14.2
2019,7,18,998.7,31.3,75,0.05,280.0,14.0
2019,7,19,1001.2,29.5,83,22.6,260.0,24.2
2019,7,20,1005.2,28.6,87,6.4,240.0,21.4
2019,7,21,1006.4,29.3,83,0.1,250.0,10.8
2019,7,22,1005.5,29.2,82,0.4,110.0,8.8
2019,7,23,1005.3,29.5,80,0.05,20.0,12.3
2019,7,24,1006.6,30.0,81,0.05,160.0,13.8
2019,7,25,1008.0,30.1,79,1.0,230.0,17.6
2019,7,26,1006.9,30.7,76,0.05,240.0,17.9
2019,7,27,1005.8,30.6,76,0.0,240.0,19.0
2019,7,28,1006.6,29.6,80,0.5,220.0,11.0
2019,7,29,1006.6,28.8,82,1.0,60.0,27.0
2019,7,30,1004.5,28.9,82,12.8,70.0,46.5
2019,7,31,1002.0,26.2,91,121.1,80.0,59.9
2019,8,1,1000.1,26.4,94,98.3,100.0,48.0
2019,8,2,1002.1,27.0,91,8.2,80.0,35.1
2019,8,3,1002.7,26.7,91,28.4,60.0,27.8
2019,8,4,1002.7,27.9,83,0.05,50.0,20.8
2019,8,5,1003.1,29.7,77,0.0,30.0,12.8
2019,8,6,1002.7,29.8,78,0.05,30.0,12.5
2019,8,7,1000.7,30.1,70,0.0,50.0,15.3
2019,8,8,998.5,30.4,74,0.0,230.0,17.0
2019,8,9,997.2,31.3,75,0.0,240.0,26.6
2019,8,10,999.0,30.6,83,0.0,240.0,40.3
2019,8,11,1000.7,30.4,82,1.1,230.0,40.4
2019,8,12,1001.6,30.8,80,0.4,240.0,33.9
2019,8,13,1001.7,30.8,79,9.2,230.0,34.1
2019,8,14,1002.0,30.0,80,54.4,230.0,29.3
2019,8,15,1001.9,30.0,79,5.6,240.0,31.2
2019,8,16,1003.4,30.0,81,1.1,230.0,28.6
2019,8,17,1005.6,28.0,87,42.2,230.0,19.0
2019,8,18,1005.1,27.8,86,19.0,230.0,19.1
2019,8,19,1003.9,28.8,83,0.1,280.0,6.4
2019,8,20,1004.8,29.1,79,0.05,90.0,17.4
2019,8,21,1005.9,29.5,74,0.0,60.0,14.8
2019,8,22,1006.6,29.7,77,0.0,80.0,5.9
2019,8,23,1006.7,29.4,80,0.7,80.0,4.9
2019,8,24,1002.3,30.9,75,0.0,260.0,21.1
2019,8,25,1000.8,27.2,89,88.4,260.0,27.1
2019,8,26,1006.3,25.7,95,178.3,50.0,16.8
2019,8,27,1008.1,28.6,88,2.9,120.0,16.0
2019,8,28,1006.2,29.9,77,0.0,70.0,17.7
2019,8,29,1005.6,29.0,83,5.9,70.0,34.7
2019,8,30,1007.6,27.7,86,8.5,90.0,14.8
2019,8,31,1007.8,26.9,91,43.7,70.0,25.5
2019,9,1,1006.5,28.2,82,8.5,60.0,44.1
2019,9,2,1007.0,26.9,90,38.4,70.0,47.4
2019,9,3,1005.6,28.4,80,12.9,50.0,39.3
2019,9,4,1004.0,26.8,91,62.2,80.0,34.7
2019,9,5,1003.1,27.2,88,31.8,90.0,25.4
2019,9,6,1002.5,28.9,79,0.2,50.0,20.3
2019,9,7,1003.6,29.8,79,0.4,10.0,7.2
2019,9,8,1004.7,30.0,80,0.4,210.0,9.0
2019,9,9,1005.8,30.0,78,0.0,140.0,7.8
2019,9,10,1008.9,30.1,76,0.0,90.0,13.1
2019,9,11,1011.3,30.2,73,0.05,90.0,8.2
2019,9,12,1009.9,30.3,73,0.0,50.0,11.8
2019,9,13,1008.4,30.1,77,0.05,80.0,13.2
2019,9,14,1008.4,29.8,78,0.05,100.0,7.5
2019,9,15,1008.2,29.2,76,11.0,80.0,9.8
2019,9,16,1007.7,29.3,76,4.3,90.0,14.5
2019,9,17,1009.0,29.2,76,2.1,90.0,27.4
2019,9,18,1010.9,28.8,79,18.0,80.0,22.8
2019,9,19,1011.3,28.0,74,8.7,130.0,16.9
2019,9,20,1008.7,29.0,52,0.0,350.0,16.9
2019,9,21,1008.0,29.2,42,0.0,360.0,31.1
2019,9,22,1012.2,28.3,40,0.0,360.0,40.1
2019,9,23,1016.2,27.7,57,0.0,360.0,28.4
2019,9,24,1017.5,27.5,70,0.0,60.0,21.0
2019,9,25,1017.3,27.3,71,0.05,90.0,16.9
2019,9,26,1017.2,27.5,71,0.0,80.0,17.7
2019,9,27,1016.6,27.6,72,0.05,80.0,16.3
2019,9,28,1015.0,28.2,71,0.0,80.0,12.0
2019,9,29,1012.8,28.7,75,0.0,150.0,9.3
2019,9,30,1008.8,30.1,64,0.0,250.0,13.1
2019,10,1,1009.4,30.3,59,0.0,250.0,18.6
2019,10,2,1011.2,29.5,71,0.0,240.0,22.3
2019,10,3,1012.1,29.0,67,0.0,220.0,16.2
2019,10,4,1012.2,28.6,70,0.0,150.0,9.0
2019,10,5,1012.9,29.1,69,0.0,80.0,6.3
2019,10,6,1014.7,26.3,81,46.8,60.0,36.6
2019,10,7,1015.4,26.3,86,17.9,80.0,42.6
2019,10,8,1015.6,27.7,79,4.9,80.0,29.0
2019,10,9,1014.7,27.8,75,0.05,80.0,32.8
2019,10,10,1013.5,27.9,76,0.0,80.0,17.5
2019,10,11,1011.8,28.5,75,0.0,240.0,10.4
2019,10,12,1011.8,28.6,78,0.3,140.0,10.0
2019,10,13,1014.6,27.2,84,13.6,30.0,18.7
2019,10,14,1017.6,25.8,86,52.1,70.0,26.5
2019,10,15,1019.0,26.0,74,10.4,70.0,47.0
2019,10,16,1018.3,25.5,67,0.0,80.0,37.4
2019,10,17,1017.2,26.2,70,0.0,80.0,20.3
2019,10,18,1016.9,26.5,70,0.05,70.0,19.3
2019,10,19,1017.2,26.2,72,0.0,80.0,19.3
2019,10,20,1016.5,25.4,76,3.5,80.0,25.6
2019,10,21,1014.0,25.3,72,0.0,80.0,18.2
2019,10,22,1012.2,25.0,68,0.0,80.0,21.7
2019,10,23,1012.2,25.5,71,0.0,70.0,25.1
2019,10,24,1014.9,26.2,71,0.0,70.0,32.0
2019,10,25,1016.7,25.8,75,0.0,70.0,33.3
2019,10,26,1017.0,25.9,75,0.05,70.0,30.3
2019,10,27,1015.3,25.7,76,0.05,80.0,21.6
2019,10,28,1014.7,25.2,77,0.05,80.0,19.9
2019,10,29,1015.7,22.7,65,0.0,360.0,27.9
2019,10,30,1016.7,24.0,60,0.0,60.0,28.2
2019,10,31,1016.2,24.8,68,0.0,60.0,37.1
2019,11,1,1015.7,25.7,73,0.0,70.0,37.5
2019,11,2,1014.6,25.3,74,0.0,70.0,28.2
2019,11,3,1013.9,25.7,74,0.0,70.0,20.7
2019,11,4,1014.5,25.0,56,0.0,360.0,26.6
2019,11,5,1013.4,23.9,56,0.0,70.0,25.4
2019,11,6,1012.0,23.8,69,0.0,70.0,28.9
2019,11,7,1013.7,23.8,56,0.0,360.0,23.5
2019,11,8,1017.0,23.3,51,0.0,360.0,29.5
2019,11,9,1017.6,22.7,62,0.0,70.0,29.3
2019,11,10,1016.1,22.7,70,0.0,60.0,21.4
2019,11,11,1014.7,23.1,72,0.0,80.0,20.8
2019,11,12,1016.4,23.3,78,0.0,70.0,30.9
2019,11,13,1018.3,24.1,75,0.0,70.0,20.0
2019,11,14,1018.9,23.0,64,0.0,360.0,29.8
2019,11,15,1016.9,22.8,70,0.0,80.0,25.9
2019,11,16,1015.7,22.5,76,0.0,70.0,22.4
2019,11,17,1015.0,23.4,79,0.0,60.0,17.1
2019,11,18,1015.7,24.3,69,0.0,360.0,14.7
2019,11,19,1018.4,20.5,63,0.0,360.0,25.8
2019,11,20,1019.5,21.1,66,0.0,70.0,26.2
2019,11,21,1018.9,21.7,66,0.05,70.0,19.7
2019,11,22,1017.1,22.3,66,0.0,90.0,11.5
2019,11,23,1016.9,23.3,78,0.0,60.0,17.8
2019,11,24,1017.5,23.4,77,0.0,60.0,17.8
2019,11,25,1019.6,23.8,73,0.0,80.0,40.4
2019,11,26,1020.7,22.0,76,0.05,80.0,41.3
2019,11,27,1020.0,22.3,78,0.0,70.0,33.1
2019,11,28,1021.9,20.3,61,0.0,360.0,32.5
2019,11,29,1022.3,19.7,65,0.0,10.0,32.9
2019,11,30,1020.4,20.4,71,0.0,70.0,25.6
2019,12,1,1018.3,21.5,69,0.0,360.0,14.0
2019,12,2,1021.6,17.4,54,0.0,360.0,43.9
2019,12,3,1023.1,16.4,46,0.0,360.0,31.1
2019,12,4,1022.9,17.5,40,0.0,360.0,31.8
2019,12,5,1024.8,15.3,54,1.4,50.0,45.3
2019,12,6,1024.7,16.5,39,0.3,360.0,49.3
2019,12,7,1024.8,16.2,39,0.0,360.0,37.4
2019,12,8,1024.8,15.9,47,0.0,90.0,23.2
2019,12,9,1021.8,17.4,62,0.0,70.0,23.8
2019,12,10,1018.6,18.4,69,0.0,50.0,16.9
2019,12,11,1018.4,19.1,64,0.0,80.0,11.5
2019,12,12,1020.9,19.1,67,0.0,70.0,36.9
2019,12,13,1022.4,19.2,75,0.0,70.0,32.5
2019,12,14,1021.7,19.5,75,0.0,60.0,25.4
2019,12,15,1020.0,19.5,81,0.0,60.0,31.6
2019,12,16,1018.1,21.3,76,0.0,40.0,18.6
2019,12,17,1017.7,23.2,71,0.0,30.0,13.8
2019,12,18,1018.1,22.8,77,0.0,30.0,20.1
2019,12,19,1019.8,19.8,84,0.1,70.0,27.7
2019,12,20,1019.6,19.1,78,0.7,70.0,24.4
2019,12,21,1017.8,19.3,84,1.4,20.0,17.0
2019,12,22,1015.8,20.5,84,0.0,30.0,7.2
2019,12,23,1016.7,20.0,85,0.0,70.0,22.9
2019,12,24,1017.9,20.4,80,0.0,60.0,15.5
2019,12,25,1016.4,20.1,80,0.0,60.0,22.4
2019,12,26,1016.3,21.0,73,0.0,360.0,19.3
2019,12,27,1020.3,18.0,65,0.0,360.0,32.0
2019,12,28,1020.2,18.5,72,0.05,70.0,28.3
2019,12,29,1018.3,18.8,88,9.3,50.0,22.7
2019,12,30,1020.0,20.3,91,0.3,70.0,22.7
2019,12,31,1024.9,19.2,86,0.05,70.0,43.1
2020,1,1,1026.5,17.9,80,0.05,80.0,33.2
2020,1,2,1025.2,18.3,78,0.0,50.0,24.5
2020,1,3,1023.0,18.9,82,0.0,40.0,21.8
2020,1,4,1020.9,19.2,83,0.0,60.0,18.0
2020,1,5,1020.5,20.0,79,0.0,60.0,34.5
2020,1,6,1019.3,21.0,78,0.0,60.0,24.2
2020,1,7,1017.2,22.4,83,0.05,20.0,10.5
2020,1,8,1018.5,21.9,72,0.0,10.0,20.0
2020,1,9,1018.1,19.3,77,0.0,70.0,35.5
2020,1,10,1016.4,19.9,82,0.0,60.0,26.3
2020,1,11,1015.3,20.9,81,0.0,40.0,15.4
2020,1,12,1017.1,17.9,65,0.0,360.0,24.5
2020,1,13,1017.8,18.3,76,0.0,50.0,30.0
2020,1,14,1019.0,19.0,76,0.0,60.0,27.2
2020,1,15,1018.3,19.5,80,0.1,70.0,38.0
2020,1,16,1017.7,19.8,84,0.05,60.0,27.9
2020,1,17,1019.6,18.5,69,0.0,10.0,20.0
2020,1,18,1019.6,18.3,73,0.0,40.0,25.6
2020,1,19,1020.9,18.2,75,0.0,50.0,25.2
2020,1,20,1021.9,18.0,75,0.0,20.0,21.0
2020,1,21,1022.4,18.8,80,0.0,60.0,33.4
2020,1,22,1019.1,20.5,82,0.05,30.0,18.3
2020,1,23,1017.2,21.9,86,0.0,20.0,16.3
2020,1,24,1018.1,21.5,89,0.05,40.0,25.7
2020,1,25,1016.2,19.7,89,2.1,60.0,37.5
2020,1,26,1014.9,16.5,86,12.3,360.0,25.4
2020,1,27,1016.4,13.0,70,0.2,350.0,28.3
2020,1,28,1018.6,13.0,66,0.1,360.0,29.0
2020,1,29,1020.6,13.8,55,0.0,360.0,35.1
2020,1,30,1021.5,14.7,44,0.0,360.0,31.3
2020,1,31,1022.4,14.8,52,0.0,70.0,24.8
2020,2,1,1022.4,16.0,72,0.0,70.0,33.9
2020,2,2,1022.0,17.1,77,0.0,60.0,37.0
2020,2,3,1020.3,18.1,78,0.05,60.0,30.9
2020,2,4,1020.2,17.3,84,0.8,50.0,31.0
2020,2,5,1020.6,17.5,83,1.0,70.0,39.0
2020,2,6,1019.8,17.1,77,0.05,60.0,39.1
2020,2,7,1021.1,18.7,82,0.0,60.0,21.7
2020,2,8,1024.0,17.8,76,0.0,10.0,18.6
2020,2,9,1025.7,16.5,77,0.05,10.0,21.2
2020,2,10,1023.1,16.9,76,0.0,50.0,21.0
2020,2,11,1020.5,17.6,86,0.8,50.0,24.1
2020,2,12,1017.9,20.6,89,0.0,40.0,11.3
2020,2,13,1015.4,19.6,94,41.6,30.0,15.1
2020,2,14,1013.8,20.4,94,9.7,50.0,18.6
2020,2,15,1013.6,21.0,95,0.05,60.0,14.3
2020,2,16,1020.1,14.2,82,25.5,350.0,38.0
2020,2,17,1026.2,13.6,53,0.0,360.0,34.2
2020,2,18,1026.4,14.7,57,0.0,60.0,27.9
2020,2,19,1024.6,16.3,69,0.0,60.0,29.4
2020,2,20,1024.9,17.7,70,0.0,60.0,30.1
2020,2,21,1026.7,18.9,73,0.0,70.0,32.6
2020,2,22,1025.7,20.1,73,0.0,60.0,16.7
2020,2,23,1024.6,19.4,71,0.0,60.0,35.8
2020,2,24,1020.7,19.6,76,0.0,50.0,28.1
2020,2,25,1017.9,21.8,84,0.05,40.0,15.5
2020,2,26,1017.9,23.3,82,0.0,20.0,9.4
2020,2,27,1019.6,20.5,84,0.4,70.0,34.1
2020,2,28,1018.0,20.8,78,0.0,60.0,23.5
2020,2,29,1014.7,22.5,80,0.0,30.0,8.4
2020,3,1,1014.2,22.8,82,0.0,220.0,7.1
2020,3,2,1017.6,20.1,84,0.05,70.0,36.5
2020,3,3,1018.2,19.4,81,0.05,60.0,30.8
2020,3,4,1018.0,19.9,84,3.1,40.0,23.5
2020,3,5,1019.4,18.2,85,0.4,60.0,36.2
2020,3,6,1017.5,18.3,80,0.05,70.0,33.5
2020,3,7,1014.0,20.6,88,0.05,30.0,13.4
2020,3,8,1010.7,22.1,92,0.05,50.0,15.4
2020,3,9,1008.5,23.4,89,0.05,50.0,10.1
2020,3,10,1013.3,23.4,67,0.05,360.0,28.6
2020,3,11,1017.7,19.2,72,0.05,60.0,37.3
2020,3,12,1015.7,19.2,89,0.05,40.0,23.5
2020,3,13,1015.7,21.4,91,0.0,20.0,13.6
2020,3,14,1017.6,21.6,78,0.4,360.0,25.0
2020,3,15,1019.3,20.2,70,0.0,80.0,23.2
2020,3,16,1019.7,20.3,75,0.0,60.0,33.2
2020,3,17,1018.7,20.3,79,0.0,40.0,24.8
2020,3,18,1015.8,20.5,86,10.7,30.0,18.2
2020,3,19,1014.7,21.1,88,0.8,20.0,13.5
2020,3,20,1015.4,21.2,87,0.4,20.0,17.5
2020,3,21,1015.4,21.2,94,0.2,10.0,14.9
2020,3,22,1014.0,24.2,84,0.0,20.0,8.6
2020,3,23,1014.2,24.6,81,0.0,230.0,15.3
2020,3,24,1015.3,22.8,82,0.05,80.0,27.1
2020,3,25,1014.2,22.8,83,0.05,70.0,22.6
2020,3,26,1013.5,23.3,90,1.0,50.0,15.1
2020,3,27,1013.0,24.4,86,0.05,30.0,12.0
2020,3,28,1013.3,22.8,91,9.8,70.0,18.1
2020,3,29,1013.5,20.2,91,2.2,80.0,43.5
2020,3,30,1012.2,20.4,95,6.5,30.0,25.4
2020,3,31,1013.1,20.3,95,5.8,30.0,22.0
2020,4,1,1015.0,19.7,91,0.2,40.0,20.4
2020,4,2,1017.0,19.9,86,0.4,70.0,42.7
2020,4,3,1017.2,20.4,88,0.6,60.0,37.2
2020,4,4,1018.0,20.8,89,1.1,70.0,28.2
2020,4,5,1019.0,18.2,88,4.6,70.0,43.3
2020,4,6,1016.8,17.1,92,21.5,60.0,34.1
2020,4,7,1015.5,19.1,86,0.05,70.0,17.8
2020,4,8,1016.5,20.6,71,0.0,60.0,25.3
2020,4,9,1017.5,21.6,69,0.0,70.0,18.6
2020,4,10,1018.1,21.7,73,0.0,70.0,29.8
2020,4,11,1015.0,22.5,88,20.5,30.0,13.0
2020,4,12,1017.3,20.8,59,0.4,360.0,42.6
2020,4,13,1019.2,20.2,44,0.0,360.0,21.6
2020,4,14,1017.5,21.1,65,0.0,50.0,15.7
2020,4,15,1015.4,22.2,66,0.0,10.0,8.1
2020,4,16,1014.5,23.3,77,0.0,120.0,7.4
2020,4,17,1014.8,24.1,79,0.0,50.0,9.5
2020,4,18,1013.9,24.4,81,0.05,60.0,6.5
2020,4,19,1012.6,25.9,80,0.0,240.0,7.8
2020,4,20,1012.5,26.4,81,0.0,240.0,14.6
2020,4,21,1012.4,26.7,82,0.0,140.0,9.8
2020,4,22,1014.9,22.1,94,25.8,80.0,39.3
2020,4,23,1017.2,20.6,89,1.3,70.0,33.3
2020,4,24,1019.0,19.4,84,0.6,10.0,21.2
2020,4,25,1018.1,20.5,83,0.1,10.0,12.8
2020,4,26,1017.0,23.1,75,0.7,250.0,4.7
2020,4,27,1017.1,24.4,65,0.0,60.0,10.3
2020,4,28,1017.5,24.3,64,0.0,80.0,25.8
2020,4,29,1017.0,24.2,72,0.0,70.0,24.7
2020,4,30,1015.3,25.3,74,0.0,50.0,9.7
2020,5,1,1012.5,25.7,81,0.0,150.0,5.0
2020,5,2,1010.0,26.3,77,0.0,220.0,9.0
2020,5,3,1009.2,27.3,78,0.0,230.0,24.8
2020,5,4,1009.8,27.8,79,0.0,230.0,25.8
2020,5,5,1008.8,27.9,80,0.0,230.0,26.3
2020,5,6,1008.6,28.7,81,0.0,180.0,17.6
2020,5,7,1008.7,29.0,81,0.0,160.0,16.0
2020,5,8,1008.6,29.3,81,0.1,180.0,23.2
2020,5,9,1009.2,29.2,79,0.1,200.0,20.3
2020,5,10,1009.8,29.0,78,0.8,230.0,19.2
2020,5,11,1010.3,28.9,76,14.8,120.0,6.8
2020,5,12,1010.8,27.0,82,3.6,170.0,4.6
2020,5,13,1012.3,26.6,84,0.3,80.0,28.0
2020,5,14,1011.2,27.1,83,0.1,110.0,28.5
2020,5,15,1008.3,28.5,81,0.0,110.0,16.6
2020,5,16,1007.5,28.9,80,0.0,80.0,6.8
2020,5,17,1005.3,28.9,77,0.05,230.0,12.7
2020,5,18,1004.6,25.8,88,46.7,230.0,19.1
2020,5,19,1005.1,28.0,82,0.0,150.0,11.8
2020,5,20,1006.1,27.6,87,4.3,80.0,27.3
2020,5,21,1003.8,27.6,92,84.6,190.0,28.6
2020,5,22,1003.2,27.9,88,17.0,230.0,28.4
2020,5,23,1006.8,25.7,88,1.5,80.0,26.8
2020,5,24,1009.4,26.7,82,0.05,60.0,18.1
2020,5,25,1009.6,26.6,91,32.4,80.0,12.9
2020,5,26,1007.6,28.3,87,14.4,220.0,20.3
2020,5,27,1008.6,28.2,83,0.1,50.0,5.6
2020,5,28,1010.1,27.7,86,0.2,70.0,21.3
2020,5,29,1010.0,28.2,85,0.2,80.0,17.8
2020,5,30,1010.9,26.0,94,131.3,210.0,17.0
2020,5,31,1010.5,29.2,83,0.05,210.0,22.7
2020,6,1,1010.2,29.9,78,0.05,210.0,23.4
2020,6,2,1009.5,29.0,82,6.4,190.0,24.5
2020,6,3,1008.6,29.8,76,0.05,210.0,26.0
2020,6,4,1008.0,30.1,75,0.05,210.0,24.3
2020,6,5,1007.3,30.0,78,2.6,220.0,29.6
2020,6,6,1007.2,26.8,89,183.8,190.0,25.0
2020,6,7,1005.6,27.7,91,107.4,,
2020,6,8,1006.2,28.6,88,40.9,,
2020,6,9,1008.2,29.4,83,1.3,210.0,17.9
2020,6,10,1008.8,29.8,78,0.2,200.0,16.0
2020,6,11,1007.4,30.2,76,0.05,180.0,10.0
2020,6,12,1005.4,30.4,75,0.0,100.0,9.5
2020,6,13,1004.0,29.8,81,11.7,50.0,33.5
2020,6,14,1008.3,28.0,84,29.3,140.0,29.9
2020,6,15,1011.1,29.3,79,0.2,180.0,20.8
2020,6,16,1009.7,28.6,81,9.4,180.0,21.0
2020,6,17,1008.3,29.1,77,0.9,200.0,18.1
2020,6,18,1008.5,29.5,77,0.1,220.0,21.9
2020,6,19,1009.2,29.9,74,0.05,240.0,18.9
2020,6,20,1008.5,30.0,74,0.0,230.0,20.7
2020,6,21,1006.3,30.2,76,0.05,230.0,26.3
2020,6,22,1006.4,30.4,77,0.05,230.0,26.6
2020,6,23,1007.1,30.3,77,0.0,230.0,27.5
2020,6,24,1006.5,30.4,77,0.0,220.0,27.3
2020,6,25,1006.4,30.2,76,0.1,210.0,27.5
2020,6,26,1007.9,30.3,77,1.3,200.0,26.8
2020,6,27,1008.4,30.2,77,1.2,190.0,17.9
2020,6,28,1007.8,30.4,75,0.05,220.0,13.6
2020,6,29,1006.1,30.5,74,0.4,150.0,9.3
2020,6,30,1004.6,30.7,74,0.05,210.0,12.3
2020,7,1,1004.0,30.2,78,1.1,130.0,15.2
2020,7,2,1005.1,30.2,79,9.3,160.0,22.9
2020,7,3,1008.4,29.2,84,29.5,170.0,18.2
2020,7,4,1008.9,29.8,80,8.3,190.0,17.4
2020,7,5,1007.3,30.0,77,1.3,200.0,21.4
2020,7,6,1007.4,30.1,76,4.1,230.0,25.0
2020,7,7,1009.2,30.1,77,0.7,230.0,22.4
2020,7,8,1007.1,30.0,79,0.6,230.0,34.0
2020,7,9,1004.2,30.1,79,0.05,230.0,36.7
2020,7,10,1005.9,30.3,75,0.0,200.0,27.8
2020,7,11,1007.4,30.4,76,0.0,190.0,22.3
2020,7,12,1007.7,30.4,75,0.0,190.0,13.1
2020,7,13,1007.8,30.5,74,0.0,230.0,13.9
2020,7,14,1006.5,30.6,75,0.0,240.0,27.2
2020,7,15,1006.1,30.5,74,0.0,230.0,32.1
2020,7,16,1006.9,30.4,76,2.4,230.0,25.7
2020,7,17,1008.5,30.3,75,2.5,230.0,22.7
2020,7,18,1008.2,30.4,75,2.2,230.0,22.3
2020,7,19,1007.7,30.3,75,0.0,230.0,20.0
2020,7,20,1009.5,29.9,77,3.1,210.0,10.5
2020,7,21,1010.5,30.4,76,0.0,90.0,5.2
2020,7,22,1009.3,30.0,79,2.5,100.0,12.0
2020,7,23,1009.0,31.0,73,0.05,200.0,8.0
2020,7,24,1008.3,30.8,74,0.0,230.0,14.9
2020,7,25,1007.3,30.7,75,0.0,230.0,22.4
2020,7,26,1006.6,30.8,74,0.05,230.0,22.7
2020,7,27,1006.4,30.5,75,2.3,220.0,19.6
2020,7,28,1007.5,30.8,73,3.0,200.0,13.6
2020,7,29,1007.2,30.5,77,2.6,100.0,10.0
2020,7,30,1006.7,30.2,75,13.3,40.0,23.4
2020,7,31,1004.2,27.9,84,36.6,80.0,49.7
2020,8,1,1004.1,27.7,87,28.3,90.0,44.0
2020,8,2,1004.2,27.5,89,25.6,90.0,32.2
2020,8,3,1003.5,26.5,93,46.9,130.0,15.1
2020,8,4,1004.0,27.5,87,4.7,130.0,11.5
2020,8,5,1008.1,27.8,88,53.3,140.0,26.3
2020,8,6,1009.8,29.1,85,1.7,80.0,15.5
2020,8,7,1008.0,30.1,80,0.2,80.0,15.9
2020,8,8,1005.6,30.5,76,0.0,80.0,11.5
2020,8,9,1004.1,29.9,76,0.0,160.0,7.7
2020,8,10,1004.3,30.0,76,0.0,190.0,11.7
2020,8,11,1006.3,30.3,78,0.6,200.0,19.1
2020,8,12,1010.4,27.8,88,29.4,140.0,25.2
2020,8,13,1011.0,28.1,86,16.5,120.0,19.8
2020,8,14,1009.7,29.3,80,9.3,170.0,11.5
2020,8,15,1008.6,29.8,76,0.0,160.0,9.2
2020,8,16,1008.6,30.1,76,0.05,80.0,14.3
2020,8,17,1008.5,28.2,84,16.6,100.0,16.3
2020,8,18,1006.2,27.3,85,52.7,60.0,36.5
2020,8,19,1006.0,26.6,91,119.5,140.0,36.5
2020,8,20,1009.1,29.0,83,0.05,60.0,16.8
2020,8,21,1009.0,29.8,77,0.0,100.0,9.8
2020,8,22,1008.2,29.7,77,0.0,160.0,3.0
2020,8,23,1006.8,29.8,77,0.0,70.0,5.0
2020,8,24,1005.1,30.2,76,0.0,230.0,23.7
2020,8,25,1003.7,30.6,77,1.1,230.0,32.2
2020,8,26,1001.9,29.7,81,12.3,220.0,25.7
2020,8,27,1000.5,28.5,83,3.1,220.0,16.0
2020,8,28,1002.8,28.9,82,22.6,220.0,9.3
2020,8,29,1004.4,29.9,77,3.2,190.0,8.5
2020,8,30,1005.4,29.6,80,0.6,90.0,8.8
2020,8,31,1006.2,29.8,76,0.2,60.0,13.5
2020,9,1,1005.6,30.3,76,1.1,270.0,13.4
2020,9,2,1006.2,30.0,77,0.4,240.0,11.7
2020,9,3,1008.3,30.2,78,0.4,260.0,11.3
2020,9,4,1008.9,29.8,82,0.1,80.0,5.2
2020,9,5,1007.5,28.4,83,43.9,70.0,11.8
2020,9,6,1006.1,29.1,80,0.0,130.0,9.0
2020,9,7,1007.4,29.4,82,4.7,130.0,12.6
2020,9,8,1010.8,27.1,91,68.9,80.0,14.2
2020,9,9,1009.9,27.9,86,0.2,100.0,6.3
2020,9,10,1007.1,28.5,83,8.2,220.0,9.2
2020,9,11,1008.4,28.9,81,2.7,210.0,8.9
2020,9,12,1011.0,28.2,85,27.9,360.0,8.2
2020,9,13,1011.4,28.4,83,5.7,80.0,17.5
2020,9,14,1010.2,28.1,85,38.2,70.0,32.5
2020,9,15,1008.8,27.3,92,62.6,70.0,29.1
2020,9,16,1008.0,29.5,85,4.4,80.0,27.5
2020,9,17,1006.8,28.7,87,40.6,70.0,39.1
2020,9,18,1009.1,28.3,88,15.9,90.0,32.4
2020,9,19,1011.9,27.2,92,50.8,110.0,21.3
2020,9,20,1011.6,28.6,83,0.7,100.0,13.0
2020,9,21,1010.8,27.4,91,176.8,90.0,23.4
2020,9,22,1010.4,28.6,82,0.5,90.0,22.4
2020,9,23,1010.5,29.1,77,0.0,100.0,13.8
2020,9,24,1010.6,28.5,80,0.6,10.0,10.4
2020,9,25,1009.7,28.3,76,0.0,80.0,21.0
2020,9,26,1009.5,28.0,76,0.05,80.0,37.1
2020,9,27,1010.3,27.7,81,1.3,80.0,40.8
2020,9,28,1010.5,26.6,87,26.2,70.0,33.5
2020,9,29,1008.5,26.9,89,21.9,70.0,26.9
2020,9,30,1007.4,27.4,88,104.1,90.0,19.8
2020,10,1,1009.5,26.7,77,0.1,70.0,46.2
2020,10,2,1010.8,27.6,75,0.0,70.0,35.4
2020,10,3,1011.3,28.3,75,0.0,70.0,20.8
2020,10,4,1009.9,28.4,78,0.0,70.0,12.1
2020,10,5,1011.2,28.0,79,106.1,80.0,32.5
2020,10,6,1013.8,25.9,78,2.7,10.0,33.4
2020,10,7,1014.8,24.9,70,0.0,360.0,32.0
2020,10,8,1015.2,25.2,67,0.0,360.0,30.8
2020,10,9,1014.7,26.0,64,0.05,10.0,23.7
2020,10,10,1012.8,26.1,69,0.05,10.0,24.1
2020,10,11,1010.3,27.0,73,0.0,70.0,30.4
2020,10,12,1008.7,28.0,72,0.6,60.0,44.7
2020,10,13,1009.6,24.9,86,26.0,60.0,72.0
2020,10,14,1012.5,25.5,80,1.2,70.0,66.3
2020,10,15,1013.8,26.5,73,0.0,70.0,50.8
2020,10,16,1013.6,27.0,71,0.05,70.0,41.4
2020,10,17,1014.9,25.6,72,0.2,80.0,40.0
2020,10,18,1015.7,24.9,73,0.7,70.0,32.3
2020,10,19,1015.9,24.6,70,0.0,360.0,27.6
2020,10,20,1015.0,25.0,68,0.0,360.0,24.6
2020,10,21,1011.8,24.5,63,0.0,350.0,41.5
2020,10,22,1009.4,24.7,60,0.0,360.0,45.7
2020,10,23,1011.4,23.5,51,0.0,360.0,38.0
2020,10,24,1013.9,23.8,55,0.05,70.0,43.0
2020,10,25,1014.8,24.2,69,0.0,70.0,44.9
2020,10,26,1013.5,24.6,76,0.0,70.0,33.1
2020,10,27,1012.9,25.1,73,0.0,70.0,43.0
2020,10,28,1014.9,24.4,78,4.7,60.0,41.5
2020,10,29,1017.3,24.7,74,0.1,70.0,34.1
2020,10,30,1018.3,24.4,78,0.05,70.0,31.3
2020,10,31,1017.7,23.4,71,0.0,80.0,34.3
2020,11,1,1015.9,24.0,72,0.0,60.0,22.4
2020,11,2,1015.2,25.3,64,0.0,360.0,21.4
2020,11,3,1017.0,23.6,69,0.1,360.0,29.8
2020,11,4,1017.5,23.0,69,0.4,70.0,39.5
2020,11,5,1017.7,22.9,69,0.0,70.0,33.8
2020,11,6,1016.0,24.7,68,0.0,60.0,14.6
2020,11,7,1015.5,26.8,56,0.0,360.0,18.5
2020,11,8,1017.2,25.7,59,0.0,70.0,25.8
2020,11,9,1017.9,23.7,60,0.05,70.0,34.8
2020,11,10,1019.3,22.9,61,0.0,70.0,34.5
2020,11,11,1020.8,22.5,68,0.0,70.0,36.5
2020,11,12,1018.9,22.2,66,0.0,70.0,26.9
2020,11,13,1016.8,22.9,62,0.4,360.0,27.9
2020,11,14,1017.5,23.3,65,0.0,60.0,28.9
2020,11,15,1019.2,23.0,77,0.05,70.0,33.8
2020,11,16,1017.9,24.0,75,0.0,50.0,21.7
2020,11,17,1015.4,24.2,78,0.05,60.0,24.5
2020,11,18,1013.1,24.9,81,1.0,40.0,19.8
2020,11,19,1011.9,25.3,86,0.05,30.0,9.8
2020,11,20,1012.6,25.9,84,0.0,50.0,9.9
2020,11,21,1014.8,23.5,88,2.0,70.0,33.7
2020,11,22,1017.2,24.8,83,1.1,60.0,19.8
2020,11,23,1019.6,23.0,84,0.05,70.0,44.8
2020,11,24,1019.4,23.3,79,0.0,70.0,28.9
2020,11,25,1018.9,23.5,77,0.0,60.0,29.1
2020,11,26,1019.3,24.0,77,0.0,70.0,21.8
2020,11,27,1020.6,22.8,70,0.0,360.0,26.9
2020,11,28,1022.1,20.4,68,0.0,360.0,29.3
2020,11,29,1021.8,20.0,64,0.0,360.0,30.0
2020,11,30,1022.5,19.2,65,0.1,360.0,27.9
2020,12,1,1022.3,19.7,66,0.0,360.0,25.4
2020,12,2,1020.5,19.9,65,0.0,360.0,26.3
2020,12,3,1021.0,17.4,64,0.0,350.0,42.0
2020,12,4,1021.4,15.9,63,0.0,360.0,38.3
2020,12,5,1021.5,16.8,63,0.0,360.0,28.0
2020,12,6,1020.4,18.2,69,0.0,360.0,20.8
2020,12,7,1020.4,20.7,63,0.0,360.0,15.3
2020,12,8,1019.7,19.9,64,0.0,360.0,21.3
2020,12,9,1017.7,19.8,71,0.05,70.0,22.8
2020,12,10,1016.8,20.9,78,0.3,20.0,14.2
2020,12,11,1015.9,21.6,82,0.05,80.0,19.1
2020,12,12,1015.3,20.9,84,0.05,80.0,15.9
2020,12,13,1014.7,20.9,78,0.0,70.0,29.0
2020,12,14,1018.1,19.5,80,0.05,50.0,30.5
2020,12,15,1022.2,15.4,72,0.05,10.0,28.0
2020,12,16,1023.5,14.8,71,0.0,360.0,26.4
2020,12,17,1022.1,14.9,71,0.0,10.0,24.0
2020,12,18,1021.6,16.4,68,0.0,360.0,28.9
2020,12,19,1023.4,15.0,63,0.0,350.0,35.1
2020,12,20,1024.1,14.9,59,0.0,360.0,35.6
2020,12,21,1022.1,16.5,58,0.0,350.0,29.8
2020,12,22,1019.6,17.4,66,0.0,360.0,24.5
2020,12,23,1016.9,18.4,83,1.2,60.0,24.0
2020,12,24,1016.3,20.0,76,0.0,360.0,8.6
2020,12,25,1018.7,18.9,77,0.0,70.0,29.7
2020,12,26,1018.1,18.7,79,0.0,60.0,28.3
2020,12,27,1015.8,20.4,71,0.0,20.0,12.7
2020,12,28,1014.8,20.6,69,0.0,40.0,24.0
2020,12,29,1014.8,21.0,75,0.0,60.0,16.1
2020,12,30,1022.8,15.1,50,0.0,360.0,53.7
2020,12,31,1027.0,10.9,37,0.0,360.0,39.0
2021,1,1,1025.5,11.8,40,0.0,360.0,25.6
2021,1,2,1022.9,14.0,52,0.0,70.0,27.3
2021,1,3,1021.9,16.7,65,0.0,40.0,26.5
2021,1,4,1021.0,18.3,66,0.0,50.0,21.0
2021,1,5,1020.1,18.8,65,0.0,60.0,15.5
2021,1,6,1020.0,17.1,72,0.0,60.0,26.0
2021,1,7,1020.8,15.3,67,0.0,360.0,35.3
2021,1,8,1025.0,9.1,52,0.0,360.0,45.5
2021,1,9,1024.5,10.7,38,0.0,360.0,27.0
2021,1,10,1023.5,12.8,40,0.0,40.0,27.4
2021,1,11,1025.8,10.6,44,0.0,360.0,45.5
2021,1,12,1023.6,11.9,33,0.0,360.0,35.2
2021,1,13,1019.8,13.4,48,0.0,10.0,11.2
2021,1,14,1017.8,15.2,55,0.0,20.0,11.7
2021,1,15,1016.1,17.3,59,0.0,40.0,11.5
2021,1,16,1017.4,17.6,68,0.0,60.0,29.5
2021,1,17,1023.5,16.6,58,0.0,360.0,37.6
2021,1,18,1023.3,14.2,53,0.0,360.0,20.0
2021,1,19,1020.3,15.4,64,0.0,50.0,32.2
2021,1,20,1018.1,18.2,69,0.0,50.0,30.2
2021,1,21,1015.6,20.1,73,0.0,30.0,18.9
2021,1,22,1013.4,20.3,80,0.0,310.0,7.6
2021,1,23,1014.0,20.2,78,0.0,350.0,9.1
2021,1,24,1017.1,18.4,83,0.05,60.0,32.7
2021,1,25,1017.6,19.2,74,0.0,60.0,23.3
2021,1,26,1016.9,19.6,78,0.0,40.0,10.7
2021,1,27,1017.8,18.9,77,0.0,50.0,25.0
2021,1,28,1020.7,19.1,70,0.0,40.0,17.8
2021,1,29,1022.6,16.6,60,0.0,70.0,32.5
2021,1,30,1022.5,16.7,68,0.0,60.0,33.3
2021,1,31,1021.6,18.4,67,0.0,50.0,28.3
2021,2,1,1019.4,20.3,76,0.0,20.0,14.0
2021,2,2,1019.7,20.9,76,0.0,350.0,15.5
2021,2,3,1022.0,18.4,69,0.0,60.0,33.5
2021,2,4,1021.7,19.4,68,0.0,40.0,21.0
2021,2,5,1019.8,19.9,72,0.0,50.0,25.2
2021,2,6,1017.4,20.7,73,0.0,10.0,6.5
2021,2,7,1017.6,20.3,74,0.0,30.0,13.8
2021,2,8,1018.9,19.9,79,0.0,70.0,35.4
2021,2,9,1017.5,18.5,76,0.05,70.0,57.3
2021,2,10,1013.5,16.5,89,32.2,360.0,36.3
2021,2,11,1014.7,17.4,78,0.0,350.0,17.7
2021,2,12,1016.3,18.4,69,0.0,350.0,11.4
2021,2,13,1017.3,19.2,76,0.0,50.0,14.6
2021,2,14,1016.1,19.9,75,0.0,10.0,12.8
2021,2,15,1015.0,21.1,70,0.0,80.0,10.5
2021,2,16,1016.1,20.3,71,0.0,50.0,21.0
2021,2,17,1019.6,20.4,70,0.0,360.0,22.3
2021,2,18,1024.5,18.5,65,0.0,60.0,29.7
2021,2,19,1023.4,18.5,66,0.0,60.0,19.7
2021,2,20,1019.9,19.6,73,0.0,20.0,9.3
2021,2,21,1017.5,20.4,74,0.0,20.0,7.5
2021,2,22,1015.8,21.4,78,0.0,360.0,5.7
2021,2,23,1015.0,21.7,74,0.0,70.0,14.5
2021,2,24,1014.3,20.3,79,0.05,60.0,36.4
2021,2,25,1011.2,20.2,85,1.8,60.0,27.4
2021,2,26,1009.8,22.3,86,14.7,30.0,13.9
2021,2,27,1014.0,18.8,89,13.4,30.0,27.1
2021,2,28,1015.7,19.9,83,0.05,60.0,30.7
2021,3,1,1016.2,21.9,81,0.05,30.0,15.7
2021,3,2,1018.4,21.4,75,0.05,80.0,26.9
2021,3,3,1020.1,18.4,81,0.3,70.0,43.0
2021,3,4,1018.0,18.9,87,1.0,60.0,26.9
2021,3,5,1015.9,20.1,91,0.05,50.0,21.0
2021,3,6,1016.3,20.5,93,1.5,30.0,19.6
2021,3,7,1018.8,19.9,90,0.2,60.0,28.8
2021,3,8,1020.1,19.7,83,0.3,70.0,36.2
2021,3,9,1019.9,20.1,79,0.0,60.0,29.8
2021,3,10,1020.0,19.8,79,0.05,60.0,42.7
2021,3,11,1019.8,21.0,79,0.0,70.0,31.3
2021,3,12,1018.4,23.2,77,0.0,10.0,8.9
2021,3,13,1018.6,22.0,76,0.05,70.0,32.2
2021,3,14,1016.6,21.3,80,0.0,70.0,26.8
2021,3,15,1014.8,22.4,76,0.0,80.0,23.5
2021,3,16,1013.3,24.0,78,0.0,30.0,9.0
2021,3,17,1012.9,24.7,80,0.05,80.0,9.4
2021,3,18,1013.2,23.4,87,0.2,70.0,21.1
2021,3,19,1012.3,24.2,82,0.05,70.0,14.5
2021,3,20,1010.7,25.0,81,0.0,120.0,6.8
2021,3,21,1015.8,21.2,73,0.0,360.0,26.5
2021,3,22,1022.8,17.8,61,0.05,360.0,29.9
2021,3,23,1020.6,18.9,61,0.0,60.0,26.1
2021,3,24,1016.5,20.7,68,0.0,360.0,9.4
2021,3,25,1016.5,22.1,70,0.0,80.0,29.3
2021,3,26,1015.4,21.6,75,0.0,70.0,32.7
2021,3,27,1012.0,24.1,80,0.0,60.0,12.0
2021,3,28,1009.6,24.8,80,0.0,240.0,11.7
2021,3,29,1007.3,25.6,82,0.0,220.0,18.7
2021,3,30,1006.2,26.6,78,0.0,200.0,15.9
2021,3,31,1006.6,26.5,79,0.0,160.0,14.7
2021,4,1,1007.6,26.7,79,0.05,160.0,11.0
2021,4,2,1009.9,26.9,79,0.0,210.0,2.3
2021,4,3,1011.3,26.9,74,0.0,240.0,9.0
2021,4,4,1013.7,24.7,86,0.8,70.0,24.8
2021,4,5,1017.5,22.4,84,0.7,80.0,36.4
2021,4,6,1017.3,23.9,77,0.0,80.0,18.4
2021,4,7,1016.0,23.1,76,0.0,70.0,30.8
2021,4,8,1014.2,23.2,74,0.0,70.0,29.3
2021,4,9,1016.8,21.0,82,7.5,70.0,41.1
2021,4,10,1018.8,22.4,65,0.0,80.0,36.3
2021,4,11,1018.7,23.1,73,0.0,70.0,27.9
2021,4,12,1016.1,24.6,80,0.0,50.0,11.8
2021,4,13,1013.6,25.9,77,0.0,350.0,6.6
2021,4,14,1013.2,24.6,84,0.05,70.0,24.0
2021,4,15,1013.0,22.2,91,8.3,70.0,35.5
2021,4,16,1013.7,22.8,88,1.5,70.0,28.2
2021,4,17,1015.8,22.8,88,2.5,70.0,23.3
2021,4,18,1015.2,23.2,67,0.05,80.0,41.3
2021,4,19,1013.2,22.5,67,0.0,80.0,46.2
2021,4,20,1013.0,23.4,73,0.0,80.0,31.7
2021,4,21,1012.5,24.5,74,0.0,80.0,19.5
2021,4,22,1010.0,25.2,74,0.0,60.0,16.1
2021,4,23,1007.9,27.3,75,0.0,230.0,15.7
2021,4,24,1010.9,25.4,82,0.05,80.0,21.1
2021,4,25,1012.2,24.7,85,0.9,70.0,25.9
2021,4,26,1013.7,23.4,80,0.3,70.0,42.4
2021,4,27,1014.5,23.2,90,5.7,70.0,34.6
2021,4,28,1014.6,24.4,88,4.2,60.0,18.1
2021,4,29,1013.3,24.1,74,0.1,350.0,12.9
2021,4,30,1012.5,25.6,77,0.0,10.0,9.2
2021,5,1,1012.2,26.3,76,0.0,250.0,9.8
2021,5,2,1013.0,26.5,82,1.2,80.0,10.4
2021,5,3,1012.5,24.3,89,8.8,90.0,33.5
2021,5,4,1011.1,26.6,84,12.5,80.0,13.8
2021,5,5,1012.9,26.6,79,0.5,90.0,11.2
2021,5,6,1015.4,25.2,79,0.05,80.0,27.7
2021,5,7,1013.2,26.6,77,0.0,20.0,10.8
2021,5,8,1009.8,27.7,79,0.0,240.0,18.1
2021,5,9,1009.0,28.3,79,0.0,240.0,23.2
2021,5,10,1008.8,28.4,76,0.0,190.0,14.3
2021,5,11,1008.4,29.2,77,0.05,180.0,20.5
2021,5,12,1008.3,29.6,78,0.05,200.0,20.3
2021,5,13,1008.5,29.5,79,3.9,170.0,18.8
2021,5,14,1009.0,30.0,77,0.0,160.0,18.9
2021,5,15,1009.0,29.9,74,0.0,180.0,14.8
2021,5,16,1009.1,30.2,74,0.05,230.0,19.8
2021,5,17,1009.8,30.4,75,0.0,200.0,18.1
2021,5,18,1009.2,30.2,76,1.3,210.0,23.8
2021,5,19,1007.9,30.3,75,0.0,190.0,25.1
2021,5,20,1008.1,30.5,75,0.0,230.0,25.2
2021,5,21,1007.8,30.7,75,0.05,220.0,27.8
2021,5,22,1007.0,30.5,77,2.6,200.0,20.0
2021,5,23,1007.8,31.4,74,0.05,160.0,15.5
2021,5,24,1009.6,29.8,81,15.7,190.0,9.6
2021,5,25,1010.2,28.8,83,4.8,90.0,5.8
2021,5,26,1009.4,30.1,77,4.0,220.0,11.3
2021,5,27,1009.6,30.3,76,1.0,240.0,22.6
2021,5,28,1009.6,30.6,77,0.0,240.0,25.3
2021,5,29,1007.1,30.2,79,0.0,240.0,33.1
2021,5,30,1005.1,30.3,81,0.05,240.0,34.1
2021,5,31,1004.3,29.6,84,8.7,230.0,25.3
2021,6,1,1006.6,26.5,91,45.8,40.0,13.7
2021,6,2,1006.9,28.3,85,2.4,210.0,10.9
2021,6,3,1006.3,30.3,77,0.0,200.0,9.4
2021,6,4,1004.7,28.4,84,7.5,240.0,17.4
2021,6,5,1004.3,27.3,73,0.05,270.0,9.9
2021,6,6,1004.6,28.2,74,0.05,290.0,12.4
2021,6,7,1007.3,28.7,78,0.05,80.0,27.7
2021,6,8,1008.0,29.3,79,0.9,60.0,23.2
2021,6,9,1007.2,27.9,87,48.6,80.0,19.2
2021,6,10,1005.6,28.8,83,29.4,70.0,28.6
2021,6,11,1005.4,29.1,82,31.2,70.0,39.1
2021,6,12,1007.5,27.7,89,30.3,110.0,32.0
2021,6,13,1008.5,28.9,85,2.8,130.0,21.9
2021,6,14,1006.1,29.3,81,0.3,190.0,20.0
2021,6,15,1004.4,29.6,79,6.2,200.0,24.2
2021,6,16,1006.3,30.6,76,0.0,210.0,28.3
2021,6,17,1007.7,30.4,77,9.6,230.0,24.9
2021,6,18,1006.9,30.6,77,3.9,240.0,37.1
2021,6,19,1004.8,30.6,77,0.05,240.0,37.0
2021,6,20,1003.0,30.7,78,0.0,230.0,34.3
2021,6,21,1003.1,30.4,80,1.2,240.0,32.4
2021,6,22,1005.1,27.0,87,75.3,250.0,21.4
2021,6,23,1005.9,26.4,88,66.4,260.0,16.8
2021,6,24,1006.0,26.0,91,20.8,80.0,15.3
2021,6,25,1006.3,27.1,87,6.8,210.0,12.6
2021,6,26,1007.2,27.9,90,61.3,220.0,9.6
2021,6,27,1006.4,29.4,84,5.8,230.0,29.8
2021,6,28,1005.2,27.7,89,166.5,210.0,19.9
2021,6,29,1005.2,29.6,82,4.6,220.0,32.2
2021,6,30,1006.1,30.1,79,0.4,210.0,31.3
2021,7,1,1006.3,30.3,78,0.05,200.0,29.6
2021,7,2,1006.7,30.6,77,0.0,220.0,28.5
2021,7,3,1006.4,30.4,79,0.05,200.0,20.5
2021,7,4,1007.2,30.4,79,0.0,130.0,11.3
2021,7,5,1007.4,30.2,79,2.3,80.0,24.8
2021,7,6,1006.4,29.4,80,18.4,90.0,20.4
2021,7,7,1009.1,29.4,81,11.7,130.0,28.9
2021,7,8,1011.4,29.8,79,1.5,130.0,19.8
2021,7,9,1010.3,30.5,76,0.0,110.0,7.2
2021,7,10,1010.4,30.5,76,0.0,100.0,12.6
2021,7,11,1011.1,30.6,77,0.05,110.0,11.6
2021,7,12,1010.2,30.9,75,0.1,150.0,12.3
2021,7,13,1008.5,31.1,72,0.0,200.0,8.6
2021,7,14,1008.3,30.7,75,1.5,130.0,8.0
2021,7,15,1008.9,31.3,71,0.0,160.0,10.9
2021,7,16,1008.5,29.6,78,0.05,70.0,8.1
2021,7,17,1005.8,28.8,80,0.2,80.0,19.7
2021,7,18,1003.3,26.9,90,42.4,70.0,32.7
2021,7,19,1002.3,26.5,93,117.2,90.0,42.8
2021,7,20,1002.6,26.2,94,87.8,90.0,32.0
2021,7,21,1003.0,26.8,94,28.4,100.0,25.1
2021,7,22,1001.0,29.3,80,0.0,60.0,12.0
2021,7,23,998.3,30.3,77,0.0,240.0,16.4
2021,7,24,998.0,29.8,82,26.5,240.0,16.4
2021,7,25,999.4,29.6,81,8.9,230.0,18.8
2021,7,26,998.1,30.7,78,0.0,240.0,19.9
2021,7,27,996.8,31.3,75,0.05,240.0,20.2
2021,7,28,997.5,30.8,79,0.05,240.0,27.9
2021,7,29,1000.1,29.5,82,7.8,230.0,12.3
2021,7,30,1001.4,28.8,83,7.9,230.0,15.0
2021,7,31,1000.3,29.7,84,16.9,230.0,31.2
2021,8,1,998.5,29.4,83,11.6,240.0,25.1
2021,8,2,998.3,30.0,80,0.05,230.0,17.2
2021,8,3,997.2,28.2,88,19.7,90.0,24.0
2021,8,4,995.6,28.2,85,41.9,360.0,22.4
2021,8,5,996.0,27.6,90,28.1,260.0,31.0
2021,8,6,998.0,28.3,89,31.0,260.0,28.5
2021,8,7,1001.3,28.8,85,0.0,250.0,23.7
2021,8,8,1004.3,29.3,85,3.1,240.0,18.3
2021,8,9,1005.4,29.1,85,36.3,220.0,22.0
2021,8,10,1005.9,29.0,87,17.3,190.0,14.8
2021,8,11,1008.3,29.5,84,3.0,210.0,15.0
2021,8,12,1008.9,29.0,82,1.0,200.0,8.5
2021,8,13,1006.2,28.6,83,5.4,210.0,11.9
2021,8,14,1006.4,28.0,85,2.2,220.0,19.8
2021,8,15,1010.2,27.3,87,5.7,200.0,7.8
2021,8,16,1012.5,28.3,83,3.9,240.0,7.9
2021,8,17,1010.5,29.5,78,0.0,240.0,13.3
2021,8,18,1008.2,29.5,77,0.0,250.0,13.1
2021,8,19,1008.6,28.6,84,34.6,70.0,7.8
2021,8,20,1009.5,29.5,77,0.05,220.0,11.0
2021,8,21,1008.6,29.8,76,0.0,230.0,18.7
2021,8,22,1007.4,30.1,74,0.0,230.0,21.3
2021,8,23,1007.2,30.2,75,0.05,230.0,17.6
2021,8,24,1007.7,29.6,79,23.7,220.0,9.8
2021,8,25,1009.0,29.7,79,1.1,120.0,7.5
2021,8,26,1011.0,29.7,80,2.2,100.0,7.8
2021,8,27,1012.0,25.6,89,29.3,80.0,20.2
2021,8,28,1011.6,26.9,81,22.0,10.0,16.2
2021,8,29,1011.2,27.8,83,13.9,50.0,20.2
2021,8,30,1011.4,29.1,81,0.05,40.0,15.5
2021,8,31,1011.1,27.3,88,13.5,20.0,13.2
2021,9,1,1009.9,28.7,85,5.9,80.0,21.2
2021,9,2,1009.0,29.5,80,0.0,80.0,13.5
2021,9,3,1007.4,29.8,79,0.05,120.0,7.1
2021,9,4,1008.3,29.8,79,0.9,140.0,7.8
2021,9,5,1010.0,29.8,79,0.05,120.0,8.0
2021,9,6,1010.5,29.7,77,0.0,80.0,11.9
2021,9,7,1010.4,30.1,78,0.2,60.0,24.3
2021,9,8,1009.4,30.6,74,0.0,120.0,10.3
2021,9,9,1009.3,30.1,73,0.0,80.0,10.4
2021,9,10,1008.3,30.5,71,0.0,80.0,21.0
2021,9,11,1004.5,30.5,75,0.0,250.0,16.0
2021,9,12,1002.0,31.2,76,0.0,250.0,27.7
2021,9,13,1006.7,30.9,77,0.0,240.0,19.0
2021,9,14,1011.5,29.0,83,33.8,200.0,6.8
2021,9,15,1011.2,30.2,75,0.0,250.0,18.2
2021,9,16,1009.4,29.2,77,0.05,280.0,14.1
2021,9,17,1009.2,29.5,77,7.6,70.0,7.5
2021,9,18,1011.1,30.2,79,0.2,70.0,24.5
2021,9,19,1011.3,29.3,86,21.2,110.0,22.3
2021,9,20,1010.4,29.3,84,9.4,90.0,7.9
2021,9,21,1009.5,29.0,82,10.2,150.0,8.5
2021,9,22,1010.5,30.3,77,0.5,90.0,14.6
2021,9,23,1013.0,28.0,87,38.4,90.0,30.7
2021,9,24,1013.6,29.4,81,1.2,90.0,31.8
2021,9,25,1012.8,29.6,76,0.1,80.0,35.2
2021,9,26,1012.3,29.1,72,0.0,80.0,26.0
2021,9,27,1010.8,29.5,75,0.0,80.0,16.3
2021,9,28,1009.6,29.6,75,0.0,90.0,10.3
2021,9,29,1008.3,29.7,77,0.0,240.0,13.0
2021,9,30,1008.1,30.3,78,0.0,240.0,14.9
2021,10,1,1009.1,30.3,79,0.05,230.0,12.0
2021,10,2,1011.0,30.0,74,0.0,110.0,9.4
2021,10,3,1012.4,28.8,79,1.9,90.0,25.0
2021,10,4,1012.5,29.8,71,0.0,80.0,36.1
2021,10,5,1011.4,30.1,69,0.05,80.0,43.0
2021,10,6,1008.5,29.5,69,0.05,70.0,48.5
2021,10,7,1005.7,28.8,75,43.9,70.0,56.0
2021,10,8,1004.6,25.5,94,329.7,90.0,53.3
2021,10,9,1004.9,26.5,91,130.3,100.0,58.8
2021,10,10,1008.0,26.8,86,45.1,80.0,46.8
2021,10,11,1005.4,28.5,68,0.0,360.0,35.1
2021,10,12,1001.3,25.1,65,0.2,360.0,62.4
2021,10,13,1002.5,25.8,89,57.7,80.0,61.4
2021,10,14,1009.2,27.8,86,13.3,80.0,32.5
2021,10,15,1010.4,26.2,85,4.6,60.0,26.9
2021,10,16,1013.8,26.8,73,0.05,10.0,35.5
2021,10,17,1018.0,24.2,68,0.0,10.0,40.8
2021,10,18,1018.3,23.9,70,0.0,10.0,25.0
2021,10,19,1017.8,25.7,75,0.0,80.0,20.5
2021,10,20,1015.9,26.8,78,0.1,90.0,21.9
2021,10,21,1014.9,24.2,80,0.7,360.0,20.3
2021,10,22,1019.2,19.3,77,0.05,360.0,33.6
2021,10,23,1020.1,20.5,75,0.0,10.0,24.0
2021,10,24,1018.9,22.1,69,0.0,360.0,28.1
2021,10,25,1016.6,23.1,66,0.0,360.0,25.5
2021,10,26,1015.8,25.1,69,0.0,50.0,26.5
2021,10,27,1016.7,25.6,76,0.05,70.0,32.0
2021,10,28,1017.9,25.7,77,0.1,80.0,34.0
2021,10,29,1018.2,25.5,76,1.1,80.0,32.1
2021,10,30,1018.8,24.4,81,2.4,60.0,26.4
2021,10,31,1018.7,24.3,75,0.0,70.0,34.2
2021,11,1,1018.5,25.2,76,0.05,70.0,35.8
2021,11,2,1018.0,25.1,76,0.05,80.0,37.1
2021,11,3,1016.7,25.2,75,0.05,80.0,30.2
2021,11,4,1014.9,25.5,78,0.0,80.0,25.3
2021,11,5,1012.5,25.6,84,0.0,80.0,17.0
2021,11,6,1010.1,26.4,79,0.0,20.0,6.7
2021,11,7,1012.2,26.1,83,0.0,80.0,15.6
2021,11,8,1017.2,20.1,61,2.0,360.0,45.3
2021,11,9,1019.3,19.5,50,0.0,360.0,28.3
2021,11,10,1018.7,20.5,41,0.0,360.0,25.0
2021,11,11,1017.7,21.5,47,0.0,70.0,20.1
2021,11,12,1018.8,22.6,51,0.0,10.0,21.4
2021,11,13,1018.1,22.3,49,0.05,10.0,22.3
2021,11,14,1018.2,21.6,59,0.0,80.0,24.1
2021,11,15,1017.2,22.1,65,0.0,70.0,31.3
2021,11,16,1017.0,23.2,71,0.0,60.0,25.3
2021,11,17,1017.1,23.5,74,0.0,60.0,24.7
2021,11,18,1014.3,22.4,69,0.0,10.0,13.3
2021,11,19,1012.2,23.0,77,0.05,80.0,15.8
2021,11,20,1012.9,23.7,77,0.3,80.0,33.0
2021,11,21,1014.1,23.5,82,0.0,70.0,22.8
2021,11,22,1017.0,19.6,76,3.5,360.0,31.3
2021,11,23,1021.1,16.1,69,0.05,360.0,28.9
2021,11,24,1020.3,19.0,65,0.0,20.0,20.6
2021,11,25,1018.2,20.6,64,0.0,10.0,15.3
2021,11,26,1018.4,21.6,64,0.0,80.0,25.3
2021,11,27,1020.1,21.2,63,0.0,80.0,25.7
2021,11,28,1019.5,21.6,69,0.0,70.0,26.5
2021,11,29,1017.3,22.4,67,0.0,10.0,13.9
2021,11,30,1018.4,21.3,59,0.0,10.0,39.1
2021,12,1,1021.5,17.3,40,0.0,10.0,41.0
2021,12,2,1021.8,17.4,42,0.0,10.0,25.2
2021,12,3,1021.5,18.0,35,0.0,360.0,26.8
2021,12,4,1022.2,18.1,46,0.0,70.0,29.8
2021,12,5,1021.2,19.1,55,0.0,60.0,27.2
2021,12,6,1020.3,19.2,59,0.0,10.0,21.4
2021,12,7,1020.9,19.9,65,0.0,70.0,32.3
2021,12,8,1022.3,20.1,67,0.0,80.0,42.5
2021,12,9,1022.3,20.2,72,0.0,70.0,25.5
2021,12,10,1020.7,20.9,73,0.0,70.0,29.8
2021,12,11,1020.8,21.4,74,0.0,70.0,27.7
2021,12,12,1021.0,21.5,75,0.0,60.0,19.4
2021,12,13,1021.6,19.4,67,0.0,10.0,23.5
2021,12,14,1018.6,20.5,72,0.05,70.0,21.8
2021,12,15,1016.1,21.5,78,0.2,70.0,26.3
2021,12,16,1015.8,23.2,81,0.05,50.0,23.8
2021,12,17,1018.9,21.7,69,0.0,10.0,33.0
2021,12,18,1022.8,18.1,58,0.0,10.0,32.2
2021,12,19,1021.8,17.9,51,0.0,70.0,36.0
2021,12,20,1017.6,17.2,78,9.4,50.0,45.5
2021,12,21,1013.5,17.3,88,2.4,360.0,35.0
2021,12,22,1016.5,19.3,80,0.05,360.0,15.8
2021,12,23,1016.8,19.9,77,0.8,80.0,25.4
2021,12,24,1017.2,19.9,84,1.7,40.0,9.5
2021,12,25,1021.2,19.6,75,0.05,70.0,32.3
2021,12,26,1025.5,15.0,78,3.5,10.0,35.0
2021,12,27,1027.1,12.0,81,1.3,10.0,31.3
2021,12,28,1024.4,15.3,74,0.2,30.0,21.8
2021,12,29,1023.2,18.4,74,0.0,360.0,12.6
2021,12,30,1024.6,18.1,77,0.0,80.0,19.7
2021,12,31,1025.0,18.0,78,0.05,80.0,30.1
2022,1,1,1024.4,17.6,76,0.0,70.0,24.4
2022,1,2,1022.5,18.4,77,0.0,20.0,15.1
2022,1,3,1021.1,18.3,79,0.0,70.0,25.1
2022,1,4,1019.6,19.1,75,0.0,70.0,29.6
2022,1,5,1017.3,20.4,75,0.05,50.0,13.8
2022,1,6,1019.2,20.3,80,0.0,80.0,21.6
2022,1,7,1021.6,18.6,79,0.0,70.0,31.5
2022,1,8,1020.5,17.8,75,0.0,70.0,20.7
2022,1,9,1018.2,18.0,79,0.0,70.0,18.8
2022,1,10,1017.5,18.4,76,0.0,60.0,21.3
2022,1,11,1020.2,15.8,70,1.2,10.0,30.4
2022,1,12,1020.9,16.1,72,0.0,60.0,28.8
2022,1,13,1021.5,17.0,64,0.05,10.0,21.8
2022,1,14,1020.7,16.6,75,0.0,70.0,34.7
2022,1,15,1020.1,17.9,82,0.0,60.0,28.9
2022,1,16,1020.4,18.8,82,0.0,50.0,25.9
2022,1,17,1020.7,17.8,84,0.0,60.0,27.3
2022,1,18,1020.9,17.3,82,0.2,30.0,18.4
2022,1,19,1019.3,17.1,70,0.0,10.0,16.8
2022,1,20,1018.4,17.6,73,0.0,60.0,25.6
2022,1,21,1017.6,17.9,80,0.0,70.0,36.9
2022,1,22,1014.3,17.3,91,1.5,70.0,32.8
2022,1,23,1013.1,19.4,84,0.1,50.0,15.3
2022,1,24,1014.3,19.7,88,1.0,60.0,18.6
2022,1,25,1016.7,18.6,82,0.0,60.0,26.9
2022,1,26,1017.1,19.2,83,0.05,70.0,26.5
2022,1,27,1016.8,19.8,84,0.05,60.0,19.3
2022,1,28,1016.3,18.8,86,0.05,80.0,32.7
2022,1,29,1014.4,18.1,81,0.1,70.0,17.7
2022,1,30,1017.5,16.0,64,0.0,360.0,26.1
2022,1,31,1019.2,14.6,70,0.05,40.0,35.0
2022,2,1,1018.7,14.3,84,1.2,20.0,27.4
2022,2,2,1018.7,15.6,88,1.0,40.0,28.5
2022,2,3,1018.7,13.4,85,1.0,360.0,19.1
2022,2,4,1021.4,14.4,69,0.0,360.0,25.2
2022,2,5,1023.4,15.2,69,0.0,30.0,26.5
2022,2,6,1022.0,16.0,75,0.0,70.0,38.8
2022,2,7,1016.8,16.4,85,0.05,70.0,33.5
2022,2,8,1018.6,17.1,78,0.05,50.0,24.7
2022,2,9,1019.1,16.1,77,0.0,40.0,25.1
2022,2,10,1017.7,17.0,81,0.0,30.0,24.8
2022,2,11,1017.1,18.6,81,0.0,50.0,27.3
2022,2,12,1016.0,18.7,83,0.0,40.0,16.4
2022,2,13,1014.9,17.2,86,1.2,50.0,22.8
2022,2,14,1017.3,17.0,75,1.2,10.0,19.2
2022,2,15,1017.8,17.6,77,0.0,60.0,23.4
2022,2,16,1016.0,16.9,77,0.0,80.0,38.0
2022,2,17,1014.9,15.6,86,4.0,60.0,47.0
2022,2,18,1015.4,15.9,84,0.05,70.0,42.9
2022,2,19,1017.0,12.4,92,21.3,360.0,38.7
2022,2,20,1020.8,8.5,94,43.4,10.0,42.1
2022,2,21,1022.1,8.8,95,43.3,10.0,31.5
2022,2,22,1022.0,10.7,96,39.9,360.0,25.0
2022,2,23,1024.3,12.1,77,11.0,360.0,29.3
2022,2,24,1026.2,12.6,72,0.0,10.0,17.3
2022,2,25,1024.5,15.3,70,0.0,10.0,14.7
2022,2,26,1021.9,16.8,76,0.0,40.0,10.1
2022,2,27,1019.6,17.6,79,0.0,40.0,15.6
2022,2,28,1018.6,18.9,70,0.0,40.0,23.0
2022,3,1,1016.9,22.0,77,0.0,20.0,9.2
2022,3,2,1017.2,20.7,83,0.0,30.0,12.0
2022,3,3,1017.2,19.5,76,0.0,60.0,26.0
2022,3,4,1014.6,21.3,77,0.0,30.0,12.5
2022,3,5,1013.5,20.6,84,0.0,230.0,13.4
2022,3,6,1015.7,19.1,77,0.0,40.0,34.5
2022,3,7,1017.2,19.8,70,4.8,20.0,23.0
2022,3,8,1018.2,17.5,53,0.0,360.0,26.7
2022,3,9,1017.2,18.7,57,0.0,60.0,27.0
2022,3,10,1015.8,20.7,60,0.0,40.0,20.6
2022,3,11,1014.0,22.1,71,0.0,40.0,13.8
2022,3,12,1013.6,22.3,68,0.0,30.0,14.8
2022,3,13,1012.8,23.6,75,0.1,30.0,12.7
2022,3,14,1011.9,24.1,78,0.0,30.0,8.5
2022,3,15,1010.8,23.8,80,0.0,40.0,8.7
2022,3,16,1011.7,22.3,79,0.05,50.0,22.4
2022,3,17,1009.4,24.3,85,0.05,40.0,9.7
2022,3,18,1008.8,24.4,84,0.0,220.0,6.3
2022,3,19,1009.9,23.3,85,0.0,70.0,17.8
2022,3,20,1012.6,21.0,88,0.05,60.0,30.5
2022,3,21,1012.9,22.1,89,0.05,30.0,19.0
2022,3,22,1012.8,23.0,93,0.05,20.0,15.2
2022,3,23,1014.7,17.7,94,54.8,20.0,26.3
2022,3,24,1014.3,17.6,91,1.8,60.0,37.3
2022,3,25,1010.4,23.1,90,0.7,230.0,25.8
2022,3,26,1010.4,26.4,86,0.1,230.0,26.3
2022,3,27,1013.4,21.9,83,0.05,60.0,22.5
2022,3,28,1017.4,17.5,89,30.3,60.0,28.5
2022,3,29,1017.2,19.1,82,0.1,60.0,32.0
2022,3,30,1015.9,22.4,74,0.0,50.0,22.3
2022,3,31,1016.3,24.4,69,0.05,30.0,24.4
2022,4,1,1020.5,19.0,83,0.5,70.0,43.1
2022,4,2,1023.2,15.0,76,1.3,10.0,40.3
2022,4,3,1022.1,18.7,54,0.0,10.0,29.4
2022,4,4,1022.2,20.1,53,0.0,70.0,35.6
2022,4,5,1020.0,21.3,64,0.0,70.0,17.3
2022,4,6,1017.6,22.3,70,0.0,30.0,12.9
2022,4,7,1016.8,22.8,68,0.0,40.0,15.9
2022,4,8,1015.7,23.6,50,0.0,60.0,16.1
2022,4,9,1013.8,23.1,65,0.0,50.0,16.7
2022,4,10,1012.4,23.8,67,0.0,50.0,13.5
2022,4,11,1011.0,25.5,74,0.0,360.0,5.3
2022,4,12,1008.9,25.7,77,0.0,130.0,8.9
2022,4,13,1006.8,25.3,81,0.05,230.0,10.0
2022,4,14,1008.4,25.5,69,0.0,160.0,9.9
2022,4,15,1012.1,24.3,69,0.05,80.0,37.9
2022,4,16,1013.7,21.8,73,0.05,80.0,45.6
2022,4,17,1015.6,21.4,72,0.4,80.0,37.1
2022,4,18,1016.7,21.7,76,0.05,60.0,24.3
2022,4,19,1017.3,20.1,83,0.8,10.0,17.3
2022,4,20,1015.4,21.9,75,0.0,70.0,15.6
2022,4,21,1013.3,23.9,78,0.0,80.0,11.5
2022,4,22,1012.3,24.8,84,0.0,50.0,9.8
2022,4,23,1010.9,26.4,81,0.05,80.0,4.5
2022,4,24,1009.3,27.2,79,0.0,140.0,8.1
2022,4,25,1008.6,27.9,79,0.0,160.0,13.7
2022,4,26,1008.3,27.7,80,0.0,170.0,10.8
2022,4,27,1009.4,28.4,78,0.0,150.0,8.5
2022,4,28,1010.8,28.4,79,0.0,90.0,10.9
2022,4,29,1011.0,28.2,79,0.0,60.0,9.7
2022,4,30,1012.3,25.4,85,0.5,80.0,28.3
2022,5,1,1012.6,20.7,89,32.4,10.0,41.7
2022,5,2,1014.6,18.5,84,23.4,10.0,32.0
2022,5,3,1015.8,22.3,62,0.0,80.0,25.2
2022,5,4,1014.3,24.6,63,0.0,70.0,28.5
2022,5,5,1012.6,25.2,73,0.0,80.0,18.7
2022,5,6,1012.4,25.5,76,0.0,80.0,16.6
2022,5,7,1013.0,25.4,77,0.8,70.0,19.6
2022,5,8,1013.2,25.0,70,0.05,80.0,29.9
2022,5,9,1012.3,25.6,75,0.05,80.0,22.4
2022,5,10,1009.7,25.7,88,1.4,110.0,21.6
2022,5,11,1007.8,25.0,95,61.4,140.0,26.5
2022,5,12,1006.0,25.8,91,123.5,220.0,29.8
2022,5,13,1005.2,25.5,92,107.1,240.0,23.4
2022,5,14,1008.2,24.6,93,5.0,80.0,23.2
2022,5,15,1009.8,22.6,91,26.2,70.0,42.5
2022,5,16,1012.4,20.0,85,4.7,10.0,30.3
2022,5,17,1013.6,22.4,72,0.0,80.0,24.3
2022,5,18,1013.8,23.9,52,0.0,70.0,36.0
2022,5,19,1011.9,25.8,64,0.0,70.0,22.6
2022,5,20,1009.2,26.9,76,0.0,40.0,11.0
2022,5,21,1007.8,26.9,78,0.0,240.0,11.0
2022,5,22,1007.3,25.0,83,0.6,80.0,36.7
2022,5,23,1007.6,24.0,90,11.2,80.0,38.8
2022,5,24,1009.2,24.4,93,10.3,70.0,33.9
2022,5,25,1007.7,25.3,91,1.3,80.0,19.2
2022,5,26,1004.7,26.7,88,2.4,80.0,11.2
2022,5,27,1004.3,27.4,89,24.7,200.0,18.5
2022,5,28,1005.5,28.7,81,0.05,160.0,16.0
2022,5,29,1005.8,29.1,79,0.05,160.0,16.2
2022,5,30,1005.9,29.2,78,0.05,150.0,11.8
2022,5,31,1006.8,28.2,82,0.1,160.0,11.5
2022,6,1,1007.1,28.7,81,1.2,200.0,17.7
2022,6,2,1006.2,28.8,80,11.9,210.0,23.9
2022,6,3,1005.6,29.2,81,1.6,200.0,29.8
2022,6,4,1005.8,29.6,78,0.05,220.0,33.3
2022,6,5,1004.7,29.6,78,0.05,220.0,32.5
2022,6,6,1003.6,28.9,83,2.5,230.0,27.0
2022,6,7,1004.5,27.4,86,33.8,240.0,20.8
2022,6,8,1005.6,25.8,93,66.0,100.0,17.8
2022,6,9,1005.5,26.3,90,28.7,230.0,16.3
2022,6,10,1005.4,26.1,92,25.8,230.0,18.3
2022,6,11,1006.6,26.8,89,47.5,190.0,17.4
2022,6,12,1007.0,28.4,84,2.6,220.0,27.5
2022,6,13,1006.4,28.9,80,0.0,230.0,30.6
2022,6,14,1007.0,27.4,87,42.8,230.0,24.8
2022,6,15,1009.2,26.7,88,11.0,280.0,8.0
2022,6,16,1008.9,27.6,84,2.6,220.0,15.5
2022,6,17,1007.6,29.0,79,1.0,220.0,26.3
2022,6,18,1006.8,28.8,81,1.3,200.0,27.3
2022,6,19,1006.1,29.3,81,0.1,190.0,28.0
2022,6,20,1004.8,29.2,80,2.8,200.0,29.5
2022,6,21,1005.9,29.4,80,0.05,190.0,23.7
2022,6,22,1009.6,29.5,78,0.0,180.0,14.7
2022,6,23,1010.4,30.0,74,0.0,170.0,12.4
2022,6,24,1008.6,30.0,73,0.0,220.0,10.7
2022,6,25,1007.8,29.6,74,0.0,240.0,15.0
2022,6,26,1009.3,30.0,74,0.3,190.0,11.9
2022,6,27,1008.1,30.1,73,0.1,210.0,11.6
2022,6,28,1005.1,30.6,71,0.0,150.0,7.8
2022,6,29,1002.8,30.2,78,0.7,70.0,21.4
2022,6,30,1002.7,27.5,89,64.9,80.0,31.9
2022,7,1,1000.7,27.2,85,63.0,80.0,59.3
2022,7,2,999.1,26.9,89,72.4,110.0,57.8
2022,7,3,1001.5,29.0,82,0.0,180.0,47.9
2022,7,4,1002.2,28.8,83,0.4,200.0,44.8
2022,7,5,1004.2,29.0,82,0.2,200.0,34.8
2022,7,6,1005.7,28.8,81,0.5,220.0,22.5
2022,7,7,1007.3,28.7,86,13.1,140.0,19.6
2022,7,8,1007.4,30.0,79,0.05,90.0,17.0
2022,7,9,1005.7,29.9,81,0.05,90.0,23.8
2022,7,10,1006.5,30.5,77,0.05,100.0,13.7
2022,7,11,1007.3,30.9,73,0.0,90.0,9.2
2022,7,12,1006.9,31.1,72,0.0,110.0,10.2
2022,7,13,1005.9,31.0,71,0.0,130.0,11.9
2022,7,14,1005.6,30.4,75,0.0,190.0,11.3
2022,7,15,1006.5,30.4,77,0.2,230.0,16.2
2022,7,16,1006.0,30.5,77,1.5,230.0,31.3
2022,7,17,1005.7,30.5,76,1.2,230.0,33.1
2022,7,18,1004.9,30.4,78,2.7,220.0,25.5
2022,7,19,1006.6,30.8,75,0.05,190.0,19.5
2022,7,20,1009.8,30.8,76,0.6,130.0,22.0
2022,7,21,1012.0,30.9,74,0.3,150.0,12.9
2022,7,22,1010.8,31.2,72,0.0,240.0,11.7
2022,7,23,1008.7,31.4,74,0.0,240.0,18.7
2022,7,24,1007.1,32.0,72,0.0,240.0,18.3
2022,7,25,1007.6,32.0,74,0.0,230.0,15.9
2022,7,26,1007.7,31.2,71,0.0,210.0,12.8
2022,7,27,1007.1,31.0,69,0.0,230.0,16.9
2022,7,28,1006.2,31.2,73,0.0,250.0,17.3
2022,7,29,1004.7,31.7,74,0.0,260.0,14.9
2022,7,30,1004.3,29.5,81,2.4,220.0,8.8
2022,7,31,1004.3,30.8,76,0.0,230.0,16.0
2022,8,1,1005.9,31.4,69,0.0,230.0,12.7
2022,8,2,1007.1,31.1,70,0.2,220.0,10.7
2022,8,3,1006.7,28.2,82,34.9,30.0,14.5
2022,8,4,1004.5,27.1,86,14.9,290.0,19.6
2022,8,5,1007.6,26.1,94,165.5,30.0,15.1
2022,8,6,1007.6,27.9,89,5.5,50.0,18.5
2022,8,7,1006.7,29.6,82,2.8,80.0,27.3
2022,8,8,1006.3,28.3,87,33.3,90.0,27.9
2022,8,9,1003.6,26.7,88,72.0,100.0,50.9
2022,8,10,1004.1,27.4,90,49.7,110.0,44.4
2022,8,11,1007.8,26.7,90,12.4,90.0,25.8
2022,8,12,1008.8,26.1,93,76.0,120.0,14.3
2022,8,13,1008.0,28.7,81,0.0,20.0,6.2
2022,8,14,1007.2,29.5,78,0.0,170.0,4.7
2022,8,15,1006.2,30.0,78,0.0,160.0,5.8
2022,8,16,1005.6,29.4,82,9.1,80.0,16.4
2022,8,17,1005.8,28.2,86,29.8,100.0,18.1
2022,8,18,1005.5,28.1,87,22.1,100.0,10.8
2022,8,19,1004.9,28.3,85,4.8,100.0,16.1
2022,8,20,1007.5,28.2,83,8.4,140.0,30.6
2022,8,21,1008.3,29.0,84,1.9,140.0,18.6
2022,8,22,1006.9,30.1,77,0.0,240.0,18.1
2022,8,23,1005.0,31.1,77,0.0,270.0,11.6
2022,8,24,1002.3,30.8,73,5.5,70.0,36.5
2022,8,25,1006.3,27.2,85,48.1,100.0,39.6
2022,8,26,1010.6,29.4,80,0.1,130.0,13.8
2022,8,27,1009.2,29.7,78,0.0,240.0,14.8
2022,8,28,1008.4,30.5,80,0.0,80.0,12.1
2022,8,29,1010.2,30.1,78,0.0,80.0,10.3
2022,8,30,1008.8,29.5,80,13.1,220.0,4.9
2022,8,31,1006.7,29.7,80,4.7,260.0,4.7
2022,9,1,1007.9,29.4,78,2.8,340.0,9.5
2022,9,2,1005.9,29.5,63,0.0,360.0,24.8
2022,9,3,1002.8,30.0,54,0.0,350.0,18.3
2022,9,4,1002.9,30.8,55,0.0,360.0,13.7
2022,9,5,1004.4,31.1,52,0.0,360.0,11.7
2022,9,6,1008.2,30.8,61,0.0,80.0,11.0
2022,9,7,1013.3,28.4,81,8.6,70.0,35.5
2022,9,8,1014.2,29.5,70,0.05,80.0,22.8
2022,9,9,1013.1,29.6,55,0.0,100.0,10.6
2022,9,10,1011.4,28.9,76,0.05,70.0,11.0
2022,9,11,1009.1,29.4,78,0.0,240.0,13.2
2022,9,12,1007.4,30.8,66,0.0,260.0,10.3
2022,9,13,1007.3,31.7,56,0.0,250.0,12.8
2022,9,14,1007.0,31.7,46,0.0,280.0,18.1
2022,9,15,1005.9,31.3,52,0.0,350.0,9.4
2022,9,16,1005.1,30.8,63,0.05,250.0,7.9
2022,9,17,1006.0,31.1,69,0.05,240.0,12.1
2022,9,18,1005.7,30.1,77,20.3,250.0,21.2
2022,9,19,1005.9,28.8,77,3.3,250.0,13.8
2022,9,20,1008.2,28.9,79,3.5,80.0,26.6
2022,9,21,1010.7,28.1,72,8.5,90.0,35.3
2022,9,22,1011.1,28.5,73,0.0,80.0,24.8
2022,9,23,1010.8,28.5,77,13.4,90.0,16.0
2022,9,24,1011.2,28.3,71,0.0,80.0,35.7
2022,9,25,1010.4,28.8,71,0.0,80.0,22.9
2022,9,26,1009.1,29.4,70,0.0,70.0,30.8
2022,9,27,1007.7,29.2,72,0.05,70.0,49.7
2022,9,28,1008.0,28.8,73,0.0,80.0,49.1
2022,9,29,1010.1,28.0,81,8.1,80.0,38.6
2022,9,30,1012.3,26.4,91,102.7,90.0,28.8
2022,10,1,1012.9,27.7,86,2.6,80.0,27.9
2022,10,2,1012.9,28.9,81,0.05,80.0,30.2
2022,10,3,1013.5,29.5,76,0.0,70.0,16.9
2022,10,4,1013.6,29.4,76,0.0,70.0,9.3
2022,10,5,1014.4,29.1,75,0.05,90.0,26.0
2022,10,6,1015.0,28.9,74,0.05,80.0,33.2
2022,10,7,1014.9,28.3,77,22.8,80.0,31.7
2022,10,8,1015.4,27.7,71,0.05,50.0,30.7
2022,10,9,1016.4,27.1,71,4.8,80.0,32.0
2022,10,10,1018.0,24.0,51,0.0,360.0,43.6
2022,10,11,1016.8,24.1,48,0.0,360.0,24.3
2022,10,12,1015.4,25.2,50,0.0,20.0,23.5
2022,10,13,1013.5,26.0,60,0.0,80.0,26.2
2022,10,14,1012.1,26.9,66,0.0,80.0,29.0
2022,10,15,1010.9,27.5,53,0.0,360.0,21.3
2022,10,16,1009.1,28.3,46,0.0,360.0,39.1
2022,10,17,1008.9,27.2,45,0.05,10.0,53.8
2022,10,18,1013.3,20.9,67,19.7,10.0,49.8
2022,10,19,1015.7,23.0,54,0.0,60.0,46.8
2022,10,20,1017.5,24.3,64,0.0,70.0,48.5
2022,10,21,1017.2,25.2,68,0.0,80.0,31.9
2022,10,22,1015.5,26.6,67,0.05,90.0,11.9
2022,10,23,1014.9,26.5,71,0.0,80.0,23.0
2022,10,24,1016.1,25.2,68,0.0,80.0,45.5
2022,10,25,1018.2,23.8,63,0.0,80.0,51.0
2022,10,26,1017.2,23.9,66,0.0,80.0,34.3
2022,10,27,1015.9,24.6,70,0.0,70.0,25.8
2022,10,28,1015.4,25.5,68,0.0,70.0,24.8
2022,10,29,1014.2,25.7,65,0.0,80.0,18.3
2022,10,30,1011.4,25.4,57,0.0,10.0,30.9
2022,10,31,1008.7,25.4,50,0.0,360.0,49.8
2022,11,1,1008.2,22.0,64,4.5,10.0,57.7
2022,11,2,1007.0,20.2,86,23.7,360.0,56.7
2022,11,3,1012.0,22.1,93,58.1,80.0,29.3
2022,11,4,1016.3,22.6,87,4.0,70.0,47.5
2022,11,5,1019.0,21.5,79,0.05,70.0,36.6
2022,11,6,1018.6,20.8,84,6.6,10.0,29.3
2022,11,7,1017.3,21.5,85,1.6,10.0,19.8
2022,11,8,1017.3,22.4,85,7.7,60.0,28.4
2022,11,9,1017.3,23.8,77,0.0,50.0,18.4
2022,11,10,1016.7,24.8,78,0.0,40.0,14.3
2022,11,11,1016.2,25.0,77,0.0,70.0,20.0
2022,11,12,1015.3,24.6,79,0.05,60.0,17.1
2022,11,13,1015.7,24.8,81,0.0,50.0,14.8
2022,11,14,1016.7,24.1,79,0.0,70.0,31.9
2022,11,15,1015.5,24.3,78,0.0,60.0,24.0
2022,11,16,1015.0,24.1,80,0.0,80.0,31.4
2022,11,17,1014.6,24.5,80,0.0,70.0,20.3
2022,11,18,1015.6,24.6,80,0.0,40.0,21.9
2022,11,19,1015.0,25.1,77,0.0,60.0,19.7
2022,11,20,1014.0,24.7,78,0.0,60.0,24.2
2022,11,21,1013.6,23.9,78,0.5,70.0,41.5
2022,11,22,1013.1,23.4,86,2.5,70.0,37.2
2022,11,23,1013.8,23.4,91,3.4,60.0,32.6
2022,11,24,1015.2,21.8,93,9.6,70.0,38.8
2022,11,25,1015.6,22.3,92,4.8,70.0,25.6
2022,11,26,1014.8,22.7,88,0.5,60.0,20.7
2022,11,27,1012.6,23.1,90,1.9,80.0,25.9
2022,11,28,1012.5,25.6,88,1.4,150.0,10.5
2022,11,29,1013.5,25.5,85,0.0,50.0,10.7
2022,11,30,1017.3,22.8,82,0.0,60.0,23.4
2022,12,1,1020.5,16.5,72,0.05,10.0,31.9
2022,12,2,1019.4,16.5,69,0.0,360.0,25.0
2022,12,3,1017.1,19.2,73,0.0,10.0,15.3
2022,12,4,1018.0,21.2,74,0.0,10.0,19.0
2022,12,5,1019.8,17.9,66,0.0,360.0,32.3
2022,12,6,1019.7,17.1,68,0.0,10.0,23.5
2022,12,7,1018.9,18.7,68,0.05,10.0,22.7
2022,12,8,1017.9,19.9,72,0.0,20.0,16.3
2022,12,9,1015.8,19.6,67,0.0,10.0,21.3
2022,12,10,1015.5,18.4,61,0.0,360.0,27.7
2022,12,11,1016.2,16.7,60,0.0,360.0,34.0
2022,12,12,1018.3,16.2,61,0.05,360.0,38.1
2022,12,13,1019.4,14.5,71,3.2,360.0,29.8
2022,12,14,1021.4,12.5,91,8.7,360.0,33.3
2022,12,15,1017.9,14.6,91,3.8,30.0,24.3
2022,12,16,1017.5,16.9,90,0.9,10.0,27.4
2022,12,17,1024.9,13.2,60,9.1,360.0,61.2
2022,12,18,1025.9,11.8,30,0.05,10.0,41.9
2022,12,19,1021.7,13.7,50,0.0,10.0,29.2
2022,12,20,1018.3,16.8,71,0.0,60.0,31.4
2022,12,21,1016.3,17.5,46,0.05,360.0,27.0
2022,12,22,1016.5,17.2,35,0.0,10.0,22.6
2022,12,23,1019.0,17.1,40,0.0,10.0,23.1
2022,12,24,1021.1,16.9,49,0.0,20.0,22.4
2022,12,25,1022.3,16.2,59,0.0,70.0,31.0
2022,12,26,1022.8,16.3,65,0.0,70.0,29.4
2022,12,27,1022.7,16.9,70,0.0,70.0,35.1
2022,12,28,1022.6,17.7,68,0.0,60.0,27.7
2022,12,29,1024.2,16.8,60,0.05,360.0,26.3
2022,12,30,1025.1,15.0,62,0.0,360.0,30.1
2022,12,31,1024.7,15.5,65,0.0,360.0,26.1
2023,1,1,1023.3,16.9,65,0.1,10.0,23.4
2023,1,2,1023.1,18.7,65,0.05,20.0,21.8
2023,1,3,1023.7,17.3,69,0.05,10.0,24.1
2023,1,4,1023.4,17.4,74,0.05,60.0,26.8
2023,1,5,1023.4,18.5,77,0.0,60.0,21.7
2023,1,6,1022.6,19.8,62,0.0,10.0,18.4
2023,1,7,1020.5,19.1,59,0.0,60.0,23.8
2023,1,8,1020.0,18.6,57,0.05,70.0,35.0
2023,1,9,1019.5,19.7,72,0.1,50.0,22.8
2023,1,10,1018.8,18.2,91,5.5,40.0,23.4
2023,1,11,1017.6,18.1,87,3.2,60.0,31.0
2023,1,12,1014.5,18.8,88,0.5,50.0,26.9
2023,1,13,1011.0,21.7,93,4.5,20.0,14.5
2023,1,14,1009.4,22.7,90,3.4,250.0,9.4
2023,1,15,1014.4,18.4,80,0.05,10.0,25.9
2023,1,16,1021.6,12.3,66,0.0,360.0,30.6
2023,1,17,1023.6,13.2,71,0.0,10.0,24.2
2023,1,18,1024.1,14.3,58,0.0,10.0,22.5
2023,1,19,1022.3,16.1,63,0.0,40.0,14.4
2023,1,20,1021.4,17.6,62,0.05,20.0,20.6
2023,1,21,1019.5,16.9,79,0.05,80.0,36.9
2023,1,22,1016.5,18.8,83,0.6,40.0,15.5
2023,1,23,1016.2,18.8,86,0.0,50.0,11.3
2023,1,24,1024.5,14.7,51,0.3,10.0,48.6
2023,1,25,1023.1,12.5,54,0.0,60.0,31.8
2023,1,26,1019.3,15.7,66,0.0,60.0,26.8
2023,1,27,1022.5,15.4,46,0.0,10.0,40.8
2023,1,28,1024.1,12.9,28,0.0,10.0,32.6
2023,1,29,1023.7,12.8,35,0.0,360.0,18.6
2023,1,30,1022.2,15.0,48,0.0,60.0,18.3
2023,1,31,1017.9,16.9,61,0.0,60.0,27.3
2023,2,1,1015.6,19.9,77,0.0,30.0,17.8
2023,2,2,1018.2,19.4,77,0.0,80.0,31.4
2023,2,3,1018.6,17.9,76,0.0,70.0,31.3
2023,2,4,1017.4,17.4,81,0.4,70.0,32.8
2023,2,5,1016.0,17.9,83,0.05,70.0,27.5
2023,2,6,1014.6,19.2,85,0.1,30.0,14.0
2023,2,7,1015.4,21.0,83,0.05,80.0,11.3
2023,2,8,1017.1,18.5,84,0.05,70.0,35.0
2023,2,9,1016.3,19.5,83,0.1,60.0,24.1
2023,2,10,1014.9,21.2,87,0.1,20.0,15.0
2023,2,11,1014.6,18.7,93,0.9,40.0,25.4
2023,2,12,1013.9,19.9,95,0.05,40.0,20.4
2023,2,13,1013.7,22.3,88,0.05,40.0,10.4
2023,2,14,1018.8,18.5,64,0.0,10.0,31.4
2023,2,15,1023.5,16.3,60,0.0,10.0,28.2
2023,2,16,1024.7,16.8,62,0.0,70.0,28.4
2023,2,17,1021.2,18.7,70,0.0,70.0,26.0
2023,2,18,1018.2,21.0,67,0.0,50.0,13.6
2023,2,19,1017.6,22.8,67,0.05,360.0,17.5
2023,2,20,1019.2,20.1,64,0.0,80.0,26.8
2023,2,21,1022.6,17.8,62,0.0,80.0,46.4
2023,2,22,1022.2,16.9,61,0.0,80.0,39.7
2023,2,23,1018.6,18.2,70,0.0,70.0,23.7
2023,2,24,1018.9,19.8,67,0.0,50.0,20.1
2023,2,25,1026.5,17.1,54,0.0,10.0,34.8
2023,2,26,1029.2,16.8,58,0.0,80.0,28.2
2023,2,27,1027.4,16.4,60,0.0,80.0,40.5
2023,2,28,1024.0,17.8,71,0.0,70.0,26.8
2023,3,1,1021.5,19.7,71,0.0,40.0,11.5
2023,3,2,1023.8,19.8,70,0.0,80.0,34.7
2023,3,3,1024.9,18.6,56,0.0,80.0,30.8
2023,3,4,1024.4,19.6,65,0.0,80.0,17.7
2023,3,5,1023.6,19.7,57,0.0,80.0,26.0
2023,3,6,1022.4,20.0,50,0.0,70.0,27.8
2023,3,7,1020.9,20.1,56,0.0,70.0,21.8
2023,3,8,1019.7,21.6,77,0.0,30.0,8.3
2023,3,9,1017.7,22.5,75,0.0,230.0,5.0
2023,3,10,1017.6,22.4,68,0.0,70.0,19.8
2023,3,11,1018.3,22.1,67,0.0,70.0,20.2
2023,3,12,1018.9,22.6,71,0.1,10.0,13.8
2023,3,13,1020.4,20.1,64,0.05,80.0,24.5
2023,3,14,1016.8,19.7,73,0.0,80.0,20.5
2023,3,15,1017.4,21.0,77,0.0,80.0,13.2
2023,3,16,1018.4,22.0,72,0.05,80.0,17.6
2023,3,17,1016.8,21.7,83,0.5,70.0,20.5
2023,3,18,1015.5,22.3,80,0.0,90.0,12.6
2023,3,19,1015.2,20.6,86,0.6,80.0,32.5
2023,3,20,1012.0,21.8,88,0.3,80.0,18.8
2023,3,21,1009.2,23.7,85,0.05,170.0,14.8
2023,3,22,1008.0,24.7,83,0.05,190.0,21.9
2023,3,23,1008.6,25.0,81,0.0,200.0,17.5
2023,3,24,1011.4,25.6,80,0.0,120.0,16.7
2023,3,25,1013.1,23.4,89,53.5,80.0,28.5
2023,3,26,1014.0,20.8,91,5.9,50.0,28.6
2023,3,27,1016.2,18.6,86,6.3,80.0,42.3
2023,3,28,1017.6,18.7,84,0.05,70.0,37.1
2023,3,29,1015.4,19.9,86,0.9,80.0,30.6
2023,3,30,1012.9,20.8,89,0.3,80.0,22.8
2023,3,31,1013.3,20.3,92,1.9,90.0,28.1
2023,4,1,1012.7,20.3,89,0.7,70.0,25.2
2023,4,2,1012.2,21.1,92,0.7,80.0,30.9
2023,4,3,1011.8,20.9,90,2.1,80.0,33.0
2023,4,4,1009.3,23.7,90,4.0,140.0,27.3
2023,4,5,1009.5,25.3,89,0.4,170.0,27.1
2023,4,6,1011.0,25.4,87,5.9,180.0,22.2
2023,4,7,1015.2,21.8,74,4.4,360.0,26.2
2023,4,8,1020.1,20.6,73,0.05,80.0,34.2
2023,4,9,1018.4,19.8,72,2.6,80.0,26.7
2023,4,10,1014.9,21.4,80,0.0,70.0,23.0
2023,4,11,1012.9,24.2,81,0.0,60.0,14.2
2023,4,12,1012.3,25.0,76,0.0,100.0,9.5
2023,4,13,1012.8,23.4,78,0.0,70.0,27.2
2023,4,14,1010.8,24.7,80,0.0,50.0,10.8
2023,4,15,1009.3,26.9,70,0.0,310.0,5.1
2023,4,16,1009.5,26.7,69,0.0,100.0,7.9
2023,4,17,1011.5,26.1,80,0.05,80.0,14.7
2023,4,18,1010.1,26.7,81,0.05,130.0,11.3
2023,4,19,1005.1,25.9,81,26.5,200.0,20.6
2023,4,20,1004.1,24.0,94,18.2,30.0,16.8
2023,4,21,1007.3,24.1,90,4.3,90.0,25.5
2023,4,22,1010.5,23.1,89,0.7,80.0,47.1
2023,4,23,1013.3,23.0,91,0.4,80.0,33.3
2023,4,24,1014.2,23.5,89,1.0,70.0,20.3
2023,4,25,1013.9,22.4,91,4.4,40.0,18.4
2023,4,26,1014.6,21.6,73,0.0,80.0,25.6
2023,4,27,1015.2,22.7,80,0.3,80.0,34.8
2023,4,28,1013.8,24.1,84,0.9,80.0,22.7
2023,4,29,1011.6,25.4,82,0.05,70.0,9.7
2023,4,30,1012.1,24.6,73,0.0,80.0,18.1
2023,5,1,1014.2,24.1,78,0.3,90.0,31.8
2023,5,2,1015.2,24.1,74,0.0,70.0,28.9
2023,5,3,1013.4,25.4,84,0.1,70.0,16.3
2023,5,4,1008.8,27.0,84,0.0,110.0,14.8
2023,5,5,1005.8,27.5,80,0.0,140.0,11.5
2023,5,6,1004.4,28.2,82,0.0,170.0,16.8
2023,5,7,1006.0,26.6,86,35.5,170.0,11.5
2023,5,8,1011.0,23.2,88,39.2,10.0,27.4
2023,5,9,1013.2,23.8,78,0.1,80.0,41.2
2023,5,10,1013.7,23.9,70,0.0,80.0,36.1
2023,5,11,1014.7,23.9,76,0.5,70.0,28.6
2023,5,12,1014.8,24.4,77,0.05,50.0,20.3
2023,5,13,1013.8,23.5,85,9.5,20.0,9.0
2023,5,14,1011.6,21.3,93,39.9,20.0,18.6
2023,5,15,1010.4,24.3,84,0.1,70.0,11.6
2023,5,16,1009.6,25.2,87,0.4,110.0,7.1
2023,5,17,1007.9,26.9,89,32.7,200.0,17.5
2023,5,18,1006.9,28.9,83,0.0,230.0,18.2
2023,5,19,1007.7,29.1,82,0.0,140.0,6.7
2023,5,20,1008.5,29.7,80,0.05,140.0,14.2
2023,5,21,1009.0,29.7,79,1.5,200.0,22.0
2023,5,22,1008.1,30.0,76,0.0,230.0,22.5
2023,5,23,1009.1,26.9,88,8.3,80.0,29.2
2023,5,24,1010.5,24.9,88,14.5,80.0,33.4
2023,5,25,1012.0,26.1,89,0.05,80.0,26.6
2023,5,26,1011.9,27.8,87,0.2,80.0,19.9
2023,5,27,1010.4,28.8,81,0.0,80.0,19.1
2023,5,28,1009.8,28.7,75,0.05,90.0,13.9
2023,5,29,1008.0,28.9,73,0.0,270.0,15.5
2023,5,30,1004.0,31.2,74,0.0,270.0,15.3
2023,5,31,1002.1,31.4,77,0.05,100.0,9.7
2023,6,1,1002.8,29.2,79,6.0,240.0,12.3
2023,6,2,1004.8,30.7,76,0.0,230.0,17.7
2023,6,3,1007.6,30.8,76,0.6,130.0,11.8
2023,6,4,1008.4,30.0,81,5.1,90.0,18.3
2023,6,5,1007.9,29.7,79,4.8,90.0,28.7
2023,6,6,1007.8,28.4,87,31.1,90.0,23.1
2023,6,7,1008.7,28.5,88,27.1,140.0,23.5
2023,6,8,1007.1,29.4,82,2.6,150.0,20.0
2023,6,9,1004.2,29.0,83,16.8,190.0,9.8
2023,6,10,1001.9,29.5,79,0.3,190.0,8.3
2023,6,11,1001.6,29.2,83,25.4,90.0,7.8
2023,6,12,1001.9,30.2,77,0.2,90.0,16.5
2023,6,13,1002.6,29.8,81,31.8,170.0,11.7
2023,6,14,1004.9,27.7,88,62.8,190.0,11.4
2023,6,15,1005.1,27.4,91,41.5,200.0,10.9
2023,6,16,1007.1,26.4,92,41.7,230.0,17.7
2023,6,17,1009.3,26.2,94,89.9,120.0,12.0
2023,6,18,1008.9,28.0,89,35.8,170.0,23.8
2023,6,19,1007.5,29.1,83,10.2,220.0,26.2
2023,6,20,1007.0,30.0,80,2.3,220.0,24.8
2023,6,21,1007.4,30.2,79,1.9,230.0,26.3
2023,6,22,1007.2,30.2,77,0.6,230.0,25.2
2023,6,23,1006.5,30.0,80,2.3,200.0,26.0
2023,6,24,1007.1,29.1,85,8.2,190.0,26.0
2023,6,25,1008.2,29.4,83,13.0,150.0,15.8
2023,6,26,1008.5,29.4,83,11.4,70.0,13.8
2023,6,27,1009.5,30.1,80,0.05,60.0,18.9
2023,6,28,1009.9,28.8,86,5.4,90.0,14.6
2023,6,29,1006.9,29.5,84,0.9,50.0,11.5
2023,6,30,1005.6,29.8,82,11.2,240.0,14.5
2023,7,1,1006.6,28.9,82,4.7,200.0,16.2
2023,7,2,1007.9,27.5,89,15.6,240.0,11.6
2023,7,3,1008.8,28.9,83,3.6,200.0,19.5
2023,7,4,1008.7,29.3,82,10.6,230.0,25.5
2023,7,5,1008.4,30.4,77,0.05,230.0,25.5
2023,7,6,1008.9,30.3,77,0.05,230.0,26.7
2023,7,7,1009.7,30.4,76,0.3,220.0,24.7
2023,7,8,1010.4,30.4,76,0.0,240.0,18.7
2023,7,9,1009.8,30.5,77,0.05,240.0,21.5
2023,7,10,1008.5,30.7,75,0.0,240.0,21.5
2023,7,11,1008.4,30.7,76,0.0,240.0,18.0
2023,7,12,1008.2,30.7,74,0.0,180.0,11.0
2023,7,13,1006.8,30.9,71,0.0,90.0,6.5
2023,7,14,1004.4,31.3,71,0.0,240.0,9.1
2023,7,15,1000.8,31.1,74,2.5,270.0,11.7
2023,7,16,997.7,29.7,75,4.9,50.0,45.5
2023,7,17,997.5,28.4,85,29.0,100.0,61.4
2023,7,18,1004.5,29.2,86,10.9,120.0,35.3
2023,7,19,1007.5,28.7,88,3.9,120.0,19.8
2023,7,20,1008.5,29.6,80,4.8,120.0,10.6
2023,7,21,1009.7,29.7,79,0.05,160.0,5.4
2023,7,22,1010.8,30.6,76,0.0,120.0,4.6
2023,7,23,1009.5,30.6,77,0.05,110.0,8.0
2023,7,24,1007.7,30.7,76,0.0,130.0,5.5
2023,7,25,1006.3,30.7,73,0.0,240.0,14.3
2023,7,26,1002.3,32.0,72,0.0,10.0,8.7
2023,7,27,997.7,32.2,67,6.9,360.0,16.6
2023,7,28,996.8,31.5,72,0.0,230.0,16.6
2023,7,29,1002.3,29.8,84,21.0,220.0,18.0
2023,7,30,1005.4,29.2,87,10.0,140.0,17.3
2023,7,31,1006.3,29.1,84,46.5,80.0,21.9
2023,8,1,1004.7,29.3,80,0.05,70.0,10.6
2023,8,2,1003.7,30.4,70,0.0,60.0,9.4
2023,8,3,1002.8,30.8,73,0.0,230.0,11.6
2023,8,4,1004.7,30.5,77,2.6,220.0,28.3
2023,8,5,1004.5,30.4,79,5.9,230.0,30.1
2023,8,6,1002.4,30.3,78,0.05,230.0,28.8
2023,8,7,1001.8,30.1,76,1.6,230.0,21.2
2023,8,8,1003.6,30.3,74,0.0,230.0,18.0
2023,8,9,1004.9,30.3,76,0.05,230.0,21.5
2023,8,10,1004.7,29.2,82,11.1,230.0,18.0
2023,8,11,1003.5,27.8,85,26.4,,
2023,8,12,1003.5,29.0,79,0.9,,
2023,8,13,1003.7,28.5,84,34.2,,
2023,8,14,1005.2,29.4,82,3.6,,
2023,8,15,1006.7,29.9,80,0.05,,
2023,8,16,1006.8,30.6,78,0.0,220.0,21.9
2023,8,17,1005.2,30.0,82,0.05,250.0,22.0
2023,8,18,1004.0,29.2,86,9.3,240.0,16.5
2023,8,19,1005.7,28.8,84,0.3,230.0,11.6
2023,8,20,1007.7,29.7,80,0.6,120.0,2.8
2023,8,21,1007.8,29.6,82,0.2,20.0,6.4
2023,8,22,1006.1,30.0,79,0.3,180.0,5.5
2023,8,23,1005.3,30.4,78,0.3,190.0,8.7
2023,8,24,1006.7,29.1,85,5.7,30.0,11.7
2023,8,25,1006.8,29.3,83,0.2,20.0,8.4
2023,8,26,1005.2,29.7,83,0.0,110.0,5.7
2023,8,27,1003.2,29.4,84,2.2,110.0,7.1
2023,8,28,1002.6,29.9,81,0.5,110.0,5.3
2023,8,29,1003.5,29.0,83,34.4,20.0,10.5
2023,8,30,1003.9,28.9,72,0.0,360.0,20.0
2023,8,31,1002.7,29.2,70,0.4,350.0,31.2
2023,9,1,996.3,26.9,81,98.9,330.0,65.9
2023,9,2,1000.1,26.2,92,80.4,80.0,51.8
2023,9,3,1001.9,29.4,76,0.1,50.0,13.8
2023,9,4,1002.1,29.9,73,0.05,270.0,8.5
2023,9,5,1003.6,29.1,73,0.4,280.0,13.0
2023,9,6,1005.4,29.4,72,0.0,220.0,16.0
2023,9,7,1006.3,27.7,89,215.7,90.0,17.4
2023,9,8,1007.9,25.7,94,425.0,80.0,30.8
2023,9,9,1008.2,26.2,92,9.8,80.0,18.4
2023,9,10,1008.3,25.8,93,67.4,80.0,19.8
2023,9,11,1007.3,26.5,93,20.5,80.0,21.4
2023,9,12,1006.5,27.0,89,0.9,70.0,10.2
2023,9,13,1006.6,27.9,88,2.5,70.0,16.2
2023,9,14,1007.7,26.9,92,103.5,70.0,18.5
2023,9,15,1009.5,27.3,89,28.5,70.0,16.1
2023,9,16,1011.1,27.1,89,4.3,70.0,17.6
2023,9,17,1010.9,28.5,85,0.0,60.0,15.1
2023,9,18,1011.4,29.2,80,0.0,60.0,7.5
2023,9,19,1011.9,29.5,79,0.0,90.0,4.6
2023,9,20,1011.0,29.6,76,0.0,100.0,2.7
2023,9,21,1010.5,30.0,77,0.0,220.0,8.9
2023,9,22,1010.4,30.2,75,0.05,80.0,5.7
2023,9,23,1010.5,30.1,74,0.0,60.0,22.9
2023,9,24,1009.9,29.9,75,0.0,60.0,30.5
2023,9,25,1010.1,29.8,76,1.5,60.0,30.4
2023,9,26,1010.7,30.0,75,0.0,60.0,28.3
2023,9,27,1010.5,30.3,72,0.05,80.0,20.3
2023,9,28,1011.6,30.3,71,0.0,70.0,25.9
2023,9,29,1012.0,29.8,78,7.7,70.0,21.8
2023,9,30,1010.4,30.0,75,0.0,140.0,9.0
2023,10,1,1009.8,30.0,77,0.0,90.0,10.5
2023,10,2,1011.3,29.5,76,0.4,80.0,26.1
2023,10,3,1010.6,29.3,78,0.05,90.0,11.5
2023,10,4,1009.0,30.8,73,0.0,270.0,12.8
2023,10,5,1007.3,30.5,58,0.0,350.0,29.5
2023,10,6,1008.3,28.3,62,0.05,360.0,30.2
2023,10,7,1008.1,25.1,74,1.9,350.0,48.8
2023,10,8,1008.1,24.2,87,92.2,360.0,71.3
2023,10,9,1013.2,24.5,94,369.7,60.0,48.3
2023,10,10,1015.6,25.3,83,2.3,60.0,39.7
2023,10,11,1016.9,25.6,75,0.0,10.0,25.3
2023,10,12,1017.6,25.7,72,0.0,10.0,21.0
2023,10,13,1015.5,26.7,67,0.0,10.0,18.7
2023,10,14,1013.2,26.6,66,0.0,360.0,13.3
2023,10,15,1013.3,26.9,72,0.1,70.0,21.6
2023,10,16,1014.9,26.5,70,0.0,70.0,39.6
2023,10,17,1015.4,25.8,61,0.05,60.0,47.7
2023,10,18,1015.2,24.6,85,38.3,70.0,50.3
2023,10,19,1014.7,25.3,91,27.9,80.0,32.8
2023,10,20,1015.2,25.9,82,0.2,60.0,25.9
2023,10,21,1018.4,23.3,76,0.05,10.0,32.1
2023,10,22,1018.8,24.5,71,0.05,20.0,22.9
2023,10,23,1017.4,26.0,77,0.05,70.0,25.5
2023,10,24,1016.3,26.8,76,0.0,60.0,22.2
2023,10,25,1015.5,26.6,80,0.0,60.0,18.7
2023,10,26,1014.6,26.2,78,0.0,70.0,17.3
2023,10,27,1014.0,26.6,81,0.0,70.0,14.5
2023,10,28,1014.8,25.8,85,9.5,80.0,24.4
2023,10,29,1016.1,25.3,79,3.5,80.0,30.0
2023,10,30,1017.1,26.1,77,0.05,80.0,19.3
2023,10,31,1018.4,25.8,70,0.0,80.0,29.5
2023,11,1,1017.7,25.8,70,0.0,70.0,27.8
2023,11,2,1015.5,25.8,75,0.0,70.0,19.5
2023,11,3,1013.6,26.0,78,0.0,80.0,13.8
2023,11,4,1013.9,26.3,76,0.0,70.0,15.2
2023,11,5,1014.4,26.7,77,0.0,50.0,12.3
2023,11,6,1015.1,27.6,65,0.0,10.0,15.5
2023,11,7,1016.5,25.9,70,0.0,70.0,36.0
2023,11,8,1015.8,25.2,77,0.0,80.0,35.1
2023,11,9,1015.4,25.7,81,0.05,70.0,29.6
2023,11,10,1016.0,26.9,82,0.0,70.0,19.2
2023,11,11,1017.7,25.3,85,2.5,80.0,39.2
2023,11,12,1020.2,24.0,77,0.6,10.0,30.5
2023,11,13,1022.7,22.0,67,0.0,360.0,29.0
2023,11,14,1022.6,20.8,70,0.0,10.0,19.4
2023,11,15,1021.7,22.8,71,0.0,70.0,32.4
2023,11,16,1023.6,21.5,65,0.0,360.0,35.0
2023,11,17,1023.9,18.8,37,0.0,360.0,41.2
2023,11,18,1022.9,19.5,42,0.0,360.0,24.2
2023,11,19,1020.9,20.5,59,0.0,70.0,14.3
2023,11,20,1019.4,21.3,65,0.0,60.0,18.0
2023,11,21,1017.5,22.0,70,0.0,80.0,24.0
2023,11,22,1016.3,22.6,73,0.0,80.0,14.4
2023,11,23,1016.4,23.0,74,0.0,10.0,6.4
2023,11,24,1019.6,22.9,67,0.0,70.0,42.8
2023,11,25,1021.0,21.9,66,0.0,70.0,41.0
2023,11,26,1020.1,22.1,68,0.0,60.0,21.0
2023,11,27,1018.1,23.0,68,0.0,10.0,6.0
2023,11,28,1018.7,22.8,61,0.05,70.0,27.7
2023,11,29,1018.7,22.7,73,0.2,70.0,30.7
2023,11,30,1019.9,23.8,73,0.0,70.0,25.4
2023,12,1,1021.5,21.5,69,0.0,10.0,30.0
2023,12,2,1021.7,20.0,70,0.0,70.0,22.2
2023,12,3,1020.4,21.4,73,0.05,70.0,23.4
2023,12,4,1017.2,21.9,76,0.05,80.0,10.9
2023,12,5,1015.6,21.7,73,0.0,360.0,5.8
2023,12,6,1017.6,21.5,67,0.05,360.0,18.5
2023,12,7,1017.8,21.0,47,0.0,360.0,19.8
2023,12,8,1016.7,21.4,68,0.0,70.0,17.6
2023,12,9,1014.6,22.9,80,0.0,60.0,14.9
2023,12,10,1013.8,23.9,80,0.05,50.0,14.2
2023,12,11,1014.6,24.2,85,0.3,40.0,5.1
2023,12,12,1016.2,24.7,80,0.3,80.0,12.4
2023,12,13,1019.4,22.3,82,0.05,70.0,31.8
2023,12,14,1018.7,23.1,81,0.05,60.0,21.5
2023,12,15,1016.3,24.4,81,0.0,50.0,12.0
2023,12,16,1020.5,18.9,71,0.1,360.0,32.7
2023,12,17,1024.9,13.4,69,0.0,10.0,30.8
2023,12,18,1022.1,17.3,80,0.05,40.0,29.0
2023,12,19,1021.2,16.8,75,0.0,350.0,22.2
2023,12,20,1023.3,13.6,65,0.0,350.0,34.9
2023,12,21,1027.1,10.9,65,0.0,350.0,39.8
2023,12,22,1030.1,10.5,51,0.0,360.0,33.0
2023,12,23,1029.9,11.0,58,0.2,360.0,30.3
2023,12,24,1028.6,13.3,52,0.0,360.0,26.9
2023,12,25,1026.7,14.9,51,0.0,360.0,24.8
2023,12,26,1025.2,16.6,63,0.0,60.0,23.4
2023,12,27,1024.0,18.7,62,0.05,40.0,16.4
2023,12,28,1022.3,20.1,73,0.05,50.0,21.8
2023,12,29,1021.1,19.4,79,0.0,60.0,29.5
2023,12,30,1018.3,20.7,70,0.05,40.0,8.2
2023,12,31,1018.0,21.8,73,0.0,40.0,8.4
