Year,Month,HK_NOx_tonnes,HK_PM10_tonnes,HK_SO2_tonnes,GDP_real_monthly,ln_GDP_real,EI_NOx,ln_EI_NOx,EI_PM10,ln_EI_PM10,EI_SO2,ln_EI_SO2,fav_share,PRD_exposure_NOx,PRD_exposure_PM10,PRD_exposure_SO2,Temp_mean,RH_mean,Rainfall_mean,Pressure_mean,dln_EI_NOx,dPRD_exposure_NOx,dln_EI_PM10,dPRD_exposure_PM10,dln_EI_SO2,dPRD_exposure_SO2,dTemp_mean,dRH_mean,dRainfall_mean,dPressure_mean,dfav_share,dPRD_exposure_NOx_lag0,dPRD_exposure_NOx_lag1,dPRD_exposure_NOx_lag2,dPRD_exposure_NOx_lag3,dPRD_exposure_NOx_lag6,dPRD_exposure_PM10_lag0,dPRD_exposure_PM10_lag1,dPRD_exposure_PM10_lag2,dPRD_exposure_PM10_lag3,dPRD_exposure_PM10_lag6,dPRD_exposure_SO2_lag0,dPRD_exposure_SO2_lag1,dPRD_exposure_SO2_lag2,dPRD_exposure_SO2_lag3,dPRD_exposure_SO2_lag6,T,month_year
2001,1,9569.3772644,682.5026921,7091.015383400001,137038.66666666666,11.828018403431308,0.06982976044036233,-2.661694992742102,0.004980365824487493,-5.302251931911107,0.05174463205080806,-2.961434580703631,0.5666666666666667,6.094598630853452,6.069019378383981,6.051801850866813,17.32,78.3,1.5933333333333333,1017.4366666666666,,,,,,,,,,,,,,,,,,,,,,,,,,,1,2001_1
2001,2,9064.9640924,678.9098814,6758.4225425,137038.66666666666,11.828018403431308,0.06614895133538953,-2.715846241375408,0.004954148328452311,-5.307530007214163,0.0493176320734294,-3.0094736133262256,0.5357142857142857,5.722591746712273,5.7074915659560075,5.694589276718667,17.607142857142858,78.46428571428571,0.40535714285714286,1016.9142857142857,-0.054151248633306004,-0.3720068841411788,-0.005278075303055907,-0.3615278124279735,-0.04803903262259457,-0.35721257414814556,0.28714285714285737,0.16428571428571104,-1.1879761904761903,-0.5223809523808995,-0.030952380952380953,-0.3720068841411788,,,,,-0.3615278124279735,,,,,-0.35721257414814556,,,,,2,2001_2
2001,3,10126.1973411,731.027997,7547.077323900001,137038.66666666666,11.828018403431308,0.07389299376161473,-2.6051372625371356,0.005334465189873418,-5.233566644825336,0.05507261204064061,-2.8991027455516485,0.45161290322580644,4.889194272000402,4.884911389650683,4.864993718390869,20.55806451612903,77.06451612903226,1.8451612903225807,1014.9064516129032,0.11070897883827246,-0.8333974747118713,0.07396336238882739,-0.8225801763053244,0.11037086777457716,-0.8295955583277985,2.9509216589861715,-1.399769585253452,1.4398041474654377,-2.007834101382514,-0.08410138248847926,-0.8333974747118713,-0.3720068841411788,,,,-0.8225801763053244,-0.3615278124279735,,,,-0.8295955583277985,-0.35721257414814556,,,,3,2001_3
2001,4,9920.7904758,722.4240417999999,7622.54219,138726.33333333334,11.840258446489296,0.0715133906982332,-2.63787056432458,0.005207548015156939,-5.25764616448626,0.05494661328418781,-2.901393232712719,0.26666666666666666,2.8789464378755705,2.876885476616981,2.8772585200996468,22.37,85.33333333333333,4.446666666666667,1011.9633333333334,-0.03273330178744427,-2.010247834124831,-0.024079519660924475,-2.008025913033702,-0.002290487161070498,-1.987735198291222,1.8119354838709718,8.268817204301072,2.6015053763440865,-2.9431182795698305,-0.18494623655913978,-2.010247834124831,-0.8333974747118713,-0.3720068841411788,,,-2.008025913033702,-0.8225801763053244,-0.3615278124279735,,,-1.987735198291222,-0.8295955583277985,-0.35721257414814556,,,4,2001_4
2001,5,10154.6200532,744.9031282,7644.8096743,138726.33333333334,11.840258446489296,0.07319893641822389,-2.6145743879261145,0.005369587087767523,-5.227004265826019,0.055107127036443444,-2.898476223884036,0.03225806451612903,0.34932683301152245,0.34851194452946843,0.3476098560291981,26.69677419354839,82.3225806451613,5.233870967741935,1007.5483870967741,0.023296176398465374,-2.529619604864048,0.030641898660241473,-2.528373532087513,0.0029170088286831763,-2.5296486640704487,4.326774193548388,-3.0107526881720332,0.7872043010752678,-4.414946236559217,-0.23440860215053763,-2.529619604864048,-2.010247834124831,-0.8333974747118713,-0.3720068841411788,,-2.528373532087513,-2.008025913033702,-0.8225801763053244,-0.3615278124279735,,-2.5296486640704487,-1.987735198291222,-0.8295955583277985,-0.35721257414814556,,5,2001_5
2001,6,10181.5454737,756.4400591000001,7539.181006,138726.33333333334,11.840258446489296,0.07339302660898316,-2.611926353202164,0.005452750324499795,-5.211635150901095,0.054345709461553794,-2.9123896112807617,0.0,0.0,0.0,0.0,27.6,85.06666666666666,36.125,1005.56,0.0026480347239505875,-0.34932683301152245,0.015369114924923544,-0.34851194452946843,-0.013913387396725874,-0.3476098560291981,0.9032258064516121,2.7440860215053675,30.891129032258064,-1.988387096774204,-0.03225806451612903,-0.34932683301152245,-2.529619604864048,-2.010247834124831,-0.8333974747118713,,-0.34851194452946843,-2.528373532087513,-2.008025913033702,-0.8225801763053244,,-0.3476098560291981,-2.5296486640704487,-1.987735198291222,-0.8295955583277985,,6,2001_6
2001,7,10549.4969049,775.5408418,8073.8933737,145903.0,11.890697296328268,0.07230486628033693,-2.626863845300441,0.005315455074947054,-5.237136649979155,0.05533740480798887,-2.8943062011333742,0.06451612903225806,0.7015197400734128,0.6960378200326727,0.6985401520203772,28.135483870967743,83.61290322580645,21.179032258064513,1003.9774193548387,-0.014937492098276994,0.7015197400734128,-0.025501499078059986,0.6960378200326727,0.018083410147387458,0.6985401520203772,0.5354838709677416,-1.4537634408602145,-14.945967741935487,-1.5825806451612152,0.06451612903225806,0.7015197400734128,-0.34932683301152245,-2.529619604864048,-2.010247834124831,,0.6960378200326727,-0.34851194452946843,-2.528373532087513,-2.008025913033702,,0.6985401520203772,-0.3476098560291981,-2.5296486640704487,-1.987735198291222,,7,2001_7
2001,8,10604.3559112,775.4951047,8110.6743911,145903.0,11.890697296328268,0.07268086270467365,-2.6216771656199125,0.0053151415988704825,-5.237195626175183,0.05558949707065653,-2.889760997176653,0.0967741935483871,1.0530358433807288,1.0474534491039933,1.048007102117146,29.177419354838708,79.90322580645162,10.291935483870969,1005.441935483871,0.005186679680528439,0.351516103307316,-5.897619602723836e-05,0.3514156290713206,0.004545203956721089,0.34946695009676876,1.0419354838709651,-3.7096774193548328,-10.887096774193544,1.4645161290322903,0.03225806451612903,0.351516103307316,0.7015197400734128,-0.34932683301152245,-2.529619604864048,-0.3720068841411788,0.3514156290713206,0.6960378200326727,-0.34851194452946843,-2.528373532087513,-0.3615278124279735,0.34946695009676876,0.6985401520203772,-0.3476098560291981,-2.5296486640704487,-0.35721257414814556,8,2001_8
2001,9,10925.7912697,802.5909266,8134.445986399999,145903.0,11.890697296328268,0.07488393843649548,-2.591815851554723,0.005500852803574978,-5.202852143568076,0.055752424462828035,-2.886834381465014,0.2,2.184406041078073,2.173877161937438,2.170350859752323,28.12,75.43333333333334,18.78166666666667,1007.4366666666666,0.029861314065189326,1.1313701976973443,0.03434348260710696,1.126423712833445,0.0029266157116389913,1.1223437576351771,-1.0574193548387072,-4.4698924731182785,8.489731182795701,1.99473118279559,0.10322580645161292,1.1313701976973443,0.351516103307316,0.7015197400734128,-0.34932683301152245,-0.8333974747118713,1.126423712833445,0.3514156290713206,0.6960378200326727,-0.34851194452946843,-0.8225801763053244,1.1223437576351771,0.34946695009676876,0.6985401520203772,-0.3476098560291981,-0.8295955583277985,9,2001_9
2001,10,11018.589926,814.246101,7893.0319325,147940.33333333334,11.904564318305018,0.07447995876265431,-2.5972251996835336,0.005503881751877445,-5.202301662615774,0.053352806193262596,-2.930828702931418,0.16129032258064516,1.7640353605463766,1.7588195492205594,1.7486986321631066,26.08709677419355,72.64516129032258,0.35806451612903223,1014.6645161290322,-0.005409348128810443,-0.42037068053169646,0.0005504809523015908,-0.4150576127168788,-0.04399432146640381,-0.4216522275892165,-2.03290322580645,-2.7881720430107606,-18.423602150537636,7.2278494623656115,-0.038709677419354854,-0.42037068053169646,1.1313701976973443,0.351516103307316,0.7015197400734128,-2.010247834124831,-0.4150576127168788,1.126423712833445,0.3514156290713206,0.6960378200326727,-2.008025913033702,-0.4216522275892165,1.1223437576351771,0.34946695009676876,0.6985401520203772,-1.987735198291222,10,2001_10
2001,11,11283.843829000001,825.397339,7963.9706738,147940.33333333334,11.904564318305018,0.07627293770912147,-2.573437086317899,0.00557925834289049,-5.18869942488318,0.05383231532847702,-2.921881335473266,0.4,4.387357542644386,4.379254463977552,4.348566586127056,21.476666666666667,64.9,0.15,1018.59,0.0237881133656348,2.6233221820980095,0.013602237732594169,2.6204349147569923,0.008947367458151945,2.5998679539639493,-4.610430107526884,-7.745161290322571,-0.20806451612903223,3.9254838709678097,0.23870967741935487,2.6233221820980095,-0.42037068053169646,1.1313701976973443,0.351516103307316,-2.529619604864048,2.6204349147569923,-0.4150576127168788,1.126423712833445,0.3514156290713206,-2.528373532087513,2.5998679539639493,-0.4216522275892165,1.1223437576351771,0.34946695009676876,-2.5296486640704487,11,2001_11
2001,12,11760.427457,860.521888,8260.9355263,147940.33333333334,11.904564318305018,0.07949439609887769,-2.532068749128633,0.005816682094808492,-5.147025266602722,0.05583964386295375,-2.8852711983607913,0.7419354838709677,8.176976055430497,8.179383947063728,8.120067384037672,18.25483870967742,72.29032258064517,1.443548387096774,1022.016129032258,0.04136833718926569,3.7896185127861113,0.04167415828045762,3.8001294830861765,0.03661013711247474,3.7715007979106154,-3.221827956989248,7.390322580645162,1.293548387096774,3.426129032258018,0.3419354838709677,3.7896185127861113,2.6233221820980095,-0.42037068053169646,1.1313701976973443,-0.34932683301152245,3.8001294830861765,2.6204349147569923,-0.4150576127168788,1.126423712833445,-0.34851194452946843,3.7715007979106154,2.5998679539639493,-0.4216522275892165,1.1223437576351771,-0.3476098560291981,12,2001_12
2002,1,9537.4539077,680.8445743,6839.08230164,136242.0,11.822187995205333,0.07000377202110951,-2.659206152368727,0.004997317819027906,-5.298853946675827,0.05019804686983456,-2.9917791600167565,0.5161290322580645,5.596521975092137,5.583782743553444,5.584671095826321,17.293548387096774,75.54838709677419,0.8112903225806452,1020.5129032258066,-0.12713740324009404,-2.5804540803383604,-0.15182868007310457,-2.5956012035102844,-0.10650796165596521,-2.5353962882113503,-0.9612903225806448,3.258064516129025,-0.6322580645161289,-1.5032258064514963,-0.22580645161290325,-2.5804540803383604,3.7896185127861113,2.6233221820980095,-0.42037068053169646,0.7015197400734128,-2.5956012035102844,3.8001294830861765,2.6204349147569923,-0.4150576127168788,0.6960378200326727,-2.5353962882113503,3.7715007979106154,2.5998679539639493,-0.4216522275892165,0.6985401520203772,13,2002_1
2002,2,9198.1082255,658.6258281,6822.75680836,136242.0,11.822187995205333,0.06751301526328152,-2.6954348809755104,0.004834234876910204,-5.332032409360294,0.050078219699945685,-2.9941691019446695,0.5714285714285714,6.162967185493637,6.052576083961608,6.149637845146743,18.192857142857143,77.42857142857143,0.1732142857142857,1020.65,-0.03622872860678328,0.5664452104015005,-0.033178462684467114,0.4687933404081637,-0.0023899419279129752,0.5649667493204218,0.8993087557603694,1.8801843317972384,-0.6380760368663594,0.1370967741934237,0.055299539170506895,0.5664452104015005,-2.5804540803383604,3.7896185127861113,2.6233221820980095,0.351516103307316,0.4687933404081637,-2.5956012035102844,3.8001294830861765,2.6204349147569923,0.3514156290713206,0.5649667493204218,-2.5353962882113503,3.7715007979106154,2.5998679539639493,0.34946695009676876,14,2002_2
2002,3,9726.3564162,701.1099012,6857.194878210001,136242.0,11.822187995205333,0.07139029386092395,-2.6395933592005156,0.005146062896904038,-5.269523342713011,0.05033099101752764,-2.989134267993769,0.22580645161290322,2.4538310459599484,2.4306275326705205,2.4427548845274276,21.480645161290322,80.64516129032258,7.717741935483871,1015.6483870967742,0.055841521774994796,-3.709136139533689,0.06250906664728273,-3.621948551291087,0.005034833950900541,-3.7068829606193154,3.2877880184331794,3.216589861751146,7.544527649769585,-5.001612903225805,-0.34562211981566815,-3.709136139533689,0.5664452104015005,-2.5804540803383604,3.7896185127861113,1.1313701976973443,-3.621948551291087,0.4687933404081637,-2.5956012035102844,3.8001294830861765,1.126423712833445,-3.7068829606193154,0.5649667493204218,-2.5353962882113503,3.7715007979106154,1.1223437576351771,15,2002_3
2002,4,9947.2581041,710.2846045,7578.9125050600005,139414.66666666666,11.845207984590914,0.07135015520198736,-2.640155759841092,0.005094762419783667,-5.279542243466565,0.0543623758265032,-2.912082985236603,0.06666666666666667,0.7257954455847955,0.7192906628046642,0.7274451112557342,24.596666666666668,81.96666666666667,0.42833333333333334,1013.0300000000001,-0.0005624006405762216,-1.728035600375153,-0.01001890075355405,-1.7113368698658562,0.0770512827571661,-1.7153097732716933,3.116021505376345,1.321505376344092,-7.289408602150537,-2.618387096774086,-0.15913978494623654,-1.728035600375153,-3.709136139533689,0.5664452104015005,-2.5804540803383604,-0.42037068053169646,-1.7113368698658562,-3.621948551291087,0.4687933404081637,-2.5956012035102844,-0.4150576127168788,-1.7153097732716933,-3.7068829606193154,0.5649667493204218,-2.5353962882113503,-0.4216522275892165,16,2002_4
2002,5,10418.0194817,743.0515368,7882.76832738,139414.66666666666,11.845207984590914,0.07472685428864491,-2.5939157562836863,0.005329794594542899,-5.234442579156188,0.05654188698974762,-2.8727735528528844,0.03225806451612903,0.3530849916099603,0.34938012643935545,0.35298869725587056,27.032258064516128,80.93548387096774,8.901612903225805,1009.0064516129032,0.04624000355740554,-0.37271045397483515,0.04509966431037693,-0.3699105363653088,0.03930943238371842,-0.3744564139998636,2.4355913978494605,-1.0311827956989248,8.473279569892473,-4.0235483870968665,-0.034408602150537634,-0.37271045397483515,-1.728035600375153,-3.709136139533689,0.5664452104015005,2.6233221820980095,-0.3699105363653088,-1.7113368698658562,-3.621948551291087,0.4687933404081637,2.6204349147569923,-0.3744564139998636,-1.7153097732716933,-3.7068829606193154,0.5649667493204218,2.5998679539639493,17,2002_5
2002,6,10705.2102447,761.0095872,8204.98449307,139414.66666666666,11.845207984590914,0.07678682953993363,-2.566722143900112,0.005458604933005614,-5.210562028648269,0.058853094077165484,-2.832710871005133,0.041666666666666664,0.4574183636629503,0.45218522082053064,0.45768506799996556,28.587500000000002,80.16666666666667,8.697916666666666,1006.0458333333332,0.027193612383574095,0.10433337205298998,0.023880550507919374,0.10280509438117519,0.040062681847751413,0.10469637074409499,1.555241935483874,-0.7688172043010724,-0.20369623655913927,-2.960618279569985,0.009408602150537633,0.10433337205298998,-0.37271045397483515,-1.728035600375153,-3.709136139533689,3.7896185127861113,0.10280509438117519,-0.3699105363653088,-1.7113368698658562,-3.621948551291087,3.8001294830861765,0.10469637074409499,-0.3744564139998636,-1.7153097732716933,-3.7068829606193154,3.7715007979106154,18,2002_6
2002,7,10527.2507546,756.3774965,7896.246798710001,149336.33333333334,11.91395631181294,0.07049356656629666,-2.652233827706619,0.0050649261276001145,-5.285415726264432,0.052875590437089434,-2.93981347501914,0.0967741935483871,1.0604504664558572,1.0434693213343216,1.058747331004958,28.883870967741935,82.09677419354838,10.356451612903227,1002.8387096774194,-0.08551168380650687,0.6030321027929069,-0.07485369761616312,0.591284100513791,-0.10710260401400706,0.6010622630049924,0.2963709677419324,1.930107526881713,1.6585349462365606,-3.207123655913847,0.05510752688172043,0.6030321027929069,0.10433337205298998,-0.37271045397483515,-1.728035600375153,-2.5804540803383604,0.591284100513791,0.10280509438117519,-0.3699105363653088,-1.7113368698658562,-2.5956012035102844,0.6010622630049924,0.10469637074409499,-0.3744564139998636,-1.7153097732716933,-2.5353962882113503,19,2002_7
2002,8,10367.6298232,749.1304034,7589.93783065,149336.33333333334,11.91395631181294,0.06942469787348023,-2.667512597639143,0.005016397461211716,-5.295043240112164,0.050824455517523084,-2.9793776324120147,0.0967741935483871,1.0588748666162926,1.0425368179983834,1.05529834145901,28.44193548387097,81.58064516129032,11.814516129032258,1005.1387096774193,-0.015278769932523861,-0.0015755998395645676,-0.009627513847731528,-0.0009325033359381951,-0.039564157392874666,-0.003448989545947967,-0.4419354838709637,-0.5161290322580641,1.4580645161290313,2.2999999999999545,0.0,-0.0015755998395645676,0.6030321027929069,0.10433337205298998,-0.37271045397483515,0.5664452104015005,-0.0009325033359381951,0.591284100513791,0.10280509438117519,-0.3699105363653088,0.4687933404081637,-0.003448989545947967,0.6010622630049924,0.10469637074409499,-0.3744564139998636,0.5649667493204218,20,2002_8
2002,9,10734.285478599999,775.4828253000001,7756.3510779,149336.33333333334,11.91395631181294,0.07187993195627765,-2.632758163696642,0.005192861027122223,-5.260470476056673,0.05193880755453573,-2.9576890311447745,0.18181818181818182,1.9977561306040137,1.972582723788884,1.9879177560571066,26.977272727272727,80.86363636363636,28.906818181818185,1008.7181818181817,0.034754433942500995,0.9388812639877211,0.0345727640554907,0.9300459057905006,0.02168860126724015,0.9326194145980966,-1.4646627565982442,-0.7170087976539605,17.092302052785925,3.579472140762391,0.08504398826979473,0.9388812639877211,-0.0015755998395645676,0.6030321027929069,0.10433337205298998,-3.709136139533689,0.9300459057905006,-0.0009325033359381951,0.591284100513791,0.10280509438117519,-3.621948551291087,0.9326194145980966,-0.003448989545947967,0.6010622630049924,0.10469637074409499,-3.7068829606193154,21,2002_9
2002,10,10562.2425439,777.4907548,7106.303026049999,154051.66666666666,11.94504332296445,0.0685629878107994,-2.6800024261380964,0.005046948024796875,-5.288971569914234,0.046129348547889776,-3.0763059036042613,0.2903225806451613,3.186942836743274,3.158945110426198,3.160646162590752,25.154838709677417,77.51612903225806,6.42741935483871,1013.9935483870968,-0.04724426244145441,1.1891867061392603,-0.028501093857561166,1.186362386637314,-0.11861687245948671,1.1727284065336452,-1.8224340175953095,-3.3475073313782957,-22.479398826979477,5.275366568915047,0.10850439882697949,1.1891867061392603,0.9388812639877211,-0.0015755998395645676,0.6030321027929069,-1.728035600375153,1.186362386637314,0.9300459057905006,-0.0009325033359381951,0.591284100513791,-1.7113368698658562,1.1727284065336452,0.9326194145980966,-0.003448989545947967,0.6010622630049924,-1.7153097732716933,22,2002_10
2002,11,10774.7909848,787.778233,7111.22828625,154051.66666666666,11.94504332296445,0.06994270959829495,-2.660078806343061,0.005113727426945505,-5.275826702918527,0.04616132003061743,-3.075613060340711,0.6333333333333333,6.9694088330989885,6.905894281749979,6.908306045394577,21.523333333333333,71.73333333333333,0.7849999999999999,1018.0933333333334,0.019923619795035208,3.7824659963557146,0.013144866995706828,3.746949171323781,0.0006928432635504578,3.747659882803825,-3.6315053763440837,-5.78279569892473,-5.64241935483871,4.099784946236582,0.343010752688172,3.7824659963557146,1.1891867061392603,0.9388812639877211,-0.0015755998395645676,-0.37271045397483515,3.746949171323781,1.186362386637314,0.9300459057905006,-0.0009325033359381951,-0.3699105363653088,3.747659882803825,1.1727284065336452,0.9326194145980966,-0.003448989545947967,-0.3744564139998636,23,2002_11
2002,12,11091.39404,818.814255,7194.233661799999,154051.66666666666,11.94504332296445,0.07199788408650777,-2.6311185480853005,0.005315192446257208,-5.237186059705022,0.04670013520442275,-3.0640082191418245,0.6774193548387096,7.481547723031543,7.421739673684233,7.4244141778897985,18.177419354838708,80.3225806451613,2.079032258064516,1019.7451612903226,0.028960258257760607,0.5121388899325545,0.03864064321350558,0.5158453919342545,0.011604841198886273,0.5161081324952219,-3.3459139784946252,8.589247311827961,1.2940322580645163,1.651827956989223,0.04408602150537633,0.5121388899325545,3.7824659963557146,1.1891867061392603,0.9388812639877211,0.10433337205298998,0.5158453919342545,3.746949171323781,1.186362386637314,0.9300459057905006,0.10280509438117519,0.5161081324952219,3.747659882803825,1.1727284065336452,0.9326194145980966,0.10469637074409499,24,2002_12
2003,1,10536.4276761,682.4189378,8170.26038288,141519.0,11.86018926266964,0.07445238926292583,-2.5975954281853855,0.004822101186413132,-5.334545515118744,0.05773260398165617,-2.851933204713901,0.5714285714285714,6.204742155253378,6.216387295580071,6.209704038361292,15.87857142857143,70.53571428571429,0.7821428571428573,1021.4821428571429,0.03352311989991508,-1.2768055677781653,-0.0973594554137227,-1.2053523781041626,0.21207501442792331,-1.2147101395285063,-2.2988479262672783,-9.786866359447004,-1.296889400921659,1.7369815668203046,-0.10599078341013823,-1.2768055677781653,0.5121388899325545,3.7824659963557146,1.1891867061392603,0.6030321027929069,-1.2053523781041626,0.5158453919342545,3.746949171323781,1.186362386637314,0.591284100513791,-1.2147101395285063,0.5161081324952219,3.747659882803825,1.1727284065336452,0.6010622630049924,25,2003_1
2003,2,10186.4826121,661.5373626,8136.396819359999,141519.0,11.86018926266964,0.07197961130378254,-2.631372376404425,0.0046745480295932,-5.365622799077004,0.057493317641871405,-2.8560865528562855,0.39285714285714285,4.241736650091211,4.225271322616397,4.2337505294369775,18.467857142857145,81.67857142857143,0.5660714285714287,1018.532142857143,-0.033776948219039316,-1.963005505162167,-0.031077283958259372,-1.9911159729636738,-0.004153348142384328,-1.9759535089243148,2.5892857142857153,11.142857142857139,-0.21607142857142858,-2.949999999999932,-0.17857142857142855,-1.963005505162167,-1.2768055677781653,0.5121388899325545,3.7824659963557146,-0.0015755998395645676,-1.9911159729636738,-1.2053523781041626,0.5158453919342545,3.746949171323781,-0.0009325033359381951,-1.9759535089243148,-1.2147101395285063,0.5161081324952219,3.747659882803825,-0.003448989545947967,26,2003_2
2003,3,10684.541086000001,701.5152984,8184.298980040001,141519.0,11.86018926266964,0.07549898660957187,-2.5836360452070157,0.004957039679477668,-5.306946555239472,0.057831803362375374,-2.8502164234425122,0.5161290322580645,5.61290734194289,5.587405961719905,5.601156996009331,19.04516129032258,82.3225806451613,1.2564516129032257,1016.9967741935484,0.047736331197409054,1.3711706918516793,0.05867624383753167,1.362134639103508,0.005870129413773295,1.367406466572353,0.5773041474654335,0.6440092165898648,0.690380184331797,-1.5353686635945678,0.12327188940092165,1.3711706918516793,-1.963005505162167,-1.2768055677781653,0.5121388899325545,0.9388812639877211,1.362134639103508,-1.9911159729636738,-1.2053523781041626,0.5158453919342545,0.9300459057905006,1.367406466572353,-1.9759535089243148,-1.2147101395285063,0.5161081324952219,0.9326194145980966,27,2003_3
2003,4,10631.7470976,695.9957137,8531.984223559999,138629.66666666666,11.839561388047576,0.07669171652243749,-2.5679615748448574,0.005020539473513366,-5.294217886209132,0.061545154285590625,-2.787984157548528,0.27586206896551724,2.9948467446178935,3.001238532400205,3.002043987989937,23.903448275862072,82.96551724137932,2.927586206896552,1012.2310344827587,0.0156744703621583,-2.6180605973249964,0.012728669030340534,-2.5861674293197,0.06223226589398445,-2.5991130080193936,4.858286985539493,0.6429365962180214,1.6711345939933264,-4.765739710789717,-0.24026696329254726,-2.6180605973249964,1.3711706918516793,-1.963005505162167,-1.2768055677781653,1.1891867061392603,-2.5861674293197,1.362134639103508,-1.9911159729636738,-1.2053523781041626,1.186362386637314,-2.5991130080193936,1.367406466572353,-1.9759535089243148,-1.2147101395285063,1.1727284065336452,28,2003_4
2003,5,11250.6230923,730.3519277,9063.732441499998,138629.66666666666,11.839561388047576,0.08115595574035381,-2.511382595966535,0.005268366759159295,-5.246034877334783,0.06538090049147728,-2.727525104586103,0.03225806451612903,0.35233050525742354,0.35248886479215163,0.3519092879546738,26.861290322580647,81.51612903225806,8.053225806451612,1008.4677419354839,0.05657897887832242,-2.6425162393604698,0.04818300887434823,-2.6487496676080533,0.06045905296242493,-2.650134700035263,2.957842046718575,-1.4493882091212527,5.12563959955506,-3.763292547274773,-0.2436040044493882,-2.6425162393604698,-2.6180605973249964,1.3711706918516793,-1.963005505162167,3.7824659963557146,-2.6487496676080533,-2.5861674293197,1.362134639103508,-1.9911159729636738,3.746949171323781,-2.650134700035263,-2.5991130080193936,1.367406466572353,-1.9759535089243148,3.747659882803825,29,2003_5
2003,6,11146.9017972,739.4508276,8744.68438733,138629.66666666666,11.839561388047576,0.08040776599429175,-2.5206445154931174,0.005334001338818772,-5.233653602225201,0.06307945909122387,-2.76336009188881,0.0,0.0,0.0,0.0,27.822222222222223,80.37037037037037,17.246296296296297,1006.0925925925926,-0.009261919526582396,-0.35233050525742354,0.012381275109582646,-0.35248886479215163,-0.035834987302707066,-0.3519092879546738,0.9609318996415759,-1.1457586618876974,9.193070489844684,-2.375149342891291,-0.03225806451612903,-0.35233050525742354,-2.6425162393604698,-2.6180605973249964,1.3711706918516793,0.5121388899325545,-0.35248886479215163,-2.6487496676080533,-2.5861674293197,1.362134639103508,0.5158453919342545,-0.3519092879546738,-2.650134700035263,-2.5991130080193936,1.367406466572353,0.5161081324952219,30,2003_6
2003,7,11853.1335671,770.5122613,9806.18206488,155294.66666666666,11.953079666413569,0.07632672661284784,-2.572732118765145,0.004961614444582772,-5.30602409834718,0.0631456461149986,-2.762311377693125,0.03225806451612903,0.3540968472702362,0.35285055654816905,0.3541880188499328,29.570967741935487,76.0,3.2935483870967746,1007.9161290322581,-0.05208760327202766,0.3540968472702362,-0.07237049612197932,0.35285055654816905,0.0010487141956847523,0.3541880188499328,1.748745519713264,-4.370370370370367,-13.952747909199523,1.8235364396655314,0.03225806451612903,0.3540968472702362,-0.35233050525742354,-2.6425162393604698,-2.6180605973249964,-1.2768055677781653,0.35285055654816905,-0.35248886479215163,-2.6487496676080533,-2.5861674293197,-1.2053523781041626,0.3541880188499328,-0.3519092879546738,-2.650134700035263,-2.5991130080193936,-1.2147101395285063,31,2003_7
2003,8,11891.5452013,772.4798776,9790.39869747,155294.66666666666,11.953079666413569,0.07657407338285925,-2.569496727115367,0.0049742846562663675,-5.303473706395174,0.06304401115387093,-2.7639222067468525,0.03225806451612903,0.35425296762297576,0.35285152779347234,0.3540469205516815,28.84193548387097,80.6774193548387,13.391935483870967,1005.2967741935485,0.003235391649778041,0.0001561203527395416,0.002550391952006237,9.71245303293955e-07,-0.0016108290537273362,-0.0001410982982512632,-0.7290322580645174,4.677419354838705,10.098387096774193,-2.6193548387096826,0.0,0.0001561203527395416,0.3540968472702362,-0.35233050525742354,-2.6425162393604698,-1.963005505162167,9.71245303293955e-07,0.35285055654816905,-0.35248886479215163,-2.6487496676080533,-1.9911159729636738,-0.0001410982982512632,0.3541880188499328,-0.3519092879546738,-2.650134700035263,-1.9759535089243148,32,2003_8
2003,9,11777.5222841,777.5152573,9235.24419743,155294.66666666666,11.953079666413569,0.07583983749667299,-2.5791315637503116,0.005006709335156391,-5.296976399015741,0.059469165269230115,-2.8222973315277704,0.13333333333333333,1.4646777635158297,1.4602377753649456,1.4595098205335606,27.57,81.46666666666667,13.138333333333332,1008.7,-0.009634836634944577,1.110424795892854,0.006497307379432549,1.1073862475714733,-0.058375124780917886,1.105462899981879,-1.271935483870969,0.7892473118279639,-0.2536021505376347,3.4032258064515872,0.1010752688172043,1.110424795892854,0.0001561203527395416,0.3540968472702362,-0.35233050525742354,1.3711706918516793,1.1073862475714733,9.71245303293955e-07,0.35285055654816905,-0.35248886479215163,1.362134639103508,1.105462899981879,-0.0001410982982512632,0.3541880188499328,-0.3519092879546738,1.367406466572353,33,2003_9
2003,10,11890.650063000001,793.8289687,9029.75811074,161298.66666666666,11.991012997908438,0.07371821670152265,-2.6075053366315024,0.004921485001115943,-5.314144964524169,0.05598160417159886,-2.88273213914966,0.22580645161290322,2.4861247837083704,2.488699901022295,2.4756611932681984,25.261290322580646,71.16129032258064,1.5790322580645162,1014.832258064516,-0.028373772881190806,1.0214470201925407,-0.01716856550842749,1.0284621256573494,-0.060434807621889686,1.0161513727346378,-2.3087096774193547,-10.305376344086028,-11.559301075268817,6.132258064516009,0.09247311827956989,1.0214470201925407,1.110424795892854,0.0001561203527395416,0.3540968472702362,-2.6180605973249964,1.0284621256573494,1.1073862475714733,9.71245303293955e-07,0.35285055654816905,-2.5861674293197,1.0161513727346378,1.105462899981879,-0.0001410982982512632,0.3541880188499328,-2.5991130080193936,34,2003_10
2003,11,12170.3663068,805.929607,9215.69620467,161298.66666666666,11.991012997908438,0.07545236769967101,-2.5842537132179633,0.004996505077537323,-5.299016595444129,0.05713436071802618,-2.8623495794190825,0.4,4.41601796694422,4.431758645205422,4.397831215967152,22.19333333333333,74.93333333333334,1.6766666666666665,1016.9466666666667,0.023251623413539146,1.9298931832358495,0.015128369080040116,1.9430587441831269,0.020382559730577565,1.9221700226989533,-3.067956989247314,3.7720430107526965,0.09763440860215034,2.114408602150661,0.1741935483870968,1.9298931832358495,1.0214470201925407,1.110424795892854,0.0001561203527395416,-2.6425162393604698,1.9430587441831269,1.0284621256573494,1.1073862475714733,9.71245303293955e-07,-2.6487496676080533,1.9221700226989533,1.0161513727346378,1.105462899981879,-0.0001410982982512632,-2.650134700035263,35,2003_11
2003,12,12600.059216,838.4639608,9541.36349493,161298.66666666666,11.991012997908438,0.07811632592127234,-2.5495562052973733,0.005198207636351613,-5.259441398129391,0.05915339346634401,-2.8276213196819127,0.6774193548387096,7.510970333768609,7.56286031887432,7.500620849622004,17.60967741935484,65.45161290322581,0.0032258064516129032,1021.8,0.03469750792059001,3.094952366824389,0.03957519731473802,3.1311016736688986,0.034728259737169864,3.1027896336548526,-4.583655913978493,-9.48172043010753,-1.6734408602150537,4.853333333333239,0.2774193548387096,3.094952366824389,1.9298931832358495,1.0214470201925407,1.110424795892854,-0.35233050525742354,3.1311016736688986,1.9430587441831269,1.0284621256573494,1.1073862475714733,-0.35248886479215163,3.1027896336548526,1.9221700226989533,1.0161513727346378,1.105462899981879,-0.3519092879546738,36,2003_12
2004,1,9472.843779300001,674.3429378000001,7808.30875597,152710.66666666666,11.936300342510789,0.06203131703941223,-2.7801159079250404,0.004415820797062856,-5.422561551206008,0.051131390664502806,-2.9733566716584456,0.7741935483870968,8.500309386060739,8.370684044754398,8.435625741638251,15.82258064516129,73.38709677419355,1.653225806451613,1020.3548387096774,-0.23055970262766712,0.9893390522921299,-0.1631201530766173,0.8078237258800778,-0.14573535197653298,0.9350048920162468,-1.7870967741935484,7.935483870967744,1.6500000000000001,-1.4451612903225168,0.09677419354838712,0.9893390522921299,3.094952366824389,1.9298931832358495,1.0214470201925407,0.3540968472702362,0.8078237258800778,3.1311016736688986,1.9430587441831269,1.0284621256573494,0.35285055654816905,0.9350048920162468,3.1027896336548526,1.9221700226989533,1.0161513727346378,0.3541880188499328,37,2004_1
2004,2,9656.2589016,696.1991677999999,8461.59159887,152710.66666666666,11.936300342510789,0.06323237997956921,-2.760938767582514,0.004558942626579239,-5.39066456248033,0.055409302988243564,-2.8930077753510357,0.4482758620689655,4.931032583196695,4.861252118195205,4.914918705065961,17.20344827586207,78.75862068965517,1.7948275862068965,1018.3965517241379,0.01917714034252649,-3.569276802864044,0.03189698872567792,-3.509431926559193,0.08034889630740993,-3.52070703657229,1.380867630700779,5.371523915461623,0.14160177975528354,-1.9582869855395302,-0.32591768631813123,-3.569276802864044,0.9893390522921299,3.094952366824389,1.9298931832358495,0.0001561203527395416,-3.509431926559193,0.8078237258800778,3.1311016736688986,1.9430587441831269,9.71245303293955e-07,-3.52070703657229,0.9350048920162468,3.1027896336548526,1.9221700226989533,-0.0001410982982512632,38,2004_2
2004,3,10474.9992965,752.0817583,9251.28910002,152710.66666666666,11.936300342510789,0.06859376312831236,-2.679553664880357,0.004924880329031808,-5.313455303327047,0.06058050365409969,-2.8037821595499977,0.26666666666666666,2.961064872924941,2.8996271815347834,2.9488716532947112,19.11,79.96666666666667,3.4516666666666667,1015.8166666666667,0.08138510270215704,-1.9699677102717534,0.0772092591532827,-1.9616249366604217,0.08922561580103805,-1.96604705177125,1.9065517241379304,1.2080459770114942,1.6568390804597701,-2.579885057471188,-0.18160919540229886,-1.9699677102717534,-3.569276802864044,0.9893390522921299,3.094952366824389,1.110424795892854,-1.9616249366604217,-3.509431926559193,0.8078237258800778,3.1311016736688986,1.1073862475714733,-1.96604705177125,-3.52070703657229,0.9350048920162468,3.1027896336548526,1.105462899981879,39,2004_3
2004,4,10220.6093612,744.7626660000001,9262.43141754,155440.0,11.954015084051322,0.06575276223108595,-2.7218535976875278,0.0047913192614513645,-5.340949485553203,0.0595884676887545,-2.8202932187885614,0.08695652173913043,0.9628518724953733,0.9508374786273985,0.9629980725629308,23.669565217391302,82.69565217391305,5.393478260869565,1011.6347826086956,-0.042299932807170926,-1.9982130004295677,-0.02749418222615585,-1.9487897029073848,-0.016511059238563774,-1.9858735807317804,4.559565217391302,2.728985507246378,1.9418115942028984,-4.1818840579711605,-0.17971014492753623,-1.9982130004295677,-1.9699677102717534,-3.569276802864044,0.9893390522921299,1.0214470201925407,-1.9487897029073848,-1.9616249366604217,-3.509431926559193,0.8078237258800778,1.0284621256573494,-1.9858735807317804,-1.96604705177125,-3.52070703657229,0.9350048920162468,1.0161513727346378,40,2004_4
2004,5,10302.9596136,750.1871686,8896.44400424,155440.0,11.954015084051322,0.06628255026762737,-2.713828609981936,0.0048262169879053005,-5.3336923505220835,0.057233942384457025,-2.860608158257887,0.0,0.0,0.0,0.0,26.293548387096774,82.06451612903226,6.282258064516129,1008.8258064516128,0.00802498770559179,-0.9628518724953733,0.007257135031119688,-0.9508374786273985,-0.040314939469325406,-0.9629980725629308,2.623983169705472,-0.6311360448807903,0.888779803646564,-2.808976157082725,-0.08695652173913043,-0.9628518724953733,-1.9982130004295677,-1.9699677102717534,-3.569276802864044,1.9298931832358495,-0.9508374786273985,-1.9487897029073848,-1.9616249366604217,-3.509431926559193,1.9430587441831269,-0.9629980725629308,-1.9858735807317804,-1.96604705177125,-3.52070703657229,1.9221700226989533,41,2004_5
2004,6,10602.1090569,775.3818455,9296.451274000001,155440.0,11.954015084051322,0.06820708348494596,-2.685206856110522,0.004988303174858467,-5.300659472165704,0.059807329348944935,-2.8166270611723214,0.0,0.0,0.0,0.0,28.563333333333333,78.43333333333334,4.841666666666667,1006.7933333333333,0.02862175387141397,0.0,0.033032878356379136,0.0,0.04398109708556541,0.0,2.269784946236559,-3.631182795698919,-1.4405913978494622,-2.0324731182795404,0.0,0.0,-0.9628518724953733,-1.9982130004295677,-1.9699677102717534,3.094952366824389,0.0,-0.9508374786273985,-1.9487897029073848,-1.9616249366604217,3.1311016736688986,0.0,-0.9629980725629308,-1.9858735807317804,-1.96604705177125,3.1027896336548526,42,2004_6
2004,7,10809.828254,792.973163,9688.18370456,166020.33333333334,12.019865549797236,0.06511147181168571,-2.7316545269867714,0.004776361708706363,-5.344076171105799,0.05835540448595654,-2.8412033026714196,0.03225806451612903,0.3595455140967925,0.3540261463077209,0.35809393607147205,28.416129032258063,81.80645161290323,12.48225806451613,1006.7129032258064,-0.04644767087624935,0.3595455140967925,-0.04341669894009481,0.3540261463077209,-0.024576241499098206,0.35809393607147205,-0.14720430107526994,3.373118279569894,7.640591397849462,-0.08043010752692226,0.03225806451612903,0.3595455140967925,0.0,-0.9628518724953733,-1.9982130004295677,0.9893390522921299,0.3540261463077209,0.0,-0.9508374786273985,-1.9487897029073848,0.8078237258800778,0.35809393607147205,0.0,-0.9629980725629308,-1.9858735807317804,0.9350048920162468,43,2004_7
2004,8,10909.7342904,797.7962529,9808.641462829999,166020.33333333334,12.019865549797236,0.06571324169368811,-2.7224548259504773,0.004805412908659782,-5.338012307128136,0.059080964758312725,-2.828846491758435,0.03225806451612903,0.35988408692096974,0.3539767546229684,0.3584073115752638,28.432258064516127,81.61290322580645,15.761290322580646,1003.5032258064516,0.009199701036294083,0.0003385728241772634,0.006063863977662898,-4.9391684752486675e-05,0.012356810912984795,0.0003133755037917352,0.016129032258064058,-0.1935483870967829,3.2790322580645164,-3.2096774193547617,0.0,0.0003385728241772634,0.3595455140967925,0.0,-0.9628518724953733,-3.569276802864044,-4.9391684752486675e-05,0.3540261463077209,0.0,-0.9508374786273985,-3.509431926559193,0.0003133755037917352,0.35809393607147205,0.0,-0.9629980725629308,-3.52070703657229,44,2004_8
2004,9,10967.4921309,805.8232023,9463.90536457,166020.33333333334,12.019865549797236,0.06606113787809123,-2.717174634249717,0.00485376210323635,-5.328001183336886,0.05700449562143994,-2.864625143706127,0.03333333333333333,0.3722374729285005,0.36686607372360114,0.3696815214706032,27.623333333333335,77.36666666666666,5.591666666666667,1009.9466666666667,0.005280191700760106,0.012353386007530776,0.010011123791250576,0.012889319100632735,-0.035778651947692364,0.011274209895339393,-0.8089247311827918,-4.246236559139788,-10.169623655913979,6.443440860215105,0.0010752688172043015,0.012353386007530776,0.0003385728241772634,0.3595455140967925,0.0,-1.9699677102717534,0.012889319100632735,-4.9391684752486675e-05,0.3540261463077209,0.0,-1.9616249366604217,0.011274209895339393,0.0003133755037917352,0.35809393607147205,0.0,-1.96604705177125,45,2004_9
2004,10,11140.4871218,813.5339187,9292.81671773,174487.66666666666,12.069609339998818,0.06384684565174617,-2.7512681002024566,0.0046624150247486455,-5.368221719433267,0.053257728154979436,-2.932612355251919,0.25806451612903225,2.888489616780878,2.865744897590491,2.8656224948691773,24.92258064516129,64.38709677419355,0.08709677419354837,1016.0967741935484,-0.03409346595273943,2.5162521438523773,-0.04022053609638121,2.4988788238668898,-0.06798721154579201,2.4959409733985742,-2.700752688172045,-12.979569892473108,-5.504569892473119,6.150107526881698,0.22473118279569892,2.5162521438523773,0.012353386007530776,0.0003385728241772634,0.3595455140967925,-1.9982130004295677,2.4988788238668898,0.012889319100632735,-4.9391684752486675e-05,0.3540261463077209,-1.9487897029073848,2.4959409733985742,0.011274209895339393,0.0003133755037917352,0.35809393607147205,-1.9858735807317804,46,2004_10
2004,11,11565.2042153,841.5122947,9773.8894158,174487.66666666666,12.069609339998818,0.06628092653329844,-2.7138531074433514,0.004822760890645567,-5.3344087160171725,0.05601478661796536,-2.882139576351814,0.23333333333333334,2.622172457707764,2.592692504878963,2.602252990384867,22.686666666666667,73.06666666666666,0.025,1018.6133333333333,0.0374149927591052,-0.2663171590731137,0.03381300341609439,-0.27305239271152804,0.050472778900105375,-0.2633695044843103,-2.2359139784946223,8.679569892473111,-0.06209677419354837,2.516559139784931,-0.024731182795698914,-0.2663171590731137,2.5162521438523773,0.012353386007530776,0.0003385728241772634,-0.9628518724953733,-0.27305239271152804,2.4988788238668898,0.012889319100632735,-4.9391684752486675e-05,-0.9508374786273985,-0.2633695044843103,2.4959409733985742,0.011274209895339393,0.0003133755037917352,-0.9629980725629308,47,2004_11
2004,12,11917.4739795,885.4056251000001,10106.04717998,174487.66666666666,12.069609339998818,0.0682998071277244,-2.6838483363079977,0.005074316380145302,-5.2835634665472515,0.05791840405136562,-2.848720085646086,0.3870967741935484,4.365666267424409,4.335167408085195,4.341005191958139,19.067741935483873,69.6774193548387,0.011290322580645162,1019.3225806451613,0.030004771135353714,1.7434938097166448,0.05084524946992097,1.742474903206232,0.03341949070572792,1.7387522015732721,-3.618924731182794,-3.3892473118279582,-0.013709677419354839,0.709247311827994,0.15376344086021504,1.7434938097166448,-0.2663171590731137,2.5162521438523773,0.012353386007530776,0.0,1.742474903206232,-0.27305239271152804,2.4988788238668898,0.012889319100632735,0.0,1.7387522015732721,-0.2633695044843103,2.4959409733985742,0.011274209895339393,0.0,48,2004_12
2005,1,10149.1155793,664.642928,8278.05215356,162448.0,11.998113229541003,0.062476088220846056,-2.772971383911884,0.00409141958041958,-5.498863283470567,0.050958166019649365,-2.9767502569912403,0.3548387096774194,3.960966160580799,3.898125603583931,3.9508698376841926,15.906451612903227,75.41935483870968,0.19838709677419356,1019.5967741935484,-0.08912304760388645,-0.40470010684361,-0.21529981692331557,-0.43704180450126406,-0.12803017134515438,-0.3901353542739465,-3.161290322580646,5.741935483870975,0.1870967741935484,0.27419354838707477,-0.032258064516129004,-0.40470010684361,1.7434938097166448,-0.2663171590731137,2.5162521438523773,0.3595455140967925,-0.43704180450126406,1.742474903206232,-0.27305239271152804,2.4988788238668898,0.3540261463077209,-0.3901353542739465,1.7387522015732721,-0.2633695044843103,2.4959409733985742,0.35809393607147205,49,2005_1
2005,2,9329.4966731,621.5571744,7262.356479759999,162448.0,11.998113229541003,0.05743066503188713,-2.857176884303796,0.0038261916083916084,-5.565885328613883,0.044705730324534614,-3.1076535903991687,0.5,5.5264402416873795,5.405104360927832,5.501594648765559,16.467857142857145,85.71428571428571,0.7107142857142856,1017.9142857142857,-0.08420550039191177,1.5654740811065806,-0.06702204514331633,1.506978757343901,-0.13090333340792837,1.5507248110813667,0.5614055299539178,10.294930875576028,0.5123271889400921,-1.6824884792627017,0.14516129032258063,1.5654740811065806,-0.40470010684361,1.7434938097166448,-0.2663171590731137,0.0003385728241772634,1.506978757343901,-0.43704180450126406,1.742474903206232,-0.27305239271152804,-4.9391684752486675e-05,1.5507248110813667,-0.3901353542739465,1.7387522015732721,-0.2633695044843103,0.0003133755037917352,50,2005_2
2005,3,10434.8311536,687.1582539000001,8370.40084694,162448.0,11.998113229541003,0.06423490072884862,-2.745208590936847,0.004230019784177091,-5.465548608824465,0.05152664758531961,-2.965656176291432,0.41935483870967744,4.694542949472509,4.568373369520474,4.673734752708552,17.36774193548387,80.19354838709677,1.7080645161290324,1018.7,0.11196829336694902,-0.8318972922148706,0.10033671978941872,-0.8367309914073582,0.14199741410773647,-0.8278598960570074,0.8998847926267253,-5.5207373271889395,0.9973502304147468,0.7857142857143344,-0.08064516129032256,-0.8318972922148706,1.5654740811065806,-0.40470010684361,1.7434938097166448,0.012353386007530776,-0.8367309914073582,1.506978757343901,-0.43704180450126406,1.742474903206232,0.012889319100632735,-0.8278598960570074,1.5507248110813667,-0.3901353542739465,1.7387522015732721,0.011274209895339393,51,2005_3
2005,4,10219.2075478,687.7411909,8434.970530820001,166790.66666666666,12.02449481210542,0.06126966065926951,-2.7924704907082627,0.004123379351162735,-5.491082220961465,0.05057219747000233,-2.984353310810173,0.1,1.1174053068267886,1.1081366324616733,1.117807600293781,23.086666666666666,83.06666666666666,1.0833333333333333,1014.1266666666667,-0.047261899771415816,-3.57713764264572,-0.025533612137000006,-3.4602367370588007,-0.018697134518741,-3.555927152414771,5.7189247311827955,2.873118279569894,-0.6247311827956992,-4.57333333333338,-0.3193548387096774,-3.57713764264572,-0.8318972922148706,1.5654740811065806,-0.40470010684361,2.5162521438523773,-3.4602367370588007,-0.8367309914073582,1.506978757343901,-0.43704180450126406,2.4988788238668898,-3.555927152414771,-0.8278598960570074,1.5507248110813667,-0.3901353542739465,2.4959409733985742,52,2005_4
2005,5,10207.5672537,690.5370714000001,7977.70325529,166790.66666666666,12.02449481210542,0.06119987081831117,-2.7936102002779934,0.004140142162631003,-5.487025152934718,0.047830633540385956,-3.040088975707867,0.03333333333333333,0.3727315538675886,0.3695325887447661,0.3710880600391417,27.066666666666666,84.13333333333334,16.965,1007.8833333333333,-0.0011397095697307513,-0.7446737529592,0.004057068026746435,-0.7386040437169072,-0.05573566489769366,-0.7467195402546392,3.9800000000000004,1.066666666666677,15.881666666666666,-6.243333333333339,-0.06666666666666668,-0.7446737529592,-3.57713764264572,-0.8318972922148706,1.5654740811065806,-0.2663171590731137,-0.7386040437169072,-3.4602367370588007,-0.8367309914073582,1.506978757343901,-0.27305239271152804,-0.7467195402546392,-3.555927152414771,-0.8278598960570074,1.5507248110813667,-0.2633695044843103,53,2005_5
2005,6,10085.7754251,694.1201461,7645.00987379,166790.66666666666,12.02449481210542,0.060469663121237804,-2.8056134757190194,0.00416162462787686,-5.481849745400801,0.04583595729051586,-3.0826864022074467,0.0,0.0,0.0,0.0,27.756666666666668,84.96666666666667,29.805,1004.6233333333333,-0.012003275441025973,-0.3727315538675886,0.005175407533917209,-0.3695325887447661,-0.04259742649957987,-0.3710880600391417,0.6900000000000013,0.8333333333333286,12.84,-3.259999999999991,-0.03333333333333333,-0.3727315538675886,-0.7446737529592,-3.57713764264572,-0.8318972922148706,1.7434938097166448,-0.3695325887447661,-0.7386040437169072,-3.4602367370588007,-0.8367309914073582,1.742474903206232,-0.3710880600391417,-0.7467195402546392,-3.555927152414771,-0.8278598960570074,1.7387522015732721,54,2005_6
2005,7,10493.1657938,712.919664,8315.52513948,179867.0,12.099972967870523,0.058338471169252844,-2.841493520418109,0.0039635934551640935,-5.53060422701611,0.046231521843806814,-3.0740934225576333,0.0,0.0,0.0,0.0,29.093548387096774,79.7741935483871,11.629032258064516,1006.3967741935484,-0.03588004469908945,0.0,-0.04875448161530915,0.0,0.008592979649813426,0.0,1.3368817204301067,-5.192473118279565,-18.175967741935484,1.7734408602150324,0.0,0.0,-0.3727315538675886,-0.7446737529592,-3.57713764264572,-0.40470010684361,0.0,-0.3695325887447661,-0.7386040437169072,-3.4602367370588007,-0.43704180450126406,0.0,-0.3710880600391417,-0.7467195402546392,-3.555927152414771,-0.3901353542739465,55,2005_7
2005,8,10631.2323212,718.3845132,8458.32153329,179867.0,12.099972967870523,0.059106074606236826,-2.82842157463661,0.003993976177953711,-5.522968008464561,0.0470254217465683,-3.057066935274531,0.03225806451612903,0.3621473258933581,0.35626640303221496,0.3603666543796082,28.051612903225806,84.96774193548387,31.338709677419356,1004.8096774193548,0.01307194578149895,0.3621473258933581,0.007636218551549057,0.35626640303221496,0.0170264872831023,0.3603666543796082,-1.0419354838709687,5.193548387096769,19.70967741935484,-1.5870967741935829,0.03225806451612903,0.3621473258933581,0.0,-0.3727315538675886,-0.7446737529592,1.5654740811065806,0.35626640303221496,0.0,-0.3695325887447661,-0.7386040437169072,1.506978757343901,0.3603666543796082,0.0,-0.3710880600391417,-0.7467195402546392,1.5507248110813667,56,2005_8
2005,9,11023.0508723,751.2206676000001,8647.54401658,179867.0,12.099972967870523,0.06128445391483708,-2.792229074813075,0.0041765341480093626,-5.478273527575386,0.0480774350858134,-3.034942336979062,0.1,1.1277101113587287,1.1113316327149803,1.1211901274319047,28.209999999999997,80.63333333333334,11.764999999999999,1009.24,0.036192499823534785,0.7655627854653706,0.04469448088917538,0.7550652296827653,0.022124598295468978,0.7608234730522965,0.1583870967741916,-4.334408602150532,-19.57370967741936,4.430322580645225,0.06774193548387097,0.7655627854653706,0.3621473258933581,0.0,-0.3727315538675886,-0.8318972922148706,0.7550652296827653,0.35626640303221496,0.0,-0.3695325887447661,-0.8367309914073582,0.7608234730522965,0.3603666543796082,0.0,-0.3710880600391417,-0.8278598960570074,57,2005_9
2005,10,11220.1139089,761.8496286,8563.95073854,187477.33333333334,12.141413228196063,0.05984784245330991,-2.815949896862532,0.004063689274081133,-5.505664029778357,0.04567992613439491,-3.086096330658568,0.25806451612903225,2.9183436417332067,2.89079684620799,2.896827865434335,26.193548387096776,71.90322580645162,0.22580645161290322,1014.9000000000001,-0.023720822049456913,1.790633530374478,-0.027390502202971234,1.7794652134930096,-0.051153993679506016,1.7756377380024302,-2.0164516129032215,-8.730107526881724,-11.539193548387095,5.660000000000082,0.15806451612903225,1.790633530374478,0.7655627854653706,0.3621473258933581,0.0,-3.57713764264572,1.7794652134930096,0.7550652296827653,0.35626640303221496,0.0,-3.4602367370588007,1.7756377380024302,0.7608234730522965,0.3603666543796082,0.0,-3.555927152414771,58,2005_10
2005,11,11442.7559732,773.532372,8557.94968762,187477.33333333334,12.141413228196063,0.061035410360007966,-2.7963010855273933,0.004126004772132453,-5.490445707733539,0.04564791665989843,-3.0867973102246635,0.3333333333333333,3.779525398954862,3.750848993511941,3.753039404538216,22.970000000000002,76.76666666666667,0.06333333333333332,1016.61,0.01964881133513874,0.8611817572216554,0.015218322044818322,0.8600521473039513,-0.0007009795660954943,0.8562115391038811,-3.2235483870967734,4.86344086021505,-0.1624731182795699,1.7099999999999227,0.07526881720430106,0.8611817572216554,1.790633530374478,0.7655627854653706,0.3621473258933581,-0.7446737529592,0.8600521473039513,1.7794652134930096,0.7550652296827653,0.35626640303221496,-0.7386040437169072,0.8562115391038811,1.7756377380024302,0.7608234730522965,0.3603666543796082,-0.7467195402546392,59,2005_11
2005,12,12053.6874939,816.3363905,9278.21574344,187477.33333333334,12.141413228196063,0.06429410574380548,-2.7442873199993496,0.004354320471630348,-5.436586714921059,0.04948980006528789,-3.0059886899277375,0.6451612903225806,7.356004958585838,7.310891504054581,7.321062711355408,17.041935483870965,64.2258064516129,0.3129032258064516,1021.2290322580644,0.05201376552804371,3.5764795596309757,0.0538589928124793,3.56004251054264,0.08080862029692604,3.568023306817192,-5.928064516129037,-12.540860215053769,0.24956989247311825,4.619032258064408,0.3118279569892473,3.5764795596309757,0.8611817572216554,1.790633530374478,0.7655627854653706,-0.3727315538675886,3.56004251054264,0.8600521473039513,1.7794652134930096,0.7550652296827653,-0.3695325887447661,3.568023306817192,0.8562115391038811,1.7756377380024302,0.7608234730522965,-0.3710880600391417,60,2005_12
2006,1,9537.4082284,589.6803958,6731.51493583,177073.66666666666,12.084321120827369,0.05386124548012974,-2.9213440674670563,0.0033301416687216813,-5.704740432735055,0.038015336004205404,-3.2697656216138378,0.6129032258064516,6.827704090929505,6.738625325346833,6.756484243889933,16.438709677419357,79.16129032258064,0.5338709677419355,1018.5096774193548,-0.17705674746770672,-0.5283008676563332,-0.26815371781399566,-0.5722661787077481,-0.2637769316861003,-0.5645784674654752,-0.6032258064516078,14.935483870967744,0.22096774193548396,-2.7193548387095916,-0.032258064516129004,-0.5283008676563332,3.5764795596309757,0.8611817572216554,1.790633530374478,0.0,-0.5722661787077481,3.56004251054264,0.8600521473039513,1.7794652134930096,0.0,-0.5645784674654752,3.568023306817192,0.8562115391038811,1.7756377380024302,0.0,61,2006_1
2006,2,9126.7361022,579.5570236,6523.56729482,177073.66666666666,12.084321120827369,0.05154202922437178,-2.965357702698048,0.0032729712695845985,-5.722057061508159,0.0368409793371497,-3.3011444844209588,0.25,2.7670543919662784,2.710388265943687,2.7447936767383396,17.675,81.14285714285714,1.355357142857143,1019.8357142857143,-0.04401363523099189,-4.060649698963227,-0.017316628773103915,-4.028237059403146,-0.03137886280712099,-4.011690567151593,1.2362903225806434,1.9815668202764982,0.8214861751152074,1.326036866359459,-0.3629032258064516,-4.060649698963227,-0.5283008676563332,3.5764795596309757,0.8611817572216554,0.3621473258933581,-4.028237059403146,-0.5722661787077481,3.56004251054264,0.8600521473039513,0.35626640303221496,-4.011690567151593,-0.5645784674654752,3.568023306817192,0.8562115391038811,0.3603666543796082,62,2006_2
2006,3,10029.3541937,628.9668773000001,7301.21129314,177073.66666666666,12.084321120827369,0.05663944494118268,-2.871049629411946,0.003552006851950507,-5.640242524813954,0.04123262047136691,-3.188525576888716,0.5483870967741935,6.141016170271841,6.036789156298135,6.0816127850007105,18.47741935483871,85.64516129032258,1.579032258064516,1015.258064516129,0.09430807328610236,3.373961778305562,0.08181453669420513,3.326400890354448,0.11261890753224257,3.336819108262371,0.8024193548387082,4.502304147465438,0.22367511520737304,-4.577649769585264,0.2983870967741935,3.373961778305562,-4.060649698963227,-0.5283008676563332,3.5764795596309757,0.7655627854653706,3.326400890354448,-4.028237059403146,-0.5722661787077481,3.56004251054264,0.7550652296827653,3.336819108262371,-4.011690567151593,-0.5645784674654752,3.568023306817192,0.7608234730522965,63,2006_3
2006,4,9744.5035209,626.9595783,7204.80533766,176973.33333333334,12.083754341072028,0.05506198779985685,-2.899295677488244,0.003542678247005198,-5.642872270938339,0.040711248423453625,-3.201250850677228,0.2,2.2340203891170884,2.225988082270976,2.2228353820465876,23.93,84.13333333333334,6.656666666666667,1011.7666666666667,-0.02824604807629827,-3.906995781154752,-0.002629746124385157,-3.810801074027159,-0.01272527378851196,-3.858777402954123,5.452580645161291,-1.5118279569892366,5.077634408602151,-3.4913978494623734,-0.3483870967741935,-3.906995781154752,3.373961778305562,-4.060649698963227,-0.5283008676563332,1.790633530374478,-3.810801074027159,3.326400890354448,-4.028237059403146,-0.5722661787077481,1.7794652134930096,-3.858777402954123,3.336819108262371,-4.011690567151593,-0.5645784674654752,1.7756377380024302,64,2006_4
2006,5,9908.6217947,635.8527536,7132.38676691,176973.33333333334,12.083754341072028,0.05598934940122806,-2.882593795599044,0.0035929297461011075,-5.628787324033538,0.04030204230530023,-3.2113531337626893,0.1935483870967742,2.165708194541366,2.1482805309170216,2.1449310481697523,25.82903225806452,83.29032258064517,13.930645161290323,1010.0774193548388,0.016701881889200187,-0.06831219457572235,0.014084946904801221,-0.07770755135395424,-0.010102283085461128,-0.07790433387683526,1.8990322580645191,-0.8430107526881727,7.273978494623656,-1.6892473118278986,-0.006451612903225823,-0.06831219457572235,-3.906995781154752,3.373961778305562,-4.060649698963227,0.8611817572216554,-0.07770755135395424,-3.810801074027159,3.326400890354448,-4.028237059403146,0.8600521473039513,-0.07790433387683526,-3.858777402954123,3.336819108262371,-4.011690567151593,0.8562115391038811,65,2006_5
2006,6,9808.69049,642.8052631,6826.58692838,176973.33333333334,12.083754341072028,0.05542468068635576,-2.892730284680737,0.0036322153795298726,-5.617912519469945,0.03857409927134031,-3.255174231067997,0.0,0.0,0.0,0.0,27.959999999999997,84.8,15.646666666666667,1007.01,-0.010136489081693068,-2.165708194541366,0.01087480456359291,-2.1482805309170216,-0.0438210973053077,-2.1449310481697523,2.1309677419354784,1.50967741935483,1.716021505376343,-3.067419354838762,-0.1935483870967742,-2.165708194541366,-0.06831219457572235,-3.906995781154752,3.373961778305562,3.5764795596309757,-2.1482805309170216,-0.07770755135395424,-3.810801074027159,3.326400890354448,3.56004251054264,-2.1449310481697523,-0.07790433387683526,-3.858777402954123,3.336819108262371,3.568023306817192,66,2006_6
2006,7,10207.5101952,654.1803889,7416.96526423,191361.0,12.161916975483258,0.05334164325646292,-2.9310379534950224,0.0034185669436301025,-5.678533838052391,0.03875902228891989,-3.2503917170217895,0.03225806451612903,0.36199478500704896,0.3562011886830569,0.35898261342681126,28.961290322580645,82.45161290322581,18.370967741935484,1003.832258064516,-0.03830766881428538,0.36199478500704896,-0.060621318582446015,0.3562011886830569,0.004782514046207442,0.35898261342681126,1.0012903225806475,-2.3483870967741893,2.7243010752688175,-3.1777419354839367,0.03225806451612903,0.36199478500704896,-2.165708194541366,-0.06831219457572235,-3.906995781154752,-0.5283008676563332,0.3562011886830569,-2.1482805309170216,-0.07770755135395424,-3.810801074027159,-0.5722661787077481,0.35898261342681126,-2.1449310481697523,-0.07790433387683526,-3.858777402954123,-0.5645784674654752,67,2006_7
2006,8,10481.1285119,667.7150176,7717.69369133,191361.0,12.161916975483258,0.054771497389227694,-2.9045853409723557,0.0034892951939005335,-5.65805551333425,0.040330546408777125,-3.210646121743881,0.03225806451612903,0.3630796276836807,0.35688504761760714,0.35973324308245935,28.316129032258065,83.51612903225806,8.893548387096773,1005.1935483870968,0.02645261252266673,0.0010848426766317254,0.02047832471814104,0.0006838589345502522,0.03974559527790866,0.000750629655648094,-0.6451612903225801,1.0645161290322562,-9.47741935483871,1.3612903225807713,0.0,0.0010848426766317254,0.36199478500704896,-2.165708194541366,-0.06831219457572235,-4.060649698963227,0.0006838589345502522,0.3562011886830569,-2.1482805309170216,-0.07770755135395424,-4.028237059403146,0.000750629655648094,0.35898261342681126,-2.1449310481697523,-0.07790433387683526,-4.011690567151593,68,2006_8
2006,9,11386.4933176,718.2743506,8765.64014292,191361.0,12.161916975483258,0.05950268506958053,-2.8217338402289145,0.003753504374454565,-5.5850653755184165,0.0458068265891169,-3.0833221468050436,0.16666666666666666,1.89342763172254,1.8641786653119417,1.8793523281511109,26.586666666666666,78.5,14.015000000000002,1009.6066666666667,0.08285150074344116,1.5303480040388593,0.0729901378158333,1.5072936176943346,0.1273239749388373,1.5196190850686515,-1.7294623655913988,-5.016129032258064,5.121451612903229,4.413118279569858,0.13440860215053763,1.5303480040388593,0.0010848426766317254,0.36199478500704896,-2.165708194541366,3.373961778305562,1.5072936176943346,0.0006838589345502522,0.3562011886830569,-2.1482805309170216,3.326400890354448,1.5196190850686515,0.000750629655648094,0.35898261342681126,-2.1449310481697523,3.336819108262371,69,2006_9
2006,10,11156.9821202,709.7273021,7980.4000447,200163.33333333334,12.206888978906065,0.055739390099085746,-2.8870681988775817,0.003545740822161901,-5.642008164198209,0.03986944018068577,-3.222145158803935,0.06451612903225806,0.7320622228125045,0.7250537216812184,0.7242397832592867,26.35483870967742,76.7741935483871,1.0225806451612902,1014.7,-0.06533435864866721,-1.1613654089100356,-0.056942788679792855,-1.1391249436307231,-0.13882301199889158,-1.155112544891824,-0.23182795698924608,-1.7258064516128968,-12.992419354838713,5.093333333333362,-0.1021505376344086,-1.1613654089100356,1.5303480040388593,0.0010848426766317254,0.36199478500704896,-3.906995781154752,-1.1391249436307231,1.5072936176943346,0.0006838589345502522,0.3562011886830569,-3.810801074027159,-1.155112544891824,1.5196190850686515,0.000750629655648094,0.35898261342681126,-3.858777402954123,70,2006_10
2006,11,11297.8864373,716.7369374,7924.81802377,200163.33333333334,12.206888978906065,0.056443336794784256,-2.874518032646874,0.003580760399340538,-5.632180099073221,0.039591756850755215,-3.229134342724536,0.2,2.2734142422190673,2.25641816760255,2.248941548076474,23.256666666666668,76.06666666666666,3.331666666666666,1015.5,0.012550166230707482,1.5413520194065629,0.009828065124988683,1.5313644459213318,-0.006989183920600883,1.5247017648171872,-3.098172043010752,-0.7075268817204403,2.309086021505376,0.7999999999999545,0.13548387096774195,1.5413520194065629,-1.1613654089100356,1.5303480040388593,0.0010848426766317254,-0.06831219457572235,1.5313644459213318,-1.1391249436307231,1.5072936176943346,0.0006838589345502522,-0.07770755135395424,1.5247017648171872,-1.155112544891824,1.5196190850686515,0.000750629655648094,-0.07790433387683526,71,2006_11
2006,12,11484.685084,739.5441122,7744.410276410001,200163.33333333334,12.206888978906065,0.05737656788955686,-2.858119283923705,0.0036947032200369697,-5.600855047148211,0.0386904541778048,-3.2521623714447205,0.6129032258064516,6.984604044247313,6.950096852491478,6.923797765960106,18.19677419354839,70.3225806451613,0.9693548387096774,1020.6806451612903,0.016398748723169376,4.711189802028246,0.031325051925009895,4.693678684888928,-0.0230280287201845,4.674856217883633,-5.059892473118278,-5.7440860215053675,-2.362311827956989,5.180645161290272,0.4129032258064516,4.711189802028246,1.5413520194065629,-1.1613654089100356,1.5303480040388593,-2.165708194541366,4.693678684888928,1.5313644459213318,-1.1391249436307231,1.5072936176943346,-2.1482805309170216,4.674856217883633,1.5247017648171872,-1.155112544891824,1.5196190850686515,-2.1449310481697523,72,2006_12
2007,1,9546.7708016,540.332559,5955.94810958,187475.0,12.14140078216959,0.05092290066195493,-2.9774425418337827,0.002882157935724763,-5.849215982169059,0.03176929249009201,-3.4492551006971284,0.7419354838709677,8.301504115385972,8.186412225895042,8.030829975768231,16.351612903225806,71.54838709677419,0.9629032258064517,1022.2387096774194,-0.1193232579100778,1.316900071138659,-0.24836093502084822,1.2363153734035643,-0.19709272925240784,1.107032209808125,-1.845161290322583,1.2258064516128968,-0.006451612903225712,1.5580645161290931,0.12903225806451613,1.316900071138659,4.711189802028246,1.5413520194065629,-1.1613654089100356,0.36199478500704896,1.2363153734035643,4.693678684888928,1.5313644459213318,-1.1391249436307231,0.3562011886830569,1.107032209808125,4.674856217883633,1.5247017648171872,-1.155112544891824,0.35898261342681126,73,2007_1
2007,2,8433.0285088,491.31251709000003,4797.25379051,187475.0,12.14140078216959,0.04498214966688892,-3.101489541976923,0.0026206828488598483,-5.944320365831237,0.0255887653847713,-3.6656018759777815,0.17857142857142858,1.965515182845297,1.909203890393072,1.8908101533277841,19.510714285714283,78.75,0.26607142857142857,1017.6214285714286,-0.12404700014314018,-6.335988932540675,-0.09510438366217766,-6.27720833550197,-0.21634677528065316,-6.140019822440447,3.159101382488476,7.201612903225808,-0.6968317972350231,-4.617281105990742,-0.5633640552995391,-6.335988932540675,1.316900071138659,4.711189802028246,1.5413520194065629,0.0010848426766317254,-6.27720833550197,1.2363153734035643,4.693678684888928,1.5313644459213318,0.0006838589345502522,-6.140019822440447,1.107032209808125,4.674856217883633,1.5247017648171872,0.000750629655648094,74,2007_2
2007,3,10225.4931253,582.4681518,6576.772635089999,187475.0,12.14140078216959,0.054543235766368846,-2.908761575008289,0.003106911064408588,-5.774126273245927,0.0350807981602347,-3.3501013591647357,0.2903225806451613,3.2676930998463423,3.148406440200985,3.159508092866629,20.241935483870968,84.51612903225806,0.9112903225806451,1015.2774193548387,0.1927279669686337,1.3021779170010452,0.1701940925853096,1.2392025498079131,0.3155005168130458,1.2686979395388447,0.7312211981566854,5.766129032258064,0.6452188940092165,-2.3440092165899387,0.11175115207373273,1.3021779170010452,-6.335988932540675,1.316900071138659,4.711189802028246,1.5303480040388593,1.2392025498079131,-6.27720833550197,1.2363153734035643,4.693678684888928,1.5072936176943346,1.2686979395388447,-6.140019822440447,1.107032209808125,4.674856217883633,1.5196190850686515,75,2007_3
2007,4,10135.5744332,583.9949925,6757.047454029999,187895.33333333334,12.143640349187518,0.05394266187132552,-2.9198336137427874,0.0031080867317974897,-5.773747940882353,0.035961763041995005,-3.3252990427163893,0.26666666666666666,2.9995698443891774,2.917102457533539,2.907733680231127,21.790000000000003,79.6,4.193333333333333,1014.6166666666667,-0.011072038734498246,-0.26812325545716487,0.00037833236357442956,-0.23130398266744612,0.024802316448346406,-0.25177441263550193,1.5480645161290347,-4.91612903225807,3.2820430107526883,-0.6607526881720105,-0.023655913978494647,-0.26812325545716487,1.3021779170010452,-6.335988932540675,1.316900071138659,-1.1613654089100356,-0.23130398266744612,1.2392025498079131,-6.27720833550197,1.2363153734035643,-1.1391249436307231,-0.25177441263550193,1.2686979395388447,-6.140019822440447,1.107032209808125,-1.155112544891824,76,2007_4
2007,5,10657.0941059,603.8175026,7129.910093289999,187895.33333333334,12.143640349187518,0.05671824795666381,-2.869659286574846,0.003213584349797582,-5.740368344921855,0.03794617975232664,-3.2715864454954238,0.0,0.0,0.0,0.0,26.406451612903226,79.83870967741936,9.303225806451612,1009.7032258064515,0.050174327167941346,-2.9995698443891774,0.03337959596049789,-2.917102457533539,0.05371259722096555,-2.907733680231127,4.616451612903223,0.2387096774193651,5.109892473118279,-4.9134408602151325,-0.26666666666666666,-2.9995698443891774,-0.26812325545716487,1.3021779170010452,-6.335988932540675,1.5413520194065629,-2.917102457533539,-0.23130398266744612,1.2392025498079131,-6.27720833550197,1.5313644459213318,-2.907733680231127,-0.25177441263550193,1.2686979395388447,-6.140019822440447,1.5247017648171872,77,2007_5
2007,6,10749.8876142,619.4553564,7082.8234642,187895.33333333334,12.143640349187518,0.057212105396621526,-2.86098977017938,0.0032968107584719153,-5.714799714637567,0.03769557944068151,-3.278212447618564,0.0,0.0,0.0,0.0,28.44333333333333,83.0,16.341666666666665,1006.2966666666667,0.008669516395466204,0.0,0.025568630284287686,0.0,-0.006626002123140129,0.0,2.036881720430106,3.1612903225806406,7.0384408602150526,-3.406559139784804,0.0,0.0,-2.9995698443891774,-0.26812325545716487,1.3021779170010452,4.711189802028246,0.0,-2.917102457533539,-0.23130398266744612,1.2392025498079131,4.693678684888928,0.0,-2.907733680231127,-0.25177441263550193,1.2686979395388447,4.674856217883633,78,2007_6
2007,7,11162.5152404,624.3504353,7685.54766523,204197.33333333334,12.226842125535038,0.05466533307846005,-2.9065255350298274,0.0030575836868584633,-5.790130319769034,0.03763784541046896,-3.2797452079206413,0.0,0.0,0.0,0.0,29.641935483870967,76.93548387096774,2.490322580645161,1006.8193548387097,-0.045535764850447524,0.0,-0.07533060513146683,0.0,-0.001532760302077385,0.0,1.198602150537635,-6.064516129032256,-13.851344086021504,0.5226881720429901,0.0,0.0,0.0,-2.9995698443891774,-0.26812325545716487,1.316900071138659,0.0,0.0,-2.917102457533539,-0.23130398266744612,1.2363153734035643,0.0,0.0,-2.907733680231127,-0.25177441263550193,1.107032209808125,79,2007_7
2007,8,11013.9469379,617.9375995,7418.707707660001,204197.33333333334,12.226842125535038,0.05393776088114112,-2.919924473419877,0.00302617859603129,-5.8004546448581795,0.03633107047264737,-3.315081967929957,0.03225806451612903,0.3660547182583225,0.35347510895748635,0.35311882931323546,28.0258064516129,83.54838709677419,15.762903225806452,1003.9580645161291,-0.013398938390049686,0.3660547182583225,-0.010324325089145603,0.35347510895748635,-0.035336760009315515,0.35311882931323546,-1.6161290322580655,6.612903225806448,13.272580645161291,-2.8612903225806576,0.03225806451612903,0.3660547182583225,0.0,0.0,-2.9995698443891774,-6.335988932540675,0.35347510895748635,0.0,0.0,-2.917102457533539,-6.27720833550197,0.35311882931323546,0.0,0.0,-2.907733680231127,-6.140019822440447,80,2007_8
2007,9,10945.413109000001,631.5138539,7010.92358475,204197.33333333334,12.226842125535038,0.05360213539680571,-2.9261663722063083,0.0030926645494880767,-5.778722245901202,0.03433406044194178,-3.3716174017242255,0.23333333333333334,2.6487105516776803,2.5803503494087274,2.554340737858264,27.73,74.76666666666667,3.4200000000000004,1007.4833333333333,-0.006241898786431221,2.2826558334193576,0.02173239895697776,2.226875240451241,-0.05653543379426873,2.201221908545029,-0.29580645161290064,-8.781720430107526,-12.342903225806452,3.525268817204278,0.2010752688172043,2.2826558334193576,0.3660547182583225,0.0,0.0,1.3021779170010452,2.226875240451241,0.35347510895748635,0.0,0.0,1.2392025498079131,2.201221908545029,0.35311882931323546,0.0,0.0,1.2686979395388447,81,2007_9
2007,10,11077.788313000001,638.432966,6805.19798485,214203.33333333334,12.27468099865497,0.05171622747700783,-2.9619836690186423,0.002980499677876161,-5.8156643153814125,0.03176980432073886,-3.4492389899661755,0.22580645161290322,2.5691779963270496,2.504549496392974,2.4793236396585017,25.593548387096774,72.12903225806451,1.6790322580645163,1013.8483870967742,-0.03581729681233403,-0.07953255535063075,-0.036942069480210726,-0.07580085301575323,-0.07762158824194998,-0.07501709819976243,-2.136451612903226,-2.6376344086021533,-1.740967741935484,6.365053763440869,-0.0075268817204301175,-0.07953255535063075,2.2826558334193576,0.3660547182583225,0.0,-0.26812325545716487,-0.07580085301575323,2.226875240451241,0.35347510895748635,0.0,-0.23130398266744612,-0.07501709819976243,2.201221908545029,0.35311882931323546,0.0,-0.25177441263550193,82,2007_10
2007,11,11186.308575,642.860872,6712.90264343,214203.33333333334,12.27468099865497,0.0522228501346073,-2.9522351378323557,0.003001171186256049,-5.808752671079809,0.031338927079083735,-3.4628942775131755,0.5666666666666667,6.458787833964549,6.322869618567493,6.230057748679404,20.9,64.0,0.13833333333333334,1017.4300000000001,0.009748531186286602,3.8896098376374995,0.0069116443016037366,3.818320122174519,-0.013655287546999961,3.7507341090209025,-4.693548387096776,-8.129032258064512,-1.5406989247311829,3.581612903225846,0.3408602150537634,3.8896098376374995,-0.07953255535063075,2.2826558334193576,0.3660547182583225,-2.9995698443891774,3.818320122174519,-0.07580085301575323,2.226875240451241,0.35347510895748635,-2.917102457533539,3.7507341090209025,-0.07501709819976243,2.201221908545029,0.35311882931323546,-2.907733680231127,83,2007_11
2007,12,11816.1792368,683.5231934999999,7316.96486757,214203.33333333334,12.27468099865497,0.05516337702556761,-2.8974560055676037,0.0031910016658626534,-5.747420409635821,0.03415896827424098,-3.3767301132625818,0.41935483870967744,4.80921754457519,4.71930489356943,4.649838792178178,19.261290322580646,72.35483870967742,0.5161290322580645,1018.5225806451613,0.05477913226475195,-1.6495702893893593,0.06133226144398751,-1.603564724998063,0.0861641642505937,-1.5802189565012261,-1.638709677419353,8.354838709677423,0.3777956989247312,1.0925806451612061,-0.14731182795698922,-1.6495702893893593,3.8896098376374995,-0.07953255535063075,2.2826558334193576,0.0,-1.603564724998063,3.818320122174519,-0.07580085301575323,2.226875240451241,0.0,-1.5802189565012261,3.7507341090209025,-0.07501709819976243,2.201221908545029,0.0,84,2007_12
2008,1,9680.5495296,554.9268769,5979.673245749999,200664.66666666666,12.209390468795771,0.04824242199889036,-3.031516520549703,0.0027654438926301593,-5.890554117062902,0.029799333111708754,-3.513269264522907,0.6451612903225806,7.269152464618302,7.003967617973773,7.141716900145467,15.948387096774193,74.96774193548387,1.096774193548387,1019.1322580645161,-0.13406051498209948,2.4599349200431124,-0.1431337074270811,2.2846627244043427,-0.13653915126032512,2.491878107967289,-3.312903225806453,2.6129032258064484,0.5806451612903225,0.6096774193548526,0.2258064516129032,2.4599349200431124,-1.6495702893893593,3.8896098376374995,-0.07953255535063075,0.0,2.2846627244043427,-1.603564724998063,3.818320122174519,-0.07580085301575323,0.0,2.491878107967289,-1.5802189565012261,3.7507341090209025,-0.07501709819976243,0.0,85,2008_1
2008,2,8961.899614400001,520.3737327,5381.63779388,200664.66666666666,12.209390468795771,0.044661074434628925,-3.1086529747621383,0.0025932504279112417,-5.954843198642713,0.026819060292361717,-3.6186424393128402,0.8275862068965517,9.21856942801303,8.714863045487732,9.035884676047784,13.327586206896552,71.96551724137932,0.9655172413793104,1020.6896551724138,-0.07713645421243509,1.9494169633947278,-0.06428908157981095,1.7108954275139592,-0.10537317478993335,1.894167775902317,-2.620800889877641,-3.002224694104555,-0.13125695216907662,1.5573971078977138,0.18242491657397109,1.9494169633947278,2.4599349200431124,-1.6495702893893593,3.8896098376374995,0.3660547182583225,1.7108954275139592,2.2846627244043427,-1.603564724998063,3.818320122174519,0.35347510895748635,1.894167775902317,2.491878107967289,-1.5802189565012261,3.7507341090209025,0.35311882931323546,86,2008_2
2008,3,10373.3779207,602.0717807999999,6528.061193590001,200664.66666666666,12.209390468795771,0.0516950895890989,-2.9623924809127953,0.0030003876158234133,-5.809013793385839,0.032532190654342076,-3.425525198177688,0.3548387096774194,4.027702766511213,3.844175102637301,3.964469489540946,19.980645161290322,76.0,1.8580645161290323,1015.9193548387096,0.14626049384934303,-5.190866661501817,0.14582940525687427,-4.870687942850431,0.19311724113515227,-5.071415186506838,6.653058954393771,4.034482758620683,0.892547274749722,-4.770300333704199,-0.47274749721913234,-5.190866661501817,1.9494169633947278,2.4599349200431124,-1.6495702893893593,2.2826558334193576,-4.870687942850431,1.7108954275139592,2.2846627244043427,-1.603564724998063,2.226875240451241,-5.071415186506838,1.894167775902317,2.491878107967289,-1.5802189565012261,2.201221908545029,87,2008_3
2008,4,9894.291606300001,578.3487533,6359.66609333,195419.33333333334,12.182902956036846,0.05063107849939788,-2.9831896916392453,0.002959526795199383,-5.8227258899128715,0.03254368943364525,-3.4251718021296496,0.36666666666666664,4.136885608767183,3.9620034079452098,4.059289631696652,23.066666666666666,85.06666666666666,8.52,1012.3666666666667,-0.02079721072645002,0.10918284225596953,-0.013712096527032536,0.117828305307909,0.0003533960480384124,0.09482014215570622,3.086021505376344,9.066666666666663,6.661935483870967,-3.552688172042963,0.011827956989247268,0.10918284225596953,-5.190866661501817,1.9494169633947278,2.4599349200431124,-0.07953255535063075,0.117828305307909,-4.870687942850431,1.7108954275139592,2.2846627244043427,-0.07580085301575323,0.09482014215570622,-5.071415186506838,1.894167775902317,2.491878107967289,-0.07501709819976243,88,2008_4
2008,5,9905.2922152,582.1535921,6049.95612115,195419.33333333334,12.182902956036846,0.050687370825813885,-2.982078495552389,0.002978996919956742,-5.816168639170042,0.030958841266899555,-3.4750966577407403,0.12903225806451613,1.4564108037154886,1.3992257278370444,1.4222929896691392,25.34193548387097,82.96774193548387,6.203225806451614,1008.3,0.001111196086856392,-2.680474805051694,0.006557250742829979,-2.5627776801081654,-0.049924855611090724,-2.636996642027513,2.275268817204303,-2.098924731182791,-2.316774193548386,-4.06666666666672,-0.23763440860215052,-2.680474805051694,0.10918284225596953,-5.190866661501817,1.9494169633947278,3.8896098376374995,-2.5627776801081654,0.117828305307909,-4.870687942850431,1.7108954275139592,3.818320122174519,-2.636996642027513,0.09482014215570622,-5.071415186506838,1.894167775902317,3.7507341090209025,89,2008_5
2008,6,9789.2642034,586.9029416,5799.09579018,195419.33333333334,12.182902956036846,0.05009363217252472,-2.9938613813143213,0.003003300295774215,-5.808043496387658,0.029675138540608402,-3.5174456699005585,0.03333333333333333,0.37562288160848956,0.35887032923121814,0.36722227077505093,26.67,88.13333333333334,44.87,1006.2199999999999,-0.011782885761932427,-1.0807879221069991,0.008125142782383854,-1.0403553986058263,-0.04234901215981823,-1.0550707188940882,1.3280645161290323,5.165591397849468,38.666774193548385,-2.080000000000041,-0.0956989247311828,-1.0807879221069991,-2.680474805051694,0.10918284225596953,-5.190866661501817,-1.6495702893893593,-1.0403553986058263,-2.5627776801081654,0.117828305307909,-4.870687942850431,-1.603564724998063,-1.0550707188940882,-2.636996642027513,0.09482014215570622,-5.071415186506838,-1.5802189565012261,90,2008_6
2008,7,10087.0185122,591.9410099,6192.683379870001,206125.33333333334,12.236239677002295,0.048936335719044724,-3.0172350966958468,0.0028717528327425385,-5.852832692522415,0.030043291039125068,-3.505115902856411,0.0,0.0,0.0,0.0,28.370967741935484,82.16129032258064,15.21290322580645,1005.7258064516129,-0.02337371538152544,-0.37562288160848956,-0.04478919613475707,-0.35887032923121814,0.012329767044147566,-0.36722227077505093,1.7009677419354823,-5.972043010752699,-29.657096774193548,-0.49419354838698837,-0.03333333333333333,-0.37562288160848956,-1.0807879221069991,-2.680474805051694,0.10918284225596953,2.4599349200431124,-0.35887032923121814,-1.0403553986058263,-2.5627776801081654,0.117828305307909,2.2846627244043427,-0.36722227077505093,-1.0550707188940882,-2.636996642027513,0.09482014215570622,2.491878107967289,91,2008_7
2008,8,10170.6755137,594.3890795,6232.261940720001,206125.33333333334,12.236239677002295,0.04934219074009987,-3.0089757679728213,0.002883629439855363,-5.848705556075728,0.030235303152386254,-3.4987450587689013,0.0967741935483871,1.095020464060609,1.046769351449939,1.068201882043372,28.383870967741935,79.45161290322581,10.241935483870968,1005.9451612903225,0.008259328723025483,1.095020464060609,0.004127136446686386,1.046769351449939,0.006370844087509653,1.068201882043372,0.012903225806450536,-2.7096774193548328,-4.970967741935482,0.2193548387095916,0.0967741935483871,1.095020464060609,-0.37562288160848956,-1.0807879221069991,-2.680474805051694,1.9494169633947278,1.046769351449939,-0.35887032923121814,-1.0403553986058263,-2.5627776801081654,1.7108954275139592,1.068201882043372,-0.36722227077505093,-1.0550707188940882,-2.636996642027513,1.894167775902317,92,2008_8
2008,9,10490.143658,614.6020212000001,6305.006842350001,206125.33333333334,12.236239677002295,0.05089206400959934,-2.9780482809488125,0.0029816908541081804,-5.815264738668298,0.03058821902378165,-3.487140343377852,0.13793103448275862,1.567182821874334,1.5054583905595256,1.5274763793948467,29.00344827586207,74.20689655172414,5.263793103448276,1007.7172413793103,0.030927487024008826,0.47216235781372506,0.03344081740743032,0.4586890391095866,0.011604715391049236,0.45927449735147463,0.6195773081201352,-5.2447163515016655,-4.978142380422692,1.7720800889877637,0.041156840934371525,0.47216235781372506,1.095020464060609,-0.37562288160848956,-1.0807879221069991,-5.190866661501817,0.4586890391095866,1.046769351449939,-0.35887032923121814,-1.0403553986058263,-4.870687942850431,0.45927449735147463,1.068201882043372,-0.36722227077505093,-1.0550707188940882,-5.071415186506838,93,2008_9
2008,10,10285.619987099999,603.3391197999999,5766.11809612,208452.33333333334,12.247465676977804,0.04934279133566906,-3.008963595997784,0.0028943745083208467,-5.844986250603305,0.027661566574548616,-3.587711317525446,0.0967741935483871,1.0977206704592986,1.0553859712538278,1.0668023107917202,26.5,77.03225806451613,4.680645161290323,1014.1516129032258,-0.030915315048971603,-0.46946215141503544,-0.029721511935006717,-0.45007241930569775,-0.10057097414759397,-0.46067406860312654,-2.5034482758620697,2.8253615127919858,-0.5831479421579537,6.434371523915502,-0.041156840934371525,-0.46946215141503544,0.47216235781372506,1.095020464060609,-0.37562288160848956,0.10918284225596953,-0.45007241930569775,0.4586890391095866,1.046769351449939,-0.35887032923121814,0.117828305307909,-0.46067406860312654,0.45927449735147463,1.068201882043372,-0.36722227077505093,0.09482014215570622,94,2008_10
2008,11,9928.5402409,586.09701916,5099.05696685,208452.33333333334,12.247465676977804,0.04762978702197305,-3.044296935689484,0.002811659671963374,-5.873980339398134,0.024461501031490814,-3.7106547838238484,0.4230769230769231,4.786159540211695,4.644935155322682,4.640679550330893,22.25769230769231,67.23076923076923,2.1,1018.0961538461538,-0.03533333969169972,3.688438869752397,-0.02899408879482923,3.5895491840688543,-0.12294346629840236,3.573877239539173,-4.242307692307691,-9.801488833746902,-2.5806451612903225,3.944540942928029,0.326302729528536,3.688438869752397,-0.46946215141503544,0.47216235781372506,1.095020464060609,-2.680474805051694,3.5895491840688543,-0.45007241930569775,0.4586890391095866,1.046769351449939,-2.5627776801081654,3.573877239539173,-0.46067406860312654,0.45927449735147463,1.068201882043372,-2.636996642027513,95,2008_11
2008,12,10403.3269985,624.8540728,5436.78253312,208452.33333333334,12.247465676977804,0.04990746245024842,-2.997584739304696,0.0029975873275584985,-5.809947538022923,0.026081658315746045,-3.646522958218713,0.6129032258064516,6.9751372743788425,6.787574285590834,6.803262038298674,18.43548387096774,63.38709677419355,0.30000000000000004,1019.832258064516,0.04671219638478785,2.188977734167147,0.06403280137521072,2.142639130268152,0.06413182560513553,2.1625824879677804,-3.8222084367245692,-3.843672456575675,-1.8,1.736104218362243,0.18982630272952855,2.188977734167147,3.688438869752397,-0.46946215141503544,0.47216235781372506,-1.0807879221069991,2.142639130268152,3.5895491840688543,-0.45007241930569775,0.4586890391095866,-1.0403553986058263,2.1625824879677804,3.573877239539173,-0.46067406860312654,0.45927449735147463,-1.0550707188940882,96,2008_12
2009,1,7934.34783,451.74374233000003,3820.064150148,185083.66666666666,12.128563254077488,0.04286897905631867,-3.1496068135305983,0.0024407542300509144,-6.015448176765284,0.02063966107299942,-3.8805407593854104,0.7419354838709677,8.114106861705949,7.595394107369691,7.912445364377362,15.32258064516129,63.87096774193548,0.004838709677419356,1021.8677419354839,-0.15202207422590241,1.1389695873271064,-0.20550063874236102,0.8078198217788568,-0.23401780116669757,1.1091833260786883,-3.11290322580645,0.48387096774192884,-0.2951612903225807,2.0354838709678233,0.12903225806451613,1.1389695873271064,2.188977734167147,3.688438869752397,-0.46946215141503544,-0.37562288160848956,0.8078198217788568,2.142639130268152,3.5895491840688543,-0.45007241930569775,-0.35887032923121814,1.1091833260786883,2.1625824879677804,3.573877239539173,-0.46067406860312654,-0.36722227077505093,97,2009_1
2009,2,8011.4331609,462.2402015,4116.471009135,185083.66666666666,12.128563254077488,0.04328546816250669,-3.1399383085589436,0.0024974661990703304,-5.992478581438923,0.022241136040106187,-3.805811729964316,0.17857142857142858,1.9546721801560598,1.8172085205777442,1.9137866531910865,20.510714285714283,81.28571428571429,0.05892857142857143,1015.4821428571429,0.009668504971654723,-6.1594346815498895,0.022969595326361336,-5.778185586791946,0.0747290294210945,-5.998658711186275,5.1881336405529925,17.41474654377881,0.054089861751152074,-6.385599078340988,-0.5633640552995391,-6.1594346815498895,1.1389695873271064,2.188977734167147,3.688438869752397,1.095020464060609,-5.778185586791946,0.8078198217788568,2.142639130268152,3.5895491840688543,1.046769351449939,-5.998658711186275,1.1091833260786883,2.1625824879677804,3.573877239539173,1.068201882043372,98,2009_2
2009,3,9104.1686275,518.84572379,4852.961623134001,185083.66666666666,12.128563254077488,0.04918947625938539,-3.0120755755301,0.0028033036795431254,-5.876956671767785,0.02622036676998691,-3.641218812567952,0.21428571428571427,2.386206488052493,2.2327436006350405,2.334722122894071,20.75714285714286,86.14285714285714,4.985714285714286,1014.7714285714285,0.12786273302884377,0.4315343078964333,0.11552190967113773,0.41553508005729634,0.16459291739636406,0.42093546970298457,0.24642857142857721,4.857142857142847,4.926785714285715,-0.7107142857144026,0.0357142857142857,0.4315343078964333,-6.1594346815498895,1.1389695873271064,2.188977734167147,0.47216235781372506,0.41553508005729634,-5.778185586791946,0.8078198217788568,2.142639130268152,0.4586890391095866,0.42093546970298457,-5.998658711186275,1.1091833260786883,2.1625824879677804,0.45927449735147463,99,2009_3
2009,4,8801.538337099999,504.29824421,4741.729964964,189408.66666666666,12.151662217222952,0.04646850902862593,-3.0689804210002314,0.0026624876943856846,-5.928494369784247,0.02503438754103473,-3.6875048976083384,0.06666666666666667,0.7404613107141496,0.6961034957409966,0.7250779960689134,22.023333333333333,77.13333333333334,3.635,1012.67,-0.056904845470131526,-1.6457451773383436,-0.05153769801646213,-1.536640104894044,-0.04628608504038656,-1.6096441268251578,1.2661904761904736,-9.009523809523799,-1.350714285714286,-2.101428571428528,-0.1476190476190476,-1.6457451773383436,0.4315343078964333,-6.1594346815498895,1.1389695873271064,-0.46946215141503544,-1.536640104894044,0.41553508005729634,-5.778185586791946,0.8078198217788568,-0.45007241930569775,-1.6096441268251578,0.42093546970298457,-5.998658711186275,1.1091833260786883,-0.46067406860312654,100,2009_4
2009,5,9286.363534799999,531.26265358,5037.866260741,189408.66666666666,12.151662217222952,0.0490281870319204,-3.015359900712412,0.002804848705867032,-5.876405678764452,0.026597865606682904,-3.6269243067641797,0.03225806451612903,0.36009358477628367,0.3377134294188421,0.35187373616199935,25.53548387096774,78.29032258064517,7.91774193548387,1010.8290322580646,0.053620520287819495,-0.3803677259378659,0.05208869101979552,-0.35839006632215453,0.06058059084415879,-0.3732042599069141,3.512150537634408,1.1569892473118273,4.2827419354838705,-1.8409677419354011,-0.034408602150537634,-0.3803677259378659,-1.6457451773383436,0.4315343078964333,-6.1594346815498895,3.688438869752397,-0.35839006632215453,-1.536640104894044,0.41553508005729634,-5.778185586791946,3.5895491840688543,-0.3732042599069141,-1.6096441268251578,0.42093546970298457,-5.998658711186275,3.573877239539173,101,2009_5
2009,6,9747.9148594,558.2320551500001,5562.920136939,189408.66666666666,12.151662217222952,0.05146498854012312,-2.9668535366768514,0.002947236074114877,-5.826887471846927,0.029369934516929888,-3.527783763364496,0.0,0.0,0.0,0.0,28.14333333333333,81.36666666666666,11.403333333333334,1004.8133333333334,0.04850636403556052,-0.36009358477628367,0.04951820691752484,-0.3377134294188421,0.0991405433996837,-0.35187373616199935,2.6078494623655892,3.076344086021493,3.485591397849464,-6.0156989247311685,-0.03225806451612903,-0.36009358477628367,-0.3803677259378659,-1.6457451773383436,0.4315343078964333,2.188977734167147,-0.3377134294188421,-0.35839006632215453,-1.536640104894044,0.41553508005729634,2.142639130268152,-0.35187373616199935,-0.3732042599069141,-1.6096441268251578,0.42093546970298457,2.1625824879677804,102,2009_6
2009,7,10026.619177,566.98798335,5864.742862460999,202632.0,12.219146805017445,0.04948191389810099,-3.006148051969432,0.002798116700965297,-5.87880869490052,0.028942826712765008,-3.542432887608637,0.03225806451612903,0.36263006017653815,0.3383102297335982,0.3538001286343181,29.048387096774192,80.7741935483871,12.566129032258065,1005.0903225806452,-0.039294515292580545,0.36263006017653815,-0.05192122305359259,0.3383102297335982,-0.01464912424414111,0.3538001286343181,0.9050537634408613,-0.5924731182795568,1.1627956989247306,0.2769892473118034,0.03225806451612903,0.36263006017653815,-0.36009358477628367,-0.3803677259378659,-1.6457451773383436,1.1389695873271064,0.3383102297335982,-0.3377134294188421,-0.35839006632215453,-1.536640104894044,0.8078198217788568,0.3538001286343181,-0.35187373616199935,-0.3732042599069141,-1.6096441268251578,1.1091833260786883,103,2009_7
2009,8,10434.2662184,581.5518191,6321.307241059,202632.0,12.219146805017445,0.051493674337715664,-2.9662963072503423,0.0028699900267479964,-5.853446724217343,0.031195996886271667,-3.467465497325672,0.06451612903225806,0.7277852476199771,0.6763616252284688,0.7086559018544164,29.432258064516127,79.96774193548387,10.785483870967743,1004.8580645161289,0.03985174471908959,0.36515518744343894,0.025361970683176693,0.33805139549487057,0.07496739028296506,0.3548557732200983,0.3838709677419345,-0.8064516129032313,-1.7806451612903214,-0.23225806451625886,0.03225806451612903,0.36515518744343894,0.36263006017653815,-0.36009358477628367,-0.3803677259378659,-6.1594346815498895,0.33805139549487057,0.3383102297335982,-0.3377134294188421,-0.35839006632215453,-5.778185586791946,0.3548557732200983,0.3538001286343181,-0.35187373616199935,-0.3732042599069141,-5.998658711186275,104,2009_8
2009,9,10819.8281381,602.6171719,6441.126766655001,202632.0,12.219146805017445,0.053396443494117415,-2.9300111364677046,0.002973948694678037,-5.817864682378104,0.03178731279686822,-3.4486880374571163,0.13043478260869565,1.478225964965383,1.3771628842740158,1.439530975519959,28.900000000000002,79.34782608695652,18.797826086956523,1007.3565217391305,0.03628517078263771,0.750440717345406,0.03558204183923852,0.700801259045547,0.018777459868555724,0.7308750736655426,-0.5322580645161246,-0.6199158485273557,8.01234221598878,2.4984572230015374,0.06591865357643759,0.750440717345406,0.36515518744343894,0.36263006017653815,-0.36009358477628367,0.4315343078964333,0.700801259045547,0.33805139549487057,0.3383102297335982,-0.3377134294188421,0.41553508005729634,0.7308750736655426,0.3548557732200983,0.3538001286343181,-0.35187373616199935,0.42093546970298457,105,2009_9
2009,10,10674.5702317,593.9054464,6020.028148429001,213602.33333333334,12.271871309853706,0.049974033827813985,-2.9962517318928357,0.0027804258367964143,-5.885151184306505,0.028183344509793123,-3.5690240957429995,0.2,2.2657023810927472,2.118587335742807,2.205692741375872,25.36,72.7,0.015000000000000003,1014.5,-0.06624059542513105,0.7874764161273642,-0.06728650192840036,0.7414244514687913,-0.12033605828588323,0.7661617658559128,-3.5400000000000027,-6.647826086956513,-18.782826086956522,7.143478260869529,0.06956521739130436,0.7874764161273642,0.750440717345406,0.36515518744343894,0.36263006017653815,-1.6457451773383436,0.7414244514687913,0.700801259045547,0.33805139549487057,0.3383102297335982,-1.536640104894044,0.7661617658559128,0.7308750736655426,0.3548557732200983,0.3538001286343181,-1.6096441268251578,106,2009_10
2009,11,10768.8780263,600.5099388,5909.563866398,213602.33333333334,12.271871309853706,0.05041554489713752,-2.9874557209609622,0.0028113454072755135,-5.87409211759636,0.027666195280628955,-3.587543998048354,0.6666666666666666,7.56278086763076,7.081531623981521,7.364837830938605,20.48,72.2,2.0266666666666664,1017.69,0.008796010931873433,5.2970784865380125,0.01105906671014445,4.962944288238713,-0.018519902305354385,5.159145089562733,-4.879999999999999,-0.5,2.0116666666666663,3.1900000000000546,0.4666666666666666,5.2970784865380125,0.7874764161273642,0.750440717345406,0.36515518744343894,-0.3803677259378659,4.962944288238713,0.7414244514687913,0.700801259045547,0.33805139549487057,-0.35839006632215453,5.159145089562733,0.7661617658559128,0.7308750736655426,0.3548557732200983,-0.3732042599069141,107,2009_11
2009,12,11370.0718588,647.8050204,6281.2179679460005,213602.33333333334,12.271871309853706,0.053230092018969825,-2.933131403093915,0.00303276190990423,-5.798281553223692,0.029406129932784755,-3.52655212525571,0.6774193548387096,7.740188166866208,7.267772400349933,7.592970144248296,17.312903225806455,78.06451612903226,1.6290322580645162,1019.3387096774194,0.05432431786704717,0.17740729923544762,0.07581056437266831,0.18624077636841196,0.06099187279264395,0.22813231330969153,-3.1670967741935456,5.864516129032253,-0.39763440860215016,1.6487096774193333,0.010752688172043001,0.17740729923544762,5.2970784865380125,0.7874764161273642,0.750440717345406,-0.36009358477628367,0.18624077636841196,4.962944288238713,0.7414244514687913,0.700801259045547,-0.3377134294188421,0.22813231330969153,5.159145089562733,0.7661617658559128,0.7308750736655426,-0.35187373616199935,108,2009_12
2010,1,8503.9344349,485.59292697,2873.19996832,199758.66666666666,12.2048652502551,0.04257104123091864,-3.156581040176021,0.002430897918338128,-6.019494576163667,0.014383355757547442,-4.241683591080488,0.9354838709677419,10.43921701725727,9.465549028242018,10.157142969207435,16.848387096774193,80.0,0.8112903225806452,1020.4516129032259,-0.22344963708210575,2.6990288503910627,-0.2212130229399749,2.197776627892085,-0.7151314658247778,2.5641728249591385,-0.4645161290322619,1.9354838709677438,-0.8177419354838711,1.1129032258064626,0.25806451612903225,2.6990288503910627,0.17740729923544762,5.2970784865380125,0.7874764161273642,0.36263006017653815,2.197776627892085,0.18624077636841196,4.962944288238713,0.7414244514687913,0.3383102297335982,2.5641728249591385,0.22813231330969153,5.159145089562733,0.7661617658559128,0.3538001286343181,109,2010_1
2010,2,7812.7658989,450.81476499999997,2643.126988058,199758.66666666666,12.2048652502551,0.0391110234628118,-3.2413509217304233,0.0022567970267456062,-6.093808715742082,0.013231601072250515,-4.325147289866702,0.6428571428571429,7.072393325424871,6.379407923746808,6.867509064857517,17.857142857142858,88.07142857142857,4.060714285714285,1016.5571428571428,-0.08476988155440246,-3.3668236918323995,-0.07431413957841482,-3.0861411044952094,-0.08346369878621385,-3.289633904349918,1.0087557603686648,8.07142857142857,3.2494239631336397,-3.894470046083029,-0.292626728110599,-3.3668236918323995,2.6990288503910627,0.17740729923544762,5.2970784865380125,0.36515518744343894,-3.0861411044952094,2.197776627892085,0.18624077636841196,4.962944288238713,0.33805139549487057,-3.289633904349918,2.5641728249591385,0.22813231330969153,5.159145089562733,0.3548557732200983,110,2010_2
2010,3,8813.5620354,504.74646008,2994.476035627,199758.66666666666,12.2048652502551,0.0441210495768227,-3.1208182957405652,0.0025267812831483326,-5.980809006301209,0.014990468677005254,-4.200340701378733,0.45161290322580644,5.054327006137853,4.5738683376512155,4.891303626056509,20.151612903225807,80.0,0.5806451612903226,1016.8580645161289,0.12053262598985803,-2.0180663192870183,0.11299970944087256,-1.805539586095593,0.124806588487969,-1.9762054388010082,2.2944700460829495,-8.07142857142857,-3.4800691244239625,0.30092165898611256,-0.19124423963133647,-2.0180663192870183,-3.3668236918323995,2.6990288503910627,0.17740729923544762,0.750440717345406,-1.805539586095593,-3.0861411044952094,2.197776627892085,0.18624077636841196,0.700801259045547,-1.9762054388010082,-3.289633904349918,2.5641728249591385,0.22813231330969153,0.7308750736655426,111,2010_3
2010,4,8582.5253367,498.12822022,3012.702736551,201490.0,12.213495031345811,0.04259529175988883,-3.1560115538831632,0.0024722230394560525,-6.002637517139669,0.014952120385880192,-4.202902157371174,0.4666666666666667,5.21149176336858,4.737297294486083,5.034732192489436,21.046666666666667,86.66666666666667,2.65,1014.6766666666666,-0.035193258142597994,0.15716475723072776,-0.021828510838459714,0.1634289568348679,-0.002561455992441175,0.14342856643292734,0.8950537634408597,6.666666666666671,2.0693548387096774,-2.1813978494623143,0.015053763440860235,0.15716475723072776,-2.0180663192870183,-3.3668236918323995,2.6990288503910627,0.7874764161273642,0.1634289568348679,-1.805539586095593,-3.0861411044952094,2.197776627892085,0.7414244514687913,0.14342856643292734,-1.9762054388010082,-3.289633904349918,2.5641728249591385,0.7661617658559128,112,2010_4
2010,5,8862.206402,514.89695907,3025.436121278,201490.0,12.213495031345811,0.04398335600774232,-3.123943989178296,0.00255544671730607,-5.969528230176373,0.015015316498476351,-4.198684498949395,0.1935483870967742,2.1685448350388454,1.9687355680633951,2.093131724880982,25.583870967741937,85.96774193548387,5.711290322580646,1008.8387096774194,0.03206756470486738,-3.042946928329735,0.03310928696329629,-2.7685617264226883,0.004217658421779014,-2.941600467608454,4.5372043010752705,-0.6989247311827995,3.061290322580646,-5.837956989247232,-0.2731182795698925,-3.042946928329735,0.15716475723072776,-2.0180663192870183,-3.3668236918323995,5.2970784865380125,-2.7685617264226883,0.1634289568348679,-1.805539586095593,-3.0861411044952094,4.962944288238713,-2.941600467608454,0.14342856643292734,-1.9762054388010082,-3.289633904349918,5.159145089562733,113,2010_5
2010,6,8883.5305494,524.36739931,2998.664239712,201490.0,12.213495031345811,0.04408918829420815,-3.1215406899834357,0.0026024487533376347,-5.9513024489898205,0.014882446968643605,-4.20757281627964,0.03333333333333333,0.373487293343388,0.3397128000669171,0.3610176177622601,27.14,85.36666666666666,15.84,1007.8333333333334,0.0024032991948601534,-1.7950575416954575,0.018225781186552048,-1.629022767996478,-0.008888317330245421,-1.7321141071187218,1.5561290322580632,-0.6010752688172118,10.128709677419355,-1.0053763440860166,-0.16021505376344086,-1.7950575416954575,-3.042946928329735,0.15716475723072776,-2.0180663192870183,0.17740729923544762,-1.629022767996478,-2.7685617264226883,0.1634289568348679,-1.805539586095593,0.18624077636841196,-1.7321141071187218,-2.941600467608454,0.14342856643292734,-1.9762054388010082,0.22813231330969153,114,2010_6
2010,7,9119.8534808,523.84397324,3161.266143859,215846.0,12.282320469424377,0.04225166776683376,-3.16411145218681,0.00242693389379465,-6.021126590435308,0.01464593341483743,-4.223592564657197,0.03225806451612903,0.3625055215104577,0.3277495771115648,0.3492147371524347,29.16774193548387,81.48387096774194,15.149999999999999,1008.167741935484,-0.04257076220337419,-0.01098177183293031,-0.06982414144548788,-0.011963222955352293,-0.016019748377556375,-0.011802880609825428,2.0277419354838706,-3.882795698924724,-0.6900000000000013,0.33440860215057455,-0.0010752688172043015,-0.01098177183293031,-1.7950575416954575,-3.042946928329735,0.15716475723072776,2.6990288503910627,-0.011963222955352293,-1.629022767996478,-2.7685617264226883,0.1634289568348679,2.197776627892085,-0.011802880609825428,-1.7321141071187218,-2.941600467608454,0.14342856643292734,2.5641728249591385,115,2010_7
2010,8,9313.3537844,533.1759147,3252.593486331,215846.0,12.282320469424377,0.0431481416584046,-3.14311592939275,0.0024701681509038853,-6.003469053370383,0.015069046849749359,-4.195112516535798,0.06666666666666667,0.7515659241558064,0.679816850676456,0.7237223768871938,28.91,80.7,10.264999999999999,1008.02,0.020995522794059696,0.3890604026453487,0.017657537064925677,0.3520672735648912,0.028480048121398482,0.3745076397347591,-0.25774193548387103,-0.7838709677419331,-4.885,-0.14774193548396397,0.034408602150537634,0.3890604026453487,-0.01098177183293031,-1.7950575416954575,-3.042946928329735,-3.3668236918323995,0.3520672735648912,-0.011963222955352293,-1.629022767996478,-2.7685617264226883,-3.0861411044952094,0.3745076397347591,-0.011802880609825428,-1.7321141071187218,-2.941600467608454,-3.289633904349918,116,2010_8
2010,9,9640.5688736,559.60588415,3251.9988166050002,215846.0,12.282320469424377,0.04466410715788108,-3.1085850717766808,0.00259261642166174,-5.955087711766961,0.015066291784906833,-4.195295362654344,0.1,1.132198623042637,1.0271335317406203,1.092797516378278,27.956666666666667,82.66666666666667,19.443333333333335,1008.73,0.034530857616069444,0.3806326988868307,0.048381341603422,0.34731668106416425,-0.00018284611854557653,0.36907513949108417,-0.9533333333333331,1.9666666666666686,9.178333333333336,0.7100000000000364,0.03333333333333334,0.3806326988868307,0.3890604026453487,-0.01098177183293031,-1.7950575416954575,-2.0180663192870183,0.34731668106416425,0.3520672735648912,-0.011963222955352293,-1.629022767996478,-1.805539586095593,0.36907513949108417,0.3745076397347591,-0.011802880609825428,-1.7321141071187218,-1.9762054388010082,117,2010_9
2010,10,9634.6924396,549.37830484,3055.877064129,227145.66666666666,12.333346794037352,0.042416360307409195,-3.160221134860805,0.0024186167092776004,-6.024559509980055,0.013453380418713688,-4.308524872266576,0.5161290322580645,5.844888384921039,5.301023147487272,5.6344177778094,24.84193548387097,72.03225806451613,0.7483870967741936,1012.4612903225806,-0.051636063084124384,4.712689761878402,-0.0694717982130939,4.2738896157466515,-0.113229509612232,4.541620261431122,-3.1147311827956976,-10.634408602150543,-18.69494623655914,3.7312903225805485,0.4161290322580645,4.712689761878402,0.3806326988868307,0.3890604026453487,-0.01098177183293031,0.15716475723072776,4.2738896157466515,0.34731668106416425,0.3520672735648912,-0.011963222955352293,0.1634289568348679,4.541620261431122,0.36907513949108417,0.3745076397347591,-0.011802880609825428,0.14342856643292734,118,2010_10
2010,11,9804.4909142,555.28788785,2988.117218048,227145.66666666666,12.333346794037352,0.043163891515429896,-3.142750977795135,0.002444633419597116,-6.01386009793115,0.013155070320725173,-4.330948018953034,0.3,3.406618683147373,3.091842614371039,3.2916091415436397,21.183333333333334,73.8,1.4133333333333333,1017.1266666666667,0.017470157065670122,-2.4382697017736663,0.01069941204890501,-2.209180533116233,-0.022423146686458395,-2.3428086362657603,-3.658602150537636,1.767741935483869,0.6649462365591398,4.6653763440860985,-0.2161290322580645,-2.4382697017736663,4.712689761878402,0.3806326988868307,0.3890604026453487,-3.042946928329735,-2.209180533116233,4.2738896157466515,0.34731668106416425,0.3520672735648912,-2.7685617264226883,-2.3428086362657603,4.541620261431122,0.36907513949108417,0.3745076397347591,-2.941600467608454,119,2010_11
2010,12,10168.515849,590.16130436,3062.541182492,227145.66666666666,12.333346794037352,0.044766497191963454,-3.1062952498624696,0.002598162285112197,-5.952950897283458,0.013482718941701142,-4.306346491930458,0.5806451612903226,6.6298495481642075,6.064058696911769,6.439644703410897,18.061290322580643,65.7741935483871,0.6000000000000001,1016.2838709677419,0.03645572793266538,3.2232308650168346,0.0609092006476919,2.97221608254073,0.02460152702257634,3.1480355618672573,-3.122043010752691,-8.025806451612894,-0.8133333333333332,-0.8427956989247605,0.28064516129032263,3.2232308650168346,-2.4382697017736663,4.712689761878402,0.3806326988868307,-1.7950575416954575,2.97221608254073,-2.209180533116233,4.2738896157466515,0.34731668106416425,-1.629022767996478,3.1480355618672573,-2.3428086362657603,4.541620261431122,0.36907513949108417,-1.7321141071187218,120,2010_12
2011,1,8867.163284,476.21383252,2592.098622392,214951.0,12.278165374158315,0.04125202154909724,-3.188055160151421,0.0022154529754223056,-6.112298392816382,0.012059020997306363,-4.417942268647638,0.9032258064516129,10.060643761177676,9.052419541876127,9.77125623176028,13.7,66.93548387096774,0.18225806451612903,1021.4935483870968,-0.08175991028895124,3.4307942130134688,-0.15934749553292438,2.9883608449643573,-0.11159577671718068,3.3316115283493826,-4.361290322580643,1.1612903225806406,-0.41774193548387106,5.209677419354875,0.32258064516129026,3.4307942130134688,3.2232308650168346,-2.4382697017736663,4.712689761878402,-0.01098177183293031,2.9883608449643573,2.97221608254073,-2.209180533116233,4.2738896157466515,-0.011963222955352293,3.3316115283493826,3.1480355618672573,-2.3428086362657603,4.541620261431122,-0.011802880609825428,121,2011_1
2011,2,8147.3152623,447.90827678,2402.134089504,214951.0,12.278165374158315,0.03790312797939995,-3.2727216378613773,0.002083769216146936,-6.173576902035644,0.011175263615912463,-4.494052548969915,0.6071428571428571,6.667333602683821,5.980495705911505,6.4785811198765595,16.160714285714285,77.35714285714286,0.8571428571428571,1017.1,-0.08466647770995639,-3.393310158493855,-0.061278509219262034,-3.071923835964622,-0.0761102803222764,-3.29267511188372,2.4607142857142854,10.421658986175117,0.6748847926267281,-4.393548387096757,-0.2960829493087558,-3.393310158493855,3.4307942130134688,3.2232308650168346,-2.4382697017736663,0.3890604026453487,-3.071923835964622,2.9883608449643573,2.97221608254073,-2.209180533116233,0.3520672735648912,-3.29267511188372,3.3316115283493826,3.1480355618672573,-2.3428086362657603,0.3745076397347591,122,2011_2
2011,3,9181.1816466,496.00399376,2662.108164482,214951.0,12.278165374158315,0.04271290501835302,-3.1532541791542417,0.0023075212199989764,-6.07158139553032,0.012384721003772954,-4.391291743240617,0.6451612903225806,7.223576329293257,6.522224933746301,6.981267587270546,18.019354838709678,71.09677419354838,0.6758064516129032,1018.7354838709678,0.1194674587071356,0.5562427266094359,0.10199550650532441,0.5417292278347965,0.10276080572929747,0.5026864673939864,1.8586405529953929,-6.260368663594477,-0.1813364055299539,1.6354838709677324,0.03801843317972353,0.5562427266094359,-3.393310158493855,3.4307942130134688,3.2232308650168346,0.3806326988868307,0.5417292278347965,-3.071923835964622,2.9883608449643573,2.97221608254073,0.34731668106416425,0.5026864673939864,-3.29267511188372,3.3316115283493826,3.1480355618672573,0.36907513949108417,123,2011_3
2011,4,9010.5269545,488.68385624,2703.698142733,211766.66666666666,12.263240318586515,0.04254931664331812,-3.1570914841782494,0.0023076523984259406,-6.0715245489464875,0.012767345235635134,-4.360864521259814,0.06666666666666667,0.7446898843283057,0.671923506252419,0.7186180660244426,22.946666666666665,75.8,1.215,1014.0300000000001,-0.003837305024007698,-6.478886444964951,5.684658383220409e-05,-5.850301427493882,0.030427221980803054,-6.262649521246104,4.927311827956988,4.703225806451613,0.5391935483870969,-4.705483870967669,-0.578494623655914,-6.478886444964951,0.5562427266094359,-3.393310158493855,3.4307942130134688,4.712689761878402,-5.850301427493882,0.5417292278347965,-3.071923835964622,2.9883608449643573,4.2738896157466515,-6.262649521246104,0.5026864673939864,-3.29267511188372,3.3316115283493826,4.541620261431122,124,2011_4
2011,5,9190.841004,501.37117284,2677.7502591850002,211766.66666666666,12.263240318586515,0.04340079177081694,-3.137277594474979,0.0023675641720761844,-6.045893627853779,0.01264481469786715,-4.370508053149698,0.1935483870967742,2.166401479676508,1.9567069039170712,2.0894558481612275,26.019354838709678,81.25806451612904,6.035483870967742,1009.2193548387097,0.01981388970327025,1.421711595348202,0.02563092109270837,1.2847833976646523,-0.00964353188988376,1.370837782136785,3.072688172043012,5.458064516129042,4.820483870967742,-4.810645161290381,0.12688172043010754,1.421711595348202,-6.478886444964951,0.5562427266094359,-3.393310158493855,-2.4382697017736663,1.2847833976646523,-5.850301427493882,0.5417292278347965,-3.071923835964622,-2.209180533116233,1.370837782136785,-6.262649521246104,0.5026864673939864,-3.29267511188372,-2.3428086362657603,125,2011_5
2011,6,9741.228814,532.2671577,2875.4320745689997,211766.66666666666,12.263240318586515,0.045999821252951364,-3.079117768305997,0.0025134605274673384,-5.986094779165286,0.013578303515987721,-4.2992820898403865,0.03333333333333333,0.3761154003356566,0.3388133562567175,0.3632501473891533,28.56,81.73333333333333,14.883333333333333,1005.2800000000001,0.058159826168981965,-1.7902860793408513,0.0597988486884935,-1.6178935476603538,0.07122596330931152,-1.7262057007720744,2.540645161290321,0.47526881720429515,8.847849462365591,-3.939354838709619,-0.16021505376344086,-1.7902860793408513,1.421711595348202,-6.478886444964951,0.5562427266094359,3.2232308650168346,-1.6178935476603538,1.2847833976646523,-5.850301427493882,0.5417292278347965,2.97221608254073,-1.7262057007720744,1.370837782136785,-6.262649521246104,0.5026864673939864,3.1480355618672573,126,2011_6
2011,7,9613.5114401,515.03927493,2829.764252499,224309.0,12.320779844536133,0.04285834023645952,-3.1498550149208095,0.002296115068633002,-6.076536684780195,0.012615473532042853,-4.372831160372625,0.0967741935483871,1.0889966995070526,0.9777286366814109,1.0476295214624176,28.83225806451613,81.19354838709677,7.325806451612903,1004.4290322580645,-0.0707372466148124,0.712881299171396,-0.0904419056149095,0.6389152804246934,-0.07354907053223858,0.6843793740732643,0.2722580645161301,-0.5397849462365656,-7.55752688172043,-0.8509677419356194,0.06344086021505377,0.712881299171396,-1.7902860793408513,1.421711595348202,-6.478886444964951,3.4307942130134688,0.6389152804246934,-1.6178935476603538,1.2847833976646523,-5.850301427493882,2.9883608449643573,0.6843793740732643,-1.7262057007720744,1.370837782136785,-6.262649521246104,3.3316115283493826,127,2011_7
2011,8,10055.5580333,530.58098617,3018.420230587,224309.0,12.320779844536133,0.0448290440120548,-3.104899045778841,0.0023654021290719497,-6.046807238058059,0.013456527516002478,-4.308290973487675,0.0,0.0,0.0,0.0,29.480645161290322,76.6774193548387,5.088709677419355,1006.0967741935484,0.044955969141968755,-1.0889966995070526,0.029729446722136288,-0.9777286366814109,0.06454018688495022,-1.0476295214624176,0.6483870967741936,-4.516129032258064,-2.2370967741935477,1.6677419354839458,-0.0967741935483871,-1.0889966995070526,0.712881299171396,-1.7902860793408513,1.421711595348202,-3.393310158493855,-0.9777286366814109,0.6389152804246934,-1.6178935476603538,1.2847833976646523,-3.071923835964622,-1.0476295214624176,0.6843793740732643,-1.7262057007720744,1.370837782136785,-3.29267511188372,128,2011_8
2011,9,10218.5266097,549.3011305,2964.2387314410003,224309.0,12.320779844536133,0.04555558006901195,-3.0888221585198856,0.002448859076095921,-6.012133046115764,0.013214979030894882,-4.32640431769257,0.23333333333333334,2.6484063423519983,2.3880525180697756,2.5460708939331824,27.993333333333332,78.73333333333333,4.113333333333333,1007.6466666666668,0.016076887258955175,2.6484063423519983,0.03467419194229482,2.3880525180697756,-0.0181133442048953,2.5460708939331824,-1.4873118279569901,2.0559139784946296,-0.9753763440860217,1.5498924731183479,0.23333333333333334,2.6484063423519983,-1.0889966995070526,0.712881299171396,-1.7902860793408513,0.5562427266094359,2.3880525180697756,-0.9777286366814109,0.6389152804246934,-1.6178935476603538,0.5417292278347965,2.5460708939331824,-1.0476295214624176,0.6843793740732643,-1.7262057007720744,0.5026864673939864,129,2011_9
2011,10,10012.867611,541.80224995,2768.774397036,233861.33333333334,12.362483626094859,0.042815404617266066,-3.150857320186238,0.0023167671295953158,-6.067582543720851,0.011839385150043331,-4.43632358076967,0.3548387096774194,4.015037780694927,3.6282672065940234,3.862534419409802,24.838709677419356,78.19354838709677,5.57258064516129,1013.9193548387096,-0.06203516166635259,1.3666314383429286,-0.05544949760508722,1.2402146885242478,-0.1099192630771002,1.3164635254766197,-3.1546236559139764,-0.5397849462365656,1.4592473118279568,6.272688172042876,0.12150537634408604,1.3666314383429286,2.6484063423519983,-1.0889966995070526,0.712881299171396,-6.478886444964951,1.2402146885242478,2.3880525180697756,-0.9777286366814109,0.6389152804246934,-5.850301427493882,1.3164635254766197,2.5460708939331824,-1.0476295214624176,0.6843793740732643,-6.262649521246104,130,2011_10
2011,11,10281.061425599999,551.34821458,2796.357020084,233861.33333333334,12.362483626094859,0.04396221161942119,-3.1244248408982638,0.0023575860392198223,-6.050117048165116,0.011957329500461812,-4.426410841306227,0.5333333333333333,6.05626247813799,5.472050308880811,5.832448151668498,23.046666666666667,77.23333333333333,2.89,1015.3566666666667,0.02643247928797443,2.041224697443063,0.017465495555735622,1.8437831022867877,0.009912739463443287,1.9699137322586955,-1.792043010752689,-0.9602150537634344,-2.68258064516129,1.4373118279570463,0.17849462365591395,2.041224697443063,1.3666314383429286,2.6484063423519983,-1.0889966995070526,1.421711595348202,1.8437831022867877,1.2402146885242478,2.3880525180697756,-0.9777286366814109,1.2847833976646523,1.9699137322586955,1.3164635254766197,2.5460708939331824,-1.0476295214624176,1.370837782136785,131,2011_11
2011,12,10880.2179199,589.47985401,2949.224014088,233861.33333333334,12.362483626094859,0.046524227690055646,-3.067782076482937,0.002520638386893088,-5.983243081408781,0.012610994609717438,-4.373186257435544,0.7419354838709677,8.48505327870892,7.681448363944949,8.209450628219686,16.864516129032257,64.54838709677419,0.1,1020.8870967741935,0.056642764415326674,2.4287908005709298,0.06687396675633472,2.2093980550641383,0.05322458387068352,2.377002476551189,-6.18215053763441,-12.684946236559142,-2.79,5.530430107526854,0.20860215053763442,2.4287908005709298,2.041224697443063,1.3666314383429286,2.6484063423519983,-1.7902860793408513,2.2093980550641383,1.8437831022867877,1.2402146885242478,2.3880525180697756,-1.6178935476603538,2.377002476551189,1.9699137322586955,1.3164635254766197,2.5460708939331824,-1.7262057007720744,132,2011_12
2012,1,8231.6742041,429.05977245,2556.208117438,216690.66666666666,12.286226116300021,0.03798813456401753,-3.270481416330735,0.0019800565435059503,-6.224629877357208,0.011796576921193345,-4.439945881019467,0.5483870967741935,6.048040737311161,5.360830338871112,5.785244708422098,15.058064516129033,81.90322580645162,1.3629032258064515,1019.3064516129032,-0.20269933984779787,-2.437012541397759,-0.2413867959484275,-2.3206180250738377,-0.0667596235839234,-2.424205919797588,-1.8064516129032242,17.354838709677423,1.2629032258064514,-1.580645161290363,-0.19354838709677424,-2.437012541397759,2.4287908005709298,2.041224697443063,1.3666314383429286,0.712881299171396,-2.3206180250738377,2.2093980550641383,1.8437831022867877,1.2402146885242478,0.6389152804246934,-2.424205919797588,2.377002476551189,1.9699137322586955,1.3164635254766197,0.6843793740732643,133,2012_1
2012,2,8656.1065088,460.24437246,2840.175710139,216690.66666666666,12.286226116300021,0.03994683592955857,-3.2202058106683875,0.0021239695254987143,-6.154468523399011,0.013107051419561217,-4.334604917291371,0.6206896551724138,6.894320300883131,6.110207440771809,6.639147480003045,15.793103448275861,84.62068965517241,1.039655172413793,1016.8482758620689,0.050275605662347456,0.8462795635719704,0.07016135395819756,0.7493771019006976,0.10534096372809554,0.8539027715809464,0.7350389321468285,2.717463848720797,-0.3232480533926585,-2.4581757508342434,0.0723025583982203,0.8462795635719704,-2.437012541397759,2.4287908005709298,2.041224697443063,-1.0889966995070526,0.7493771019006976,-2.3206180250738377,2.2093980550641383,1.8437831022867877,-0.9777286366814109,0.8539027715809464,-2.424205919797588,2.377002476551189,1.9699137322586955,-1.0476295214624176,134,2012_2
2012,3,9630.2036562,503.47167265,3062.0263384560003,216690.66666666666,12.286226116300021,0.04444217097275378,-3.1135664636317792,0.0023234580445704476,-6.064698666597989,0.01413086398947809,-4.259393938402861,0.7419354838709677,8.362750279374866,7.422691461190391,8.051040583049915,18.996774193548386,83.45161290322581,0.7306451612903225,1015.6129032258065,0.10663934703660827,1.4684299784917352,0.08976985680102167,1.312484020418582,0.07521097888851003,1.4118931030468698,3.2036707452725253,-1.169076751946605,-0.3090100111234705,-1.2353726362624684,0.12124582869855394,1.4684299784917352,0.8462795635719704,-2.437012541397759,2.4287908005709298,2.6484063423519983,1.312484020418582,0.7493771019006976,-2.3206180250738377,2.2093980550641383,2.3880525180697756,1.4118931030468698,0.8539027715809464,-2.424205919797588,2.377002476551189,2.5460708939331824,135,2012_3
2012,4,9203.4889117,483.64267727000004,2984.806425369,213856.33333333334,12.273059728990813,0.0430358491995405,-3.1457218083104173,0.0022615307656853744,-6.091713365033064,0.013957063505417188,-4.271769554389519,0.13333333333333333,1.4939605572812906,1.326525270948589,1.4335529379303986,23.853333333333335,85.33333333333333,9.84,1011.31,-0.03215534467863801,-6.868789722093576,-0.027014698435074536,-6.096166190241802,-0.012375615986657706,-6.617487645119516,4.856559139784949,1.8817204301075208,9.109354838709677,-4.302903225806517,-0.6086021505376344,-6.868789722093576,1.4684299784917352,0.8462795635719704,-2.437012541397759,1.3666314383429286,-6.096166190241802,1.312484020418582,0.7493771019006976,-2.3206180250738377,1.2402146885242478,-6.617487645119516,1.4118931030468698,0.8539027715809464,-2.424205919797588,1.3164635254766197,136,2012_4
2012,5,9557.3841301,500.56821684,3053.287053199,213856.33333333334,12.273059728990813,0.04469067612415811,-3.1079903869465206,0.002340675204880535,-6.057315842140564,0.014277281414153428,-4.249085717354855,0.03571428571428571,0.4018751705192318,0.3563158539341265,0.38497461254115134,27.114285714285717,85.82142857142857,9.924999999999999,1007.4571428571428,0.03773142136389662,-1.0920853867620588,0.03439752289249931,-0.9702094170144626,0.022683837034664478,-1.0485783253892473,3.260952380952382,0.4880952380952408,0.08499999999999908,-3.8528571428571468,-0.09761904761904762,-1.0920853867620588,-6.868789722093576,1.4684299784917352,0.8462795635719704,2.041224697443063,-0.9702094170144626,-6.096166190241802,1.312484020418582,0.7493771019006976,1.8437831022867877,-1.0485783253892473,-6.617487645119516,1.4118931030468698,0.8539027715809464,1.9699137322586955,137,2012_5
2012,6,9493.6537762,512.23146151,2965.0586521259997,213856.33333333334,12.273059728990813,0.04439267066924992,-3.114680898187232,0.00239521296155207,-6.034283132843917,0.013864722198825065,-4.27840763626189,0.1111111111111111,1.2502099016038486,1.113380217949343,1.2011739306216265,28.322222222222223,83.62962962962963,9.377777777777778,1002.1481481481482,-0.006690511240711405,0.8483347310846168,0.023032709296647802,0.7570643640152166,-0.029321918907035283,0.8161993180804752,1.2079365079365054,-2.191798941798936,-0.5472222222222207,-5.308994708994646,0.07539682539682539,0.8483347310846168,-1.0920853867620588,-6.868789722093576,1.4684299784917352,2.4287908005709298,0.7570643640152166,-0.9702094170144626,-6.096166190241802,1.312484020418582,2.2093980550641383,0.8161993180804752,-1.0485783253892473,-6.617487645119516,1.4118931030468698,2.377002476551189,138,2012_6
2012,7,9379.7656133,497.7675046,2921.912840406,228292.66666666666,12.338383710524393,0.04108658307012344,-3.192073656757435,0.0021803920023712254,-6.128250600744907,0.01279897809714723,-4.358389947404014,0.06451612903225806,0.7243651924087224,0.64302022649621,0.6929913899560697,28.77741935483871,81.51612903225806,15.100000000000001,1004.5999999999999,-0.07739275857020278,-0.5258447091951262,-0.09396746790099009,-0.470359991453133,-0.07998231114212384,-0.5081825406655568,0.45519713261648675,-2.1135005973715693,5.722222222222223,2.4518518518517567,-0.04659498207885304,-0.5258447091951262,0.8483347310846168,-1.0920853867620588,-6.868789722093576,-2.437012541397759,-0.470359991453133,0.7570643640152166,-0.9702094170144626,-6.096166190241802,-2.3206180250738377,-0.5081825406655568,0.8161993180804752,-1.0485783253892473,-6.617487645119516,-2.424205919797588,139,2012_7
2012,8,9580.7709424,505.48213077,3000.655167271,228292.66666666666,12.338383710524393,0.04196705519406376,-3.1708703686428694,0.0022141847048817455,-6.112871022302922,0.013143896433836393,-4.331797777627239,0.03225806451612903,0.36332342292625575,0.3227486060247744,0.3473671998505854,29.516129032258064,77.0,4.841935483870968,1003.3516129032258,0.0212032881145654,-0.3610417694824667,0.015379578441984343,-0.32027162047143565,0.02659216977677481,-0.3456241901054843,0.7387096774193544,-4.516129032258064,-10.258064516129034,-1.2483870967740813,-0.03225806451612903,-0.3610417694824667,-0.5258447091951262,0.8483347310846168,-1.0920853867620588,0.8462795635719704,-0.32027162047143565,-0.470359991453133,0.7570643640152166,-0.9702094170144626,0.7493771019006976,-0.3456241901054843,-0.5081825406655568,0.8161993180804752,-1.0485783253892473,0.8539027715809464,140,2012_8
2012,9,9578.9953106,523.70203503,2862.142018143,228292.66666666666,12.338383710524393,0.04195927731917217,-3.171055718691679,0.0022939941202520745,-6.077460823376728,0.01253716144251823,-4.379058129646465,0.16666666666666666,1.8791023921787278,1.6822226946909962,1.802964467121058,27.993333333333332,75.26666666666667,7.111666666666666,1010.26,-0.00018535004880959605,1.5157789692524721,0.03541019892619435,1.3594740886662218,-0.04726035201922585,1.4555972672704727,-1.5227956989247318,-1.7333333333333343,2.2697311827956987,6.908387096774163,0.13440860215053763,1.5157789692524721,-0.3610417694824667,-0.5258447091951262,0.8483347310846168,1.4684299784917352,1.3594740886662218,-0.32027162047143565,-0.470359991453133,0.7570643640152166,1.312484020418582,1.4555972672704727,-0.3456241901054843,-0.5081825406655568,0.8161993180804752,1.4118931030468698,141,2012_9
2012,10,9708.4703533,523.66876166,2846.164618865,241094.0,12.392942177920158,0.04026840300173376,-3.2121881621752277,0.002172052235476619,-6.132082827716842,0.011805207175894051,-4.439214558755875,0.16129032258064516,1.8213494911033625,1.628532065703151,1.7421449785299667,25.570967741935487,73.80645161290323,1.5080645161290323,1014.3354838709678,-0.04113244348354872,-0.05775290107536524,-0.054622004340114216,-0.05369062898784516,-0.060156429109410325,-0.06081948859109132,-2.4223655913978455,-1.4602150537634344,-5.603602150537634,4.075483870967787,-0.005376344086021501,-0.05775290107536524,1.5157789692524721,-0.3610417694824667,-0.5258447091951262,-6.868789722093576,-0.05369062898784516,1.3594740886662218,-0.32027162047143565,-0.470359991453133,-6.096166190241802,-0.06081948859109132,1.4555972672704727,-0.3456241901054843,-0.5081825406655568,-6.617487645119516,142,2012_10
2012,11,10066.2933108,537.82104358,2917.667230543,241094.0,12.392942177920158,0.04175256667855691,-3.175994352244222,0.0022307525014309774,-6.105416305843847,0.012101782833844891,-4.414402495593081,0.4,4.535697697891119,4.0482815248449375,4.3451439446997595,22.186666666666667,81.33333333333333,2.1383333333333336,1015.4666666666667,0.03619380993100574,2.7143482067877565,0.02666652187299512,2.4197494591417863,0.02481206316279394,2.6029989661697925,-3.3843010752688194,7.526881720430097,0.6302688172043014,1.131182795698919,0.23870967741935487,2.7143482067877565,-0.05775290107536524,1.5157789692524721,-0.3610417694824667,-1.0920853867620588,2.4197494591417863,-0.05369062898784516,1.3594740886662218,-0.32027162047143565,-0.9702094170144626,2.6029989661697925,-0.06081948859109132,1.4555972672704727,-0.3456241901054843,-1.0485783253892473,143,2012_11
2012,12,10453.1932783,572.34035159,2949.895828946,241094.0,12.392942177920158,0.04335733480841497,-3.1382793903354904,0.0023739302993438243,-6.043208343232488,0.012235459318547953,-4.403417041431479,0.5806451612903226,6.620662337786045,5.942005294267032,6.386608949235239,17.845161290322583,77.74193548387096,1.8161290322580643,1018.258064516129,0.03771496190873158,2.0849646398949258,0.06220796261135941,1.8937237694220945,0.010985454161602348,2.041465004535479,-4.3415053763440845,-3.5913978494623677,-0.3222043010752693,2.791397849462328,0.1806451612903226,2.0849646398949258,2.7143482067877565,-0.05775290107536524,1.5157789692524721,0.8483347310846168,1.8937237694220945,2.4197494591417863,-0.05369062898784516,1.3594740886662218,0.7570643640152166,2.041465004535479,2.6029989661697925,-0.06081948859109132,1.4555972672704727,0.8161993180804752,144,2012_12
2013,1,8337.3149627,442.49992368,2630.891090335,224143.0,12.320039520008283,0.03719641016092405,-3.2915430234099907,0.0019741857817553972,-6.22759922803489,0.011737556338297426,-4.444961634604329,0.45161290322580644,4.94351667530605,4.4020630221870505,4.700746827970588,16.703225806451613,71.06451612903226,0.11451612903225807,1020.4709677419354,-0.1532636330745003,-1.6771456624799947,-0.1843908848024025,-1.5399422720799816,-0.04154459317285042,-1.685862121264651,-1.14193548387097,-6.677419354838705,-1.7016129032258063,2.2129032258063717,-0.12903225806451618,-1.6771456624799947,2.0849646398949258,2.7143482067877565,-0.05775290107536524,-0.5258447091951262,-1.5399422720799816,1.8937237694220945,2.4197494591417863,-0.05369062898784516,-0.470359991453133,-1.685862121264651,2.041465004535479,2.6029989661697925,-0.06081948859109132,-0.5081825406655568,145,2013_1
2013,2,7803.4569737,430.31048754,2505.4565536190003,224143.0,12.320039520008283,0.034814636074738003,-3.3577174037590787,0.0019198033734714,-6.2555325078369854,0.011177937984318048,-4.493813266162363,0.32142857142857145,3.486009562794346,3.1105189590123943,3.32500668982177,19.067857142857143,79.46428571428571,0.08214285714285714,1018.3107142857143,-0.06617438034908796,-1.457507112511704,-0.027933279802095257,-1.2915440631746562,-0.048851631558033404,-1.3757401381488177,2.3646313364055302,8.399769585253452,-0.03237327188940092,-2.160253456221085,-0.130184331797235,-1.457507112511704,-1.6771456624799947,2.0849646398949258,2.7143482067877565,-0.3610417694824667,-1.2915440631746562,-1.5399422720799816,1.8937237694220945,2.4197494591417863,-0.32027162047143565,-1.3757401381488177,-1.685862121264651,2.041465004535479,2.6029989661697925,-0.3456241901054843,146,2013_2
2013,3,9359.8352605,503.86576092,2918.157205497,224143.0,12.320039520008283,0.041758320627902724,-3.1758565510654653,0.002247965633189526,-6.09772963479463,0.013019176175463878,-4.341331917977479,0.3548387096774194,3.942270904909278,3.520131582929466,3.764471750212982,20.551612903225806,79.51612903225806,4.216129032258064,1015.6516129032258,0.1818608526936134,0.45626134211493197,0.15780287304235507,0.40961262391707187,0.15248134818488346,0.4394650603912118,1.4837557603686626,0.05184331797235586,4.133986175115207,-2.6591013824885295,0.03341013824884792,0.45626134211493197,-1.457507112511704,-1.6771456624799947,2.0849646398949258,1.5157789692524721,0.40961262391707187,-1.2915440631746562,-1.5399422720799816,1.8937237694220945,1.3594740886662218,0.4394650603912118,-1.3757401381488177,-1.685862121264651,2.041465004535479,1.4555972672704727,147,2013_3
2013,4,8879.2826638,481.86968361000004,2825.333115509,220432.66666666666,12.303347560644086,0.04028115613747509,-3.2118715090244425,0.002186017575782779,-6.125673849103306,0.012817216060727539,-4.35696600702087,0.26666666666666666,2.9431540759086636,2.633965563047229,2.8062686418333307,21.529999999999998,86.0,8.466666666666667,1012.31,-0.036014957958977245,-0.9991168290006143,-0.02794421430867544,-0.886166019882237,-0.01563408904339081,-0.9582031083796512,0.9783870967741919,6.483870967741936,4.2505376344086025,-3.341612903225837,-0.08817204301075271,-0.9991168290006143,0.45626134211493197,-1.457507112511704,-1.6771456624799947,-0.05775290107536524,-0.886166019882237,0.40961262391707187,-1.2915440631746562,-1.5399422720799816,-0.05369062898784516,-0.9582031083796512,0.4394650603912118,-1.3757401381488177,-1.685862121264651,-0.06081948859109132,148,2013_4
2013,5,9444.3493107,506.44287635,2991.754141167,220432.66666666666,12.303347560644086,0.04284459945758191,-3.15017567554329,0.0022974946681375116,-6.0759360244607326,0.01357219048522905,-4.29973239699588,0.12903225806451613,1.4336727191518812,1.2798513325392016,1.3649066410664514,25.729032258064517,86.41935483870968,16.443548387096776,1008.7806451612903,0.06169583348115237,-1.5094813567567824,0.04973782464257326,-1.3541142305080276,0.05723361002498972,-1.4413620007668793,4.19903225806452,0.4193548387096797,7.976881720430109,-3.5293548387096507,-0.13763440860215054,-1.5094813567567824,-0.9991168290006143,0.45626134211493197,-1.457507112511704,2.7143482067877565,-1.3541142305080276,-0.886166019882237,0.40961262391707187,-1.2915440631746562,2.4197494591417863,-1.4413620007668793,-0.9582031083796512,0.4394650603912118,-1.3757401381488177,2.6029989661697925,149,2013_5
2013,6,9556.9075999,523.09225715,3006.155920879,220432.66666666666,12.303347560644086,0.04335522381694788,-3.1383280797410618,0.002373025128535093,-6.043589712231398,0.013637524629799273,-4.294930121789801,0.1,1.1130068794189207,0.996833964950366,1.0599632211166656,28.146666666666665,83.93333333333334,14.626666666666667,1005.4566666666667,0.011847595802228383,-0.3206658397329605,0.03234631222933437,-0.28301736758883556,0.00480227520607901,-0.3049434199497858,2.4176344086021473,-2.4860215053763426,-1.8168817204301089,-3.3239784946235886,-0.02903225806451612,-0.3206658397329605,-1.5094813567567824,-0.9991168290006143,0.45626134211493197,2.0849646398949258,-0.28301736758883556,-1.3541142305080276,-0.886166019882237,0.40961262391707187,1.8937237694220945,-0.3049434199497858,-1.4413620007668793,-0.9582031083796512,0.4394650603912118,2.041465004535479,150,2013_6
2013,7,9514.2921076,508.72772846,3001.649562853,235304.33333333334,12.36863499075214,0.04043398594841007,-3.2080846113092276,0.002161998979165988,-6.136722031936375,0.012756456799292548,-4.3617177199320345,0.03225806451612903,0.35856173001828917,0.3196961207545093,0.3402809912887372,27.961290322580645,85.06451612903226,14.079032258064517,1007.1032258064516,-0.06975653156816586,-0.7544451494006316,-0.09313231970497693,-0.6771378441958567,-0.06678759814223323,-0.7196822298279284,-0.18537634408601988,1.131182795698919,-0.5476344086021498,1.6465591397849266,-0.06774193548387097,-0.7544451494006316,-0.3206658397329605,-1.5094813567567824,-0.9991168290006143,-1.6771456624799947,-0.6771378441958567,-0.28301736758883556,-1.3541142305080276,-0.886166019882237,-1.5399422720799816,-0.7196822298279284,-0.3049434199497858,-1.4413620007668793,-0.9582031083796512,-1.685862121264651,151,2013_7
2013,8,9739.857670000001,515.595878,3075.939763061,235304.33333333334,12.36863499075214,0.04139259796887152,-3.1846532071586733,0.0021911873474493313,-6.123311714288497,0.01307217644268203,-4.33726924319839,0.0,0.0,0.0,0.0,28.606451612903225,82.83870967741936,14.37258064516129,1004.9000000000001,0.023431404150554336,-0.35856173001828917,0.013410317647878145,-0.3196961207545093,0.024448476733644142,-0.3402809912887372,0.6451612903225801,-2.225806451612897,0.29354838709677367,-2.2032258064515418,-0.03225806451612903,-0.35856173001828917,-0.7544451494006316,-0.3206658397329605,-1.5094813567567824,-1.457507112511704,-0.3196961207545093,-0.6771378441958567,-0.28301736758883556,-1.3541142305080276,-1.2915440631746562,-0.3402809912887372,-0.7196822298279284,-0.3049434199497858,-1.4413620007668793,-1.3757401381488177,152,2013_8
2013,9,9617.7312891,536.41469352,2906.083066141,235304.33333333334,12.36863499075214,0.04087358338392975,-3.1972713076391868,0.002279663472070921,-6.08372744687863,0.012350316821510582,-4.394073562673588,0.16666666666666666,1.8600763831270206,1.6697995590820203,1.7700040503286094,27.516666666666666,81.56666666666666,15.143333333333334,1008.52,-0.012618100480513483,1.8600763831270206,0.0395842674098672,1.6697995590820203,-0.05680431947519793,1.7700040503286094,-1.0897849462365592,-1.2720430107526965,0.7707526881720437,3.619999999999891,0.16666666666666666,1.8600763831270206,-0.35856173001828917,-0.7544451494006316,-0.3206658397329605,0.45626134211493197,1.6697995590820203,-0.3196961207545093,-0.6771378441958567,-0.28301736758883556,0.40961262391707187,1.7700040503286094,-0.3402809912887372,-0.7196822298279284,-0.3049434199497858,0.4394650603912118,153,2013_9
2013,10,9568.9225405,531.66098018,2821.97881426,247965.33333333334,12.421044230430056,0.03858975935009732,-3.2547683395210534,0.0021440939869820513,-6.145038199522626,0.01138053765953843,-4.475850605394875,0.25806451612903225,2.8835551308703216,2.5884855460430605,2.736768684024662,25.648387096774194,66.45161290322581,0.10483870967741934,1014.0709677419355,-0.05749703188186661,1.023478747743301,-0.06131075264399666,0.9186859869610402,-0.08177704272128672,0.9667646336960525,-1.8682795698924721,-15.115053763440855,-15.038494623655914,5.550967741935551,0.0913978494623656,1.023478747743301,1.8600763831270206,-0.35856173001828917,-0.7544451494006316,-0.9991168290006143,0.9186859869610402,1.6697995590820203,-0.3196961207545093,-0.6771378441958567,-0.886166019882237,0.9667646336960525,1.7700040503286094,-0.3402809912887372,-0.7196822298279284,-0.9582031083796512,154,2013_10
2013,11,9712.507681,536.70820211,2820.142208331,247965.33333333334,12.421044230430056,0.039168812633755254,-3.2398744449179158,0.002164448533571897,-6.13558966887849,0.011373130955124102,-4.4765016392832,0.4,4.479135936661278,4.019172935738857,4.245258731992498,21.696666666666665,72.46666666666667,2.783333333333333,1017.33,0.014893894603137614,1.5955808057909562,0.009448530644136532,1.4306873896957968,-0.0006510338883254363,1.5084900479678365,-3.951720430107528,6.015053763440861,2.6784946236559137,3.259032258064508,0.14193548387096777,1.5955808057909562,1.023478747743301,1.8600763831270206,-0.35856173001828917,-1.5094813567567824,1.4306873896957968,0.9186859869610402,1.6697995590820203,-0.3196961207545093,-1.3541142305080276,1.5084900479678365,0.9667646336960525,1.7700040503286094,-0.3402809912887372,-1.4413620007668793,155,2013_11
2013,12,10605.541944,592.81152838,3046.458554949,247965.33333333334,12.421044230430056,0.042770260670846466,-3.1519122620495597,0.002390703250373708,-6.036167709302593,0.012285824449717432,-4.399309164986679,0.8387096774193549,9.490779410238348,8.554689552391732,9.072555406706968,16.10967741935484,62.74193548387097,2.853225806451613,1019.6258064516129,0.08796218286835611,5.01164347357707,0.0994219595758965,4.535516616652875,0.07719247429652132,4.82729667471447,-5.586989247311827,-9.7247311827957,0.06989247311827995,2.2958064516128616,0.43870967741935485,5.01164347357707,1.5955808057909562,1.023478747743301,1.8600763831270206,-0.3206658397329605,4.535516616652875,1.4306873896957968,0.9186859869610402,1.6697995590820203,-0.28301736758883556,4.82729667471447,1.5084900479678365,0.9667646336960525,1.7700040503286094,-0.3049434199497858,156,2013_12
2014,1,8791.3857486,430.75745327,2632.286106468,230781.66666666666,12.349227376607782,0.03809395206984957,-3.2676997477739014,0.001866515046414721,-6.283682198343054,0.011405958473599145,-4.473619387004975,0.4838709677419355,5.285476285544949,4.675215017593954,4.909629239420425,16.31935483870968,67.45161290322581,0.004838709677419356,1021.2774193548387,-0.11578748572434172,-4.205303124693399,-0.24751448904046036,-3.8794745347977777,-0.07431022201829585,-4.162926167286543,0.20967741935483986,4.70967741935484,-2.8483870967741938,1.6516129032257822,-0.3548387096774194,-4.205303124693399,5.01164347357707,1.5955808057909562,1.023478747743301,-0.7544451494006316,-3.8794745347977777,4.535516616652875,1.4306873896957968,0.9186859869610402,-0.6771378441958567,-4.162926167286543,4.82729667471447,1.5084900479678365,0.9667646336960525,-0.7196822298279284,157,2014_1
2014,2,7837.1068371,405.78144498,2474.563827189,230781.66666666666,12.349227376607782,0.033958966283139186,-3.3826023572502364,0.0017582915092042262,-6.343412674805577,0.010722532092478462,-4.535407948574364,0.5,5.37157523467409,4.7932948458367495,5.040776762748825,15.471428571428572,81.85714285714286,1.4321428571428572,1017.6857142857143,-0.11490260947633502,0.08609894912914129,-0.05973047646252283,0.11807982824279506,-0.06178856156938917,0.13114752332840052,-0.8479262672811068,14.405529953917053,1.4273041474654378,-3.591705069124373,0.016129032258064502,0.08609894912914129,-4.205303124693399,5.01164347357707,1.5955808057909562,-0.35856173001828917,0.11807982824279506,-3.8794745347977777,4.535516616652875,1.4306873896957968,-0.3196961207545093,0.13114752332840052,-4.162926167286543,4.82729667471447,1.5084900479678365,-0.3402809912887372,158,2014_2
2014,3,9598.3273271,482.0087185,2953.380750518,230781.66666666666,12.349227376607782,0.04159051048436834,-3.179883251093259,0.002088591894936773,-6.171265174546496,0.012797293620310683,-4.358521566325518,0.3870967741935484,4.272101068705015,3.8061730654828443,3.998520291924386,18.690322580645162,83.38709677419355,6.711290322580645,1017.1064516129032,0.20271910615697752,-1.0994741659690748,0.1721475002590802,-0.9871217803539052,0.17688638224884645,-1.042256470824439,3.2188940092165907,1.5299539170506904,5.279147465437788,-0.579262672811069,-0.11290322580645162,-1.0994741659690748,0.08609894912914129,-4.205303124693399,5.01164347357707,1.8600763831270206,-0.9871217803539052,0.11807982824279506,-3.8794745347977777,4.535516616652875,1.6697995590820203,-1.042256470824439,0.13114752332840052,-4.162926167286543,4.82729667471447,1.7700040503286094,159,2014_3
2014,4,9217.8609939,465.84010537,2788.119691773,225285.66666666666,12.325124505518037,0.04091632250860759,-3.1962262122059175,0.0020677751597009426,-6.181282051795655,0.012375930226836446,-4.392001803507125,0.2,2.1985501145353825,1.958924380212161,2.0476027221732096,22.583333333333332,86.16666666666667,4.421666666666667,1013.3833333333333,-0.01634296111265865,-2.0735509541696326,-0.010016877249158895,-1.8472486852706833,-0.03348023718160764,-1.9509175697511765,3.89301075268817,2.77956989247312,-2.289623655913978,-3.723118279569917,-0.18709677419354837,-2.0735509541696326,-1.0994741659690748,0.08609894912914129,-4.205303124693399,1.023478747743301,-1.8472486852706833,-0.9871217803539052,0.11807982824279506,-3.8794745347977777,0.9186859869610402,-1.9509175697511765,-1.042256470824439,0.13114752332840052,-4.162926167286543,0.9667646336960525,160,2014_4
2014,5,9003.2808992,467.45642802000003,2759.7381593,225285.66666666666,12.325124505518037,0.03996384249567586,-3.2197801712742744,0.002074949706905455,-6.177818363229137,0.012249950030701761,-4.402233421126107,0.07142857142857142,0.7822811038015463,0.6987666379349131,0.7304448474958358,26.74285714285714,84.71428571428571,15.051785714285714,1009.5964285714286,-0.02355395906835689,-1.4162690107338363,0.0034636885665184636,-1.2601577422772479,-0.010231617618981836,-1.3171578746773738,4.159523809523808,-1.4523809523809632,10.630119047619047,-3.7869047619046796,-0.1285714285714286,-1.4162690107338363,-2.0735509541696326,-1.0994741659690748,0.08609894912914129,1.5955808057909562,-1.2601577422772479,-1.8472486852706833,-0.9871217803539052,0.11807982824279506,1.4306873896957968,-1.3171578746773738,-1.9509175697511765,-1.042256470824439,0.13114752332840052,1.5084900479678365,161,2014_5
2014,6,9580.1616899,499.14772994000003,2989.985604504,225285.66666666666,12.325124505518037,0.04252450602671867,-3.157674756835435,0.002215621336791659,-6.1122224015972915,0.01327197441694323,-4.322100653692051,0.06666666666666667,0.7350397299767363,0.6578025205799247,0.688292283038031,29.009999999999998,79.93333333333334,14.561666666666667,1003.83,0.062105414438839546,-0.047241373824809973,0.06559596163184533,-0.040964117354988394,0.08013276743405573,-0.0421525644578048,2.267142857142858,-4.780952380952371,-0.49011904761904646,-5.766428571428605,-0.004761904761904759,-0.047241373824809973,-1.4162690107338363,-2.0735509541696326,-1.0994741659690748,5.01164347357707,-0.040964117354988394,-1.2601577422772479,-1.8472486852706833,-0.9871217803539052,4.535516616652875,-0.0421525644578048,-1.3171578746773738,-1.9509175697511765,-1.042256470824439,4.82729667471447,162,2014_6
2014,7,9546.275862,487.7511248,2988.5531990599998,242906.66666666666,12.400432560750582,0.03930018057141289,-3.2365261654250372,0.0020079775145460535,-6.210627275150584,0.01230329838234164,-4.397887891386557,0.0,0.0,0.0,0.0,29.780645161290323,80.16129032258064,8.408064516129034,1005.3258064516128,-0.07885140858960238,-0.7350397299767363,-0.0984048735532923,-0.6578025205799247,-0.0757872376945059,-0.688292283038031,0.7706451612903251,0.22795698924730345,-6.153602150537633,1.4958064516127934,-0.06666666666666667,-0.7350397299767363,-0.047241373824809973,-1.4162690107338363,-2.0735509541696326,-4.205303124693399,-0.6578025205799247,-0.040964117354988394,-1.2601577422772479,-1.8472486852706833,-3.8794745347977777,-0.688292283038031,-0.0421525644578048,-1.3171578746773738,-1.9509175697511765,-4.162926167286543,163,2014_7
2014,8,9292.372459,479.01697201,2857.44342933,242906.66666666666,12.400432560750582,0.038254909124217806,-3.26348338382806,0.0019720206883713912,-6.228696531796181,0.011763544692049073,-4.442749962537427,0.03225806451612903,0.35469562196387433,0.316757111935076,0.33075391886011135,29.02258064516129,81.12903225806451,17.687096774193545,1006.9774193548387,-0.026957218403022676,0.35469562196387433,-0.018069256645596887,0.316757111935076,-0.044862071150869376,0.33075391886011135,-0.758064516129032,0.9677419354838719,9.279032258064511,1.651612903225896,0.03225806451612903,0.35469562196387433,-0.7350397299767363,-0.047241373824809973,-1.4162690107338363,0.08609894912914129,0.316757111935076,-0.6578025205799247,-0.040964117354988394,-1.2601577422772479,0.11807982824279506,0.33075391886011135,-0.688292283038031,-0.0421525644578048,-1.3171578746773738,0.13114752332840052,164,2014_8
2014,9,9381.436905800001,502.57431655,2826.47291624,242906.66666666666,12.400432560750582,0.038621570311505114,-3.253944342230834,0.00206900174230157,-6.180689038120695,0.011636045049840817,-4.4536476667649945,0.06666666666666667,0.7347956176920342,0.6596752039419864,0.6871623651313093,28.986666666666668,77.3,4.698333333333333,1008.4333333333333,0.00953904159722585,0.38009999572815983,0.04800749367548551,0.3429180920069104,-0.01089770422756775,0.356408446271198,-0.03591397849462297,-3.8290322580645153,-12.988763440860211,1.45591397849455,0.034408602150537634,0.38009999572815983,0.35469562196387433,-0.7350397299767363,-0.047241373824809973,-1.0994741659690748,0.3429180920069104,0.316757111935076,-0.6578025205799247,-0.040964117354988394,-0.9871217803539052,0.356408446271198,0.33075391886011135,-0.688292283038031,-0.0421525644578048,-1.042256470824439,165,2014_9
2014,10,8920.0371217,486.37954178999996,2596.907274846,254502.33333333334,12.447065283234549,0.03504894043551663,-3.351009896043594,0.001911100520846567,-6.260076013931797,0.01020386430581252,-4.5849887769277515,0.16129032258064516,1.7729311180768996,1.5965447609711845,1.6558945567548733,26.24516129032258,71.12903225806451,3.5548387096774197,1014.6387096774193,-0.09706555381275983,1.0381355003848656,-0.07938697581110166,0.936869557029198,-0.13134111016275707,0.9687321916235639,-2.7415053763440866,-6.170967741935485,-1.1434946236559136,6.205376344086062,0.09462365591397849,1.0381355003848656,0.38009999572815983,0.35469562196387433,-0.7350397299767363,-2.0735509541696326,0.936869557029198,0.3429180920069104,0.316757111935076,-0.6578025205799247,-1.8472486852706833,0.9687321916235639,0.356408446271198,0.33075391886011135,-0.688292283038031,-1.9509175697511765,166,2014_10
2014,11,9043.602983,489.05068162000003,2643.02533717,254502.33333333334,12.447065283234549,0.035534459997092364,-3.3372523491859214,0.0019215960624591525,-6.2545991557356,0.010385073105433218,-4.567385782157103,0.23333333333333334,2.5672715024441484,2.310154727433545,2.3977677035745857,22.64333333333333,78.16666666666667,1.0550000000000002,1016.95,0.013757546857672498,0.7943403843672487,0.005476858196196588,0.7136099664623607,0.017602994770648195,0.7418731468197124,-3.6018279569892506,7.037634408602159,-2.4998387096774195,2.311290322580703,0.07204301075268818,0.7943403843672487,1.0381355003848656,0.38009999572815983,0.35469562196387433,-1.4162690107338363,0.7136099664623607,0.936869557029198,0.3429180920069104,0.316757111935076,-1.2601577422772479,0.7418731468197124,0.9687321916235639,0.356408446271198,0.33075391886011135,-1.3171578746773738,167,2014_11
2014,12,9638.151169,534.2354834500001,2739.523707612,254502.33333333334,12.447065283234549,0.03787058076350315,-3.2735807014716554,0.002099137860360154,-6.166228561234122,0.010764238078807399,-4.53152592830119,0.6774193548387096,7.523542245048464,6.795679876707835,7.070300953507836,16.338709677419356,67.41935483870968,1.446774193548387,1021.6903225806452,0.06367164771426603,4.956270742604316,0.08837059450147855,4.48552514927429,0.03585985385591339,4.672533249933251,-6.304623655913975,-10.747311827956992,0.39177419354838694,4.74032258064517,0.4440860215053763,4.956270742604316,0.7943403843672487,1.0381355003848656,0.38009999572815983,-0.047241373824809973,4.48552514927429,0.7136099664623607,0.936869557029198,0.3429180920069104,-0.040964117354988394,4.672533249933251,0.7418731468197124,0.9687321916235639,0.356408446271198,-0.0421525644578048,168,2014_12
2015,1,8030.3097634000005,365.90512309,1803.727425566,236213.0,12.37248921933416,0.033996053406882776,-3.3815108373715006,0.001549047355945693,-6.470115146067854,0.00763602098769331,-4.874878624603122,0.5806451612903226,6.356429180310369,5.591487478382547,5.843670149419017,16.448387096774194,72.0,1.3548387096774193,1021.2225806451613,-0.10793013589984524,-1.1671130647380954,-0.303886584833732,-1.2041923983252882,-0.343352696301932,-1.2266308040888187,0.10967741935483843,4.58064516129032,-0.09193548387096784,-0.4677419354839003,-0.09677419354838701,-1.1671130647380954,4.956270742604316,0.7943403843672487,1.0381355003848656,-0.7350397299767363,-1.2041923983252882,4.48552514927429,0.7136099664623607,0.936869557029198,-0.6578025205799247,-1.2266308040888187,4.672533249933251,0.7418731468197124,0.9687321916235639,-0.688292283038031,169,2015_1
2015,2,6715.7903777,336.09849634,1484.756641512,236213.0,12.37248921933416,0.028431078635384167,-3.5602724139972817,0.0014228619777065614,-6.555084958460178,0.006285668619051449,-5.069483059296486,0.5,5.371866760481756,4.747814127821966,4.912683539759274,17.475,78.10714285714286,1.155357142857143,1019.4285714285714,-0.17876157662578107,-0.9845624198286131,-0.08496981239232415,-0.8436733505605805,-0.19460443469336397,-0.930986609659743,1.0266129032258071,6.107142857142861,-0.1994815668202763,-1.7940092165898704,-0.08064516129032262,-0.9845624198286131,-1.1671130647380954,4.956270742604316,0.7943403843672487,0.35469562196387433,-0.8436733505605805,-1.2041923983252882,4.48552514927429,0.7136099664623607,0.316757111935076,-0.930986609659743,-1.2266308040888187,4.672533249933251,0.7418731468197124,0.33075391886011135,170,2015_2
2015,3,7548.912244,384.39019228,1662.324865486,236213.0,12.37248921933416,0.031958072773302065,-3.4433304611130784,0.0016273032910127723,-6.420831056923562,0.007037397880243678,-4.956516796421798,0.2903225806451613,3.163151406539492,2.80507033368825,2.9247054756154767,19.896774193548385,84.41935483870968,0.932258064516129,1017.6774193548387,0.11694195288420328,-2.2087153539422637,0.1342539015366162,-1.9427437941337162,0.11296626287468747,-1.9879780641437974,2.4217741935483836,6.3122119815668185,-0.22309907834101395,-1.7511520737327828,-0.2096774193548387,-2.2087153539422637,-0.9845624198286131,-1.1671130647380954,4.956270742604316,0.38009999572815983,-1.9427437941337162,-0.8436733505605805,-1.2041923983252882,4.48552514927429,0.3429180920069104,-1.9879780641437974,-0.930986609659743,-1.2266308040888187,4.672533249933251,0.356408446271198,171,2015_3
2015,4,7770.9514844000005,384.7099369,1727.776215023,232248.66666666666,12.355563915719527,0.033459617210863074,-3.3974160236902415,0.0016564570312567277,-6.403074276037529,0.007439337498986719,-4.900973479937071,0.2,2.186168681959481,1.940123396714018,2.018086696748614,23.60666666666667,77.36666666666666,2.161666666666667,1014.09,0.04591443742283685,-0.9769827245800107,0.017756780886032608,-0.8649469369742322,0.055543316484727434,-0.9066187788668625,3.709892473118284,-7.05268817204302,1.2294086021505382,-3.58741935483863,-0.0903225806451613,-0.9769827245800107,-2.2087153539422637,-0.9845624198286131,-1.1671130647380954,1.0381355003848656,-0.8649469369742322,-1.9427437941337162,-0.8436733505605805,-1.2041923983252882,0.936869557029198,-0.9066187788668625,-1.9879780641437974,-0.930986609659743,-1.2266308040888187,0.9687321916235639,172,2015_4
2015,5,8033.2994266999995,396.1093371,1780.02849932,232248.66666666666,12.355563915719527,0.03458921655825796,-3.364213305660536,0.0017055397681508039,-6.373873638786804,0.007664321715460154,-4.871179261707636,0.03225806451612903,0.3536968231790685,0.31325680780242954,0.3268923100583851,27.451612903225808,84.54838709677419,16.554838709677416,1008.667741935484,0.03320271802970565,-1.8324718587804127,0.029200637250725414,-1.6268665889115883,0.029794218229435288,-1.691194386690229,3.8449462365591387,7.181720430107532,14.393172043010749,-5.422258064516086,-0.16774193548387098,-1.8324718587804127,-0.9769827245800107,-2.2087153539422637,-0.9845624198286131,0.7943403843672487,-1.6268665889115883,-0.8649469369742322,-1.9427437941337162,-0.8436733505605805,0.7136099664623607,-1.691194386690229,-0.9066187788668625,-1.9879780641437974,-0.930986609659743,0.7418731468197124,173,2015_5
2015,6,8265.4298372,417.20406545000003,1813.0176385779998,232248.66666666666,12.355563915719527,0.035588707379159694,-3.335726899895965,0.0017963679681691751,-6.321988448033484,0.007806364034718534,-4.852815976066608,0.0,0.0,0.0,0.0,29.666666666666668,79.86666666666666,10.08,1007.2800000000001,0.028486405764570844,-0.3536968231790685,0.05188519075331932,-0.31325680780242954,0.01836328564102807,-0.3268923100583851,2.21505376344086,-4.681720430107532,-6.474838709677416,-1.3877419354838594,-0.03225806451612903,-0.3536968231790685,-1.8324718587804127,-0.9769827245800107,-2.2087153539422637,4.956270742604316,-0.31325680780242954,-1.6268665889115883,-0.8649469369742322,-1.9427437941337162,4.48552514927429,-0.3268923100583851,-1.691194386690229,-0.9066187788668625,-1.9879780641437974,4.672533249933251,174,2015_6
2015,7,8176.7333878,404.69621735,1804.990267857,248444.0,12.422972747010542,0.032911776447811174,-3.4139247385164815,0.0016289232879441644,-6.419836041972502,0.007265179548940606,-4.924662268027071,0.16129032258064516,1.7727167357901856,1.5706440836861992,1.6396651313567328,29.141935483870967,79.03225806451613,13.112903225806454,1004.2322580645161,-0.07819783862051644,1.7727167357901856,-0.09784759393901776,1.5706440836861992,-0.07184629196046366,1.6396651313567328,-0.5247311827957013,-0.8344086021505319,3.0329032258064537,-3.0477419354839412,0.16129032258064516,1.7727167357901856,-0.3536968231790685,-1.8324718587804127,-0.9769827245800107,-1.1671130647380954,1.5706440836861992,-0.31325680780242954,-1.6268665889115883,-0.8649469369742322,-1.2041923983252882,1.6396651313567328,-0.3268923100583851,-1.691194386690229,-0.9066187788668625,-1.2266308040888187,175,2015_7
2015,8,8329.5142012,407.48284144,1835.378299686,248444.0,12.422972747010542,0.033526727154610296,-3.3954123327339563,0.0016401395945967704,-6.41297392211185,0.007387492954895268,-4.907966849902454,0.0,0.0,0.0,0.0,29.299999999999997,78.35483870967742,4.632258064516129,1006.0967741935484,0.01851240578252522,-1.7727167357901856,0.006862119860651994,-1.5706440836861992,0.016695418124617056,-1.6396651313567328,0.1580645161290306,-0.6774193548387046,-8.480645161290326,1.8645161290322676,-0.16129032258064516,-1.7727167357901856,1.7727167357901856,-0.3536968231790685,-1.8324718587804127,-0.9845624198286131,-1.5706440836861992,1.5706440836861992,-0.31325680780242954,-1.6268665889115883,-0.8436733505605805,-1.6396651313567328,1.6396651313567328,-0.3268923100583851,-1.691194386690229,-0.930986609659743,176,2015_8
2015,9,8054.6450028,420.46576048000003,1714.590882137,248444.0,12.422972747010542,0.03242036435897023,-3.4289685240280066,0.0016923965178470804,-6.381609696644066,0.006901317327594952,-4.976042968558516,0.16666666666666666,1.8348257904317786,1.634624812656694,1.6981462917748642,28.403333333333332,78.3,2.9433333333333334,1010.16,-0.0335561912940503,1.8348257904317786,0.031364225467783946,1.634624812656694,-0.06807611865606145,1.6981462917748642,-0.8966666666666647,-0.05483870967742632,-1.6889247311827953,4.063225806451555,0.16666666666666666,1.8348257904317786,-1.7727167357901856,1.7727167357901856,-0.3536968231790685,-2.2087153539422637,1.634624812656694,-1.5706440836861992,1.5706440836861992,-0.31325680780242954,-1.9427437941337162,1.6981462917748642,-1.6396651313567328,1.6396651313567328,-0.3268923100583851,-1.9879780641437974,177,2015_9
2015,10,7701.1502396,409.0902468,1621.247150939,259338.0,12.465887509189125,0.029695417715876575,-3.5167625307374615,0.0015774404321773129,-6.451951725163728,0.006251483203151872,-5.074936530883686,0.1935483870967742,2.1275853076814455,1.9079306230758932,1.96472700826117,26.016129032258064,76.64516129032258,5.440322580645161,1014.4225806451612,-0.08779400670945492,0.29275951724966687,-0.07034202851966231,0.2733058104191992,-0.09889356232516988,0.2665807164863059,-2.3872043010752684,-1.6548387096774206,2.496989247311828,4.262580645161279,0.02688172043010753,0.29275951724966687,1.8348257904317786,-1.7727167357901856,1.7727167357901856,-0.9769827245800107,0.2733058104191992,1.634624812656694,-1.5706440836861992,1.5706440836861992,-0.8649469369742322,0.2665807164863059,1.6981462917748642,-1.6396651313567328,1.6396651313567328,-0.9066187788668625,178,2015_10
2015,11,7798.0717792,410.59798604,1653.248085868,259338.0,12.465887509189125,0.030069144433904786,-3.5042557348671974,0.0015832542320832273,-6.448272909535951,0.006374877904001728,-5.05539034043451,0.16666666666666666,1.8302595864001294,1.6363863856884164,1.6921291332825565,24.023333333333333,78.66666666666667,0.7816666666666666,1017.4633333333334,0.012506795870264042,-0.29732572128131607,0.0036788156277776096,-0.2715442373874768,0.019546190449175604,-0.27259787497861354,-1.9927956989247306,2.021505376344095,-4.658655913978495,3.0407526881721196,-0.02688172043010753,-0.29732572128131607,0.29275951724966687,1.8348257904317786,-1.7727167357901856,-1.8324718587804127,-0.2715442373874768,0.2733058104191992,1.634624812656694,-1.5706440836861992,-1.6268665889115883,-0.27259787497861354,0.2665807164863059,1.6981462917748642,-1.6396651313567328,-1.691194386690229,179,2015_11
2015,12,8345.192255,453.24979701,1698.914027717,259338.0,12.465887509189125,0.03217882552884652,-3.436446635012253,0.0017477184099900516,-6.34944410740865,0.006550964485409002,-5.028142990494383,0.7096774193548387,7.873605762404143,7.057406697551355,7.318103437492709,18.567741935483873,76.03225806451613,2.0951612903225807,1020.7709677419356,0.06780909985494432,6.043346176004014,0.09882880212730072,5.4210203118629385,0.027247349940126675,5.625974304210153,-5.45559139784946,-2.6344086021505433,1.313494623655914,3.307634408602212,0.5430107526881721,6.043346176004014,-0.29732572128131607,0.29275951724966687,1.8348257904317786,-0.3536968231790685,5.4210203118629385,-0.2715442373874768,0.2733058104191992,1.634624812656694,-0.31325680780242954,5.625974304210153,-0.27259787497861354,0.2665807164863059,1.6981462917748642,-0.3268923100583851,180,2015_12
2016,1,6677.0708153,308.95060078,1305.396875308,238927.0,12.383913344927011,0.027946070621152067,-3.5774786752694605,0.0012930752940437874,-6.650731948835411,0.00546358040450849,-5.209650952395068,0.6451612903225806,6.936559444112829,6.135921417087141,6.301412345307924,16.025806451612905,82.93548387096774,8.616129032258065,1020.3967741935484,-0.1410320402572074,-0.9370463182913138,-0.30128784142676057,-0.9214852804642142,-0.1815079619006843,-1.0166910921847858,-2.5419354838709687,6.903225806451616,6.520967741935484,-0.3741935483872112,-0.06451612903225812,-0.9370463182913138,6.043346176004014,-0.29732572128131607,0.29275951724966687,1.7727167357901856,-0.9214852804642142,5.4210203118629385,-0.2715442373874768,0.2733058104191992,1.5706440836861992,-1.0166910921847858,5.625974304210153,-0.27259787497861354,0.2665807164863059,1.6396651313567328,181,2016_1
2016,2,6348.4171579,301.71206536,1241.548560984,238927.0,12.383913344927011,0.026570530571680892,-3.627952550584765,0.0012627792813704605,-6.674440208312038,0.005196351023467419,-5.259798625976132,0.5862068965517241,6.256296968502039,5.532971721995987,5.696088813071375,15.458620689655174,73.79310344827586,0.8689655172413794,1022.1724137931035,-0.05047387531530445,-0.6802624756107898,-0.023708259476627802,-0.6029496950911533,-0.050147673581064645,-0.6053235322365484,-0.567185761957731,-9.142380422691886,-7.747163515016686,1.7756395995551202,-0.05895439377085654,-0.6802624756107898,-0.9370463182913138,6.043346176004014,-0.29732572128131607,-1.7727167357901856,-0.6029496950911533,-0.9214852804642142,5.4210203118629385,-0.2715442373874768,-1.5706440836861992,-0.6053235322365484,-1.0166910921847858,5.625974304210153,-0.27259787497861354,-1.6396651313567328,182,2016_2
2016,3,7132.1277264,347.62458054,1410.524206505,238927.0,12.383913344927011,0.02985065616862054,-3.511548457186788,0.0014549405489542831,-6.532790239018701,0.00590357810756005,-5.132196652983867,0.4838709677419355,5.25115680494157,4.673785247775341,4.817952976963869,17.516129032258064,83.83870967741936,4.806451612903226,1017.7483870967742,0.11640409339797708,-1.005140163560469,0.14164996929333729,-0.8591864742206461,0.12760197299226483,-0.8781358361075062,2.0575083426028904,10.045606229143502,3.9374860956618467,-4.4240266963292925,-0.10233592880978859,-1.005140163560469,-0.6802624756107898,-0.9370463182913138,6.043346176004014,1.8348257904317786,-0.8591864742206461,-0.6029496950911533,-0.9214852804642142,5.4210203118629385,1.634624812656694,-0.8781358361075062,-0.6053235322365484,-1.0166910921847858,5.625974304210153,1.6981462917748642,183,2016_3
2016,4,7177.5515379,341.34134312,1428.363900784,236443.66666666666,12.373465262628358,0.030356285871758037,-3.4947516701782497,0.0014436476473747798,-6.540582279800466,0.006041032610095992,-5.109180319711317,0.1,1.0848864858664886,0.9638758368850318,0.9903768613034926,23.573333333333334,88.86666666666666,7.065,1011.5866666666666,0.01679678700853815,-4.166270319075082,-0.007792040781764875,-3.7099094108903095,0.02301633327255015,-3.8275761156603765,6.05720430107527,5.027956989247301,2.2585483870967744,-6.161720430107607,-0.3838709677419355,-4.166270319075082,-1.005140163560469,-0.6802624756107898,-0.9370463182913138,0.29275951724966687,-3.7099094108903095,-0.8591864742206461,-0.6029496950911533,-0.9214852804642142,0.2733058104191992,-3.8275761156603765,-0.8781358361075062,-0.6053235322365484,-1.0166910921847858,0.2665807164863059,184,2016_4
2016,5,7504.3667765,353.93796274,1508.313797515,236443.66666666666,12.373465262628358,0.03173849772461658,-3.45022489567141,0.0014969229995869348,-6.504343611349221,0.006379167684120672,-5.054717647170075,0.12903225806451613,1.4061256845891863,1.2473430924463866,1.284055013470903,26.73225806451613,83.41935483870968,7.546774193548386,1009.7064516129033,0.04452677450683984,0.3212391987226977,0.03623866845124546,0.2834672555613549,0.05446267254124226,0.29367815216741044,3.158924731182797,-5.44731182795698,0.4817741935483859,-1.8802150537633224,0.02903225806451612,0.3212391987226977,-4.166270319075082,-1.005140163560469,-0.6802624756107898,-0.29732572128131607,0.2834672555613549,-3.7099094108903095,-0.8591864742206461,-0.6029496950911533,-0.2715442373874768,0.29367815216741044,-3.8275761156603765,-0.8781358361075062,-0.6053235322365484,-0.27259787497861354,185,2016_5
2016,6,7848.3203693,374.977825,1596.438803526,236443.66666666666,12.373465262628358,0.033193193456792384,-3.4054104404400967,0.001585907672158696,-6.446598371739725,0.006751878052105435,-4.997934582854925,0.0,0.0,0.0,0.0,29.410344827586208,81.75862068965517,11.986206896551723,1007.751724137931,0.04481445523131322,-1.4061256845891863,0.05774523960949551,-1.2473430924463866,0.0567830643151499,-1.284055013470903,2.678086763070077,-1.6607341490545053,4.4394327030033365,-1.9547274749722874,-0.12903225806451613,-1.4061256845891863,0.3212391987226977,-4.166270319075082,-1.005140163560469,6.043346176004014,-1.2473430924463866,0.2834672555613549,-3.7099094108903095,-0.8591864742206461,5.4210203118629385,-1.284055013470903,0.29367815216741044,-3.8275761156603765,-0.8781358361075062,5.625974304210153,186,2016_6
2016,7,7862.2975776,366.45404994999996,1613.364556214,254067.66666666666,12.445355914720851,0.030945683410849866,-3.475521759340868,0.0014423482324918688,-6.541482776561243,0.006350137258239603,-5.059278850840344,0.0,0.0,0.0,0.0,29.780645161290323,79.19354838709677,5.679032258064517,1006.9870967741934,-0.07011131890077138,0.0,-0.09488440482151805,0.0,-0.06134426798541881,0.0,0.3703003337041153,-2.5650723025584057,-6.307174638487206,-0.7646273637375316,0.0,0.0,-1.4061256845891863,0.3212391987226977,-4.166270319075082,-0.9370463182913138,0.0,-1.2473430924463866,0.2834672555613549,-3.7099094108903095,-0.9214852804642142,0.0,-1.284055013470903,0.29367815216741044,-3.8275761156603765,-1.0166910921847858,187,2016_7
2016,8,7761.5006291,365.54994547,1569.100288332,254067.66666666666,12.445355914720851,0.030548950722182937,-3.4884249402004364,0.0014387897140394359,-6.543952995154017,0.00617591490061834,-5.0870982453995515,0.12903225806451613,1.4101718370033136,1.2482220148317569,1.2875517067911226,28.36774193548387,83.83870967741936,17.188709677419357,1002.7774193548387,-0.01290318085956832,1.4101718370033136,-0.002470218592773854,1.2482220148317569,-0.027819394559207566,1.2875517067911226,-1.4129032258064527,4.645161290322591,11.50967741935484,-4.209677419354762,0.12903225806451613,1.4101718370033136,0.0,-1.4061256845891863,0.3212391987226977,-0.6802624756107898,1.2482220148317569,0.0,-1.2473430924463866,0.2834672555613549,-0.6029496950911533,1.2875517067911226,0.0,-1.284055013470903,0.29367815216741044,-0.6053235322365484,188,2016_8
2016,9,7715.598861099999,381.84963001,1506.4148801860001,254067.66666666666,12.445355914720851,0.030368283230714124,-3.4943565299808137,0.0015029446092838785,-6.500329022327611,0.005929187684328191,-5.127868059448734,0.2,2.191567574851488,1.9516662965960359,2.007785887551381,27.94,79.4,10.778333333333334,1007.1066666666667,-0.005931589780377333,0.7813957378481742,0.04362397282640629,0.703444281764279,-0.040769814049182784,0.7202341807602584,-0.4277419354838692,-4.438709677419354,-6.410376344086023,4.329247311827999,0.07096774193548389,0.7813957378481742,1.4101718370033136,0.0,-1.4061256845891863,-1.005140163560469,0.703444281764279,1.2482220148317569,0.0,-1.2473430924463866,-0.8591864742206461,0.7202341807602584,1.2875517067911226,0.0,-1.284055013470903,-0.8781358361075062,189,2016_9
2016,10,7757.3330673,379.38330202,1522.0873180199999,268043.0,12.498902694383823,0.028940629180019623,-3.5425088171713264,0.0014153822409837227,-6.560355649395989,0.005678519185429203,-5.171064787029634,0.3548387096774194,3.8902349915986156,3.463010529991329,3.5645285035833405,26.75483870967742,80.19354838709677,20.153225806451612,1010.7032258064515,-0.04815228719051268,1.6986674167471278,-0.06002662706837825,1.5113442333952933,-0.04319672758089954,1.5567426160319595,-1.1851612903225828,0.793548387096763,9.374892473118278,3.5965591397848584,0.15483870967741936,1.6986674167471278,0.7813957378481742,1.4101718370033136,0.0,-4.166270319075082,1.5113442333952933,0.703444281764279,1.2482220148317569,0.0,-3.7099094108903095,1.5567426160319595,0.7202341807602584,1.2875517067911226,0.0,-3.8275761156603765,190,2016_10
2016,11,7611.7913114,373.89877642,1468.844370669,268043.0,12.498902694383823,0.028397650046447773,-3.5614488820819084,0.0013949208762026987,-6.574917584885381,0.0054798833421092884,-5.206671466185066,0.5,5.476288410530728,4.884077068621799,5.014130096391644,22.263333333333332,78.63333333333334,4.388333333333334,1017.0233333333333,-0.018940064910581977,1.5860534189321123,-0.01456193548939222,1.4210665386304702,-0.03560667915543192,1.4496015928083033,-4.491505376344087,-1.5602150537634287,-15.764892473118278,6.32010752688177,0.14516129032258063,1.5860534189321123,1.6986674167471278,0.7813957378481742,1.4101718370033136,0.3212391987226977,1.4210665386304702,1.5113442333952933,0.703444281764279,1.2482220148317569,0.2834672555613549,1.4496015928083033,1.5567426160319595,0.7202341807602584,1.2875517067911226,0.29367815216741044,191,2016_11
2016,12,8253.6241732,414.31991827999997,1569.602441945,268043.0,12.498902694383823,0.030792164590009812,-3.4804950177951213,0.0015457218367202275,-6.472264269507055,0.005855785981894696,-5.1403250497985775,0.5483870967741935,6.070725533334347,5.422924388610502,5.585527974029375,19.629032258064516,70.48387096774194,0.22741935483870968,1019.4967741935484,0.08095386428678708,0.5944371228036189,0.10265331537832623,0.5388473199887027,0.0663464163864882,0.5713978776377315,-2.634301075268816,-8.149462365591404,-4.160913978494624,2.473440860215078,0.048387096774193505,0.5944371228036189,1.5860534189321123,1.6986674167471278,0.7813957378481742,-1.4061256845891863,0.5388473199887027,1.4210665386304702,1.5113442333952933,0.703444281764279,-1.2473430924463866,0.5713978776377315,1.4496015928083033,1.5567426160319595,0.7202341807602584,-1.284055013470903,192,2016_12
2017,1,6247.4208399,302.49908588,1250.360027548,249587.33333333334,12.427564166326446,0.025031001198912335,-3.6876401743818854,0.0012119969464796556,-6.7154859107444125,0.005009709470624845,-5.296377355462083,0.45161290322580644,4.842159182845789,4.233655774611537,4.3069193906549375,18.55806451612903,78.74193548387096,0.2564516129032258,1019.8548387096774,-0.20714515658676413,-1.228566350488558,-0.24322164123735757,-1.1892686139989648,-0.15605230566350592,-1.2786085833744378,-1.0709677419354868,8.258064516129025,0.029032258064516148,0.35806451612904766,-0.09677419354838707,-1.228566350488558,0.5944371228036189,1.5860534189321123,1.6986674167471278,0.0,-1.1892686139989648,0.5388473199887027,1.4210665386304702,1.5113442333952933,0.0,-1.2786085833744378,0.5713978776377315,1.4496015928083033,1.5567426160319595,0.0,193,2017_1
2017,2,6159.965677300001,297.84108661,1190.141968606,249587.33333333334,12.427564166326446,0.024680602156492985,-3.701737681681286,0.0011933341433325942,-6.731004088467538,0.004768438977696518,-5.3457362859871305,0.6785714285714286,7.262279471977137,6.31218099886711,6.433455510127014,16.967857142857145,74.5,0.725,1020.4892857142858,-0.014097507299400736,2.420120289131348,-0.015518177723125248,2.0785252242555723,-0.04935893052504703,2.1265361194720764,-1.590207373271884,-4.241935483870961,0.46854838709677415,0.6344470046083188,0.22695852534562216,2.420120289131348,-1.228566350488558,0.5944371228036189,1.5860534189321123,1.4101718370033136,2.0785252242555723,-1.1892686139989648,0.5388473199887027,1.4210665386304702,1.2482220148317569,2.1265361194720764,-1.2786085833744378,0.5713978776377315,1.4496015928083033,1.2875517067911226,194,2017_2
2017,3,6779.409261,336.80537512,1355.894813004,249587.33333333334,12.427564166326446,0.027162473233150186,-3.60591891883403,0.0013494489909477243,-6.608058924703201,0.005432546575563396,-5.2153472723659045,0.5161290322580645,5.602054373295996,4.922732754672417,4.981117152256981,19.26774193548387,80.74193548387096,1.5677419354838709,1016.4354838709677,0.09581876284725599,-1.660225098681141,0.12294516376433684,-1.3894482441946927,0.130389013621226,-1.4523383578700333,2.299884792626724,6.241935483870961,0.8427419354838709,-4.05380184331807,-0.1624423963133641,-1.660225098681141,2.420120289131348,-1.228566350488558,0.5944371228036189,0.7813957378481742,-1.3894482441946927,2.0785252242555723,-1.1892686139989648,0.5388473199887027,0.703444281764279,-1.4523383578700333,2.1265361194720764,-1.2786085833744378,0.5713978776377315,0.7202341807602584,195,2017_3
2017,4,6735.476306099999,328.81600808999997,1345.0436339369999,245589.0,12.411414685978484,0.027425806148076663,-3.596270878610135,0.0013388873609567202,-6.615916337576494,0.005476807324175757,-5.207232952879914,0.2,2.168411673936658,1.9025445773018828,1.9206876237129067,23.32,81.4,1.9683333333333333,1013.2099999999999,0.009648040223895205,-3.433642699359338,-0.007857412873293335,-3.0201881773705344,0.008114319485990507,-3.060429528544074,4.052258064516131,0.6580645161290448,0.4005913978494624,-3.2254838709677642,-0.3161290322580645,-3.433642699359338,-1.660225098681141,2.420120289131348,-1.228566350488558,1.6986674167471278,-3.0201881773705344,-1.3894482441946927,2.0785252242555723,-1.1892686139989648,1.5113442333952933,-3.060429528544074,-1.4523383578700333,2.1265361194720764,-1.2786085833744378,1.5567426160319595,196,2017_4
2017,5,6786.1222588,334.64937645,1343.5158621470002,245589.0,12.411414685978484,0.027632028546881172,-3.5887797244688673,0.0013626399246301746,-6.598331339723574,0.0054705864763772,-5.208369451407596,0.06451612903225806,0.7003092551687347,0.6145683694837679,0.6203767277105251,25.95483870967742,81.96774193548387,12.890322580645162,1010.5451612903227,0.007491154141267664,-1.4681024187679232,0.01758499785292056,-1.2879762078181147,-0.0011364985276820505,-1.3003108960023817,2.634838709677421,0.5677419354838662,10.921989247311828,-2.6648387096772694,-0.13548387096774195,-1.4681024187679232,-3.433642699359338,-1.660225098681141,2.420120289131348,1.5860534189321123,-1.2879762078181147,-3.0201881773705344,-1.3894482441946927,2.0785252242555723,1.4210665386304702,-1.3003108960023817,-3.060429528544074,-1.4523383578700333,2.1265361194720764,1.4496015928083033,197,2017_5
2017,6,7157.5891978,356.78654974,1442.5926472140002,245589.0,12.411414685978484,0.029144583828265923,-3.5354861869392624,0.001452779032204211,-6.5342769829002165,0.005874011650415939,-5.137217462820557,0.0,0.0,0.0,0.0,28.83,83.16666666666667,21.88,1006.6566666666666,0.05329353752960486,-0.7003092551687347,0.06405435682335714,-0.6145683694837679,0.0711519885870393,-0.6203767277105251,2.875161290322577,1.1989247311827995,8.989677419354837,-3.8884946236560154,-0.06451612903225806,-0.7003092551687347,-1.4681024187679232,-3.433642699359338,-1.660225098681141,0.5944371228036189,-0.6145683694837679,-1.2879762078181147,-3.0201881773705344,-1.3894482441946927,0.5388473199887027,-0.6203767277105251,-1.3003108960023817,-3.060429528544074,-1.4523383578700333,0.5713978776377315,198,2017_6
2017,7,6963.1743054,341.87924805,1398.7620006460002,262911.6666666667,12.47957338655597,0.026484843345610375,-3.63118265883756,0.0013003578440794435,-6.645115787716521,0.005320273605124662,-5.236230547416326,0.0967741935483871,1.051920005689187,0.9202101405082621,0.9300910905452713,28.69677419354839,83.41935483870968,18.393548387096775,1006.7967741935485,-0.09569647189829755,1.051920005689187,-0.11083880481630448,0.9202101405082621,-0.09901308459576974,0.9300910905452713,-0.13322580645160897,0.2526881720430083,-3.486451612903224,0.14010752688182038,0.0967741935483871,1.051920005689187,-0.7003092551687347,-1.4681024187679232,-3.433642699359338,-1.228566350488558,0.9202101405082621,-0.6145683694837679,-1.2879762078181147,-3.0201881773705344,-1.1892686139989648,0.9300910905452713,-0.6203767277105251,-1.3003108960023817,-3.060429528544074,-1.2786085833744378,199,2017_7
2017,8,7267.3325578,348.12118909000003,1476.357574697,262911.6666666667,12.47957338655597,0.02764172716235491,-3.588428794250762,0.0013240994342459762,-6.627022722893047,0.005615412938554774,-5.182240151455783,0.06451612903225806,0.70433718328794,0.613828208488338,0.6212944479572159,29.348387096774193,79.61290322580645,15.78225806451613,1006.2935483870967,0.042753864586797974,-0.34758282240124705,0.01809306482347406,-0.30638193201992414,0.053990395960543225,-0.3087966425880554,0.6516129032258036,-3.8064516129032313,-2.611290322580645,-0.5032258064517237,-0.03225806451612903,-0.34758282240124705,1.051920005689187,-0.7003092551687347,-1.4681024187679232,2.420120289131348,-0.30638193201992414,0.9202101405082621,-0.6145683694837679,-1.2879762078181147,2.0785252242555723,-0.3087966425880554,0.9300910905452713,-0.6203767277105251,-1.3003108960023817,2.1265361194720764,200,2017_8
2017,9,7287.1165381,364.56886783000004,1457.4081747520001,262911.6666666667,12.47957338655597,0.0277169766959752,-3.585710176410302,0.0013866591484972773,-6.580857915148544,0.005543337780440832,-5.195158472201445,0.0,0.0,0.0,0.0,29.04137931034483,79.58620689655173,6.641379310344828,1009.0931034482759,0.0027186178404599026,-0.70433718328794,0.04616480774450338,-0.613828208488338,-0.012918320745662015,-0.6212944479572159,-0.307007786429363,-0.026696329254718876,-9.140878754171302,2.7995550611791487,-0.06451612903225806,-0.70433718328794,-0.34758282240124705,1.051920005689187,-0.7003092551687347,-1.660225098681141,-0.613828208488338,-0.30638193201992414,0.9202101405082621,-0.6145683694837679,-1.3894482441946927,-0.6212944479572159,-0.3087966425880554,0.9300910905452713,-0.6203767277105251,-1.4523383578700333,201,2017_9
2017,10,7025.8594627,352.29612382,1375.6262326360002,277258.6666666667,12.532706164116895,0.025340450299239217,-3.6753533339534576,0.0012706406189406762,-6.6682340813281025,0.004961526538284346,-5.306041815781323,0.41935483870967744,4.574400967057141,4.017462025763131,4.042681472099138,26.293548387096774,71.06451612903226,3.2241935483870967,1012.6870967741935,-0.08964315754315555,4.574400967057141,-0.0873761661795589,4.017462025763131,-0.11088334357987772,4.042681472099138,-2.7478309232480562,-8.521690767519473,-3.417185761957731,3.5939933259176087,0.41935483870967744,4.574400967057141,-0.70433718328794,-0.34758282240124705,1.051920005689187,-3.433642699359338,4.017462025763131,-0.613828208488338,-0.30638193201992414,0.9202101405082621,-3.0201881773705344,4.042681472099138,-0.6212944479572159,-0.3087966425880554,0.9300910905452713,-3.060429528544074,202,2017_10
2017,11,6904.0120857,348.30064017999996,1327.893234155,277258.6666666667,12.532706164116895,0.024900978457060553,-3.6928481808192424,0.0012562299471732773,-6.679640148733422,0.004789366010157782,-5.341357233280066,0.6333333333333333,6.9054912694482145,6.08796967394726,6.100638026065365,22.186666666666667,75.86666666666666,1.05,1016.5933333333334,-0.01749484686578473,2.3310903023910736,-0.011406067405319575,2.0705076481841287,-0.035315417498742896,2.0579565539662266,-4.106881720430106,4.802150537634404,-2.1741935483870964,3.9062365591398702,0.21397849462365587,2.3310903023910736,4.574400967057141,-0.70433718328794,-0.34758282240124705,-1.4681024187679232,2.0705076481841287,4.017462025763131,-0.613828208488338,-0.30638193201992414,-1.2879762078181147,2.0579565539662266,4.042681472099138,-0.6212944479572159,-0.3087966425880554,-1.3003108960023817,203,2017_11
2017,12,7346.5215133,377.43644907,1396.403830137,277258.6666666667,12.532706164116895,0.026496995032196168,-3.630723947431126,0.0013613152425773283,-6.599303956434172,0.005036465936034461,-5.291050646024551,0.5161290322580645,5.671897360558415,5.002618856031026,5.021286534292522,17.85483870967742,66.19354838709677,0.009677419354838712,1020.6258064516129,0.062124233388116235,-1.2335939088897998,0.08033619229925026,-1.0853508179162343,0.0503065872555144,-1.0793514917728428,-4.3318279569892475,-9.673118279569891,-1.0403225806451613,4.03247311827954,-0.1172043010752688,-1.2335939088897998,2.3310903023910736,4.574400967057141,-0.70433718328794,-0.7003092551687347,-1.0853508179162343,2.0705076481841287,4.017462025763131,-0.613828208488338,-0.6145683694837679,-1.0793514917728428,2.0579565539662266,4.042681472099138,-0.6212944479572159,-0.6203767277105251,204,2017_12
2018,1,6280.926731699999,302.79572906,1340.905153376,260877.0,12.471804310857062,0.024076199633160454,-3.726531493539975,0.0011606838819060324,-6.758745894214907,0.005139989931561617,-5.270704158357134,0.8064516129032258,8.683252237701122,7.559894405075839,7.4887774987187505,16.061290322580643,76.7741935483871,2.014516129032258,1018.4129032258064,-0.095807546108849,3.0113548771427077,-0.159441937780735,2.557275549044814,0.020346487667417534,2.4674909644262284,-1.7935483870967772,10.580645161290334,2.0048387096774194,-2.2129032258064854,0.29032258064516125,3.0113548771427077,-1.2335939088897998,2.3310903023910736,4.574400967057141,1.051920005689187,2.557275549044814,-1.0853508179162343,2.0705076481841287,4.017462025763131,0.9202101405082621,2.4674909644262284,-1.0793514917728428,2.0579565539662266,4.042681472099138,0.9300910905452713,205,2018_1
2018,2,5994.6839438,296.47944465,1265.732546713,260877.0,12.471804310857062,0.022978966884010472,-3.773175964751833,0.0011364721483687716,-6.779826421466667,0.004851836485060009,-5.328397988991703,0.6785714285714286,7.254802550995332,6.299415696658453,6.262047136369179,16.04285714285714,70.46428571428571,0.175,1019.6928571428572,-0.04664447121185766,-1.4284496867057905,-0.021080527251760017,-1.260478708417386,-0.05769383063456868,-1.2267303623495716,-0.01843317972350178,-6.309907834101395,-1.8395161290322581,1.2799539170507614,-0.12788018433179715,-1.4284496867057905,3.0113548771427077,-1.2335939088897998,2.3310903023910736,-0.34758282240124705,-1.260478708417386,2.557275549044814,-1.0853508179162343,2.0705076481841287,-0.30638193201992414,-1.2267303623495716,2.4674909644262284,-1.0793514917728428,2.0579565539662266,-0.3087966425880554,206,2018_2
2018,3,6540.3610212,328.54715902,1390.65953429,260877.0,12.471804310857062,0.025070669400522088,-3.6860566659110443,0.0012593948834891538,-6.677123924575377,0.005330709622887415,-5.234270912164066,0.4838709677419355,5.235264066470959,4.550274135063035,4.507732571853527,20.84193548387097,75.70967741935483,0.75,1016.1322580645161,0.0871192988407885,-2.0195384845243725,0.10270249689128974,-1.749141561595418,0.09412707682763699,-1.754314564515652,4.7990783410138285,5.2453917050691246,0.575,-3.560599078341056,-0.1947004608294931,-2.0195384845243725,-1.4284496867057905,3.0113548771427077,-1.2335939088897998,-0.70433718328794,-1.749141561595418,-1.260478708417386,2.557275549044814,-1.0853508179162343,-0.613828208488338,-1.754314564515652,-1.2267303623495716,2.4674909644262284,-1.0793514917728428,-0.6212944479572159,207,2018_3
2018,4,6667.7025752,326.0441542,1425.7966807159999,253815.33333333334,12.444362247462465,0.026269896651371204,-3.6393316093856436,0.0012845723302768678,-6.657329432935953,0.005617456841519949,-5.181876236796795,0.2,2.170805590164066,1.8918064417425435,1.8590994544305623,23.646666666666665,77.9,0.9566666666666667,1014.0566666666667,0.04672505652540071,-3.064458476306893,0.019794491639424372,-2.6584676933204916,0.05239467536727016,-2.648633117422965,2.8047311827956953,2.190322580645173,0.20666666666666667,-2.0755913978493936,-0.2838709677419355,-3.064458476306893,-2.0195384845243725,-1.4284496867057905,3.0113548771427077,4.574400967057141,-2.6584676933204916,-1.749141561595418,-1.260478708417386,2.557275549044814,4.017462025763131,-2.648633117422965,-1.754314564515652,-1.2267303623495716,2.4674909644262284,4.042681472099138,208,2018_4
2018,5,7202.3038513,344.28905808,1566.193202108,253815.33333333334,12.444362247462465,0.028376157408273206,-3.5622060142935688,0.0013564549216096742,-6.602880657814681,0.006170601206551745,-5.087959005527924,0.03225806451612903,0.35278187413961704,0.30559909276347164,0.3011647849029506,28.32903225806452,76.74193548387096,1.8596774193548387,1010.4903225806452,0.07712559509207484,-1.8180237160244492,0.054448775121271886,-1.5862073489790718,0.09391723126887186,-1.5579346695276117,4.682365591397854,-1.1580645161290448,0.903010752688172,-3.5663440860215587,-0.16774193548387098,-1.8180237160244492,-3.064458476306893,-2.0195384845243725,-1.4284496867057905,2.3310903023910736,-1.5862073489790718,-2.6584676933204916,-1.749141561595418,-1.260478708417386,2.0705076481841287,-1.5579346695276117,-2.648633117422965,-1.754314564515652,-1.2267303623495716,2.0579565539662266,209,2018_5
2018,6,6842.3761415,345.33109882,1449.757007427,253815.33333333334,12.444362247462465,0.02695808819601127,-3.613471908063307,0.001360560429052093,-6.599858583930535,0.005711857468922287,-5.165211007175951,0.0,0.0,0.0,0.0,28.703703703703702,79.5925925925926,12.475925925925926,1005.2148148148148,-0.05126589376973811,-0.35278187413961704,0.0030220738841455486,-0.30559909276347164,-0.07725200164802715,-0.3011647849029506,0.37467144563918353,2.8506571087216344,10.616248506571088,-5.275507765830412,-0.03225806451612903,-0.35278187413961704,-1.8180237160244492,-3.064458476306893,-2.0195384845243725,-1.2335939088897998,-0.30559909276347164,-1.5862073489790718,-2.6584676933204916,-1.749141561595418,-1.0853508179162343,-0.3011647849029506,-1.5579346695276117,-2.648633117422965,-1.754314564515652,-1.0793514917728428,210,2018_6
2018,7,6780.7265649,335.01331432,1446.6330939470001,269775.3333333333,12.505344792828737,0.0251347166589236,-3.683505254671234,0.0012418233727323725,-6.6911745175546455,0.00536236236305395,-5.22835066162076,0.03225806451612903,0.35047089291178335,0.30445277248683184,0.2991538345489392,29.116129032258065,81.16129032258064,11.006451612903225,1004.0,-0.07003334660792726,0.35047089291178335,-0.09131593362411028,0.30445277248683184,-0.06313965444480907,0.2991538345489392,0.4124253285543631,1.5686977299880454,-1.469474313022701,-1.2148148148147584,0.03225806451612903,0.35047089291178335,-0.35278187413961704,-1.8180237160244492,-3.064458476306893,3.0113548771427077,0.30445277248683184,-0.30559909276347164,-1.5862073489790718,-2.6584676933204916,2.557275549044814,0.2991538345489392,-0.3011647849029506,-1.5579346695276117,-2.648633117422965,2.4674909644262284,211,2018_7
2018,8,6788.5791681,336.00635754,1433.26024865,269775.3333333333,12.505344792828737,0.02516382459515696,-3.6823478477661027,0.0012455043735404524,-6.688214711794537,0.005312792059009596,-5.237637770429146,0.0,0.0,0.0,0.0,28.580645161290324,83.7741935483871,19.845161290322583,1001.8870967741935,0.0011574069051314417,-0.35047089291178335,0.002959805760108125,-0.30445277248683184,-0.009287108808385902,-0.2991538345489392,-0.5354838709677416,2.6129032258064626,8.838709677419358,-2.1129032258064626,-0.03225806451612903,-0.35047089291178335,0.35047089291178335,-0.35278187413961704,-1.8180237160244492,-1.4284496867057905,-0.30445277248683184,0.30445277248683184,-0.30559909276347164,-1.5862073489790718,-1.260478708417386,-0.2991538345489392,0.2991538345489392,-0.3011647849029506,-1.5579346695276117,-1.2267303623495716,212,2018_8
2018,9,6565.4878837,345.95723569,1344.352143268,269775.3333333333,12.505344792828737,0.02433687247302076,-3.7157626929810794,0.0012823901704257618,-6.659029621681338,0.004983228550428381,-5.301677294704505,0.1724137931034483,1.8696453063934608,1.630169954070359,1.598766883766423,27.986206896551725,78.24137931034483,13.225862068965517,1008.6172413793104,-0.03341484521497673,1.8696453063934608,0.029185090113199585,1.630169954070359,-0.0640395242753593,1.598766883766423,-0.5944382647385993,-5.532814238042278,-6.619299221357066,6.730144605116834,0.1724137931034483,1.8696453063934608,-0.35047089291178335,0.35047089291178335,-0.35278187413961704,-2.0195384845243725,1.630169954070359,-0.30445277248683184,0.30445277248683184,-0.30559909276347164,-1.749141561595418,1.598766883766423,-0.2991538345489392,0.2991538345489392,-0.3011647849029506,-1.754314564515652,213,2018_9
2018,10,6379.9216234,339.10475039,1247.154031277,280354.3333333333,12.543809558301751,0.022756636387761677,-3.7828984667719165,0.0012095577277445328,-6.717500500450823,0.004448492079464916,-5.415190098776729,0.2903225806451613,3.150764050940039,2.764467944909964,2.697896435501344,25.34193548387097,69.09677419354838,3.370967741935484,1015.5129032258066,-0.06713577379083713,1.2811187445465781,-0.058470878769485424,1.134297990839605,-0.11351280407222397,1.0991295517349209,-2.644271412680755,-9.144605116796441,-9.854894327030033,6.895661846496182,0.11790878754171302,1.2811187445465781,1.8696453063934608,-0.35047089291178335,0.35047089291178335,-3.064458476306893,1.134297990839605,1.630169954070359,-0.30445277248683184,0.30445277248683184,-2.6584676933204916,1.0991295517349209,1.598766883766423,-0.2991538345489392,0.2991538345489392,-2.648633117422965,214,2018_10
2018,11,6604.2365832,343.46019188,1322.451198189,280354.3333333333,12.543809558301751,0.023556748721082724,-3.748342929675665,0.001225093216132442,-6.704738343078516,0.004717070652932064,-5.356567296430503,0.36666666666666664,3.9910199506769573,3.4963756415851974,3.4174611023353663,22.896666666666665,77.43333333333334,2.4650000000000003,1017.2266666666667,0.03455553709625159,0.8402558997369183,0.01276215737230757,0.7319076966752336,0.05862280234622563,0.7195646668340223,-2.4452688172043047,8.336559139784953,-0.9059677419354837,1.7137634408601343,0.07634408602150533,0.8402558997369183,1.2811187445465781,1.8696453063934608,-0.35047089291178335,-1.8180237160244492,0.7319076966752336,1.134297990839605,1.630169954070359,-0.30445277248683184,-1.5862073489790718,0.7195646668340223,1.0991295517349209,1.598766883766423,-0.2991538345489392,-1.5579346695276117,215,2018_11
2018,12,7172.6939071,376.97150665,1437.1051600389999,280354.3333333333,12.543809558301751,0.025584387520673244,-3.6657729760120836,0.001344625218265457,-6.6116399528877094,0.00512603155782266,-5.2734234946365275,0.6774193548387096,7.447364307733513,6.5277093738796275,6.390142348600278,19.22258064516129,75.96774193548387,0.3967741935483871,1019.8741935483871,0.08256995366358133,3.4563443570565555,0.09309839019080624,3.03133373229443,0.08314380179397585,2.972681246264912,-3.6740860215053743,-1.4655913978494652,-2.068225806451613,2.6475268817204096,0.310752688172043,3.4563443570565555,0.8402558997369183,1.2811187445465781,1.8696453063934608,-0.35278187413961704,3.03133373229443,0.7319076966752336,1.134297990839605,1.630169954070359,-0.30559909276347164,2.972681246264912,0.7195646668340223,1.0991295517349209,1.598766883766423,-0.3011647849029506,216,2018_12
2019,1,5628.6781735,252.08566568,613.61978532,261669.33333333334,12.47483689912731,0.021510652783793285,-3.8392069882414024,0.0009633748917718036,-6.945067926208873,0.002345019867262499,-6.055461404939613,0.5483870967741935,5.83244020782868,5.082150841609575,5.03898199930711,18.135483870967743,75.90322580645162,0.16129032258064516,1021.2774193548387,-0.17343401222931876,-1.614924099904833,-0.3334279733211636,-1.4455585322700522,-0.7820379103030852,-1.3511603492931687,-1.0870967741935473,-0.06451612903225623,-0.23548387096774195,1.4032258064515872,-0.12903225806451613,-1.614924099904833,3.4563443570565555,0.8402558997369183,1.2811187445465781,0.35047089291178335,-1.4455585322700522,3.03133373229443,0.7319076966752336,1.134297990839605,0.30445277248683184,-1.3511603492931687,2.972681246264912,0.7195646668340223,1.0991295517349209,0.2991538345489392,217,2019_1
2019,2,5382.1313794,246.93418455,569.96197956,261669.33333333334,12.47483689912731,0.020568445338391455,-3.8839971572502536,0.0009436879033716853,-6.965715057317663,0.0021781764500234395,-6.129267243049742,0.5,5.280840348359073,4.58954965626656,4.565245172869193,20.12142857142857,84.89285714285714,2.4714285714285715,1018.0964285714286,-0.044790169008851244,-0.551599859469607,-0.020647131108789907,-0.4926011853430152,-0.07380583811012897,-0.4737368264379169,1.985944700460827,8.989631336405523,2.3101382488479265,-3.1809907834100386,-0.048387096774193505,-0.551599859469607,-1.614924099904833,3.4563443570565555,0.8402558997369183,-0.35047089291178335,-0.4926011853430152,-1.4455585322700522,3.03133373229443,0.7319076966752336,-0.30445277248683184,-0.4737368264379169,-1.3511603492931687,2.972681246264912,0.7195646668340223,-0.2991538345489392,218,2019_2
2019,3,6061.1534794,287.8449007,685.2369492390001,261669.33333333334,12.47483689912731,0.02316340781011149,-3.7651814950415923,0.0011000329959694676,-6.812415103291814,0.0026187132458739275,-5.945072209380794,0.41935483870967744,4.503404228659363,3.9324338876987763,3.8889239990634827,21.032258064516128,84.38709677419355,6.02258064516129,1015.2354838709678,0.11881566220866135,-0.7774361196997095,0.15329995402584906,-0.6571157685677838,0.18419503366894752,-0.67632117380571,0.910829493087558,-0.5057603686635872,3.5511520737327187,-2.860944700460891,-0.08064516129032256,-0.7774361196997095,-0.551599859469607,-1.614924099904833,3.4563443570565555,1.8696453063934608,-0.6571157685677838,-0.4926011853430152,-1.4455585322700522,3.03133373229443,1.630169954070359,-0.67632117380571,-0.4737368264379169,-1.3511603492931687,2.972681246264912,1.598766883766423,219,2019_3
2019,4,6022.2944139,275.17994936,678.5931431089999,254006.66666666666,12.445115792375395,0.023709198238497677,-3.741892194807756,0.0010833571928295846,-6.827690547400743,0.00267155642808194,-5.925094044542864,0.1,1.0731411312653474,0.9359155902312319,0.9211919324773876,24.696666666666665,83.96666666666667,6.2,1012.08,0.02328930023383613,-3.4302630973940156,-0.015275444108929115,-2.9965182974675444,0.019978164837930024,-2.967732066586095,3.6644086021505373,-0.42043010752688303,0.17741935483870996,-3.155483870967714,-0.3193548387096774,-3.4302630973940156,-0.7774361196997095,-0.551599859469607,-1.614924099904833,1.2811187445465781,-2.9965182974675444,-0.6571157685677838,-0.4926011853430152,-1.4455585322700522,1.134297990839605,-2.967732066586095,-0.67632117380571,-0.4737368264379169,-1.3511603492931687,1.0991295517349209,220,2019_4
2019,5,6093.6282583,280.48842126,678.154411093,254006.66666666666,12.445115792375395,0.023990032774599095,-3.7301168359539307,0.0011042561399700797,-6.808583347195123,0.002669829182014908,-5.925740785390023,0.25806451612903225,2.775637536689985,2.4192138038915556,2.38479602266894,25.32903225806452,85.70967741935483,7.57258064516129,1009.4612903225806,0.011775358853825413,1.7024964054246376,0.019107200205620067,1.4832982136603237,-0.0006467408471584335,1.4636040901915526,0.6323655913978534,1.7430107526881642,1.3725806451612899,-2.6187096774194742,0.15806451612903225,1.7024964054246376,-3.4302630973940156,-0.7774361196997095,-0.551599859469607,0.8402558997369183,1.4832982136603237,-2.9965182974675444,-0.6571157685677838,-0.4926011853430152,0.7319076966752336,1.4636040901915526,-2.967732066586095,-0.67632117380571,-0.4737368264379169,0.7195646668340223,221,2019_5
2019,6,6575.791647399999,305.18626865,776.714121845,254006.66666666666,12.445115792375395,0.025888264011705728,-3.6539655399308586,0.0012014892075667305,-6.724193485294402,0.0030578493550497366,-5.790043435262371,0.0,0.0,0.0,0.0,29.166666666666668,83.08333333333333,15.952083333333334,1005.6999999999999,0.07615129602307213,-2.775637536689985,0.08438986190072129,-2.4192138038915556,0.13569735012765172,-2.38479602266894,3.837634408602149,-2.626344086021504,8.379502688172044,-3.761290322580635,-0.25806451612903225,-2.775637536689985,1.7024964054246376,-3.4302630973940156,-0.7774361196997095,3.4563443570565555,-2.4192138038915556,1.4832982136603237,-2.9965182974675444,-0.6571157685677838,3.03133373229443,-2.38479602266894,1.4636040901915526,-2.967732066586095,-0.67632117380571,2.972681246264912,222,2019_6
2019,7,6587.1239969,293.98369973,798.200277179,261123.66666666666,12.472749392734453,0.025226070394104454,-3.679877279783312,0.0011258408840638728,-6.789225070028035,0.0030567902456652084,-5.790389852864807,0.03225806451612903,0.34871278403056966,0.30207575065103415,0.29795065145764044,29.506451612903227,81.35483870967742,10.606451612903227,1004.6258064516129,-0.02591173985245332,0.34871278403056966,-0.06503158473363335,0.30207575065103415,-0.0003464176024357002,0.29795065145764044,0.3397849462365592,-1.7284946236559051,-5.345631720430108,-1.0741935483870293,0.03225806451612903,0.34871278403056966,-2.775637536689985,1.7024964054246376,-3.4302630973940156,-1.614924099904833,0.30207575065103415,-2.4192138038915556,1.4832982136603237,-2.9965182974675444,-1.4455585322700522,0.29795065145764044,-2.38479602266894,1.4636040901915526,-2.967732066586095,-1.3511603492931687,223,2019_7
2019,8,6674.470420600001,294.70968072,811.055966169,261123.66666666666,12.472749392734453,0.025560572527959298,-3.6667042503512355,0.001128621103104404,-6.786758654124159,0.003106022431909019,-5.774412332160337,0.06451612903225806,0.698434651314834,0.6037570788206771,0.5948995333817254,29.03548387096774,82.16129032258064,19.243548387096773,1003.3354838709678,0.013173029432076433,0.3497218672842643,0.0024664159038758626,0.30168132816964294,0.015977520704469228,0.296948881924085,-0.4709677419354854,0.8064516129032171,8.637096774193546,-1.2903225806451246,0.03225806451612903,0.3497218672842643,0.34871278403056966,-2.775637536689985,1.7024964054246376,-0.551599859469607,0.30168132816964294,0.30207575065103415,-2.4192138038915556,1.4832982136603237,-0.4926011853430152,0.296948881924085,0.29795065145764044,-2.38479602266894,1.4636040901915526,-0.4737368264379169,224,2019_8
2019,9,6586.6680149,312.78095434,773.594206762,261123.66666666666,12.472749392734453,0.02522432416402956,-3.67994650540943,0.0011978269083486625,-6.727246273576873,0.002962558762433126,-5.821701937297142,0.23333333333333334,2.5293815853209165,2.2057201172523087,2.1633253288144987,28.743333333333332,73.0,6.638333333333334,1009.5699999999999,-0.01324225505819454,1.8309469340060827,0.059512380547285915,1.6019630384316317,-0.0472896051368048,1.5684257954327734,-0.29215053763440935,-9.16129032258064,-12.60521505376344,6.2345161290321585,0.16881720430107527,1.8309469340060827,0.3497218672842643,0.34871278403056966,-2.775637536689985,-0.7774361196997095,1.6019630384316317,0.30168132816964294,0.30207575065103415,-2.4192138038915556,-0.6571157685677838,1.5684257954327734,0.296948881924085,0.29795065145764044,-2.38479602266894,-0.67632117380571,225,2019_9
2019,10,6574.239165200001,306.39876569999996,760.046746313,270214.3333333333,12.506970750226872,0.024329720352362263,-3.7160566161959485,0.0011339101146867361,-6.7820833407628065,0.002812755107906933,-5.873590810531475,0.16129032258064516,1.7499071461530753,1.5262638373389044,1.4952988082269871,26.596774193548388,73.0,4.830645161290323,1014.7806451612903,-0.03611011078651849,-0.7794744391678412,-0.054837067185933286,-0.6794562799134043,-0.05188887323433278,-0.6680265205875116,-2.1465591397849444,0.0,-1.8076881720430107,5.210645161290358,-0.07204301075268818,-0.7794744391678412,1.8309469340060827,0.3497218672842643,0.34871278403056966,-3.4302630973940156,-0.6794562799134043,1.6019630384316317,0.30168132816964294,0.30207575065103415,-2.9965182974675444,-0.6680265205875116,1.5684257954327734,0.296948881924085,0.29795065145764044,-2.967732066586095,226,2019_10
2019,11,6337.0820294000005,301.18771764999997,706.784050114,270214.3333333333,12.506970750226872,0.023452057302906462,-3.7527970564708024,0.0011146252455766594,-6.799237033187031,0.0026156423361973153,-5.946245576371552,0.26666666666666666,2.8882157443450613,2.533659610786339,2.474915822497624,22.973333333333336,68.8,0.0033333333333333335,1017.11,-0.0367404402748539,1.138308598191986,-0.017153692424224154,1.0073957734474346,-0.07265476584007668,0.9796170142706369,-3.6234408602150516,-4.200000000000003,-4.82731182795699,2.329354838709719,0.1053763440860215,1.138308598191986,-0.7794744391678412,1.8309469340060827,0.3497218672842643,1.7024964054246376,1.0073957734474346,-0.6794562799134043,1.6019630384316317,0.30168132816964294,1.4832982136603237,0.9796170142706369,-0.6680265205875116,1.5684257954327734,0.296948881924085,1.4636040901915526,227,2019_11
2019,12,6806.7390264000005,333.21979181999995,758.038362987,270214.3333333333,12.506970750226872,0.025190147918627562,-3.681302316517846,0.001233168454498466,-6.698168442478561,0.00280532255130927,-5.876236755064393,0.45161290322580644,4.938111453364322,4.326143192057585,4.235802096088235,19.070967741935487,69.51612903225806,0.43870967741935485,1020.2161290322581,0.07149473995295663,2.049895709019261,0.10106859070846941,1.792483581271246,0.0700088213071588,1.7608862735906108,-3.9023655913978494,0.7161290322580669,0.4353763440860215,3.1061290322580817,0.18494623655913978,2.049895709019261,1.138308598191986,-0.7794744391678412,1.8309469340060827,-2.775637536689985,1.792483581271246,1.0073957734474346,-0.6794562799134043,1.6019630384316317,-2.4192138038915556,1.7608862735906108,0.9796170142706369,-0.6680265205875116,1.5684257954327734,-2.38479602266894,228,2019_12
2020,1,4132.2997236,209.06885347,348.09764749699997,237178.66666666666,12.376569003893518,0.017422729378134067,-4.049979639111401,0.0008814825397590565,-7.033905363742761,0.001467660023513919,-6.524085967223064,0.7741935483870968,8.189983803412032,7.151631880473553,7.251117092300031,18.561290322580643,75.70967741935483,0.485483870967742,1019.3612903225807,-0.3686773225935549,3.2518723500477096,-0.33573692126419985,2.825488688415968,-0.647849212158671,3.0153149962117967,-0.5096774193548441,6.193548387096769,0.04677419354838713,-0.8548387096774377,0.3225806451612903,3.2518723500477096,2.049895709019261,1.138308598191986,-0.7794744391678412,0.34871278403056966,2.825488688415968,1.792483581271246,1.0073957734474346,-0.6794562799134043,0.30207575065103415,3.0153149962117967,1.7608862735906108,0.9796170142706369,-0.6680265205875116,0.29795065145764044,229,2020_1
2020,2,3193.7005385,150.687887694,292.866673526,237178.66666666666,12.376569003893518,0.013465378583093478,-4.3076334370281595,0.0006353349135981876,-7.36135827512093,0.0012347934898276406,-6.696851537598596,0.6206896551724138,6.288702387464911,5.541651080021944,5.562694541720042,18.46896551724138,78.34482758620689,2.7603448275862066,1020.9793103448276,-0.2576537979167588,-1.9012814159471212,-0.32745291137816857,-1.6099808004516092,-0.17276557037553264,-1.6884225505799897,-0.09232480533926335,2.635150166852057,2.2748609566184648,1.6180200222469239,-0.15350389321468294,-1.9012814159471212,3.2518723500477096,2.049895709019261,1.138308598191986,0.3497218672842643,-1.6099808004516092,2.825488688415968,1.792483581271246,1.0073957734474346,0.30168132816964294,-1.6884225505799897,3.0153149962117967,1.7608862735906108,0.9796170142706369,0.296948881924085,230,2020_2
2020,3,4140.3078604,224.47026211,368.554244056,237178.66666666666,12.376569003893518,0.017456493531177623,-4.048043577423447,0.0009464184332626881,-6.962825768246868,0.001553909756032021,-6.466981100774395,0.3870967741935484,4.101160400594119,3.5952487558499198,3.6760903782606853,21.296774193548387,84.48387096774194,1.3516129032258066,1015.2709677419356,0.2595898596047128,-2.1875419868707917,0.3985325068740613,-1.9464023241720239,0.22987043682420172,-1.8866041634593564,2.827808676307008,6.139043381535046,-1.4087319243604,-5.708342602892003,-0.23359288097886544,-2.1875419868707917,-1.9012814159471212,3.2518723500477096,2.049895709019261,1.8309469340060827,-1.9464023241720239,-1.6099808004516092,2.825488688415968,1.792483581271246,1.6019630384316317,-1.8866041634593564,-1.6884225505799897,3.0153149962117967,1.7608862735906108,1.5684257954327734,231,2020_3
2020,4,4346.5092047,228.34961275,381.512944006,230069.33333333334,12.346135991753991,0.018892171076110388,-3.969007671510208,0.0009925252072563633,-6.915258147986037,0.0016582520515815522,-6.401991212362599,0.23333333333333334,2.492578921010886,2.183896301551932,2.2183235341447904,22.02,77.83333333333333,2.5966666666666667,1016.2933333333333,0.07903590591323884,-1.6085814795832327,0.047567620260831056,-1.4113524542979876,0.06498988841179543,-1.4577668441158949,0.7232258064516124,-6.650537634408607,1.24505376344086,1.0223655913977154,-0.15376344086021504,-1.6085814795832327,-2.1875419868707917,-1.9012814159471212,3.2518723500477096,-0.7794744391678412,-1.4113524542979876,-1.9464023241720239,-1.6099808004516092,2.825488688415968,-0.6794562799134043,-1.4577668441158949,-1.8866041634593564,-1.6884225505799897,3.0153149962117967,-0.6680265205875116,232,2020_4
2020,5,4786.2461127999995,240.4950048,446.56811834999996,230069.33333333334,12.346135991753991,0.020803494509481196,-3.8726343011226496,0.0010453153460985673,-6.863436672486246,0.0019410153968803605,-6.2445440423793475,0.03225806451612903,0.34821150041419324,0.3034309840867211,0.3081787875026413,27.729032258064517,83.03225806451613,11.375806451612904,1008.6193548387097,0.09637337038755822,-2.144367420596693,0.05182147549979099,-1.880465317465211,0.1574471699832518,-1.910144746642149,5.709032258064518,5.1989247311827995,8.779139784946238,-7.673978494623611,-0.2010752688172043,-2.144367420596693,-1.6085814795832327,-2.1875419868707917,-1.9012814159471212,1.138308598191986,-1.880465317465211,-1.4113524542979876,-1.9464023241720239,-1.6099808004516092,1.0073957734474346,-1.910144746642149,-1.4577668441158949,-1.8866041634593564,-1.6884225505799897,0.9796170142706369,233,2020_5
2020,6,4865.3125288,260.78982286,433.79603611500005,230069.33333333334,12.346135991753991,0.02114715793847652,-3.856249758950542,0.0011335270941223515,-6.782421185238975,0.001885501339226726,-6.273561530989411,0.03571428571428571,0.38656300109856195,0.3366540585045255,0.3440847955223723,29.75714285714286,77.75,8.905357142857143,1007.7035714285714,0.016384542172107608,0.03835150068436871,0.0810154872472717,0.03322307441780442,-0.029017488610063147,0.035906008019730984,2.0281105990783423,-5.282258064516128,-2.470449308755761,-0.9157834101382605,0.003456221198156681,0.03835150068436871,-2.144367420596693,-1.6085814795832327,-2.1875419868707917,2.049895709019261,0.03322307441780442,-1.880465317465211,-1.4113524542979876,-1.9464023241720239,1.792483581271246,0.035906008019730984,-1.910144746642149,-1.4577668441158949,-1.8866041634593564,1.7608862735906108,234,2020_6
2020,7,5131.969894,257.14892835,488.038891734,250598.66666666666,12.431608000865971,0.020478839581482212,-3.8883631414765674,0.0010261384538491826,-6.881952596065745,0.001947491972825075,-6.241212902012165,0.03225806451612903,0.3508207319533577,0.30328966028046045,0.3102308527032893,30.23548387096774,76.48387096774194,4.05,1007.316129032258,-0.03211338252602536,-0.03574226914520423,-0.09953141082677064,-0.03336439822406506,0.03234862897724522,-0.033853942819082994,0.47834101382488114,-1.266129032258064,-4.855357142857144,-0.3874423963134177,-0.003456221198156681,-0.03574226914520423,0.03835150068436871,-2.144367420596693,-1.6085814795832327,3.2518723500477096,-0.03336439822406506,0.03322307441780442,-1.880465317465211,-1.4113524542979876,2.825488688415968,-0.033853942819082994,0.035906008019730984,-1.910144746642149,-1.4577668441158949,3.0153149962117967,235,2020_7
2020,8,4919.8099606999995,250.82984839,444.53551590300003,250598.66666666666,12.431608000865971,0.019632227202725207,-3.9305828179995994,0.0010009225177707783,-6.906833186469359,0.0017738941783529045,-6.334578048309759,0.03225806451612903,0.34933105051888197,0.30295302862348394,0.30937527443933505,29.019354838709678,81.51612903225806,14.46774193548387,1006.2612903225806,-0.042219676523032046,-0.0014896814344757536,-0.024880590403613567,-0.0003366316569765049,-0.09336514629759396,-0.0008555782639542708,-1.2161290322580633,5.032258064516128,10.417741935483871,-1.0548387096773695,0.0,-0.0014896814344757536,-0.03574226914520423,0.03835150068436871,-2.144367420596693,-1.9012814159471212,-0.0003366316569765049,-0.03336439822406506,0.03322307441780442,-1.880465317465211,-1.6099808004516092,-0.0008555782639542708,-0.033853942819082994,0.035906008019730984,-1.910144746642149,-1.6884225505799897,236,2020_8
2020,9,4979.0278385,276.85669272,429.385313981,250598.66666666666,12.431608000865971,0.019868532840690827,-3.91861806305645,0.00110478118819467,-6.8081079833542475,0.0017134381427182375,-6.369253317261406,0.0,0.0,0.0,0.0,28.413333333333334,83.53333333333333,23.628333333333334,1009.1066666666667,0.011964754943149192,-0.34933105051888197,0.09872520311511135,-0.30295302862348394,-0.03467526895164674,-0.30937527443933505,-0.6060215053763436,2.0172043010752674,9.160591397849464,2.8453763440860484,-0.03225806451612903,-0.34933105051888197,-0.0014896814344757536,-0.03574226914520423,0.03835150068436871,-2.1875419868707917,-0.30295302862348394,-0.0003366316569765049,-0.03336439822406506,0.03322307441780442,-1.9464023241720239,-0.30937527443933505,-0.0008555782639542708,-0.033853942819082994,0.035906008019730984,-1.8866041634593564,237,2020_9
2020,10,4788.452939,263.78016673,385.26468851,260642.66666666666,12.470905655009235,0.018371715576114424,-3.9969429940169157,0.0010120375535727076,-6.8957896005319315,0.0014781336203972745,-6.516975054319739,0.41935483870967744,4.545482416201859,3.9820003890178084,4.058017050056477,25.593548387096774,71.54838709677419,4.6016129032258055,1013.2225806451613,-0.07832493096046544,4.545482416201859,-0.08768161717768397,3.9820003890178084,-0.14772173705833325,4.058017050056477,-2.8197849462365596,-11.98494623655914,-19.026720430107527,4.115913978494632,0.41935483870967744,4.545482416201859,-0.34933105051888197,-0.0014896814344757536,-0.03574226914520423,-1.6085814795832327,3.9820003890178084,-0.30295302862348394,-0.0003366316569765049,-0.03336439822406506,-1.4113524542979876,4.058017050056477,-0.30937527443933505,-0.0008555782639542708,-0.033853942819082994,-1.4577668441158949,238,2020_10
2020,11,4997.9747807,273.10961266000004,415.111904044,260642.66666666666,12.470905655009235,0.019175581820960498,-3.9541175895054184,0.0010478315624712251,-6.8610324288333855,0.0015926475482806602,-6.442357522828309,0.5,5.450727271633059,4.779061664559025,4.865962010062533,23.509999999999998,71.46666666666667,0.17833333333333334,1017.65,0.0428254045114973,0.9052448554311994,0.034757171698545974,0.7970612755412168,0.07461753149143036,0.807944960006056,-2.0835483870967764,-0.08172043010752361,-4.423279569892472,4.427419354838662,0.08064516129032256,0.9052448554311994,4.545482416201859,-0.34933105051888197,-0.0014896814344757536,-2.144367420596693,0.7970612755412168,3.9820003890178084,-0.30295302862348394,-0.0003366316569765049,-1.880465317465211,0.807944960006056,4.058017050056477,-0.30937527443933505,-0.0008555782639542708,-1.910144746642149,239,2020_11
2020,12,5328.388624,304.4133073,446.268022686,260642.66666666666,12.470905655009235,0.020443270828004626,-3.8901015055090573,0.0011679335206054777,-6.752519313485783,0.001712183305954001,-6.369985935759488,0.6774193548387096,7.448754725065378,6.584416680074339,6.686843504865886,18.10967741935484,68.87096774193549,0.056451612903225805,1019.6612903225806,0.06401608399636105,1.9980274534323188,0.10851311534760288,1.805355015515314,0.07237158706882063,1.820881494803353,-5.40032258064516,-2.595698924731181,-0.12188172043010753,2.011290322580635,0.17741935483870963,1.9980274534323188,0.9052448554311994,4.545482416201859,-0.34933105051888197,0.03835150068436871,1.805355015515314,0.7970612755412168,3.9820003890178084,-0.30295302862348394,0.03322307441780442,1.820881494803353,0.807944960006056,4.058017050056477,-0.30937527443933505,0.035906008019730984,240,2020_12
2021,1,4316.7747657,209.54314145,368.051118208,256721.33333333334,12.45574646949623,0.016815021602022424,-4.0854826491031035,0.0008162280038407404,-7.110816825558183,0.0014336600446450366,-6.547524632800234,0.6774193548387096,7.288747745625262,6.2942608569910545,6.443516586204824,16.20967741935484,61.806451612903224,0.0016129032258064516,1020.3451612903226,-0.19538114359404624,-0.16000697944011577,-0.3582975120724008,-0.2901558230832846,-0.17753869704074532,-0.2433269186610616,-1.8999999999999986,-7.064516129032263,-0.054838709677419356,0.6838709677419956,0.0,-0.16000697944011577,1.9980274534323188,0.9052448554311994,4.545482416201859,-0.03574226914520423,-0.2901558230832846,1.805355015515314,0.7970612755412168,3.9820003890178084,-0.03336439822406506,-0.2433269186610616,1.820881494803353,0.807944960006056,4.058017050056477,-0.033853942819082994,241,2021_1
2021,2,3396.6292368,178.58793566999998,299.078149288,256721.33333333334,12.45574646949623,0.013230802414031297,-4.325207651596116,0.0006956489877610482,-7.270665352775487,0.00116499141463896,-6.755041561400246,0.42857142857142855,4.457521317798782,3.9005336198833302,3.9805986953815182,19.75357142857143,75.46428571428571,2.2232142857142856,1017.275,-0.23972500249301287,-2.83122642782648,-0.1598485272173038,-2.3937272371077243,-0.20751692860001203,-2.462917890823306,3.54389400921659,13.657834101382484,2.2216013824884793,-3.0701612903226305,-0.24884792626728108,-2.83122642782648,-0.16000697944011577,1.9980274534323188,0.9052448554311994,-0.0014896814344757536,-2.3937272371077243,-0.2901558230832846,1.805355015515314,0.7970612755412168,-0.0003366316569765049,-2.462917890823306,-0.2433269186610616,1.820881494803353,0.807944960006056,-0.0008555782639542708,242,2021_2
2021,3,4499.2483479,236.64383859999998,394.076992262,256721.33333333334,12.45574646949623,0.017525806248669114,-4.044080841489518,0.0009217926516949636,-6.989190249400936,0.0015350379617665847,-6.479200167456214,0.2903225806451613,3.1424547526269206,2.7275117575822274,2.800422917661644,21.993548387096773,78.7741935483871,0.12580645161290321,1015.5999999999999,0.28112681010659823,-1.3150665651718612,0.28147510337455106,-1.1730218623011028,0.27584139394403184,-1.180175777719874,2.239976958525343,3.309907834101395,-2.097407834101382,-1.6750000000000682,-0.13824884792626724,-1.3150665651718612,-2.83122642782648,-0.16000697944011577,1.9980274534323188,-0.34933105051888197,-1.1730218623011028,-2.3937272371077243,-0.2901558230832846,1.805355015515314,-0.30295302862348394,-1.180175777719874,-2.462917890823306,-0.2433269186610616,1.820881494803353,-0.30937527443933505,243,2021_3
2021,4,4505.5658052,236.41969677,394.021832648,247521.0,12.419250705876301,0.01820276180687699,-4.006181948781291,0.0009551500550256342,-6.953642104145199,0.001591872336682544,-6.442844385301418,0.03333333333333333,0.3611766842876454,0.3141793163639291,0.32115734644058125,24.136666666666667,78.76666666666667,1.09,1013.69,0.03789889270822755,-2.781278068339275,0.03554814525573757,-2.4133324412182984,0.03635578215479551,-2.479265571221063,2.1431182795698938,-0.007526881720437473,0.9641935483870969,-1.9099999999998545,-0.256989247311828,-2.781278068339275,-1.3150665651718612,-2.83122642782648,-0.16000697944011577,4.545482416201859,-2.4133324412182984,-1.1730218623011028,-2.3937272371077243,-0.2901558230832846,3.9820003890178084,-2.479265571221063,-1.180175777719874,-2.462917890823306,-0.2433269186610616,4.058017050056477,244,2021_4
2021,5,4820.7241864,244.65445917,450.999228936,247521.0,12.419250705876301,0.019476020969533898,-3.9385712639763977,0.0009884189994788322,-6.919403861575208,0.0018220645073993723,-6.30778507605136,0.0,0.0,0.0,0.0,28.98709677419355,78.19354838709677,2.108064516129032,1009.441935483871,0.06761068480489296,-0.3611766842876454,0.03423824256999097,-0.3141793163639291,0.1350593092500585,-0.32115734644058125,4.850430107526883,-0.573118279569897,1.018064516129032,-4.248064516129034,-0.03333333333333333,-0.3611766842876454,-2.781278068339275,-1.3150665651718612,-2.83122642782648,0.9052448554311994,-0.3141793163639291,-2.4133324412182984,-1.1730218623011028,-2.3937272371077243,0.7970612755412168,-0.32115734644058125,-2.479265571221063,-1.180175777719874,-2.462917890823306,0.807944960006056,245,2021_5
2021,6,4537.3919625,248.35578296,411.89411407200004,247521.0,12.419250705876301,0.018331341431636103,-3.999143037504011,0.0010033725742866263,-6.904388379069584,0.0016640774482649958,-6.398484394237749,0.03333333333333333,0.36138430108313874,0.3146834860233175,0.32420290091929355,28.759999999999998,82.3,20.939999999999998,1005.9533333333333,-0.06057177352761345,0.36138430108313874,0.0150154825056239,0.3146834860233175,-0.0906993181863891,0.32420290091929355,-0.22709677419355145,4.1064516129032285,18.831935483870964,-3.4886021505377585,0.03333333333333333,0.36138430108313874,-0.3611766842876454,-2.781278068339275,-1.3150665651718612,1.9980274534323188,0.3146834860233175,-0.3141793163639291,-2.4133324412182984,-1.1730218623011028,1.805355015515314,0.32420290091929355,-0.32115734644058125,-2.479265571221063,-1.180175777719874,1.820881494803353,246,2021_6
2021,7,4603.9674304,236.28873817,430.98327036700005,264509.6666666667,12.485633076556587,0.017405667960717252,-4.050959380936187,0.0008933085174076813,-7.020578552534578,0.0016293668046170966,-6.419563803060022,0.0,0.0,0.0,0.0,29.700000000000003,80.12903225806451,12.251612903225807,1004.6774193548387,-0.051816343432176115,-0.36138430108313874,-0.11619017346499394,-0.3146834860233175,-0.021079408822273216,-0.32420290091929355,0.9400000000000048,-2.1709677419354847,-8.688387096774191,-1.2759139784946,-0.03333333333333333,-0.36138430108313874,0.36138430108313874,-0.3611766842876454,-2.781278068339275,-0.16000697944011577,-0.3146834860233175,0.3146834860233175,-0.3141793163639291,-2.4133324412182984,-0.2901558230832846,-0.32420290091929355,0.32420290091929355,-0.32115734644058125,-2.479265571221063,-0.2433269186610616,247,2021_7
2021,8,4545.3063727,235.03624154,421.767664243,264509.6666666667,12.485633076556587,0.017183895129352547,-4.063782663482002,0.0008885733534880262,-7.0258933549838565,0.0015945264668701458,-6.441178472799525,0.06451612903225806,0.6984778674972999,0.6042264270066062,0.6221325900534976,28.758064516129032,82.64516129032258,11.312903225806451,1006.3870967741935,-0.01282328254581433,0.6984778674972999,-0.005314802449278844,0.6042264270066062,-0.021614669739502546,0.6221325900534976,-0.9419354838709708,2.516129032258064,-0.9387096774193555,1.7096774193548754,0.06451612903225806,0.6984778674972999,-0.36138430108313874,0.36138430108313874,-0.3611766842876454,-2.83122642782648,0.6042264270066062,-0.3146834860233175,0.3146834860233175,-0.3141793163639291,-2.3937272371077243,0.6221325900534976,-0.32420290091929355,0.32420290091929355,-0.32115734644058125,-2.462917890823306,248,2021_8
2021,9,4536.330562,251.75492307999997,404.480235429,264509.6666666667,12.485633076556587,0.01714996135742991,-4.0657593585838105,0.0009517796693504583,-6.957176989717144,0.0015291699563431203,-6.483030202984818,0.03333333333333333,0.361320080055721,0.31449014860448693,0.3238773344336129,29.746666666666666,78.13333333333334,4.325,1009.61,-0.0019766951018089784,-0.33715778744157887,0.06871636526671221,-0.2897362784021193,-0.04185173018529298,-0.29825525561988475,0.9886021505376341,-4.5118279569892366,-6.987903225806451,3.2229032258064763,-0.03118279569892473,-0.33715778744157887,0.6984778674972999,-0.36138430108313874,0.36138430108313874,-1.3150665651718612,-0.2897362784021193,0.6042264270066062,-0.3146834860233175,0.3146834860233175,-1.1730218623011028,-0.29825525561988475,0.6221325900534976,-0.32420290091929355,0.32420290091929355,-1.180175777719874,249,2021_9
2021,10,4348.9835334,241.01845801,369.579264479,272893.0,12.516835055946052,0.015936588821992503,-4.139137629651282,0.0008831976562608788,-7.031961536135093,0.0013543010061782457,-6.604469820352441,0.41935483870967744,4.522128458969595,3.9343854897608517,4.058486076324327,26.02258064516129,76.29032258064517,20.36774193548387,1012.7903225806451,-0.07337827106747152,4.160808378913874,-0.0747845464179484,3.6198953411563646,-0.12143961736762332,3.734608741890714,-3.724086021505375,-1.8430107526881727,16.04274193548387,3.180322580645111,0.3860215053763441,4.160808378913874,-0.33715778744157887,0.6984778674972999,-0.36138430108313874,-2.781278068339275,3.6198953411563646,-0.2897362784021193,0.6042264270066062,-0.3146834860233175,-2.4133324412182984,3.734608741890714,-0.29825525561988475,0.6221325900534976,-0.32420290091929355,-2.479265571221063,250,2021_10
2021,11,4409.3950212,242.04688766,380.36994872900004,272893.0,12.516835055946052,0.016157963088829688,-4.1253422803170245,0.0008869662749136109,-7.027703597895444,0.0013938428201859339,-6.575690727530534,0.36666666666666664,3.9638760063775997,3.4544568608937642,3.555499367674883,22.4,67.33333333333333,0.2033333333333333,1016.8666666666667,0.013795349334257523,-0.5582524525919954,0.004257938239648595,-0.4799286288670874,0.028779092821906715,-0.5029867086494435,-3.6225806451612925,-8.956989247311839,-20.164408602150537,4.07634408602155,-0.052688172043010795,-0.5582524525919954,4.160808378913874,-0.33715778744157887,0.6984778674972999,-0.3611766842876454,-0.4799286288670874,3.6198953411563646,-0.2897362784021193,0.6042264270066062,-0.3141793163639291,-0.5029867086494435,3.734608741890714,-0.29825525561988475,0.6221325900534976,-0.32115734644058125,251,2021_11
2021,12,4629.6827772999995,249.64989697,414.698181439,272893.0,12.516835055946052,0.01696519433367657,-4.076591425835037,0.0009148270456552568,-6.996775531697296,0.001519636566122986,-6.489284073948087,0.4838709677419355,5.2648814308987175,4.584948840940316,4.7241184344210145,18.883870967741935,68.48387096774194,0.6370967741935484,1020.7967741935485,0.04875085448198746,1.3010054245211178,0.030928066198147697,1.130491980046552,0.08640665358244703,1.1686190667461314,-3.516129032258064,1.1505376344086073,0.43376344086021507,3.930107526881784,0.11720430107526886,1.3010054245211178,-0.5582524525919954,4.160808378913874,-0.33715778744157887,0.36138430108313874,1.130491980046552,-0.4799286288670874,3.6198953411563646,-0.2897362784021193,0.3146834860233175,1.1686190667461314,-0.5029867086494435,3.734608741890714,-0.29825525561988475,0.32420290091929355,252,2021_12
2022,1,4082.2030574,223.76993211,343.949763472,246518.66666666666,12.41519299644021,0.01655940749882362,-4.100800909721654,0.0009077200324654253,-7.00457456119695,0.0013952280698364965,-6.574697386149773,0.45161290322580644,4.837805870769297,4.166163918822265,4.30868026285781,18.009677419354837,78.0,0.14193548387096774,1018.7838709677419,-0.024209483886616923,-0.4270755601294205,-0.00779902949965372,-0.41878492211805085,-0.0854133122016858,-0.4154381715632045,-0.8741935483870975,9.516129032258064,-0.4951612903225806,-2.0129032258065536,-0.03225806451612906,-0.4270755601294205,1.3010054245211178,-0.5582524525919954,4.160808378913874,-0.36138430108313874,-0.41878492211805085,1.130491980046552,-0.4799286288670874,3.6198953411563646,-0.3146834860233175,-0.4154381715632045,1.1686190667461314,-0.5029867086494435,3.734608741890714,-0.32420290091929355,253,2022_1
2022,2,3524.6228998,191.71056101,302.543321558,246518.66666666666,12.41519299644021,0.014297590310132027,-4.247664265696621,0.0007776715800155769,-7.159206256565447,0.0012272633372915642,-6.702968517461156,0.6785714285714286,7.12148731500795,6.165431827160765,6.344451545209547,15.239285714285714,80.75,6.0232142857142845,1019.3392857142857,-0.14686335597496658,2.2836814442386526,-0.1546316953684972,1.9992679083384992,-0.1282711313113829,2.035771282351737,-2.770391705069123,2.75,5.881278801843317,0.5554147465437609,0.22695852534562216,2.2836814442386526,-0.4270755601294205,1.3010054245211178,-0.5582524525919954,0.6984778674972999,1.9992679083384992,-0.41878492211805085,1.130491980046552,-0.4799286288670874,0.6042264270066062,2.035771282351737,-0.4154381715632045,1.1686190667461314,-0.5029867086494435,0.6221325900534976,254,2022_2
2022,3,4193.6484736,238.54660733999998,362.567027527,246518.66666666666,12.41519299644021,0.0170114844863675,-4.073866604990906,0.0009676614374300256,-6.940628286587193,0.0014707487770784092,-6.521983635715272,0.5161290322580645,5.556823420059496,4.818397604031581,4.952659013805952,21.493548387096773,78.93548387096774,3.0016129032258063,1014.0225806451613,0.17379766070571456,-1.5646638949484535,0.21857796997825396,-1.3470342231291834,0.1809848817458839,-1.3917925314035955,6.254262672811059,-1.8145161290322562,-3.021601382488478,-5.316705069124396,-0.1624423963133641,-1.5646638949484535,2.2836814442386526,-0.4270755601294205,1.3010054245211178,-0.33715778744157887,-1.3470342231291834,1.9992679083384992,-0.41878492211805085,1.130491980046552,-0.2897362784021193,-1.3917925314035955,2.035771282351737,-0.4154381715632045,1.1686190667461314,-0.29825525561988475,255,2022_3
2022,4,4193.6252462,241.96518705,366.963689779,243926.66666666666,12.404622912654116,0.017192155755281643,-4.063302059929498,0.0009919587323375877,-6.915829052010866,0.0015044016908592746,-6.499360007426106,0.1,1.0766407380654688,0.9351880905632767,0.960146825821351,23.706666666666667,73.36666666666666,0.125,1013.88,0.010564545061408026,-4.480182681994028,0.024799234576327045,-3.8832095134683047,0.022623628289165865,-3.992512187984601,2.213118279569894,-5.568817204301084,-2.8766129032258063,-0.14258064516127433,-0.4161290322580645,-4.480182681994028,-1.5646638949484535,2.2836814442386526,-0.4270755601294205,4.160808378913874,-3.8832095134683047,-1.3470342231291834,1.9992679083384992,-0.41878492211805085,3.6198953411563646,-3.992512187984601,-1.3917925314035955,2.035771282351737,-0.4154381715632045,3.734608741890714,256,2022_4
2022,5,4006.8530107,235.74798056999998,328.27617579,243926.66666666666,12.404622912654116,0.016426465648282273,-4.108861485820338,0.0009664707175790538,-6.94185955715815,0.0013457986380742849,-6.61076765919282,0.0967741935483871,1.0362219425420778,0.9016071674158591,0.9275636201053771,25.029032258064515,80.64516129032258,14.088709677419354,1009.7096774193549,-0.04555942589083983,-0.040418795523391005,-0.026030505147283556,-0.03358092314741756,-0.11140765176671419,-0.03258320571597395,1.3223655913978476,7.2784946236559165,13.963709677419354,-4.17032258064512,-0.0032258064516129115,-0.040418795523391005,-4.480182681994028,-1.5646638949484535,2.2836814442386526,-0.5582524525919954,-0.03358092314741756,-3.8832095134683047,-1.3470342231291834,1.9992679083384992,-0.4799286288670874,-0.03258320571597395,-3.992512187984601,-1.3917925314035955,2.035771282351737,-0.5029867086494435,257,2022_5
2022,6,4033.4121791999996,227.84747907,338.806680954,243926.66666666666,12.404622912654116,0.016535347423542592,-4.102254921366481,0.0009340818787203804,-6.975946458994898,0.001388969420948919,-6.579193230607833,0.0,0.0,0.0,0.0,28.646666666666665,81.3,11.645000000000001,1006.49,0.006606564453856656,-1.0362219425420778,-0.034086901836747785,-0.9016071674158591,0.031574428584987047,-0.9275636201053771,3.61763440860215,0.6548387096774206,-2.4437096774193527,-3.2196774193548663,-0.0967741935483871,-1.0362219425420778,-0.040418795523391005,-4.480182681994028,-1.5646638949484535,1.3010054245211178,-0.9016071674158591,-0.03358092314741756,-3.8832095134683047,-1.3470342231291834,1.130491980046552,-0.9275636201053771,-0.03258320571597395,-3.992512187984601,-1.3917925314035955,1.1686190667461314,258,2022_6
2022,7,4430.2926830999995,243.18725659999998,416.19233720899996,251658.33333333334,12.435827626432037,0.01760439491281168,-4.039606697155413,0.0009663389778469484,-6.941995876561577,0.0016537991478221131,-6.404680123961071,0.0,0.0,0.0,0.0,30.274193548387096,76.93548387096774,5.119354838709678,1006.0,0.06264822421106775,0.0,0.03395058243332105,0.0,0.17451310664676267,0.0,1.6275268817204314,-4.364516129032253,-6.525645161290323,-0.4900000000000091,0.0,0.0,-1.0362219425420778,-0.040418795523391005,-4.480182681994028,-0.4270755601294205,0.0,-0.9016071674158591,-0.03358092314741756,-3.8832095134683047,-0.41878492211805085,0.0,-0.9275636201053771,-0.03258320571597395,-3.992512187984601,-0.4154381715632045,259,2022_7
2022,8,4560.2532877,246.81899296,442.250075646,251658.33333333334,12.435827626432037,0.01812081176608497,-4.010694179917956,0.0009807701962051723,-6.927172380473665,0.001757343258966191,-6.343952122344107,0.03225806451612903,0.3502635260423204,0.3009289885894936,0.30953759870681674,28.84193548387097,82.3225806451613,19.83225806451613,1006.7774193548387,0.028912517237457358,0.3502635260423204,0.014823496087911892,0.3009289885894936,0.06072800161696357,0.30953759870681674,-1.4322580645161267,5.387096774193552,14.71290322580645,0.7774193548386847,0.03225806451612903,0.3502635260423204,0.0,-1.0362219425420778,-0.040418795523391005,2.2836814442386526,0.3009289885894936,0.0,-0.9016071674158591,-0.03358092314741756,1.9992679083384992,0.30953759870681674,0.0,-0.9275636201053771,-0.03258320571597395,2.035771282351737,260,2022_8
2022,9,4517.2460361,252.14210649,427.060405193,251658.33333333334,12.435827626432037,0.017949916365839928,-4.020169823343387,0.0010019223410973872,-6.905834783217869,0.0016969849539110566,-6.378902159056297,0.06666666666666667,0.7239057685262841,0.6254376555422339,0.6404129134166207,29.553333333333335,68.63333333333334,5.715,1008.4366666666666,-0.00947564342543128,0.37364224248396366,0.02133759725579587,0.3245086669527403,-0.03495003671218999,0.3308753147098039,0.7113978494623652,-13.689247311827955,-14.117258064516129,1.6592473118279258,0.034408602150537634,0.37364224248396366,0.3502635260423204,0.0,-1.0362219425420778,-1.5646638949484535,0.3245086669527403,0.3009289885894936,0.0,-0.9016071674158591,-1.3470342231291834,0.3308753147098039,0.30953759870681674,0.0,-0.9275636201053771,-1.3917925314035955,261,2022_9
2022,10,4098.0512488,242.98938606999997,349.497104929,261153.33333333334,12.472862997839401,0.01569212690679805,-4.154596163311043,0.0009304471934878614,-6.979845234177077,0.0013382831475595434,-6.616367719664796,0.3548387096774194,3.814103838226664,3.329281382147554,3.3922169098082144,26.187096774193545,64.64516129032258,1.6193548387096772,1014.3516129032258,-0.1344263399676553,3.0901980697003797,-0.07401045095920811,2.70384372660532,-0.23746556060849855,2.751803996391594,-3.3662365591397894,-3.9881720430107634,-4.095645161290323,5.914946236559217,0.2881720430107527,3.0901980697003797,0.37364224248396366,0.3502635260423204,0.0,-4.480182681994028,2.70384372660532,0.3245086669527403,0.3009289885894936,0.0,-3.8832095134683047,2.751803996391594,0.3308753147098039,0.30953759870681674,0.0,-3.992512187984601,262,2022_10
2022,11,4188.5892474,248.30290696999998,360.434001546,261153.33333333334,12.472862997839401,0.016038812118295765,-4.132743736749015,0.0009507935579480763,-6.958213597902875,0.0013801623626451892,-6.585554132643007,0.43333333333333335,4.668618879038192,4.070030382200246,4.174514426433376,23.4,82.66666666666667,4.363333333333333,1014.8433333333334,0.02185242656202746,0.8545150408115281,0.021631636274201504,0.7407490000526917,0.030813587021788713,0.7822975166251616,-2.7870967741935466,18.021505376344095,2.743978494623656,0.4917204301075344,0.07849462365591398,0.8545150408115281,3.0901980697003797,0.37364224248396366,0.3502635260423204,-0.040418795523391005,0.7407490000526917,2.70384372660532,0.3245086669527403,0.3009289885894936,-0.03358092314741756,0.7822975166251616,2.751803996391594,0.3308753147098039,0.30953759870681674,-0.03258320571597395,263,2022_11
2022,12,4261.2026352,246.9716039,371.459415999,261153.33333333334,12.472862997839401,0.0163168609828198,-4.115556289685204,0.0009456957747683353,-6.9635896317879,0.00142238052740025,-6.5554233832587965,0.8387096774193549,9.05687488483637,7.897678172326938,8.084747123963371,16.612903225806452,64.0,0.8387096774193548,1020.0451612903227,0.01718744706381159,4.388256005798178,-0.0053760338850246114,3.827647790126692,0.030130749384210453,3.9102326975299952,-6.787096774193547,-18.66666666666667,-3.5246236559139783,5.201827956989291,0.4053763440860215,4.388256005798178,0.8545150408115281,3.0901980697003797,0.37364224248396366,-1.0362219425420778,3.827647790126692,0.7407490000526917,2.70384372660532,0.3245086669527403,-0.9016071674158591,3.9102326975299952,0.7822975166251616,2.751803996391594,0.3308753147098039,-0.9275636201053771,264,2022_12
2023,1,3763.2690485000003,211.12321896,269.682547425,253070.0,12.441421409282746,0.014870466860947566,-4.20837812283967,0.000834248306634528,-7.088979470140631,0.0010656440803927768,-6.844175892298766,0.7741935483870968,8.19023373461938,7.1141132948028085,7.396530846076361,17.0258064516129,67.29032258064517,0.5983870967741935,1020.2483870967742,-0.09282183315446613,-0.8666411502169904,-0.12538983835273054,-0.7835648775241291,-0.28875250903996985,-0.68821627788701,0.4129032258064491,3.2903225806451672,-0.2403225806451612,0.20322580645154176,-0.06451612903225812,-0.8666411502169904,4.388256005798178,0.8545150408115281,3.0901980697003797,0.0,-0.7835648775241291,3.827647790126692,0.7407490000526917,2.70384372660532,0.0,-0.68821627788701,3.9102326975299952,0.7822975166251616,2.751803996391594,0.0,265,2023_1
2023,2,3883.8853246,211.65283052,279.686282242,253070.0,12.441421409282746,0.01534707916623859,-4.176830105384644,0.0008363410539376458,-7.086474068816767,0.0011051735971944522,-6.807752854818133,0.25,2.6577418654503946,2.29630858410958,2.40355290263722,18.849999999999998,73.17857142857143,0.06785714285714287,1019.2464285714286,0.03154801745502578,-5.532491869168985,0.0025054013238632322,-4.8178047106932285,0.036423037480632914,-4.992977943439142,1.8241935483870968,5.888248847926263,-0.5305299539170507,-1.0019585253455716,-0.5241935483870968,-5.532491869168985,-0.8666411502169904,4.388256005798178,0.8545150408115281,0.3502635260423204,-4.8178047106932285,-0.7835648775241291,3.827647790126692,0.7407490000526917,0.3009289885894936,-4.992977943439142,-0.68821627788701,3.9102326975299952,0.7822975166251616,0.30953759870681674,266,2023_2
2023,3,4514.2439199,252.84852443,326.254336491,253070.0,12.441421409282746,0.017837925948946932,-4.0264284170559135,0.0009991248446279686,-6.908630817526204,0.0012891861401628007,-6.653744158807743,0.03225806451612903,0.3509410192867552,0.303873465043078,0.31446828289837947,21.270967741935483,75.87096774193549,2.2758064516129033,1016.9645161290323,0.15040168832873047,-2.3068008461636396,0.17784325129056366,-1.992435119066502,0.1540086960103908,-2.0890846197388404,2.4209677419354847,2.692396313364057,2.2079493087557602,-2.281912442396333,-0.21774193548387097,-2.3068008461636396,-5.532491869168985,-0.8666411502169904,4.388256005798178,0.37364224248396366,-1.992435119066502,-4.8178047106932285,-0.7835648775241291,3.827647790126692,0.3245086669527403,-2.0890846197388404,-4.992977943439142,-0.68821627788701,3.9102326975299952,0.3308753147098039,267,2023_3
2023,4,4345.8765144,245.27066038,314.733856661,247574.66666666666,12.419467498995248,0.017553801335624,-4.042484752204269,0.0009906936912500472,-6.917105161977658,0.0012712684253948978,-6.66774011678725,0.06666666666666667,0.7206397481806397,0.6236437344964155,0.6444929762687677,23.613333333333333,82.26666666666667,2.5900000000000003,1012.0,-0.01605633514835514,0.3696987288938845,-0.008474344451454563,0.31977026945333753,-0.0139959579795077,0.3300246933703882,2.3423655913978507,6.395698924731178,0.314193548387097,-4.96451612903229,0.034408602150537634,0.3696987288938845,-2.3068008461636396,-5.532491869168985,-0.8666411502169904,3.0901980697003797,0.31977026945333753,-1.992435119066502,-4.8178047106932285,-0.7835648775241291,2.70384372660532,0.3300246933703882,-2.0890846197388404,-4.992977943439142,-0.68821627788701,2.751803996391594,268,2023_4
2023,5,4471.3031973,247.37946196,335.60725827199997,247574.66666666666,12.419467498995248,0.018060422972598165,-4.014032310857908,0.0009992115319822706,-6.908544058004263,0.0013555799662000958,-6.603525896888756,0.0967741935483871,1.049140101522375,0.9040808809737533,0.9386089330652296,26.625806451612902,81.51612903225806,5.90483870967742,1009.8870967741935,0.028452441346360935,0.3285003533417352,0.00856110397339549,0.28043714647733775,0.06421421989849474,0.29411595679646196,3.012473118279569,-0.7505376344086017,3.3148387096774194,-2.1129032258064626,0.03010752688172043,0.3285003533417352,0.3696987288938845,-2.3068008461636396,-5.532491869168985,0.8545150408115281,0.28043714647733775,0.31977026945333753,-1.992435119066502,-4.8178047106932285,0.7407490000526917,0.29411595679646196,0.3300246933703882,-2.0890846197388404,-4.992977943439142,0.7822975166251616,269,2023_5
2023,6,4590.1358824,243.06800972,354.644780125,247574.66666666666,12.419467498995248,0.01854041022937188,-3.987802592370133,0.0009817967766761273,-6.9261262194215645,0.0014324760481349735,-6.548350829839792,0.03333333333333333,0.3622377564856166,0.3099366065101804,0.32342481792641115,29.19,82.9,16.365,1006.4633333333334,0.02622971848777489,-0.6869023450367583,-0.017582161417301734,-0.5941442744635729,0.05517506704896391,-0.6151841151388184,2.564193548387099,1.3838709677419416,10.460161290322578,-3.4237634408601707,-0.06344086021505377,-0.6869023450367583,0.3285003533417352,0.3696987288938845,-2.3068008461636396,4.388256005798178,-0.5941442744635729,0.28043714647733775,0.31977026945333753,-1.992435119066502,3.827647790126692,-0.6151841151388184,0.29411595679646196,0.3300246933703882,-2.0890846197388404,3.9102326975299952,270,2023_6
2023,7,4684.5072742,250.64423452,370.412598301,261995.33333333334,12.476081970879768,0.017880117231859092,-4.024065952666591,0.0009566744236665793,-6.952047429549312,0.0014138137255663586,-6.561464455994479,0.03225806451612903,0.3512084334598955,0.30040413289434753,0.31308790633116257,30.11935483870968,78.09677419354838,5.659677419354838,1006.0258064516129,-0.03626336029645838,-0.011029323025721127,-0.025921210127747507,-0.00953247361583287,-0.01311362615468692,-0.010336911595248577,0.9293548387096777,-4.803225806451621,-10.70532258064516,-0.4375268817204869,-0.0010752688172043015,-0.011029323025721127,-0.6869023450367583,0.3285003533417352,0.3696987288938845,-0.8666411502169904,-0.00953247361583287,-0.5941442744635729,0.28043714647733775,0.31977026945333753,-0.7835648775241291,-0.010336911595248577,-0.6151841151388184,0.29411595679646196,0.3300246933703882,-0.68821627788701,271,2023_7
2023,8,4657.3288236,253.23397303000002,356.472262718,261995.33333333334,12.476081970879768,0.017776380839862285,-4.02988462192967,0.0009665590978592494,-6.9417681149263215,0.0013606053901138188,-6.599825538489928,0.07692307692307693,0.8379220896430581,0.7186690442700331,0.747283394906944,29.784615384615385,79.03846153846153,2.9153846153846152,1004.6538461538462,-0.005818669263078391,0.48671365618316265,0.010279314622990476,0.41826491137568556,-0.03836108249544967,0.4341954885757814,-0.3347394540942936,0.9416873449131486,-2.744292803970223,-1.371960297766691,0.044665012406947896,0.48671365618316265,-0.011029323025721127,-0.6869023450367583,0.3285003533417352,-5.532491869168985,0.41826491137568556,-0.00953247361583287,-0.5941442744635729,0.28043714647733775,-4.8178047106932285,0.4341954885757814,-0.010336911595248577,-0.6151841151388184,0.29411595679646196,-4.992977943439142,272,2023_8
2023,9,4361.5366352,250.99923797,322.866392412,261995.33333333334,12.476081970879768,0.01664738291216383,-4.095502257362764,0.0009580294228014239,-6.950632067728689,0.0012323364248676184,-6.69884337901541,0.16666666666666666,1.800591530343555,1.557019637891941,1.613474343777996,28.540000000000003,81.43333333333334,35.575,1008.02,-0.06561763543309418,0.9626694407004968,-0.008863952802367514,0.8383505936219079,-0.09901784052548201,0.866190948871052,-1.2446153846153827,2.394871794871804,32.659615384615385,3.366153846153793,0.08974358974358973,0.9626694407004968,0.48671365618316265,-0.011029323025721127,-0.6869023450367583,-2.3068008461636396,0.8383505936219079,0.41826491137568556,-0.00953247361583287,-0.5941442744635729,-1.992435119066502,0.866190948871052,0.4341954885757814,-0.010336911595248577,-0.6151841151388184,-2.0890846197388404,273,2023_9
2023,10,4366.3459244999995,254.88720964,314.227027717,272222.6666666667,12.51437563783642,0.016039611902878524,-4.132693872417626,0.0009363188332590477,-6.973554505665443,0.0011543014825498243,-6.764259894972904,0.4838709677419355,5.235071538254308,4.539028637009992,4.69495761680535,26.45483870967742,75.90322580645162,17.624193548387098,1014.0193548387097,-0.037191615054862126,3.4344800079107536,-0.02292243793675386,2.9820089991180514,-0.06541651595749354,3.0814832730273545,-2.0851612903225814,-5.5301075268817215,-17.950806451612905,5.999354838709678,0.31720430107526887,3.4344800079107536,0.9626694407004968,0.48671365618316265,-0.011029323025721127,0.3696987288938845,2.9820089991180514,0.8383505936219079,0.41826491137568556,-0.00953247361583287,0.31977026945333753,3.0814832730273545,0.866190948871052,0.4341954885757814,-0.010336911595248577,0.3300246933703882,274,2023_10
2023,11,4544.9181833,257.21021912,326.773708067,272222.6666666667,12.51437563783642,0.016695590558097047,-4.092610632861016,0.0009448523235390634,-6.964481914069411,0.001200391253484892,-6.7251077307584195,0.26666666666666666,2.9030856766114677,2.5148431640072397,2.596347716468506,23.506666666666668,69.4,0.11333333333333333,1018.5266666666666,0.040083239556610195,-2.3319858616428406,0.009072591596031465,-2.0241854730027526,0.03915216421448431,-2.0986099003368444,-2.9481720430107536,-6.50322580645161,-17.510860215053764,4.507311827956983,-0.21720430107526884,-2.3319858616428406,3.4344800079107536,0.9626694407004968,0.48671365618316265,0.3285003533417352,-2.0241854730027526,2.9820089991180514,0.8383505936219079,0.41826491137568556,0.28043714647733775,-2.0986099003368444,3.0814832730273545,0.866190948871052,0.4341954885757814,0.29411595679646196,275,2023_11
2023,12,4756.6492727,261.68241955,338.638949558,272222.6666666667,12.51437563783642,0.01747337696358863,-4.047076872795763,0.0009612807880925909,-6.947244008432283,0.0012439777837187202,-6.689441143571628,0.5483870967741935,6.003765088833373,5.18221584852271,5.359140756323798,19.154838709677417,69.96774193548387,0.04516129032258064,1020.8193548387097,0.04553376006525234,3.1006794122219055,0.01723790563712857,2.6673726845154704,0.03566658718679161,2.7627930398552922,-4.351827956989251,0.5677419354838662,-0.06817204301075269,2.2926881720430856,0.28172043010752684,3.1006794122219055,-2.3319858616428406,3.4344800079107536,0.9626694407004968,-0.6869023450367583,2.6673726845154704,-2.0241854730027526,2.9820089991180514,0.8383505936219079,-0.5941442744635729,2.7627930398552922,-2.0986099003368444,3.0814832730273545,0.866190948871052,-0.6151841151388184,276,2023_12
