DATE,Nitrogen Oxides,Respirable Suspended Particulates,Sulphur Dioxide
2001-01-01,96.5,72.0,11.0
2001-01-02,142.5,66.0,12.5
2001-01-03,131.0,51.0,11.0
2001-01-04,88.5,80.0,10.0
2001-01-05,97.0,44.0,9.0
2001-01-06,98.0,29.0,9.0
2001-01-07,286.5,95.0,48.0
2001-01-08,131.0,56.0,12.0
2001-01-09,136.5,73.0,18.0
2001-01-10,168.0,60.0,19.5
2001-01-11,197.5,65.0,18.0
2001-01-12,120.5,45.0,10.0
2001-01-13,148.0,51.0,19.0
2001-01-14,67.0,60.0,13.5
2001-01-15,101.5,100.5,17.5
2001-01-16,77.0,89.5,16.0
2001-01-17,97.5,58.0,12.0
2001-01-18,179.0,47.5,13.0
2001-01-19,153.0,45.0,11.0
2001-01-20,305.0,57.0,24.0
2001-01-21,111.5,54.0,9.0
2001-01-22,119.5,63.0,8.0
2001-01-23,77.0,45.0,5.0
2001-01-24,80.0,38.0,5.0
2001-01-25,147.5,44.0,12.5
2001-01-26,58.0,14.0,5.0
2001-01-27,74.5,26.0,6.0
2001-01-28,75.0,26.0,6.0
2001-01-29,90.0,54.0,11.0
2001-01-30,121.0,64.0,14.0
2001-01-31,139.0,47.0,11.0
2001-02-01,141.0,62.0,12.0
2001-02-02,96.0,44.0,8.0
2001-02-03,123.0,45.0,8.0
2001-02-04,215.0,59.0,17.0
2001-02-05,159.0,30.0,12.0
2001-02-06,194.5,44.0,16.0
2001-02-07,164.0,53.0,21.5
2001-02-08,91.0,38.0,10.0
2001-02-09,129.5,56.0,17.0
2001-02-10,120.5,46.0,14.0
2001-02-11,117.0,49.0,16.0
2001-02-12,173.0,59.0,25.0
2001-02-13,102.5,48.0,15.0
2001-02-14,83.5,32.0,10.0
2001-02-15,161.0,56.0,20.0
2001-02-16,116.0,76.0,14.0
2001-02-17,103.0,121.0,12.0
2001-02-18,148.0,67.0,15.0
2001-02-19,182.0,66.0,21.0
2001-02-20,80.5,48.0,9.0
2001-02-21,235.0,79.0,25.0
2001-02-22,245.0,77.0,27.0
2001-02-23,268.5,76.0,25.0
2001-02-24,151.0,76.0,32.0
2001-02-25,73.5,36.0,9.0
2001-02-26,73.5,25.0,8.0
2001-02-27,143.5,36.0,12.0
2001-02-28,256.0,137.0,76.5
2001-03-01,122.5,50.0,22.0
2001-03-02,77.5,76.0,12.0
2001-03-03,125.0,115.0,24.0
2001-03-04,97.0,101.0,15.0
2001-03-05,92.0,107.0,10.5
2001-03-06,115.0,111.0,12.0
2001-03-07,158.5,93.0,14.0
2001-03-08,87.0,39.0,9.0
2001-03-09,86.0,148.0,13.0
2001-03-10,128.0,113.0,18.0
2001-03-11,217.5,99.0,21.0
2001-03-12,101.0,32.0,10.0
2001-03-13,83.0,83.0,11.0
2001-03-14,121.0,75.0,11.0
2001-03-15,138.5,50.0,15.0
2001-03-16,106.5,58.0,8.0
2001-03-17,184.5,65.0,22.0
2001-03-18,144.0,74.0,23.0
2001-03-19,108.5,44.0,11.0
2001-03-20,162.5,44.0,28.5
2001-03-21,182.5,82.0,47.5
2001-03-22,141.0,64.0,14.0
2001-03-23,99.0,43.0,14.0
2001-03-24,112.5,30.0,25.0
2001-03-25,109.5,28.0,13.0
2001-03-26,88.5,35.0,10.0
2001-03-27,125.5,50.0,11.5
2001-03-28,93.5,52.0,12.0
2001-03-29,72.0,65.0,10.0
2001-03-30,112.0,55.0,10.0
2001-03-31,126.0,56.5,11.0
2001-04-01,63.5,62.0,6.0
2001-04-02,114.5,60.0,9.0
2001-04-03,126.0,56.0,28.0
2001-04-04,107.0,22.0,10.0
2001-04-05,74.5,21.0,6.0
2001-04-06,106.5,28.0,7.0
2001-04-07,118.0,31.0,9.0
2001-04-08,101.5,31.0,11.0
2001-04-09,139.5,28.0,10.5
2001-04-10,76.5,34.0,6.0
2001-04-11,91.5,22.0,13.5
2001-04-12,103.5,68.0,10.0
2001-04-13,92.5,78.5,10.0
2001-04-14,158.5,101.0,12.0
2001-04-15,114.0,109.5,12.0
2001-04-16,108.0,90.5,14.0
2001-04-17,182.5,72.5,25.5
2001-04-18,117.0,45.0,11.0
2001-04-19,100.5,41.0,6.0
2001-04-20,99.0,35.0,11.5
2001-04-21,111.5,34.0,11.0
2001-04-22,51.5,18.0,4.0
2001-04-23,72.0,46.0,6.0
2001-04-24,191.0,84.0,35.5
2001-04-25,161.5,37.0,14.0
2001-04-26,76.5,41.0,7.0
2001-04-27,78.0,71.0,9.0
2001-04-28,114.5,61.0,7.0
2001-04-29,96.5,33.0,12.0
2001-04-30,84.5,28.0,24.0
2001-05-01,113.0,52.0,37.0
2001-05-02,169.0,81.0,28.0
2001-05-03,99.0,36.0,7.0
2001-05-04,102.0,79.0,9.0
2001-05-05,112.5,57.0,18.0
2001-05-06,63.0,28.0,20.0
2001-05-07,64.0,27.0,11.0
2001-05-08,80.0,35.0,15.0
2001-05-09,152.5,34.5,25.5
2001-05-10,93.5,29.0,12.0
2001-05-11,103.5,43.0,20.0
2001-05-12,113.0,59.0,23.0
2001-05-13,83.5,65.0,30.0
2001-05-14,104.5,59.0,38.0
2001-05-15,105.5,47.0,11.0
2001-05-16,93.0,28.0,9.0
2001-05-17,106.0,34.0,7.0
2001-05-18,122.5,22.0,23.0
2001-05-19,146.5,36.0,27.0
2001-05-20,99.5,56.0,35.0
2001-05-21,85.0,25.0,15.0
2001-05-22,215.0,43.0,30.0
2001-05-23,121.0,45.0,16.0
2001-05-24,80.5,38.0,10.0
2001-05-25,74.5,36.0,7.0
2001-05-26,78.0,45.0,8.0
2001-05-27,61.0,51.5,10.0
2001-05-28,58.0,51.0,6.5
2001-05-29,67.0,54.0,7.0
2001-05-30,144.5,48.0,19.0
2001-05-31,103.5,33.0,12.0
2001-06-01,73.0,61.5,9.0
2001-06-02,89.5,55.0,10.0
2001-06-03,75.5,17.0,13.0
2001-06-04,82.0,19.0,16.0
2001-06-05,117.5,20.0,15.0
2001-06-06,164.0,22.0,18.0
2001-06-07,171.5,21.0,16.0
2001-06-08,170.5,20.0,16.0
2001-06-09,203.0,22.0,14.0
2001-06-10,105.0,23.0,15.5
2001-06-11,178.0,27.0,21.5
2001-06-12,124.0,24.0,16.0
2001-06-13,88.0,23.0,14.0
2001-06-14,154.0,39.5,37.0
2001-06-15,161.0,29.0,19.5
2001-06-16,121.0,26.0,15.0
2001-06-17,86.0,24.0,13.0
2001-06-18,103.5,21.0,19.0
2001-06-19,86.0,23.0,19.5
2001-06-20,118.0,28.0,23.0
2001-06-21,84.5,22.0,10.0
2001-06-22,83.0,23.0,9.0
2001-06-23,148.5,76.0,54.0
2001-06-24,100.5,22.0,12.0
2001-06-25,59.0,14.0,4.0
2001-06-26,73.0,15.0,4.0
2001-06-27,129.0,18.0,7.0
2001-06-28,70.0,20.0,4.0
2001-06-29,72.5,22.0,7.0
2001-06-30,75.0,22.5,6.0
2001-07-01,41.0,20.0,4.0
2001-07-02,42.0,24.0,4.0
2001-07-03,75.0,28.0,6.0
2001-07-04,156.0,87.0,63.0
2001-07-05,90.0,41.0,18.0
2001-07-06,41.5,20.0,12.0
2001-07-07,58.0,37.0,8.0
2001-07-08,61.0,29.0,7.0
2001-07-09,111.0,28.0,15.0
2001-07-10,109.0,31.0,32.0
2001-07-11,107.0,32.0,25.0
2001-07-12,91.0,33.0,23.0
2001-07-13,172.0,27.0,33.0
2001-07-14,100.0,38.0,11.0
2001-07-15,145.5,23.0,11.0
2001-07-16,185.0,31.0,24.0
2001-07-17,150.0,27.0,12.0
2001-07-18,165.5,23.0,14.0
2001-07-19,156.0,26.0,13.0
2001-07-20,134.5,28.0,8.0
2001-07-21,90.5,20.0,4.0
2001-07-22,77.5,18.0,7.0
2001-07-23,131.0,33.0,29.0
2001-07-24,134.5,51.0,39.0
2001-07-25,26.0,16.0,4.0
2001-07-26,96.5,21.0,7.0
2001-07-27,77.5,29.0,7.0
2001-07-28,120.0,33.0,22.0
2001-07-29,96.5,34.0,28.0
2001-07-30,87.0,26.0,20.0
2001-07-31,76.5,27.0,17.0
2001-08-01,143.5,30.0,13.0
2001-08-02,109.5,24.0,10.0
2001-08-03,101.5,24.0,9.0
2001-08-04,101.0,34.0,12.0
2001-08-05,60.0,19.0,7.0
2001-08-06,105.5,24.0,19.0
2001-08-07,100.5,26.0,26.0
2001-08-08,112.0,23.0,24.0
2001-08-09,73.5,18.0,8.0
2001-08-10,76.5,20.0,8.0
2001-08-11,111.5,20.0,14.0
2001-08-12,135.0,35.5,37.5
2001-08-13,147.5,41.0,19.5
2001-08-14,107.5,42.0,16.0
2001-08-15,145.0,52.0,21.0
2001-08-16,137.0,39.0,20.0
2001-08-17,126.0,36.0,11.0
2001-08-18,102.0,43.0,16.0
2001-08-19,98.0,58.0,22.0
2001-08-20,103.5,61.0,18.0
2001-08-21,108.0,52.0,12.0
2001-08-22,127.0,54.0,34.0
2001-08-23,115.5,65.0,39.0
2001-08-24,94.0,54.5,25.0
2001-08-25,106.0,38.0,14.0
2001-08-26,81.0,34.0,9.0
2001-08-27,94.5,40.0,13.0
2001-08-28,75.0,23.0,7.0
2001-08-29,74.5,19.0,5.0
2001-08-30,149.0,24.0,8.0
2001-08-31,82.5,31.0,8.0
2001-09-01,161.0,27.0,9.0
2001-09-02,93.0,15.5,5.0
2001-09-03,83.0,22.0,4.0
2001-09-04,121.0,23.0,12.0
2001-09-05,182.0,22.5,12.0
2001-09-06,245.0,43.5,24.5
2001-09-07,197.0,41.0,22.0
2001-09-08,82.5,58.0,6.0
2001-09-09,93.5,53.0,6.0
2001-09-10,101.5,54.0,8.0
2001-09-11,78.0,47.0,9.0
2001-09-12,121.0,49.0,11.5
2001-09-13,128.0,56.0,17.5
2001-09-14,229.0,92.0,43.5
2001-09-15,164.0,94.0,29.0
2001-09-16,152.0,70.5,28.5
2001-09-17,158.0,123.5,82.5
2001-09-18,141.5,120.5,67.0
2001-09-19,148.0,111.0,41.0
2001-09-20,121.0,57.0,20.0
2001-09-21,115.0,35.0,7.5
2001-09-22,77.5,48.5,9.5
2001-09-23,75.0,55.5,11.0
2001-09-24,102.0,59.0,15.5
2001-09-25,81.0,50.5,11.0
2001-09-26,85.0,78.0,15.0
2001-09-27,80.5,64.5,14.5
2001-09-28,85.5,69.0,13.0
2001-09-29,95.5,72.0,17.0
2001-09-30,88.5,60.0,16.0
2001-10-01,62.5,58.0,7.0
2001-10-02,51.0,51.0,5.0
2001-10-03,72.0,67.0,6.0
2001-10-04,88.5,71.0,9.0
2001-10-05,75.5,73.0,9.0
2001-10-06,73.5,67.0,6.0
2001-10-07,63.5,40.0,5.0
2001-10-08,133.5,52.0,19.0
2001-10-09,94.0,40.0,14.0
2001-10-10,88.0,44.0,10.0
2001-10-11,74.0,56.0,8.0
2001-10-12,74.0,73.5,8.0
2001-10-13,79.5,54.0,7.0
2001-10-14,60.0,51.0,5.0
2001-10-15,111.5,78.0,25.0
2001-10-16,134.5,100.5,31.0
2001-10-17,100.0,112.0,14.0
2001-10-18,84.0,91.0,12.0
2001-10-19,75.5,62.5,8.0
2001-10-20,73.0,52.0,7.0
2001-10-21,56.0,43.0,5.0
2001-10-22,72.0,41.0,8.0
2001-10-23,77.0,48.0,8.0
2001-10-24,72.5,65.0,8.0
2001-10-25,53.0,63.0,5.0
2001-10-26,91.5,52.0,7.0
2001-10-27,139.0,54.0,21.0
2001-10-28,111.5,74.0,20.0
2001-10-29,93.5,39.0,10.0
2001-10-30,60.0,46.0,11.0
2001-10-31,81.0,56.0,11.0
2001-11-01,107.0,41.0,10.0
2001-11-02,108.0,47.0,6.5
2001-11-03,122.5,53.0,13.0
2001-11-04,53.0,35.0,4.0
2001-11-05,95.0,46.0,10.0
2001-11-06,81.0,39.0,10.0
2001-11-07,78.5,58.0,11.0
2001-11-08,134.0,72.0,17.0
2001-11-09,87.0,75.0,15.0
2001-11-10,79.0,84.0,18.5
2001-11-11,72.0,85.0,15.0
2001-11-12,64.0,73.0,13.0
2001-11-13,124.0,75.5,19.0
2001-11-14,69.0,99.0,17.0
2001-11-15,101.0,54.0,13.5
2001-11-16,178.0,52.0,20.0
2001-11-17,189.0,59.0,19.5
2001-11-18,140.0,65.0,16.5
2001-11-19,150.0,68.5,17.0
2001-11-20,153.0,71.5,20.5
2001-11-21,153.0,70.0,20.5
2001-11-22,180.0,88.0,21.5
2001-11-23,148.0,99.0,23.0
2001-11-24,212.0,88.5,31.5
2001-11-25,192.0,81.0,19.0
2001-11-26,117.0,88.0,17.5
2001-11-27,106.0,78.0,12.0
2001-11-28,98.0,79.0,8.0
2001-11-29,117.0,61.0,8.0
2001-11-30,179.0,50.5,14.0
2001-12-01,122.0,47.5,8.0
2001-12-02,64.0,55.0,7.0
2001-12-03,139.0,44.0,8.0
2001-12-04,235.0,49.0,16.0
2001-12-05,106.0,39.5,5.0
2001-12-06,101.0,58.0,11.0
2001-12-07,137.0,49.0,11.0
2001-12-08,115.0,49.5,11.0
2001-12-09,98.0,23.0,7.0
2001-12-10,127.0,33.0,8.0
2001-12-11,103.0,30.0,8.5
2001-12-12,149.0,42.0,10.5
2001-12-13,102.0,56.0,21.5
2001-12-14,94.0,60.5,11.5
2001-12-15,94.0,66.0,12.0
2001-12-16,81.0,55.0,8.5
2001-12-17,206.0,64.0,13.0
2001-12-18,150.0,28.0,10.0
2001-12-19,143.0,35.0,14.0
2001-12-20,122.0,52.5,21.0
2001-12-21,66.0,35.5,12.0
2001-12-22,93.0,66.5,15.5
2001-12-23,147.0,48.5,16.5
2001-12-24,212.0,61.0,16.0
2001-12-25,126.0,65.0,13.5
2001-12-26,107.0,96.5,16.5
2001-12-27,175.0,94.0,25.0
2001-12-28,126.0,94.5,22.0
2001-12-29,198.0,103.5,32.0
2001-12-30,179.0,89.0,18.0
2001-12-31,256.0,89.0,30.5
2002-01-01,265.0,132.0,50.0
2002-01-02,139.0,86.0,20.0
2002-01-03,162.0,92.0,26.5
2002-01-04,302.0,95.5,31.0
2002-01-05,364.0,121.5,41.0
2002-01-06,212.0,67.5,21.0
2002-01-07,405.0,117.0,42.0
2002-01-08,189.0,92.5,21.0
2002-01-09,126.0,89.0,14.0
2002-01-10,240.0,66.0,24.0
2002-01-11,389.0,101.5,69.0
2002-01-12,218.0,58.5,16.0
2002-01-13,116.0,42.0,8.0
2002-01-14,131.5,40.0,9.0
2002-01-15,92.5,39.0,6.5
2002-01-16,179.5,41.0,20.5
2002-01-17,269.0,56.0,20.0
2002-01-18,138.0,45.0,8.0
2002-01-19,154.0,40.0,17.0
2002-01-20,107.0,55.5,16.5
2002-01-21,103.0,59.5,18.0
2002-01-22,142.0,77.5,19.5
2002-01-23,133.0,86.5,19.0
2002-01-24,103.0,80.0,12.0
2002-01-25,207.0,85.5,39.0
2002-01-26,171.0,41.0,17.0
2002-01-27,101.0,21.5,6.0
2002-01-28,132.0,26.0,10.0
2002-01-29,141.0,46.5,10.5
2002-01-30,163.0,59.0,14.5
2002-01-31,130.0,91.5,15.5
2002-02-01,129.0,96.5,16.5
2002-02-02,118.0,34.5,11.0
2002-02-03,72.0,62.5,14.5
2002-02-04,132.0,83.0,18.0
2002-02-05,233.0,86.5,35.5
2002-02-06,143.0,44.0,12.0
2002-02-07,134.0,70.5,8.0
2002-02-08,295.0,65.0,23.0
2002-02-09,305.0,100.0,37.5
2002-02-10,86.0,78.0,10.0
2002-02-11,104.0,105.0,10.0
2002-02-12,118.0,93.0,9.0
2002-02-13,119.0,77.0,6.0
2002-02-14,76.0,47.0,5.0
2002-02-15,84.0,52.0,5.0
2002-02-16,123.0,45.0,8.0
2002-02-17,183.0,66.5,37.0
2002-02-18,113.0,49.0,9.0
2002-02-19,71.0,75.5,8.0
2002-02-20,84.0,54.0,6.0
2002-02-21,134.0,38.5,8.0
2002-02-22,173.0,36.5,17.0
2002-02-23,173.0,45.0,12.0
2002-02-24,148.0,59.0,16.0
2002-02-25,103.0,38.5,7.0
2002-02-26,149.0,43.0,12.0
2002-02-27,142.0,41.5,11.0
2002-02-28,158.0,39.5,14.0
2002-03-01,103.0,37.0,6.0
2002-03-02,138.0,47.5,14.0
2002-03-03,116.0,42.0,8.0
2002-03-04,90.0,43.0,6.0
2002-03-05,143.0,71.0,33.0
2002-03-06,80.0,66.5,13.0
2002-03-07,120.0,77.5,15.0
2002-03-08,113.0,104.5,10.0
2002-03-09,106.0,116.5,7.0
2002-03-10,88.0,78.0,6.5
2002-03-11,125.0,67.5,12.0
2002-03-12,114.0,52.0,7.0
2002-03-13,121.0,52.5,9.0
2002-03-14,140.0,53.0,19.0
2002-03-15,129.0,33.0,16.0
2002-03-16,161.0,37.0,15.5
2002-03-17,92.0,44.0,7.0
2002-03-18,100.0,55.0,11.5
2002-03-19,184.0,127.0,20.0
2002-03-20,178.5,82.0,15.0
2002-03-21,168.5,56.0,17.0
2002-03-22,169.0,48.0,18.5
2002-03-23,83.0,28.0,7.0
2002-03-24,84.0,31.0,6.0
2002-03-25,135.0,32.0,9.0
2002-03-26,98.5,32.0,9.0
2002-03-27,146.5,38.5,10.5
2002-03-28,154.0,37.0,10.5
2002-03-29,137.5,44.0,19.0
2002-03-30,224.0,75.0,52.0
2002-03-31,83.0,41.0,6.0
2002-04-01,131.0,71.0,14.0
2002-04-02,159.5,50.0,47.0
2002-04-03,83.0,32.0,17.0
2002-04-04,87.5,35.0,13.0
2002-04-05,73.0,29.0,12.0
2002-04-06,116.0,33.0,22.0
2002-04-07,88.0,25.0,17.0
2002-04-08,125.5,29.5,26.0
2002-04-09,116.5,43.0,16.5
2002-04-10,113.0,88.5,10.0
2002-04-11,115.0,29.0,10.5
2002-04-12,130.5,42.0,13.0
2002-04-13,119.0,49.0,10.0
2002-04-14,105.5,48.0,7.0
2002-04-15,91.5,36.0,7.0
2002-04-16,123.0,37.0,8.0
2002-04-17,139.5,45.0,30.0
2002-04-18,76.0,59.0,6.0
2002-04-19,88.5,45.0,6.0
2002-04-20,140.0,38.0,12.0
2002-04-21,129.0,34.0,37.0
2002-04-22,109.5,32.0,21.0
2002-04-23,104.5,31.0,16.0
2002-04-24,123.0,38.0,28.0
2002-04-25,50.0,32.5,5.0
2002-04-26,54.0,36.5,5.0
2002-04-27,60.0,35.0,6.0
2002-04-28,48.0,36.5,5.5
2002-04-29,84.0,34.5,7.0
2002-04-30,65.0,29.5,8.0
2002-05-01,60.0,24.0,7.5
2002-05-02,56.0,28.0,7.5
2002-05-03,57.0,27.0,7.5
2002-05-04,64.0,30.0,6.5
2002-05-05,48.5,30.5,6.0
2002-05-06,61.0,25.5,7.0
2002-05-07,65.5,27.0,9.0
2002-05-08,73.5,24.5,7.5
2002-05-09,55.0,35.0,6.5
2002-05-10,126.0,27.0,17.0
2002-05-11,128.0,64.5,47.0
2002-05-12,67.0,38.0,13.5
2002-05-13,34.0,25.0,6.0
2002-05-14,85.0,26.5,20.0
2002-05-15,225.0,83.0,101.5
2002-05-16,142.0,53.0,36.0
2002-05-17,80.0,19.5,9.0
2002-05-18,97.5,23.0,8.0
2002-05-19,137.0,22.0,12.0
2002-05-20,46.0,30.0,6.0
2002-05-21,43.0,31.5,9.5
2002-05-22,84.0,44.5,16.0
2002-05-23,113.0,57.0,22.0
2002-05-24,69.0,34.0,10.0
2002-05-25,79.0,60.0,24.0
2002-05-26,63.0,65.0,17.0
2002-05-27,53.0,71.5,9.5
2002-05-28,47.0,51.5,6.0
2002-05-29,65.0,39.5,11.5
2002-05-30,110.0,33.5,24.0
2002-05-31,135.0,42.0,59.5
2002-06-01,83.0,49.0,28.0
2002-06-02,42.0,31.0,6.0
2002-06-03,38.0,35.0,7.0
2002-06-04,65.5,33.0,7.0
2002-06-05,49.0,26.5,7.0
2002-06-06,49.0,18.5,7.0
2002-06-07,54.0,28.0,10.0
2002-06-08,48.0,24.0,9.5
2002-06-09,66.0,14.0,8.0
2002-06-10,80.5,22.5,15.0
2002-06-11,94.0,24.0,11.0
2002-06-12,119.0,29.0,27.0
2002-06-13,68.0,19.0,15.0
2002-06-14,62.0,16.5,19.5
2002-06-15,32.0,17.0,18.0
2002-06-16,31.0,15.5,7.5
2002-06-17,39.0,15.5,10.5
2002-06-18,46.0,17.0,11.5
2002-06-19,58.0,17.0,8.5
2002-06-20,65.0,19.0,6.0
2002-06-21,48.0,18.5,6.5
2002-06-22,49.0,17.5,7.5
2002-06-23,28.0,19.5,6.0
2002-06-24,73.0,20.5,26.5
2002-06-25,56.0,20.0,11.0
2002-06-26,57.0,24.0,21.5
2002-06-27,60.0,25.0,14.0
2002-06-28,48.0,28.5,16.0
2002-06-29,48.0,26.0,11.5
2002-06-30,47.0,25.0,11.0
2002-07-01,30.0,19.5,9.5
2002-07-02,57.0,17.5,10.0
2002-07-03,168.0,30.0,16.0
2002-07-04,143.0,48.0,46.0
2002-07-05,107.0,43.0,37.0
2002-07-06,88.0,36.5,16.5
2002-07-07,95.0,33.0,17.0
2002-07-08,96.0,27.5,20.0
2002-07-09,146.0,69.5,60.0
2002-07-10,151.0,88.5,44.0
2002-07-11,87.0,78.5,35.0
2002-07-12,83.5,46.5,25.0
2002-07-13,121.0,38.5,26.5
2002-07-14,75.5,32.5,15.0
2002-07-15,71.0,26.5,10.0
2002-07-16,59.0,14.5,18.0
2002-07-17,39.0,27.5,9.5
2002-07-18,40.0,30.5,7.5
2002-07-19,66.0,36.0,11.5
2002-07-20,37.0,33.0,6.5
2002-07-21,45.0,28.5,8.0
2002-07-22,125.0,28.0,19.5
2002-07-23,93.0,25.5,11.0
2002-07-24,50.0,24.5,9.0
2002-07-25,85.0,25.0,16.0
2002-07-26,133.0,23.5,18.5
2002-07-27,126.0,24.5,15.0
2002-07-28,56.0,15.0,5.0
2002-07-29,108.0,18.5,8.5
2002-07-30,118.0,24.5,8.5
2002-07-31,232.0,34.0,13.5
2002-08-01,261.0,89.5,79.0
2002-08-02,191.0,65.0,30.0
2002-08-03,145.0,41.0,20.0
2002-08-04,45.0,15.0,9.0
2002-08-05,84.0,34.5,33.0
2002-08-06,75.5,23.0,15.0
2002-08-07,76.0,24.0,16.0
2002-08-08,87.0,29.0,19.5
2002-08-09,184.0,26.0,17.5
2002-08-10,198.0,29.0,14.5
2002-08-11,69.0,21.5,10.0
2002-08-12,63.0,23.0,8.0
2002-08-13,68.0,27.0,11.5
2002-08-14,71.0,32.0,11.5
2002-08-15,64.0,25.0,9.5
2002-08-16,55.0,26.5,6.0
2002-08-17,42.0,26.0,5.0
2002-08-18,32.0,20.0,4.0
2002-08-19,29.0,28.0,6.0
2002-08-20,32.0,24.5,5.5
2002-08-21,64.0,24.5,6.5
2002-08-22,133.0,35.5,25.0
2002-08-23,108.0,30.0,23.0
2002-08-24,80.0,28.5,16.0
2002-08-25,44.0,19.0,15.0
2002-08-26,64.0,27.5,14.0
2002-08-27,85.0,41.5,29.5
2002-08-28,167.0,83.0,80.0
2002-08-29,178.0,71.5,97.5
2002-08-30,173.5,100.0,75.0
2002-08-31,152.0,94.5,61.0
2002-09-01,112.0,78.0,39.0
2002-09-02,100.0,30.0,21.0
2002-09-03,131.0,35.5,17.5
2002-09-04,131.0,56.0,18.0
2002-09-05,222.0,105.0,63.0
2002-09-06,148.0,141.5,47.0
2002-09-07,76.0,82.5,12.0
2002-09-08,89.0,58.5,16.5
2002-09-09,126.0,64.0,17.5
2002-09-10,145.0,59.0,21.0
2002-09-11,24.0,24.5,5.0
2002-09-12,84.0,22.0,11.0
2002-09-13,138.0,21.5,14.0
2002-09-14,148.0,25.5,14.0
2002-09-15,82.0,14.5,8.0
2002-09-16,81.0,17.5,9.0
2002-09-17,101.0,18.5,8.5
2002-09-18,44.0,31.5,7.0
2002-09-19,41.0,36.5,8.0
2002-09-20,53.0,40.0,6.5
2002-09-21,49.0,39.0,6.0
2002-09-22,80.0,33.0,6.5
2002-09-23,53.0,83.5,10.0
2002-09-24,64.0,67.5,8.5
2002-09-25,81.0,34.5,8.5
2002-09-26,56.0,33.0,5.5
2002-09-27,45.0,21.0,6.5
2002-09-28,48.0,30.5,9.5
2002-09-29,50.0,49.0,11.0
2002-09-30,68.0,46.0,11.0
2002-10-01,109.0,39.0,13.0
2002-10-02,135.0,43.5,12.5
2002-10-03,98.5,77.0,13.0
2002-10-04,65.0,71.5,11.0
2002-10-05,57.0,59.5,10.5
2002-10-06,65.0,47.5,15.0
2002-10-07,127.0,80.0,17.0
2002-10-08,119.5,84.0,16.0
2002-10-09,108.0,70.0,20.0
2002-10-10,135.0,71.0,18.5
2002-10-11,119.0,58.0,15.0
2002-10-12,82.0,35.5,9.0
2002-10-13,68.5,38.0,7.0
2002-10-14,58.5,32.0,6.0
2002-10-15,65.0,40.0,9.0
2002-10-16,56.0,34.0,7.0
2002-10-17,32.0,30.0,8.0
2002-10-18,127.0,28.0,11.0
2002-10-19,120.0,29.0,29.0
2002-10-20,76.0,20.0,25.0
2002-10-21,111.0,22.5,13.0
2002-10-22,105.0,39.0,13.5
2002-10-23,106.0,20.5,10.5
2002-10-24,106.0,29.0,11.5
2002-10-25,123.0,41.0,16.0
2002-10-26,93.5,52.0,13.0
2002-10-27,51.0,67.0,10.0
2002-10-28,58.0,69.5,8.5
2002-10-29,53.0,51.5,8.5
2002-10-30,99.0,28.0,8.0
2002-10-31,135.0,27.0,14.5
2002-11-01,92.5,31.0,12.0
2002-11-02,83.5,38.0,10.0
2002-11-03,74.0,60.0,12.5
2002-11-04,108.0,70.0,17.0
2002-11-05,135.0,72.0,18.0
2002-11-06,144.0,52.0,15.0
2002-11-07,252.0,78.0,26.0
2002-11-08,168.5,58.5,18.0
2002-11-09,113.0,92.5,16.0
2002-11-10,83.0,83.5,12.5
2002-11-11,124.0,58.5,12.5
2002-11-12,213.5,64.0,20.0
2002-11-13,181.5,72.0,19.0
2002-11-14,121.0,50.0,42.5
2002-11-15,138.0,35.0,40.0
2002-11-16,108.5,31.0,18.5
2002-11-17,74.0,31.0,11.0
2002-11-18,104.0,38.0,17.5
2002-11-19,112.5,40.0,14.0
2002-11-20,141.5,64.0,25.5
2002-11-21,117.5,41.0,16.0
2002-11-22,132.5,59.0,17.0
2002-11-23,177.5,77.0,26.0
2002-11-24,84.0,54.0,14.0
2002-11-25,81.0,66.0,14.5
2002-11-26,118.0,62.0,13.0
2002-11-27,133.0,82.0,24.0
2002-11-28,142.0,48.0,12.5
2002-11-29,98.0,31.0,9.0
2002-11-30,110.0,27.0,9.0
2002-12-01,64.0,47.0,6.0
2002-12-02,103.0,66.0,8.0
2002-12-03,136.0,47.0,10.0
2002-12-04,181.5,44.0,14.0
2002-12-05,120.5,37.0,9.0
2002-12-06,117.5,35.0,8.0
2002-12-07,158.5,37.5,12.0
2002-12-08,76.0,32.0,19.5
2002-12-09,87.5,33.0,11.0
2002-12-10,124.0,53.0,14.5
2002-12-11,110.0,60.0,12.5
2002-12-12,123.0,38.0,10.0
2002-12-13,123.0,50.0,14.0
2002-12-14,109.5,63.0,10.0
2002-12-15,112.0,50.0,7.0
2002-12-16,178.0,44.0,10.0
2002-12-17,116.0,66.0,7.0
2002-12-18,113.0,89.0,8.5
2002-12-19,163.0,63.0,20.5
2002-12-20,126.5,26.0,7.0
2002-12-21,141.5,36.0,13.0
2002-12-22,95.0,35.0,8.0
2002-12-23,121.5,49.0,14.0
2002-12-24,144.0,43.0,13.0
2002-12-25,83.0,47.0,9.0
2002-12-26,65.5,39.0,9.0
2002-12-27,86.5,19.5,6.5
2002-12-28,158.0,60.5,21.0
2002-12-29,150.5,61.0,20.0
2002-12-30,196.0,104.5,41.5
2002-12-31,166.5,56.0,16.5
2003-01-01,85.5,60.0,12.0
2003-01-02,112.5,91.0,14.0
2003-01-03,131.0,58.0,15.0
2003-01-04,135.0,61.0,16.0
2003-01-05,86.0,84.0,15.5
2003-01-06,112.0,74.0,15.5
2003-01-07,102.0,36.0,13.0
2003-01-08,117.0,41.0,12.0
2003-01-09,228.5,90.0,57.5
2003-01-10,168.0,75.0,37.0
2003-01-11,187.0,84.0,26.0
2003-01-12,158.5,87.0,28.0
2003-01-13,311.5,120.0,31.0
2003-01-14,233.0,93.0,23.0
2003-01-15,100.0,80.0,16.0
2003-01-16,172.0,84.0,18.0
2003-01-17,224.5,78.0,14.0
2003-01-18,205.0,62.0,16.0
2003-01-19,311.5,109.5,42.0
2003-01-20,201.0,118.5,19.0
2003-01-21,130.0,110.0,17.0
2003-01-22,243.5,114.5,49.0
2003-01-23,187.0,128.0,26.0
2003-01-24,80.0,83.0,7.5
2003-01-25,104.0,82.0,8.0
2003-01-26,199.0,62.0,12.0
2003-01-27,116.0,41.0,18.0
2003-01-28,139.0,60.0,24.5
2003-01-29,140.5,57.0,13.0
2003-01-30,79.0,60.0,7.0
2003-01-31,76.0,54.0,5.0
2003-02-01,146.5,48.0,11.0
2003-02-02,59.5,29.0,6.0
2003-02-03,70.5,57.0,10.0
2003-02-04,55.5,35.0,7.0
2003-02-05,92.5,59.0,15.0
2003-02-06,102.0,83.0,14.0
2003-02-07,95.0,52.0,9.0
2003-02-08,227.0,82.0,35.5
2003-02-09,99.0,27.0,9.0
2003-02-10,186.0,37.5,16.0
2003-02-11,283.0,60.5,39.0
2003-02-12,76.0,44.5,7.0
2003-02-13,84.0,44.0,11.0
2003-02-14,68.0,47.0,9.0
2003-02-15,140.0,47.5,11.0
2003-02-16,237.0,38.0,23.5
2003-02-17,85.0,33.5,13.5
2003-02-18,133.0,42.5,10.0
2003-02-19,217.0,54.5,18.5
2003-02-20,53.0,77.5,10.0
2003-02-21,75.0,97.5,8.0
2003-02-22,162.0,50.5,16.5
2003-02-23,237.0,42.5,27.0
2003-02-24,246.0,56.0,19.0
2003-02-25,64.0,65.0,4.5
2003-02-26,126.0,65.0,9.0
2003-02-27,134.0,44.5,7.0
2003-02-28,72.0,44.5,5.0
2003-03-01,144.0,47.5,16.0
2003-03-02,63.0,53.0,6.0
2003-03-03,83.5,52.0,6.0
2003-03-04,59.0,24.5,2.5
2003-03-05,74.0,25.0,4.0
2003-03-06,131.0,48.0,19.0
2003-03-07,105.0,38.5,12.0
2003-03-08,79.0,52.5,13.5
2003-03-09,59.0,76.5,15.0
2003-03-10,70.0,63.0,9.5
2003-03-11,53.0,68.0,9.0
2003-03-12,61.0,41.0,6.5
2003-03-13,110.0,44.0,8.0
2003-03-14,68.0,32.0,5.0
2003-03-15,97.0,46.5,8.0
2003-03-16,112.0,40.0,7.5
2003-03-17,144.0,33.0,13.5
2003-03-18,146.0,31.5,12.0
2003-03-19,92.0,36.0,8.0
2003-03-20,124.0,30.5,9.0
2003-03-21,130.0,30.5,12.0
2003-03-22,65.0,64.0,14.0
2003-03-23,71.0,100.5,15.5
2003-03-24,168.0,63.0,16.0
2003-03-25,123.0,48.0,9.0
2003-03-26,90.5,60.0,10.0
2003-03-27,174.0,58.5,17.0
2003-03-28,155.0,58.0,16.0
2003-03-29,80.0,63.0,7.0
2003-03-30,77.0,50.5,6.0
2003-03-31,95.0,43.0,9.0
2003-04-01,77.0,32.0,8.0
2003-04-02,94.0,36.5,10.0
2003-04-03,121.0,36.0,9.5
2003-04-04,138.0,43.0,19.0
2003-04-05,45.0,37.0,8.0
2003-04-06,32.0,68.0,7.0
2003-04-07,163.0,54.5,7.0
2003-04-08,200.0,61.0,15.0
2003-04-09,37.0,51.5,4.5
2003-04-10,58.0,38.0,5.0
2003-04-11,164.0,72.5,8.5
2003-04-12,90.0,33.0,6.0
2003-04-13,43.0,28.0,7.0
2003-04-14,113.0,54.5,21.0
2003-04-15,57.0,48.0,8.0
2003-04-16,56.0,63.0,8.0
2003-04-17,79.0,61.0,7.0
2003-04-18,61.0,33.5,5.0
2003-04-19,49.0,29.0,5.0
2003-04-20,63.0,28.5,7.5
2003-04-21,38.0,31.5,5.5
2003-04-22,107.0,48.5,13.0
2003-04-23,103.0,64.0,33.0
2003-04-24,79.0,45.0,23.0
2003-04-25,126.0,88.5,80.5
2003-04-26,112.0,93.5,33.5
2003-04-27,35.0,60.5,5.0
2003-04-28,52.0,54.0,6.0
2003-04-29,67.0,48.5,8.0
2003-04-30,67.0,69.0,12.0
2003-05-01,32.0,42.0,6.0
2003-05-02,46.0,57.0,6.0
2003-05-03,67.0,41.0,5.5
2003-05-04,66.0,19.0,5.5
2003-05-05,127.0,24.0,9.0
2003-05-06,69.0,27.0,7.0
2003-05-07,100.5,30.0,12.0
2003-05-08,88.0,35.5,23.0
2003-05-09,70.0,53.0,5.5
2003-05-10,62.0,75.0,7.0
2003-05-11,43.0,40.0,5.0
2003-05-12,64.0,40.0,5.0
2003-05-13,56.0,39.5,6.5
2003-05-14,97.0,29.5,20.0
2003-05-15,89.0,25.5,12.0
2003-05-16,58.0,24.5,7.5
2003-05-17,61.0,24.5,7.5
2003-05-18,89.0,34.0,18.5
2003-05-19,75.0,29.0,9.0
2003-05-20,56.0,49.0,9.5
2003-05-21,53.0,70.5,9.5
2003-05-22,47.0,66.0,7.5
2003-05-23,45.0,33.0,7.5
2003-05-24,86.0,36.5,17.0
2003-05-25,100.0,42.5,16.5
2003-05-26,48.0,54.5,7.0
2003-05-27,53.0,68.0,6.5
2003-05-28,51.0,62.0,6.0
2003-05-29,149.0,110.0,25.5
2003-05-30,128.0,123.0,28.0
2003-05-31,88.0,82.0,12.0
2003-06-01,52.0,60.0,8.0
2003-06-02,83.0,63.0,16.0
2003-06-03,96.0,70.0,19.0
2003-06-04,61.0,55.0,11.0
2003-06-05,40.0,63.0,9.0
2003-06-06,73.0,41.5,9.5
2003-06-07,127.0,50.5,37.0
2003-06-08,85.0,45.5,24.5
2003-06-09,86.0,20.0,4.5
2003-06-10,127.0,26.0,7.5
2003-06-11,131.5,25.0,8.0
2003-06-12,177.0,37.0,17.0
2003-06-13,188.0,31.0,17.0
2003-06-14,193.0,37.5,16.0
2003-06-15,111.0,37.0,13.5
2003-06-16,78.0,32.0,8.5
2003-06-17,125.0,74.0,30.0
2003-06-18,118.0,103.0,63.0
2003-06-19,92.0,63.0,26.0
2003-06-20,63.0,28.0,7.5
2003-06-21,86.0,18.0,5.5
2003-06-22,39.0,21.5,4.5
2003-06-23,84.0,24.0,7.0
2003-06-24,53.0,20.5,11.0
2003-06-25,69.0,20.5,8.5
2003-06-26,51.0,29.5,8.5
2003-06-27,54.0,29.5,8.0
2003-06-28,56.0,25.5,8.5
2003-06-29,33.0,17.5,5.5
2003-06-30,67.0,18.0,6.5
2003-07-01,62.0,18.0,8.0
2003-07-02,73.0,23.0,28.0
2003-07-03,91.0,23.0,33.0
2003-07-04,80.0,21.5,19.5
2003-07-05,64.0,20.0,16.5
2003-07-06,39.0,16.0,11.0
2003-07-07,74.0,18.0,15.0
2003-07-08,65.0,17.0,13.5
2003-07-09,71.0,15.0,7.0
2003-07-10,78.0,17.0,10.0
2003-07-11,48.0,17.5,6.0
2003-07-12,53.0,19.0,6.0
2003-07-13,47.0,20.0,13.0
2003-07-14,71.0,24.0,23.5
2003-07-15,76.0,26.5,24.0
2003-07-16,61.0,27.0,22.5
2003-07-17,54.5,23.0,20.0
2003-07-18,67.0,20.5,22.5
2003-07-19,64.0,21.5,8.0
2003-07-20,42.0,20.0,4.0
2003-07-21,46.0,23.5,5.0
2003-07-22,71.0,26.5,12.0
2003-07-23,59.0,42.5,12.0
2003-07-24,38.0,31.0,4.0
2003-07-25,52.5,27.0,5.0
2003-07-26,96.0,29.0,16.0
2003-07-27,95.5,26.0,35.0
2003-07-28,103.5,22.0,25.0
2003-07-29,88.0,22.0,17.0
2003-07-30,111.0,24.0,16.5
2003-07-31,83.0,22.0,13.5
2003-08-01,100.0,25.5,14.5
2003-08-02,95.0,27.0,13.5
2003-08-03,81.0,21.5,18.0
2003-08-04,83.0,36.0,20.0
2003-08-05,143.0,50.5,46.5
2003-08-06,133.0,35.0,20.5
2003-08-07,95.0,26.5,11.0
2003-08-08,94.0,25.5,14.5
2003-08-09,90.0,27.0,19.5
2003-08-10,67.0,25.0,15.0
2003-08-11,90.0,28.0,13.0
2003-08-12,53.0,15.0,5.5
2003-08-13,80.0,23.5,10.0
2003-08-14,109.0,29.0,14.5
2003-08-15,121.0,35.0,17.0
2003-08-16,152.0,31.0,14.0
2003-08-17,72.0,23.5,5.0
2003-08-18,128.0,35.0,19.0
2003-08-19,110.0,48.0,22.0
2003-08-20,125.0,36.5,14.0
2003-08-21,205.0,53.0,43.0
2003-08-22,124.0,23.0,7.0
2003-08-23,79.0,27.0,7.0
2003-08-24,34.5,20.0,4.0
2003-08-25,45.5,32.0,4.5
2003-08-26,51.5,37.0,6.0
2003-08-27,78.5,33.0,7.0
2003-08-28,110.5,35.0,16.0
2003-08-29,108.0,27.0,21.0
2003-08-30,104.0,27.0,18.0
2003-08-31,97.0,33.0,33.0
2003-09-01,119.0,54.0,24.0
2003-09-02,94.0,68.0,45.0
2003-09-03,86.0,26.5,6.5
2003-09-04,87.5,21.0,5.0
2003-09-05,86.0,26.0,8.0
2003-09-06,84.0,26.0,7.0
2003-09-07,57.0,18.0,5.0
2003-09-08,80.0,19.0,6.0
2003-09-09,85.5,32.0,9.0
2003-09-10,186.5,70.0,50.0
2003-09-11,135.5,74.0,22.0
2003-09-12,112.0,60.0,18.0
2003-09-13,71.0,40.0,7.0
2003-09-14,52.0,15.0,5.0
2003-09-15,64.5,15.0,5.0
2003-09-16,48.0,20.0,5.0
2003-09-17,90.5,20.0,6.0
2003-09-18,165.0,58.0,50.0
2003-09-19,135.5,62.0,56.0
2003-09-20,126.0,56.0,42.0
2003-09-21,111.0,39.5,16.0
2003-09-22,109.0,43.0,9.0
2003-09-23,93.0,52.0,14.0
2003-09-24,94.5,52.0,10.0
2003-09-25,78.0,39.0,9.0
2003-09-26,76.5,43.0,8.0
2003-09-27,80.5,39.0,8.0
2003-09-28,61.0,38.0,7.0
2003-09-29,76.0,45.0,10.0
2003-09-30,71.0,49.0,7.0
2003-10-01,60.0,50.0,7.0
2003-10-02,84.5,52.0,8.0
2003-10-03,77.0,63.0,9.0
2003-10-04,68.0,67.0,9.0
2003-10-05,67.0,48.0,9.0
2003-10-06,72.5,59.0,13.0
2003-10-07,120.5,90.0,29.0
2003-10-08,103.0,55.0,13.0
2003-10-09,65.0,37.5,7.0
2003-10-10,66.5,33.0,6.0
2003-10-11,109.0,22.0,9.0
2003-10-12,100.5,25.0,31.0
2003-10-13,111.5,44.0,26.0
2003-10-14,85.5,33.0,10.0
2003-10-15,84.0,46.0,11.0
2003-10-16,114.0,67.0,17.0
2003-10-17,124.0,81.0,20.0
2003-10-18,108.0,75.0,15.0
2003-10-19,73.0,74.0,14.0
2003-10-20,119.0,86.5,19.0
2003-10-21,123.5,91.0,18.0
2003-10-22,127.0,93.0,22.0
2003-10-23,119.0,108.0,18.0
2003-10-24,126.5,124.0,19.0
2003-10-25,146.5,89.0,18.0
2003-10-26,85.0,65.0,11.0
2003-10-27,115.5,95.0,12.0
2003-10-28,140.5,118.0,24.0
2003-10-29,71.0,98.0,13.0
2003-10-30,91.5,85.0,14.0
2003-10-31,132.5,75.0,16.0
2003-11-01,151.5,86.0,32.0
2003-11-02,230.5,210.0,103.0
2003-11-03,212.5,175.0,64.5
2003-11-04,77.0,77.0,12.0
2003-11-05,104.0,75.0,12.5
2003-11-06,105.5,67.0,9.0
2003-11-07,86.5,38.0,9.0
2003-11-08,88.5,27.0,10.0
2003-11-09,83.0,41.0,11.0
2003-11-10,94.0,36.0,13.0
2003-11-11,94.0,43.0,11.0
2003-11-12,84.0,50.0,13.0
2003-11-13,100.0,62.0,15.0
2003-11-14,109.0,85.0,16.0
2003-11-15,168.5,80.0,18.0
2003-11-16,93.0,60.5,14.5
2003-11-17,68.0,69.0,14.0
2003-11-18,67.0,37.0,7.0
2003-11-19,76.0,28.0,7.0
2003-11-20,142.0,41.5,11.0
2003-11-21,114.0,46.0,16.0
2003-11-22,86.5,62.0,17.0
2003-11-23,74.0,58.0,12.0
2003-11-24,120.5,56.5,14.0
2003-11-25,116.0,61.0,15.0
2003-11-26,117.0,71.0,19.0
2003-11-27,96.0,101.0,20.0
2003-11-28,117.0,96.5,26.0
2003-11-29,81.0,69.0,17.0
2003-11-30,104.0,75.0,15.0
2003-12-01,162.0,102.0,20.5
2003-12-02,158.5,98.0,21.0
2003-12-03,134.0,70.0,15.0
2003-12-04,93.5,71.0,12.0
2003-12-05,122.0,77.0,13.0
2003-12-06,178.0,92.5,22.0
2003-12-07,60.0,134.5,21.5
2003-12-08,74.0,104.0,18.5
2003-12-09,120.0,89.5,20.0
2003-12-10,120.0,78.5,27.0
2003-12-11,116.0,71.0,24.0
2003-12-12,80.0,55.5,15.0
2003-12-13,135.0,76.5,21.5
2003-12-14,133.0,93.5,25.0
2003-12-15,143.0,92.5,22.5
2003-12-16,155.0,98.5,22.5
2003-12-17,183.0,93.0,20.0
2003-12-18,150.0,108.0,29.0
2003-12-19,72.0,140.5,36.5
2003-12-20,119.0,120.5,38.5
2003-12-21,121.0,89.0,24.0
2003-12-22,187.0,94.0,20.0
2003-12-23,186.0,74.0,17.0
2003-12-24,190.0,73.5,21.0
2003-12-25,272.0,63.0,22.0
2003-12-26,113.0,156.0,42.0
2003-12-27,64.0,119.0,32.0
2003-12-28,105.0,84.5,22.5
2003-12-29,164.0,72.5,17.0
2003-12-30,171.0,73.5,17.5
2003-12-31,391.0,156.0,49.0
2004-01-01,91.0,109.0,19.5
2004-01-02,276.5,184.0,66.0
2004-01-03,102.0,115.0,20.5
2004-01-04,92.0,95.0,16.0
2004-01-05,159.0,100.0,21.0
2004-01-06,230.5,97.5,17.0
2004-01-07,97.0,80.0,13.5
2004-01-08,87.0,67.0,10.0
2004-01-09,111.0,71.5,12.5
2004-01-10,96.0,71.0,11.0
2004-01-11,112.0,50.5,16.5
2004-01-12,101.0,67.0,22.5
2004-01-13,102.5,60.0,17.5
2004-01-14,81.5,66.0,13.0
2004-01-15,113.5,53.0,11.0
2004-01-16,215.0,60.5,25.0
2004-01-17,98.5,38.5,13.0
2004-01-18,87.5,42.0,8.5
2004-01-19,98.5,18.5,8.5
2004-01-20,93.0,31.0,10.0
2004-01-21,68.5,52.0,14.5
2004-01-22,55.5,57.0,16.0
2004-01-23,54.0,53.0,12.5
2004-01-24,46.5,51.5,13.5
2004-01-25,90.5,43.0,14.0
2004-01-26,108.5,63.5,19.5
2004-01-27,86.5,65.5,13.5
2004-01-28,101.5,70.0,18.0
2004-01-29,159.5,90.0,23.0
2004-01-30,306.0,156.5,62.0
2004-01-31,71.5,47.5,6.5
2004-02-01,120.0,45.5,9.5
2004-02-02,176.5,47.0,16.0
2004-02-03,104.5,27.0,15.0
2004-02-04,103.5,19.0,8.0
2004-02-05,122.5,23.5,11.0
2004-02-06,118.5,51.5,15.5
2004-02-07,113.0,58.5,13.0
2004-02-08,107.0,24.5,13.0
2004-02-09,148.0,30.0,14.5
2004-02-10,141.0,49.0,16.0
2004-02-11,123.5,51.0,14.0
2004-02-12,307.0,75.5,28.5
2004-02-13,250.0,125.0,56.5
2004-02-14,298.0,152.0,66.5
2004-02-15,82.5,80.5,15.0
2004-02-16,60.5,77.0,13.0
2004-02-17,180.5,74.5,20.0
2004-02-18,201.0,92.0,34.0
2004-02-19,152.5,62.0,14.0
2004-02-20,99.5,60.0,11.0
2004-02-21,157.0,59.5,22.5
2004-02-22,258.0,108.0,96.5
2004-02-23,67.5,78.5,17.0
2004-02-24,89.5,61.5,13.5
2004-02-25,203.5,108.0,61.5
2004-02-26,130.5,61.0,27.5
2004-02-27,88.5,64.5,13.0
2004-02-28,99.0,78.0,12.5
2004-02-29,109.0,49.0,13.0
2004-03-01,87.5,34.0,20.0
2004-03-02,117.0,37.0,29.5
2004-03-03,79.0,42.5,12.5
2004-03-04,111.5,76.0,17.0
2004-03-05,148.5,94.5,32.0
2004-03-06,107.5,101.5,20.5
2004-03-07,51.0,114.5,19.5
2004-03-08,112.5,110.5,22.5
2004-03-09,163.0,92.0,32.0
2004-03-10,150.0,60.0,17.0
2004-03-11,128.0,44.0,22.0
2004-03-12,169.0,43.0,25.5
2004-03-13,86.0,45.0,9.0
2004-03-14,153.0,106.0,33.0
2004-03-15,105.0,73.0,15.0
2004-03-16,105.0,61.0,10.0
2004-03-17,118.0,60.0,10.0
2004-03-18,92.0,48.0,6.0
2004-03-19,90.0,52.0,9.0
2004-03-20,100.0,64.0,13.0
2004-03-21,115.0,70.0,33.0
2004-03-22,120.0,63.0,18.0
2004-03-23,68.0,57.0,10.0
2004-03-24,72.0,48.0,9.0
2004-03-25,104.0,26.0,10.0
2004-03-26,122.0,22.0,11.0
2004-03-27,136.0,32.0,14.0
2004-03-28,114.0,32.0,10.0
2004-03-29,150.0,46.0,9.0
2004-03-30,249.0,48.0,22.0
2004-03-31,84.0,61.0,9.0
2004-04-01,190.0,63.0,18.0
2004-04-02,112.0,53.0,13.0
2004-04-03,208.0,74.0,25.0
2004-04-04,193.0,95.0,31.0
2004-04-05,62.0,80.0,11.0
2004-04-06,95.0,77.0,12.0
2004-04-07,120.0,67.0,13.0
2004-04-08,91.0,37.0,16.0
2004-04-09,105.0,44.0,15.0
2004-04-10,104.0,65.0,15.0
2004-04-11,110.0,47.0,24.0
2004-04-12,124.0,33.0,41.0
2004-04-13,121.0,39.0,37.0
2004-04-14,95.0,24.0,9.0
2004-04-15,97.0,47.0,8.0
2004-04-16,130.0,62.5,14.0
2004-04-17,144.5,49.0,16.0
2004-04-18,149.0,75.0,80.5
2004-04-19,213.0,116.0,91.0
2004-04-20,165.0,80.5,41.5
2004-04-21,130.0,70.5,30.0
2004-04-22,90.0,36.5,27.5
2004-04-23,96.0,40.5,25.0
2004-04-24,62.0,68.0,11.5
2004-04-25,50.0,48.0,6.0
2004-04-26,94.0,48.0,15.0
2004-04-27,95.0,56.0,21.5
2004-04-28,56.0,65.0,9.5
2004-04-29,74.0,71.5,10.5
2004-04-30,105.0,60.0,13.5
2004-05-01,85.0,37.5,12.5
2004-05-02,70.0,27.0,9.5
2004-05-03,109.0,30.0,34.5
2004-05-04,146.5,61.0,63.0
2004-05-05,133.0,57.0,25.0
2004-05-06,99.0,53.5,12.5
2004-05-07,65.0,65.0,12.0
2004-05-08,126.0,38.0,18.0
2004-05-09,137.0,56.0,42.5
2004-05-10,116.0,35.0,26.5
2004-05-11,71.0,24.0,8.0
2004-05-12,90.0,21.5,21.5
2004-05-13,95.0,22.0,16.0
2004-05-14,101.0,27.5,9.0
2004-05-15,94.0,49.5,8.0
2004-05-16,86.0,35.5,15.0
2004-05-17,85.0,44.0,16.0
2004-05-18,116.0,66.0,22.0
2004-05-19,165.0,72.0,71.0
2004-05-20,186.0,79.5,139.0
2004-05-21,112.0,44.0,27.0
2004-05-22,81.0,31.5,13.0
2004-05-23,88.0,53.5,24.5
2004-05-24,79.0,55.5,11.0
2004-05-25,71.0,56.0,8.0
2004-05-26,94.0,39.0,21.0
2004-05-27,102.0,36.5,44.5
2004-05-28,111.0,28.0,28.0
2004-05-29,152.0,29.0,27.5
2004-05-30,113.0,22.0,18.5
2004-05-31,105.0,26.5,34.0
2004-06-01,141.0,48.0,29.0
2004-06-02,86.0,32.0,7.5
2004-06-03,82.0,32.0,8.0
2004-06-04,59.0,37.0,6.5
2004-06-05,76.0,38.5,7.0
2004-06-06,77.0,43.0,7.5
2004-06-07,123.0,65.0,25.5
2004-06-08,107.0,58.0,26.5
2004-06-09,111.0,81.0,31.5
2004-06-10,91.5,84.0,12.0
2004-06-11,65.0,72.0,9.5
2004-06-12,56.0,47.5,9.0
2004-06-13,55.0,63.0,10.0
2004-06-14,87.0,59.5,11.0
2004-06-15,87.0,38.5,6.5
2004-06-16,103.0,27.5,12.0
2004-06-17,102.0,32.5,21.0
2004-06-18,85.0,26.0,21.0
2004-06-19,69.0,29.5,19.5
2004-06-20,65.5,27.5,23.5
2004-06-21,109.0,31.5,23.5
2004-06-22,69.0,38.0,18.0
2004-06-23,73.5,43.0,9.5
2004-06-24,72.0,41.5,8.5
2004-06-25,68.0,30.0,8.5
2004-06-26,61.0,25.5,9.5
2004-06-27,52.0,22.0,7.0
2004-06-28,108.0,34.5,32.5
2004-06-29,126.0,84.0,66.0
2004-06-30,170.0,98.0,54.5
2004-07-01,161.0,113.0,76.0
2004-07-02,123.0,82.5,71.5
2004-07-03,97.0,42.0,29.0
2004-07-04,81.5,30.0,21.0
2004-07-05,65.5,34.5,19.0
2004-07-06,63.0,41.5,21.0
2004-07-07,62.0,40.0,16.0
2004-07-08,66.5,35.5,15.0
2004-07-09,74.0,26.5,19.0
2004-07-10,81.0,23.5,15.0
2004-07-11,62.0,23.0,14.0
2004-07-12,76.0,26.0,17.0
2004-07-13,111.5,25.0,35.0
2004-07-14,99.5,22.5,36.0
2004-07-15,119.0,32.5,36.0
2004-07-16,64.5,23.0,13.0
2004-07-17,140.5,23.5,15.0
2004-07-18,85.5,19.5,14.0
2004-07-19,102.0,20.5,12.0
2004-07-20,89.0,20.5,10.0
2004-07-21,80.0,23.0,10.5
2004-07-22,66.5,31.5,11.0
2004-07-23,76.0,29.0,12.0
2004-07-24,86.5,31.5,11.0
2004-07-25,57.0,16.0,8.0
2004-07-26,70.0,24.0,7.0
2004-07-27,123.5,74.0,56.0
2004-07-28,111.0,27.0,20.0
2004-07-29,129.5,19.0,10.0
2004-07-30,94.0,18.0,12.0
2004-07-31,97.5,26.5,15.0
2004-08-01,118.5,25.0,30.0
2004-08-02,100.0,22.5,33.0
2004-08-03,94.5,21.5,30.0
2004-08-04,91.0,23.5,22.0
2004-08-05,120.0,23.5,18.0
2004-08-06,118.0,20.0,11.0
2004-08-07,97.0,34.0,16.0
2004-08-08,121.5,66.5,49.0
2004-08-09,131.5,74.0,52.0
2004-08-10,155.0,102.0,84.0
2004-08-11,154.5,66.5,47.0
2004-08-12,206.0,77.0,109.0
2004-08-13,133.5,58.5,57.0
2004-08-14,89.5,30.0,23.0
2004-08-15,60.5,18.5,8.0
2004-08-16,106.5,27.0,34.0
2004-08-17,192.0,109.5,101.0
2004-08-18,246.0,139.5,115.0
2004-08-19,153.5,114.0,67.0
2004-08-20,106.0,33.0,14.0
2004-08-21,140.0,20.5,12.0
2004-08-22,115.5,21.0,16.5
2004-08-23,161.5,47.0,56.5
2004-08-24,173.0,99.0,87.0
2004-08-25,142.5,104.0,78.0
2004-08-26,169.0,115.5,120.0
2004-08-27,152.5,43.5,42.0
2004-08-28,91.5,19.0,11.5
2004-08-29,81.0,21.5,9.0
2004-08-30,114.0,31.0,21.0
2004-08-31,116.5,30.0,24.0
2004-09-01,90.5,37.0,13.0
2004-09-02,74.5,37.5,11.0
2004-09-03,78.0,20.0,11.0
2004-09-04,107.5,19.0,18.0
2004-09-05,129.0,36.0,39.5
2004-09-06,121.5,91.0,66.5
2004-09-07,139.0,81.0,68.0
2004-09-08,93.0,33.0,14.0
2004-09-09,131.0,39.0,41.5
2004-09-10,119.0,45.0,29.5
2004-09-11,76.5,32.0,12.0
2004-09-12,71.5,46.0,12.5
2004-09-13,113.5,70.0,25.5
2004-09-14,166.5,106.0,40.0
2004-09-15,203.5,123.0,68.5
2004-09-16,123.5,144.0,65.0
2004-09-17,92.5,15.0,10.0
2004-09-18,73.0,18.0,10.0
2004-09-19,89.0,19.0,9.0
2004-09-20,134.0,26.0,26.5
2004-09-21,140.0,39.0,51.0
2004-09-22,114.0,57.0,26.0
2004-09-23,95.0,56.0,16.0
2004-09-24,98.0,53.0,13.0
2004-09-25,100.0,66.0,12.0
2004-09-26,108.0,56.0,18.0
2004-09-27,138.5,88.0,33.0
2004-09-28,156.0,103.0,28.0
2004-09-29,91.0,84.0,32.0
2004-09-30,68.0,73.5,11.0
2004-10-01,74.0,85.0,24.0
2004-10-02,63.0,59.0,13.0
2004-10-03,74.0,58.0,19.0
2004-10-04,111.0,67.0,22.0
2004-10-05,134.0,73.0,26.0
2004-10-06,126.0,90.0,34.0
2004-10-07,165.0,101.0,43.0
2004-10-08,160.0,96.0,30.0
2004-10-09,120.0,91.0,22.0
2004-10-10,107.0,74.0,16.0
2004-10-11,111.0,103.0,37.0
2004-10-12,130.0,99.0,20.0
2004-10-13,127.0,109.0,22.0
2004-10-14,56.0,105.0,16.0
2004-10-15,84.0,76.0,14.0
2004-10-16,104.0,82.0,15.0
2004-10-17,108.0,76.0,34.0
2004-10-18,139.0,87.0,26.0
2004-10-19,100.0,129.0,36.0
2004-10-20,113.0,124.0,20.0
2004-10-21,107.0,95.0,19.0
2004-10-22,76.0,96.0,17.0
2004-10-23,81.0,89.0,15.0
2004-10-24,88.0,91.0,17.0
2004-10-25,137.0,124.0,34.0
2004-10-26,71.0,112.0,19.0
2004-10-27,65.0,99.0,16.0
2004-10-28,73.0,86.0,15.0
2004-10-29,78.0,49.0,11.0
2004-10-30,84.0,43.0,12.0
2004-10-31,101.0,48.0,14.0
2004-11-01,159.0,97.0,41.0
2004-11-02,91.0,90.0,17.0
2004-11-03,92.0,104.0,15.0
2004-11-04,78.5,71.0,14.0
2004-11-05,137.0,64.0,13.0
2004-11-06,119.0,82.0,22.0
2004-11-07,71.0,53.0,10.0
2004-11-08,65.0,47.0,10.0
2004-11-09,96.0,58.0,9.0
2004-11-10,101.0,44.0,9.0
2004-11-11,99.0,33.0,9.0
2004-11-12,83.0,44.0,13.0
2004-11-13,82.0,47.0,9.0
2004-11-14,99.0,42.0,12.0
2004-11-15,121.0,54.5,16.0
2004-11-16,92.0,42.5,14.0
2004-11-17,99.0,62.0,17.5
2004-11-18,119.0,65.0,16.5
2004-11-19,146.0,61.0,17.5
2004-11-20,146.0,81.0,19.0
2004-11-21,102.0,80.0,16.5
2004-11-22,108.0,81.5,16.0
2004-11-23,110.0,77.5,16.0
2004-11-24,96.0,56.5,11.0
2004-11-25,147.0,67.5,16.0
2004-11-26,91.0,91.5,16.0
2004-11-27,139.0,77.5,22.5
2004-11-28,139.0,74.0,20.5
2004-11-29,141.0,82.5,18.0
2004-11-30,122.0,80.5,17.5
2004-12-01,95.0,67.5,15.0
2004-12-02,130.0,61.0,13.5
2004-12-03,142.0,80.0,24.5
2004-12-04,91.0,95.5,25.0
2004-12-05,76.0,91.5,22.5
2004-12-06,135.0,96.0,25.0
2004-12-07,101.0,89.0,23.0
2004-12-08,144.0,101.0,30.0
2004-12-09,155.0,85.0,25.0
2004-12-10,168.0,88.5,24.0
2004-12-11,136.0,55.0,16.5
2004-12-12,152.0,90.5,25.0
2004-12-13,120.0,100.5,27.0
2004-12-14,126.0,70.5,17.0
2004-12-15,185.0,80.0,27.0
2004-12-16,114.0,55.0,15.0
2004-12-17,112.0,83.0,16.0
2004-12-18,159.0,85.0,21.0
2004-12-19,127.0,68.0,20.5
2004-12-20,134.0,81.5,20.5
2004-12-21,81.0,78.0,11.0
2004-12-22,108.0,61.0,10.5
2004-12-23,160.0,58.5,23.5
2004-12-24,135.0,70.0,16.0
2004-12-25,89.0,71.0,14.0
2004-12-26,66.0,41.0,7.0
2004-12-27,111.0,78.0,20.5
2004-12-28,113.0,65.5,29.0
2004-12-29,129.0,51.0,27.5
2004-12-30,126.0,71.5,22.0
2004-12-31,68.0,77.0,28.0
2005-01-01,68.0,43.0,19.0
2005-01-02,135.5,61.0,25.5
2005-01-03,274.5,113.0,46.0
2005-01-04,291.0,147.0,68.0
2005-01-05,125.0,82.0,20.0
2005-01-06,236.0,146.0,45.0
2005-01-07,142.0,81.0,22.0
2005-01-08,146.0,99.0,30.0
2005-01-09,91.0,116.0,22.0
2005-01-10,130.0,125.5,26.0
2005-01-11,140.0,110.0,32.0
2005-01-12,129.0,94.0,21.0
2005-01-13,126.0,56.0,20.0
2005-01-14,99.0,68.0,29.0
2005-01-15,147.0,103.0,42.0
2005-01-16,148.0,126.0,41.0
2005-01-17,123.0,86.0,21.0
2005-01-18,131.0,79.0,17.0
2005-01-19,142.0,83.0,18.0
2005-01-20,120.0,105.0,19.0
2005-01-21,102.0,75.0,14.0
2005-01-22,281.0,77.0,22.0
2005-01-23,265.0,93.0,28.0
2005-01-24,133.0,53.0,12.0
2005-01-25,196.0,57.0,24.0
2005-01-26,210.0,41.0,23.0
2005-01-27,120.0,53.0,10.0
2005-01-28,232.0,60.0,17.0
2005-01-29,184.0,52.0,11.0
2005-01-30,121.0,37.0,12.0
2005-01-31,123.0,46.0,14.0
2005-02-01,110.0,81.0,21.0
2005-02-02,98.0,87.0,18.0
2005-02-03,115.0,56.0,16.0
2005-02-04,189.0,60.0,12.0
2005-02-05,134.0,41.0,7.5
2005-02-06,94.0,37.0,7.0
2005-02-07,210.0,34.0,21.0
2005-02-08,130.0,30.0,6.0
2005-02-09,65.0,31.0,4.0
2005-02-10,98.0,53.0,23.0
2005-02-11,53.0,39.0,9.0
2005-02-12,78.0,41.0,12.0
2005-02-13,51.0,34.0,6.0
2005-02-14,59.0,30.0,5.0
2005-02-15,123.0,50.0,7.0
2005-02-16,77.0,35.0,8.0
2005-02-17,212.0,66.0,61.5
2005-02-18,108.0,27.5,15.0
2005-02-19,81.0,45.0,11.0
2005-02-20,73.0,73.5,15.0
2005-02-21,113.0,82.0,16.0
2005-02-22,175.0,71.0,15.0
2005-02-23,221.0,76.0,19.0
2005-02-24,389.0,75.5,27.0
2005-02-25,258.0,48.0,16.0
2005-02-26,63.0,33.0,5.5
2005-02-27,68.0,32.0,8.0
2005-02-28,108.0,21.0,12.0
2005-03-01,104.0,38.0,12.0
2005-03-02,145.0,38.0,18.0
2005-03-03,94.0,48.0,13.0
2005-03-04,112.0,91.0,25.0
2005-03-05,147.0,93.0,33.0
2005-03-06,105.0,71.0,16.0
2005-03-07,164.0,56.0,21.0
2005-03-08,170.0,60.0,15.0
2005-03-09,146.0,53.0,11.5
2005-03-10,175.0,57.0,17.0
2005-03-11,148.0,50.0,11.0
2005-03-12,84.0,20.0,6.0
2005-03-13,74.0,26.0,10.0
2005-03-14,103.0,51.0,20.0
2005-03-15,111.5,57.0,10.0
2005-03-16,123.0,70.0,10.0
2005-03-17,300.0,62.0,27.0
2005-03-18,126.0,81.0,21.5
2005-03-19,79.0,98.0,16.0
2005-03-20,100.0,59.0,14.0
2005-03-21,94.0,56.0,11.0
2005-03-22,211.0,76.0,12.0
2005-03-23,151.0,46.0,23.0
2005-03-24,94.0,51.0,15.0
2005-03-25,64.0,95.0,17.0
2005-03-26,69.0,71.0,10.0
2005-03-27,107.0,92.0,12.0
2005-03-28,152.0,59.0,20.0
2005-03-29,159.0,48.0,20.0
2005-03-30,66.0,41.0,7.0
2005-03-31,84.0,22.0,7.0
2005-04-01,110.0,28.0,7.0
2005-04-02,220.0,73.0,50.0
2005-04-03,103.0,50.0,20.0
2005-04-04,77.0,142.0,36.0
2005-04-05,66.0,99.0,15.0
2005-04-06,143.0,66.0,22.0
2005-04-07,171.0,59.0,19.0
2005-04-08,100.0,49.0,9.0
2005-04-09,77.0,47.0,9.0
2005-04-10,80.0,47.0,10.0
2005-04-11,88.0,44.0,7.0
2005-04-12,145.0,52.5,31.0
2005-04-13,109.0,39.0,10.0
2005-04-14,128.0,59.0,17.0
2005-04-15,125.0,93.0,17.0
2005-04-16,85.0,107.0,11.0
2005-04-17,61.0,70.0,10.0
2005-04-18,126.0,63.0,21.0
2005-04-19,150.0,68.0,24.0
2005-04-20,166.0,89.0,46.0
2005-04-21,113.0,73.0,22.0
2005-04-22,128.0,54.0,19.0
2005-04-23,125.0,41.0,25.0
2005-04-24,123.0,45.0,21.0
2005-04-25,99.0,46.0,9.0
2005-04-26,84.0,30.0,7.0
2005-04-27,88.0,41.0,8.0
2005-04-28,147.5,39.5,23.0
2005-04-29,77.0,32.0,11.0
2005-04-30,70.0,32.0,12.0
2005-05-01,60.0,30.0,14.0
2005-05-02,71.0,36.0,13.0
2005-05-03,88.0,38.0,16.0
2005-05-04,83.0,34.0,14.0
2005-05-05,59.0,32.0,22.5
2005-05-06,99.0,48.0,42.0
2005-05-07,99.0,46.0,11.0
2005-05-08,135.0,51.0,15.0
2005-05-09,150.0,23.0,20.0
2005-05-10,139.0,25.0,11.0
2005-05-11,70.0,41.0,6.0
2005-05-12,95.0,41.0,17.0
2005-05-13,70.0,29.0,14.0
2005-05-14,76.0,31.0,12.0
2005-05-15,58.0,27.0,15.0
2005-05-16,59.0,18.0,9.0
2005-05-17,70.0,21.0,14.0
2005-05-18,78.0,26.0,11.0
2005-05-19,115.0,24.0,10.5
2005-05-20,76.0,49.0,6.0
2005-05-21,91.0,34.0,8.0
2005-05-22,78.0,24.0,20.0
2005-05-23,125.0,22.0,26.0
2005-05-24,131.0,27.0,34.0
2005-05-25,90.0,37.0,15.0
2005-05-26,56.0,30.0,6.0
2005-05-27,133.0,22.0,13.0
2005-05-28,125.5,31.0,23.0
2005-05-29,46.0,27.0,5.5
2005-05-30,75.0,34.5,7.0
2005-05-31,71.0,27.5,9.0
2005-06-01,97.0,30.0,21.0
2005-06-02,69.0,25.0,12.0
2005-06-03,85.0,32.0,21.0
2005-06-04,133.0,26.0,15.0
2005-06-05,66.0,43.0,8.0
2005-06-06,56.0,57.0,7.0
2005-06-07,51.0,38.0,5.0
2005-06-08,63.5,46.0,6.0
2005-06-09,59.0,36.0,7.0
2005-06-10,92.0,47.0,32.0
2005-06-11,70.0,27.0,24.0
2005-06-12,75.0,23.0,25.0
2005-06-13,128.0,30.0,32.0
2005-06-14,92.0,30.0,22.0
2005-06-15,151.0,28.0,20.0
2005-06-16,150.0,25.0,22.0
2005-06-17,122.0,24.0,14.0
2005-06-18,60.0,24.0,11.0
2005-06-19,50.0,22.0,8.0
2005-06-20,58.0,27.0,9.0
2005-06-21,80.0,26.0,11.0
2005-06-22,118.0,27.0,17.0
2005-06-23,177.0,25.0,15.0
2005-06-24,114.0,21.0,14.0
2005-06-25,84.0,25.0,18.0
2005-06-26,64.0,20.0,7.0
2005-06-27,85.0,26.0,9.0
2005-06-28,69.0,20.5,7.5
2005-06-29,80.0,17.0,9.0
2005-06-30,87.0,13.0,9.0
2005-07-01,81.0,19.0,9.0
2005-07-02,81.0,20.0,7.0
2005-07-03,71.0,28.0,8.0
2005-07-04,73.0,23.0,11.0
2005-07-05,89.0,17.0,32.0
2005-07-06,105.0,32.5,38.0
2005-07-07,152.0,46.0,35.0
2005-07-08,86.0,20.0,14.0
2005-07-09,114.0,22.0,21.0
2005-07-10,60.0,20.0,8.0
2005-07-11,76.0,20.0,16.0
2005-07-12,83.0,23.0,18.0
2005-07-13,64.0,19.0,16.0
2005-07-14,83.0,24.0,23.0
2005-07-15,82.0,23.0,23.0
2005-07-16,87.0,23.5,14.5
2005-07-17,75.0,38.5,40.5
2005-07-18,92.0,75.0,61.5
2005-07-19,108.0,105.0,79.0
2005-07-20,91.0,80.0,45.0
2005-07-21,113.0,48.0,38.0
2005-07-22,152.0,26.0,26.0
2005-07-23,123.0,26.0,20.5
2005-07-24,97.0,28.0,15.0
2005-07-25,143.0,32.0,43.0
2005-07-26,124.0,31.0,39.0
2005-07-27,86.5,29.5,12.5
2005-07-28,50.0,27.0,8.5
2005-07-29,54.0,18.0,6.0
2005-07-30,67.0,19.0,6.0
2005-07-31,74.5,23.0,6.0
2005-08-01,88.0,24.0,8.0
2005-08-02,91.0,25.0,20.0
2005-08-03,80.0,27.0,19.5
2005-08-04,71.0,33.0,30.0
2005-08-05,107.0,61.0,48.0
2005-08-06,106.0,65.0,52.0
2005-08-07,57.0,26.0,15.0
2005-08-08,69.0,20.0,9.0
2005-08-09,56.0,17.0,8.0
2005-08-10,63.0,20.0,6.0
2005-08-11,70.0,29.0,7.0
2005-08-12,155.0,96.0,94.0
2005-08-13,119.0,38.0,34.0
2005-08-14,53.0,23.0,13.0
2005-08-15,117.0,24.0,20.0
2005-08-16,92.0,17.0,8.0
2005-08-17,91.0,16.0,8.0
2005-08-18,113.0,20.0,16.0
2005-08-19,77.0,13.0,11.5
2005-08-20,49.0,12.0,7.5
2005-08-21,101.0,30.0,9.0
2005-08-22,91.5,35.5,16.5
2005-08-23,78.0,36.0,16.0
2005-08-24,142.0,49.0,46.0
2005-08-25,160.0,75.0,44.0
2005-08-26,80.0,43.0,9.0
2005-08-27,64.0,34.0,8.0
2005-08-28,46.0,36.0,8.0
2005-08-29,62.0,22.0,7.0
2005-08-30,102.0,25.0,15.0
2005-08-31,144.0,87.0,77.0
2005-09-01,127.0,105.0,84.0
2005-09-02,163.5,109.0,108.0
2005-09-03,100.0,41.5,15.0
2005-09-04,63.0,25.0,7.0
2005-09-05,105.0,47.0,18.0
2005-09-06,174.0,95.0,50.0
2005-09-07,155.0,73.0,25.0
2005-09-08,85.0,61.0,11.0
2005-09-09,93.0,89.0,17.0
2005-09-10,108.0,95.5,25.5
2005-09-11,137.0,133.5,62.5
2005-09-12,97.0,109.0,32.5
2005-09-13,67.0,21.0,9.0
2005-09-14,65.0,28.0,11.0
2005-09-15,63.5,35.0,11.0
2005-09-16,70.0,32.0,11.0
2005-09-17,49.0,27.0,9.0
2005-09-18,41.5,24.0,5.0
2005-09-19,57.0,20.0,9.0
2005-09-20,144.0,75.0,61.5
2005-09-21,132.0,89.0,74.0
2005-09-22,135.0,105.0,72.5
2005-09-23,63.0,51.0,10.0
2005-09-24,46.0,23.0,8.5
2005-09-25,30.5,24.0,4.0
2005-09-26,54.0,22.5,6.0
2005-09-27,68.0,33.0,6.5
2005-09-28,86.0,45.0,11.0
2005-09-29,100.0,47.0,12.0
2005-09-30,121.0,51.0,20.0
2005-10-01,118.0,96.0,50.0
2005-10-02,131.0,103.0,61.5
2005-10-03,92.0,91.0,28.0
2005-10-04,68.0,33.0,13.0
2005-10-05,97.5,53.0,20.0
2005-10-06,75.0,35.0,15.0
2005-10-07,75.0,45.0,12.0
2005-10-08,62.0,71.0,12.0
2005-10-09,64.0,83.0,15.0
2005-10-10,66.0,75.0,20.0
2005-10-11,49.0,37.0,9.0
2005-10-12,82.0,46.0,10.0
2005-10-13,109.0,51.5,13.0
2005-10-14,110.0,62.0,17.0
2005-10-15,98.0,119.0,19.0
2005-10-16,84.0,154.0,17.5
2005-10-17,96.0,122.0,17.0
2005-10-18,64.0,108.0,22.0
2005-10-19,64.0,78.0,10.5
2005-10-20,89.0,72.5,14.0
2005-10-21,87.0,71.0,15.0
2005-10-22,84.0,104.0,19.0
2005-10-23,62.0,71.0,12.0
2005-10-24,97.0,59.0,14.0
2005-10-25,89.0,59.0,15.0
2005-10-26,95.0,64.0,16.0
2005-10-27,69.0,51.0,11.0
2005-10-28,75.0,42.0,10.0
2005-10-29,90.0,87.0,15.0
2005-10-30,60.0,58.0,11.0
2005-10-31,85.0,59.0,20.0
2005-11-01,105.0,88.0,27.0
2005-11-02,70.0,52.0,12.0
2005-11-03,76.0,47.0,11.0
2005-11-04,96.0,41.0,12.0
2005-11-05,118.0,43.0,20.0
2005-11-06,119.0,39.0,45.0
2005-11-07,146.0,53.0,41.0
2005-11-08,94.0,55.0,8.0
2005-11-09,110.0,63.0,14.0
2005-11-10,120.0,50.0,17.0
2005-11-11,135.0,39.0,16.0
2005-11-12,112.0,61.0,14.0
2005-11-13,47.0,48.0,11.0
2005-11-14,77.0,39.0,9.0
2005-11-15,81.0,31.0,11.0
2005-11-16,74.0,34.0,13.0
2005-11-17,81.0,44.0,13.0
2005-11-18,86.0,51.0,13.0
2005-11-19,79.0,50.0,12.0
2005-11-20,63.0,49.0,12.0
2005-11-21,80.0,52.0,11.0
2005-11-22,121.0,67.0,15.0
2005-11-23,140.0,102.0,23.0
2005-11-24,135.0,104.0,28.0
2005-11-25,144.0,109.0,24.0
2005-11-26,147.0,120.0,27.0
2005-11-27,101.0,102.0,20.0
2005-11-28,163.0,72.0,26.0
2005-11-29,148.0,99.0,21.0
2005-11-30,88.0,139.0,18.0
2005-12-01,91.0,102.0,15.0
2005-12-02,146.0,91.0,16.0
2005-12-03,106.0,79.0,13.0
2005-12-04,78.0,74.0,18.0
2005-12-05,84.0,94.0,20.0
2005-12-06,94.0,63.0,22.0
2005-12-07,122.0,68.0,24.0
2005-12-08,120.0,69.0,22.0
2005-12-09,125.0,77.0,23.0
2005-12-10,138.0,79.0,29.0
2005-12-11,97.0,76.0,20.0
2005-12-12,84.0,67.5,18.0
2005-12-13,90.0,76.0,23.0
2005-12-14,83.0,90.0,26.0
2005-12-15,84.0,85.0,26.0
2005-12-16,119.0,86.0,30.0
2005-12-17,94.0,88.0,24.0
2005-12-18,92.0,79.0,29.0
2005-12-19,138.0,75.0,31.0
2005-12-20,181.0,77.0,38.0
2005-12-21,69.0,122.0,35.0
2005-12-22,109.0,73.0,26.0
2005-12-23,168.0,69.0,25.0
2005-12-24,190.0,61.0,20.5
2005-12-25,168.0,72.5,37.5
2005-12-26,165.0,99.5,31.0
2005-12-27,83.0,91.0,27.0
2005-12-28,123.0,90.0,20.0
2005-12-29,128.5,53.0,26.0
2005-12-30,148.0,49.0,22.0
2005-12-31,204.0,76.0,39.0
2006-01-01,108.0,52.5,23.0
2006-01-02,88.0,54.0,19.0
2006-01-03,87.0,66.5,13.0
2006-01-04,108.0,65.5,11.5
2006-01-05,126.0,50.5,20.0
2006-01-06,80.0,44.5,19.5
2006-01-07,85.0,73.0,35.5
2006-01-08,98.0,93.0,39.0
2006-01-09,169.0,99.0,39.5
2006-01-10,133.0,62.0,25.5
2006-01-11,117.0,67.0,22.0
2006-01-12,160.0,41.5,22.0
2006-01-13,289.0,59.5,45.0
2006-01-14,132.0,56.5,16.5
2006-01-15,113.0,71.0,19.5
2006-01-16,157.0,78.0,17.5
2006-01-17,92.0,47.5,10.0
2006-01-18,85.0,31.0,7.0
2006-01-19,83.0,33.0,7.5
2006-01-20,160.0,34.0,20.0
2006-01-21,110.0,32.0,13.5
2006-01-22,100.0,51.0,16.5
2006-01-23,98.0,42.0,14.5
2006-01-24,122.0,54.0,17.5
2006-01-25,145.0,76.5,25.5
2006-01-26,118.0,63.0,17.5
2006-01-27,105.0,65.0,15.0
2006-01-28,103.0,42.0,10.0
2006-01-29,113.0,34.0,11.0
2006-01-30,113.0,45.5,16.0
2006-01-31,268.0,63.5,54.0
2006-02-01,137.0,59.0,21.5
2006-02-02,58.0,53.5,8.0
2006-02-03,87.0,61.0,10.0
2006-02-04,61.0,55.5,11.0
2006-02-05,86.0,43.0,19.0
2006-02-06,222.0,70.0,64.5
2006-02-07,161.0,73.5,35.0
2006-02-08,80.0,64.0,13.0
2006-02-09,66.0,74.5,15.0
2006-02-10,166.0,107.5,31.5
2006-02-11,228.0,140.0,79.0
2006-02-12,121.0,91.0,28.5
2006-02-13,118.0,86.5,21.0
2006-02-14,142.0,70.0,17.5
2006-02-15,165.0,76.0,19.0
2006-02-16,320.0,62.0,41.0
2006-02-17,78.0,68.0,26.0
2006-02-18,102.0,41.0,11.0
2006-02-19,126.0,39.0,22.0
2006-02-20,189.0,61.0,64.0
2006-02-21,139.0,40.0,19.0
2006-02-22,241.0,74.5,58.0
2006-02-23,120.0,61.0,20.5
2006-02-24,100.0,75.0,22.5
2006-02-25,150.0,82.0,62.0
2006-02-26,119.0,59.0,33.0
2006-02-27,55.0,28.0,6.5
2006-02-28,101.0,22.0,10.0
2006-03-01,75.0,33.0,14.0
2006-03-02,137.0,54.0,31.0
2006-03-03,138.0,57.0,21.0
2006-03-04,106.0,56.0,18.0
2006-03-05,120.0,64.0,14.0
2006-03-06,266.0,84.0,24.0
2006-03-07,128.0,48.0,14.0
2006-03-08,111.0,60.0,14.0
2006-03-09,307.0,94.0,60.0
2006-03-10,182.0,86.0,31.0
2006-03-11,98.0,70.0,12.0
2006-03-12,75.0,49.0,9.0
2006-03-13,75.0,20.0,9.0
2006-03-14,111.0,29.0,16.0
2006-03-15,160.0,61.0,20.0
2006-03-16,416.0,158.0,104.0
2006-03-17,117.0,78.0,15.0
2006-03-18,208.0,92.0,21.0
2006-03-19,181.0,93.0,26.0
2006-03-20,74.0,139.0,14.0
2006-03-21,114.0,123.0,13.0
2006-03-22,146.0,81.0,12.0
2006-03-23,181.0,52.0,19.5
2006-03-24,82.0,24.0,8.0
2006-03-25,83.0,32.0,12.0
2006-03-26,82.0,20.0,11.0
2006-03-27,144.0,37.0,18.0
2006-03-28,124.0,33.0,15.0
2006-03-29,94.0,112.0,18.0
2006-03-30,73.0,112.0,12.0
2006-03-31,73.0,104.0,10.0
2006-04-01,147.0,77.0,19.0
2006-04-02,319.0,73.0,51.0
2006-04-03,216.0,67.0,29.0
2006-04-04,90.0,42.0,17.0
2006-04-05,72.0,30.0,20.0
2006-04-06,93.0,47.0,19.0
2006-04-07,95.0,49.0,13.0
2006-04-08,102.0,50.0,14.0
2006-04-09,83.0,63.0,13.0
2006-04-10,51.0,23.0,13.0
2006-04-11,68.0,23.0,17.0
2006-04-12,61.0,25.0,10.0
2006-04-13,134.0,44.0,35.0
2006-04-14,115.0,42.0,16.0
2006-04-15,99.0,32.0,18.0
2006-04-16,67.0,36.0,14.0
2006-04-17,83.0,79.0,16.0
2006-04-18,94.0,90.0,14.5
2006-04-19,230.0,65.0,33.0
2006-04-20,167.0,101.0,35.0
2006-04-21,101.5,126.0,11.0
2006-04-22,103.0,64.0,23.0
2006-04-23,73.5,30.5,11.5
2006-04-24,110.0,29.0,10.0
2006-04-25,88.0,116.0,8.0
2006-04-26,83.0,45.5,19.0
2006-04-27,102.0,29.0,13.0
2006-04-28,81.0,19.0,11.0
2006-04-29,137.0,31.0,23.0
2006-04-30,135.0,32.0,27.0
2006-05-01,60.5,25.0,17.0
2006-05-02,62.5,24.0,13.5
2006-05-03,116.0,23.0,9.0
2006-05-04,81.5,86.0,7.0
2006-05-05,73.0,51.0,7.0
2006-05-06,66.0,26.0,14.0
2006-05-07,74.0,23.0,16.0
2006-05-08,84.0,22.5,21.5
2006-05-09,82.0,19.0,17.0
2006-05-10,87.0,25.0,19.0
2006-05-11,125.0,50.0,32.0
2006-05-12,87.0,42.0,11.0
2006-05-13,116.0,63.0,24.0
2006-05-14,55.0,39.5,10.5
2006-05-15,83.0,72.5,21.5
2006-05-16,69.0,62.0,17.0
2006-05-17,49.0,17.0,13.0
2006-05-18,86.0,34.0,33.0
2006-05-19,111.0,34.0,19.0
2006-05-20,70.5,35.0,10.0
2006-05-21,63.5,33.0,7.0
2006-05-22,111.0,20.0,14.0
2006-05-23,194.0,59.0,38.0
2006-05-24,173.0,63.0,39.0
2006-05-25,100.0,23.0,16.0
2006-05-26,83.0,25.0,19.0
2006-05-27,112.0,29.0,20.0
2006-05-28,106.0,30.0,37.0
2006-05-29,98.0,26.0,14.0
2006-05-30,131.0,32.0,13.0
2006-05-31,91.0,22.0,14.0
2006-06-01,85.0,22.0,15.0
2006-06-02,141.0,24.0,13.0
2006-06-03,90.0,27.0,16.0
2006-06-04,64.0,24.0,12.0
2006-06-05,62.0,30.0,13.0
2006-06-06,53.0,34.0,16.0
2006-06-07,66.0,34.0,18.0
2006-06-08,49.0,33.0,14.0
2006-06-09,127.0,25.0,18.0
2006-06-10,148.5,52.0,43.0
2006-06-11,80.0,31.0,15.0
2006-06-12,149.0,35.0,17.0
2006-06-13,118.0,30.0,15.0
2006-06-14,60.0,24.5,13.0
2006-06-15,72.0,29.0,19.0
2006-06-16,71.0,25.0,18.0
2006-06-17,82.0,26.0,29.0
2006-06-18,94.0,21.0,23.0
2006-06-19,164.0,33.0,23.5
2006-06-20,128.0,29.0,19.0
2006-06-21,81.0,20.0,10.0
2006-06-22,91.0,20.0,11.0
2006-06-23,107.0,23.0,20.0
2006-06-24,80.0,17.0,20.0
2006-06-25,73.0,17.0,22.0
2006-06-26,84.0,18.0,19.0
2006-06-27,69.0,19.0,9.0
2006-06-28,80.0,16.0,7.0
2006-06-29,70.0,16.0,7.0
2006-06-30,57.0,19.0,7.0
2006-07-01,53.0,18.0,6.0
2006-07-02,61.0,18.0,7.0
2006-07-03,66.0,19.0,7.0
2006-07-04,79.5,25.0,14.0
2006-07-05,70.0,30.0,16.0
2006-07-06,54.0,25.0,12.0
2006-07-07,65.0,27.0,12.0
2006-07-08,79.0,31.0,13.0
2006-07-09,68.0,36.0,12.0
2006-07-10,80.0,43.0,17.0
2006-07-11,113.0,36.0,14.0
2006-07-12,101.0,38.0,28.0
2006-07-13,109.0,72.0,53.5
2006-07-14,80.0,72.0,54.5
2006-07-15,39.0,31.0,10.0
2006-07-16,38.0,28.0,9.0
2006-07-17,66.0,34.0,8.0
2006-07-18,72.0,31.0,10.0
2006-07-19,100.0,32.0,27.0
2006-07-20,87.0,28.0,26.0
2006-07-21,99.0,28.0,36.0
2006-07-22,92.0,26.0,18.0
2006-07-23,85.0,25.0,24.5
2006-07-24,173.0,96.0,70.0
2006-07-25,132.0,134.5,90.0
2006-07-26,99.0,68.0,34.0
2006-07-27,103.0,25.0,32.0
2006-07-28,89.0,16.0,8.0
2006-07-29,84.0,17.0,8.0
2006-07-30,57.0,33.0,9.0
2006-07-31,65.0,27.0,11.0
2006-08-01,103.0,41.0,20.0
2006-08-02,37.0,18.0,10.0
2006-08-03,26.0,27.0,4.0
2006-08-04,61.0,33.0,5.0
2006-08-05,78.0,24.0,7.0
2006-08-06,76.0,21.0,8.0
2006-08-07,113.0,31.0,23.0
2006-08-08,144.0,52.0,37.0
2006-08-09,153.0,110.0,76.0
2006-08-10,141.0,60.0,42.0
2006-08-11,81.0,29.0,11.0
2006-08-12,75.0,24.0,7.0
2006-08-13,71.0,30.0,11.0
2006-08-14,87.0,24.0,9.0
2006-08-15,82.0,22.0,8.0
2006-08-16,80.0,21.0,15.0
2006-08-17,97.0,30.0,24.0
2006-08-18,94.0,52.0,51.0
2006-08-19,118.0,57.0,43.0
2006-08-20,145.0,104.0,69.0
2006-08-21,115.0,90.0,23.0
2006-08-22,88.0,61.0,12.0
2006-08-23,81.0,56.0,11.0
2006-08-24,79.5,20.0,8.0
2006-08-25,97.5,34.0,10.0
2006-08-26,83.0,37.0,9.0
2006-08-27,81.5,27.0,10.0
2006-08-28,78.0,21.0,10.0
2006-08-29,72.0,18.0,9.0
2006-08-30,68.0,23.0,14.0
2006-08-31,65.0,30.0,27.0
2006-09-01,84.0,51.0,46.0
2006-09-02,93.0,42.0,36.0
2006-09-03,103.0,46.0,41.0
2006-09-04,89.0,33.0,31.0
2006-09-05,79.0,22.0,15.0
2006-09-06,89.0,35.0,35.0
2006-09-07,196.0,45.0,42.0
2006-09-08,204.0,41.0,38.0
2006-09-09,169.0,36.0,26.0
2006-09-10,62.0,33.0,9.0
2006-09-11,75.0,42.5,12.0
2006-09-12,85.0,19.0,8.0
2006-09-13,117.0,19.0,8.0
2006-09-14,128.0,27.0,8.0
2006-09-15,154.0,52.0,19.0
2006-09-16,130.0,53.0,22.0
2006-09-17,91.0,48.0,12.0
2006-09-18,86.0,51.0,13.0
2006-09-19,94.0,87.0,16.0
2006-09-20,106.0,80.0,16.0
2006-09-21,103.0,75.0,16.0
2006-09-22,71.0,82.0,17.0
2006-09-23,45.0,48.5,10.0
2006-09-24,38.0,44.0,9.0
2006-09-25,41.0,48.5,7.0
2006-09-26,51.0,53.0,10.0
2006-09-27,56.0,52.0,11.0
2006-09-28,67.0,44.5,9.0
2006-09-29,58.0,48.0,11.0
2006-09-30,63.0,47.0,11.0
2006-10-01,58.0,56.0,11.0
2006-10-02,74.0,80.5,15.0
2006-10-03,106.0,83.5,25.0
2006-10-04,102.0,89.0,30.0
2006-10-05,107.0,83.0,25.0
2006-10-06,122.0,81.0,15.0
2006-10-07,99.0,95.0,21.0
2006-10-08,84.0,104.0,15.0
2006-10-09,105.0,70.0,13.0
2006-10-10,114.0,67.0,15.0
2006-10-11,109.0,65.0,15.0
2006-10-12,98.0,51.0,12.0
2006-10-13,104.0,46.0,13.0
2006-10-14,100.0,70.0,25.0
2006-10-15,83.0,92.0,14.0
2006-10-16,72.0,82.0,9.0
2006-10-17,94.0,72.0,9.0
2006-10-18,87.0,58.0,11.0
2006-10-19,83.0,55.0,9.0
2006-10-20,123.5,61.0,13.5
2006-10-21,102.0,49.0,12.0
2006-10-22,86.0,50.0,11.0
2006-10-23,135.0,92.0,45.0
2006-10-24,47.0,72.0,9.0
2006-10-25,70.0,89.0,15.0
2006-10-26,80.0,64.0,13.0
2006-10-27,100.0,83.0,15.0
2006-10-28,102.0,90.0,14.0
2006-10-29,80.0,78.0,14.0
2006-10-30,88.0,97.0,18.0
2006-10-31,81.0,116.0,21.0
2006-11-01,61.0,135.0,28.5
2006-11-02,81.0,125.0,31.0
2006-11-03,109.0,100.0,24.0
2006-11-04,127.0,84.0,20.0
2006-11-05,99.0,62.0,11.0
2006-11-06,141.0,81.0,18.0
2006-11-07,84.0,119.0,27.0
2006-11-08,100.0,103.0,19.0
2006-11-09,147.0,87.0,19.0
2006-11-10,195.0,104.0,52.0
2006-11-11,148.0,122.0,41.0
2006-11-12,61.0,116.0,26.0
2006-11-13,76.0,75.0,14.0
2006-11-14,108.0,60.0,12.0
2006-11-15,82.0,77.0,13.0
2006-11-16,75.0,44.0,7.0
2006-11-17,89.5,46.0,9.0
2006-11-18,112.0,64.0,9.0
2006-11-19,154.5,88.5,59.5
2006-11-20,92.0,53.5,13.0
2006-11-21,92.0,40.0,9.5
2006-11-22,194.0,46.0,22.0
2006-11-23,175.0,56.0,22.0
2006-11-24,91.0,47.0,14.0
2006-11-25,88.0,47.5,8.0
2006-11-26,86.0,39.0,14.5
2006-11-27,157.0,50.0,21.5
2006-11-28,119.0,37.0,16.5
2006-11-29,123.0,53.0,19.5
2006-11-30,102.5,36.0,12.5
2006-12-01,106.5,50.5,14.5
2006-12-02,98.0,61.0,15.5
2006-12-03,75.5,66.0,16.0
2006-12-04,92.5,67.5,16.0
2006-12-05,122.5,79.0,20.0
2006-12-06,91.0,53.0,13.0
2006-12-07,159.0,36.0,18.0
2006-12-08,181.0,63.0,22.0
2006-12-09,101.0,84.0,18.5
2006-12-10,88.0,51.0,16.0
2006-12-11,148.0,81.0,24.5
2006-12-12,162.0,66.0,27.0
2006-12-13,110.0,38.0,14.0
2006-12-14,93.0,17.5,9.0
2006-12-15,121.0,35.5,12.0
2006-12-16,82.0,47.0,17.0
2006-12-17,81.0,72.5,19.0
2006-12-18,111.5,71.0,21.5
2006-12-19,132.0,55.0,19.5
2006-12-20,119.5,59.0,19.5
2006-12-21,110.5,64.5,22.0
2006-12-22,149.0,71.5,22.5
2006-12-23,118.5,72.0,20.5
2006-12-24,136.0,83.0,24.0
2006-12-25,173.5,66.5,21.0
2006-12-26,148.5,84.0,27.5
2006-12-27,173.5,89.0,31.5
2006-12-28,126.0,82.0,22.5
2006-12-29,95.5,131.0,29.0
2006-12-30,109.5,81.0,22.5
2006-12-31,78.5,46.0,12.0
2007-01-01,87.5,36.0,14.0
2007-01-02,84.0,45.5,12.5
2007-01-03,125.5,69.0,17.5
2007-01-04,122.0,65.5,22.0
2007-01-05,115.5,68.5,24.0
2007-01-06,77.5,74.0,23.5
2007-01-07,83.5,99.0,33.5
2007-01-08,114.5,82.5,29.0
2007-01-09,182.5,102.0,51.0
2007-01-10,147.0,99.0,36.5
2007-01-11,107.5,70.0,27.5
2007-01-12,165.5,106.0,36.0
2007-01-13,120.0,100.0,24.5
2007-01-14,90.5,89.0,19.5
2007-01-15,115.5,62.0,19.0
2007-01-16,126.0,51.0,19.0
2007-01-17,150.0,50.5,14.0
2007-01-18,120.5,53.0,18.0
2007-01-19,142.5,80.0,36.0
2007-01-20,119.0,77.5,23.0
2007-01-21,114.5,56.5,17.5
2007-01-22,109.0,35.5,11.5
2007-01-23,135.5,59.0,27.0
2007-01-24,110.5,54.0,18.0
2007-01-25,149.0,95.0,40.0
2007-01-26,147.0,104.0,38.0
2007-01-27,97.0,88.0,23.0
2007-01-28,68.0,110.0,27.0
2007-01-29,154.0,103.0,22.0
2007-01-30,265.0,120.0,45.0
2007-01-31,249.0,93.0,29.0
2007-02-01,156.0,119.0,39.0
2007-02-02,148.0,91.5,30.0
2007-02-03,162.0,89.0,20.5
2007-02-04,125.5,70.0,18.0
2007-02-05,196.0,62.0,15.0
2007-02-06,167.0,48.0,12.0
2007-02-07,142.0,38.0,11.0
2007-02-08,158.0,38.0,11.0
2007-02-09,226.0,46.0,25.0
2007-02-10,188.0,55.0,32.0
2007-02-11,65.0,71.0,14.0
2007-02-12,93.0,97.0,16.0
2007-02-13,126.0,83.0,8.5
2007-02-14,197.0,72.0,28.0
2007-02-15,102.0,86.0,15.0
2007-02-16,125.0,78.0,8.0
2007-02-17,135.0,49.0,12.0
2007-02-18,137.0,34.0,19.0
2007-02-19,115.0,54.0,18.0
2007-02-20,62.0,36.0,6.0
2007-02-21,68.0,45.0,6.0
2007-02-22,83.0,24.0,8.0
2007-02-23,96.0,35.0,9.0
2007-02-24,59.0,78.0,11.0
2007-02-25,75.0,42.0,12.0
2007-02-26,54.0,50.0,7.0
2007-02-27,62.0,46.0,9.0
2007-02-28,52.0,42.0,7.0
2007-03-01,72.0,45.0,8.0
2007-03-02,90.0,55.0,13.0
2007-03-03,115.0,41.0,11.0
2007-03-04,129.0,36.0,19.0
2007-03-05,104.0,42.0,18.0
2007-03-06,82.0,60.0,17.0
2007-03-07,86.0,24.0,10.0
2007-03-08,88.0,34.0,12.0
2007-03-09,111.0,36.0,9.0
2007-03-10,186.0,62.0,10.0
2007-03-11,209.0,101.0,44.0
2007-03-12,72.0,69.0,10.0
2007-03-13,103.0,66.0,10.0
2007-03-14,101.0,51.0,7.0
2007-03-15,108.0,44.0,9.0
2007-03-16,138.0,32.0,8.0
2007-03-17,52.5,35.0,6.0
2007-03-18,48.5,50.0,10.0
2007-03-19,104.0,34.0,12.0
2007-03-20,107.0,48.0,12.0
2007-03-21,94.0,54.5,13.0
2007-03-22,118.5,63.5,13.0
2007-03-23,65.0,51.0,9.0
2007-03-24,135.0,57.0,13.0
2007-03-25,118.0,31.0,16.0
2007-03-26,90.0,54.0,8.0
2007-03-27,120.0,36.0,29.0
2007-03-28,99.0,45.0,13.0
2007-03-29,140.0,49.0,24.0
2007-03-30,117.0,30.0,24.0
2007-03-31,85.0,26.0,13.0
2007-04-01,75.0,26.0,12.0
2007-04-02,129.0,34.0,12.0
2007-04-03,74.0,37.0,9.0
2007-04-04,93.0,42.0,12.0
2007-04-05,88.0,65.0,13.0
2007-04-06,141.0,40.0,14.0
2007-04-07,109.0,38.0,17.0
2007-04-08,105.0,65.0,16.0
2007-04-09,62.0,68.0,14.0
2007-04-10,108.0,72.0,19.0
2007-04-11,88.0,62.5,16.0
2007-04-12,92.0,83.0,18.0
2007-04-13,208.0,97.0,36.0
2007-04-14,182.0,80.0,42.0
2007-04-15,134.0,59.0,34.0
2007-04-16,114.0,52.0,45.0
2007-04-17,66.5,33.5,17.5
2007-04-18,94.0,35.0,16.5
2007-04-19,92.0,41.0,10.0
2007-04-20,103.0,55.0,9.5
2007-04-21,99.0,43.0,10.0
2007-04-22,79.0,32.0,12.0
2007-04-23,117.0,28.0,25.0
2007-04-24,163.0,29.0,13.0
2007-04-25,114.0,36.0,14.0
2007-04-26,90.0,50.0,13.0
2007-04-27,98.0,72.0,13.0
2007-04-28,78.0,74.0,9.0
2007-04-29,58.0,44.0,8.0
2007-04-30,198.0,81.0,67.0
2007-05-01,190.0,93.0,55.0
2007-05-02,184.0,79.0,37.0
2007-05-03,121.0,55.0,16.0
2007-05-04,168.5,59.0,18.5
2007-05-05,131.0,36.0,31.0
2007-05-06,146.0,63.0,24.0
2007-05-07,139.0,83.0,28.0
2007-05-08,57.0,76.0,11.0
2007-05-09,49.0,71.0,9.0
2007-05-10,52.0,60.0,9.0
2007-05-11,52.0,74.0,9.0
2007-05-12,80.0,73.0,14.0
2007-05-13,92.0,78.0,21.0
2007-05-14,88.0,87.0,13.0
2007-05-15,86.0,53.0,17.0
2007-05-16,83.0,49.0,39.0
2007-05-17,133.0,106.0,72.0
2007-05-18,75.0,37.0,20.0
2007-05-19,121.0,40.0,22.0
2007-05-20,66.0,15.0,9.0
2007-05-21,84.5,23.0,10.0
2007-05-22,115.0,24.0,9.0
2007-05-23,83.0,35.0,13.0
2007-05-24,72.0,36.0,20.0
2007-05-25,66.0,33.0,24.0
2007-05-26,67.0,34.0,17.0
2007-05-27,116.0,23.0,16.0
2007-05-28,190.0,32.0,26.0
2007-05-29,125.0,22.0,17.0
2007-05-30,96.0,17.0,15.0
2007-05-31,102.0,19.0,18.5
2007-06-01,82.0,23.0,15.0
2007-06-02,68.0,24.0,14.0
2007-06-03,64.0,24.0,13.0
2007-06-04,69.0,22.0,17.0
2007-06-05,73.5,19.5,17.5
2007-06-06,87.0,23.0,18.0
2007-06-07,73.5,26.0,14.0
2007-06-08,129.0,29.0,14.5
2007-06-09,88.0,27.0,19.0
2007-06-10,94.0,16.0,15.0
2007-06-11,137.0,44.0,24.0
2007-06-12,103.0,48.0,26.0
2007-06-13,71.0,23.0,12.0
2007-06-14,105.0,20.0,15.0
2007-06-15,191.0,41.0,33.0
2007-06-16,116.5,23.0,36.0
2007-06-17,102.5,19.0,21.5
2007-06-18,82.0,22.0,9.0
2007-06-19,80.0,22.0,10.0
2007-06-20,97.0,24.0,11.0
2007-06-21,102.0,22.0,16.0
2007-06-22,95.0,18.0,13.0
2007-06-23,82.0,18.0,23.0
2007-06-24,68.0,18.0,19.0
2007-06-25,73.0,16.0,19.0
2007-06-26,86.0,18.0,16.0
2007-06-27,93.0,19.0,12.0
2007-06-28,113.0,16.0,9.0
2007-06-29,110.0,16.0,10.0
2007-06-30,108.0,13.0,9.0
2007-07-01,82.0,21.0,9.0
2007-07-02,79.0,16.0,8.0
2007-07-03,76.0,19.0,8.0
2007-07-04,67.0,20.0,10.0
2007-07-05,89.0,31.0,8.0
2007-07-06,87.0,32.0,8.0
2007-07-07,75.0,31.0,10.0
2007-07-08,72.0,30.0,15.0
2007-07-09,68.0,24.0,15.0
2007-07-10,78.0,22.0,18.0
2007-07-11,79.0,25.0,22.0
2007-07-12,87.0,27.0,24.0
2007-07-13,80.0,27.0,24.0
2007-07-14,70.0,27.0,17.0
2007-07-15,56.0,23.0,16.0
2007-07-16,70.0,27.0,15.0
2007-07-17,66.0,27.0,13.0
2007-07-18,57.0,28.0,12.0
2007-07-19,57.0,26.0,12.0
2007-07-20,61.0,23.0,12.0
2007-07-21,57.0,23.0,16.0
2007-07-22,75.0,25.0,23.0
2007-07-23,76.0,21.0,18.0
2007-07-24,73.0,18.5,17.0
2007-07-25,78.0,17.0,17.0
2007-07-26,87.0,21.0,20.0
2007-07-27,100.0,19.0,12.0
2007-07-28,86.0,25.0,8.0
2007-07-29,67.0,25.0,13.0
2007-07-30,84.0,27.0,19.0
2007-07-31,92.0,19.0,19.0
2007-08-01,77.0,18.0,18.0
2007-08-02,68.0,19.0,17.0
2007-08-03,87.0,16.0,13.0
2007-08-04,71.0,21.0,8.0
2007-08-05,47.0,18.0,8.0
2007-08-06,64.0,15.5,7.0
2007-08-07,77.0,19.0,7.0
2007-08-08,145.0,69.0,53.0
2007-08-09,80.0,22.0,16.0
2007-08-10,59.0,14.0,12.0
2007-08-11,85.0,21.0,22.0
2007-08-12,93.0,33.0,21.0
2007-08-13,90.0,40.0,19.0
2007-08-14,106.0,21.0,22.0
2007-08-15,152.0,64.5,55.0
2007-08-16,105.0,32.0,9.0
2007-08-17,106.0,28.0,12.0
2007-08-18,155.0,76.5,71.0
2007-08-19,106.0,66.0,44.0
2007-08-20,60.0,60.0,14.0
2007-08-21,50.0,29.0,10.0
2007-08-22,86.0,28.0,13.0
2007-08-23,95.0,27.0,22.0
2007-08-24,132.0,30.0,20.0
2007-08-25,144.0,49.0,32.0
2007-08-26,131.0,59.0,40.5
2007-08-27,74.0,20.0,9.0
2007-08-28,79.0,26.0,8.0
2007-08-29,91.0,18.5,9.0
2007-08-30,109.0,16.0,17.0
2007-08-31,111.0,17.0,25.0
2007-09-01,110.0,19.0,26.0
2007-09-02,126.0,22.0,21.0
2007-09-03,134.0,24.0,26.0
2007-09-04,127.0,24.0,29.0
2007-09-05,103.0,41.0,15.0
2007-09-06,122.0,52.0,23.0
2007-09-07,121.0,56.0,20.0
2007-09-08,77.0,61.5,13.0
2007-09-09,40.0,41.0,9.0
2007-09-10,44.0,50.0,8.0
2007-09-11,58.0,44.0,8.0
2007-09-12,51.0,55.0,11.0
2007-09-13,74.0,70.5,11.0
2007-09-14,128.0,95.5,37.0
2007-09-15,138.0,143.5,67.0
2007-09-16,106.0,119.0,22.0
2007-09-17,103.0,97.0,29.0
2007-09-18,99.0,113.5,34.0
2007-09-19,87.0,135.0,43.0
2007-09-20,76.0,97.0,27.0
2007-09-21,84.0,93.0,20.0
2007-09-22,70.0,76.0,13.0
2007-09-23,54.0,43.0,10.0
2007-09-24,71.0,16.0,7.0
2007-09-25,61.0,23.0,7.0
2007-09-26,48.0,32.0,8.0
2007-09-27,72.0,33.0,9.0
2007-09-28,69.0,34.0,10.0
2007-09-29,84.0,38.0,13.0
2007-09-30,73.0,47.0,13.0
2007-10-01,43.0,42.0,12.0
2007-10-02,36.0,24.0,6.0
2007-10-03,45.0,21.0,7.0
2007-10-04,79.0,43.5,12.0
2007-10-05,119.0,96.0,61.0
2007-10-06,151.0,124.0,85.0
2007-10-07,123.0,120.0,81.0
2007-10-08,122.0,112.0,50.0
2007-10-09,64.0,45.0,13.0
2007-10-10,66.0,49.0,15.0
2007-10-11,73.0,60.5,19.0
2007-10-12,64.0,68.5,17.0
2007-10-13,63.0,64.0,18.0
2007-10-14,64.0,107.0,19.0
2007-10-15,76.0,112.0,19.0
2007-10-16,74.0,75.0,18.0
2007-10-17,80.0,93.0,24.0
2007-10-18,113.0,88.0,23.0
2007-10-19,93.0,95.5,25.0
2007-10-20,96.0,104.0,28.0
2007-10-21,68.0,93.0,19.0
2007-10-22,92.0,67.0,15.0
2007-10-23,82.0,64.0,14.0
2007-10-24,68.0,45.0,12.0
2007-10-25,97.0,61.0,20.0
2007-10-26,92.0,60.0,19.0
2007-10-27,93.0,82.0,13.0
2007-10-28,85.0,88.0,14.0
2007-10-29,68.0,67.0,15.0
2007-10-30,76.0,103.5,17.0
2007-10-31,94.0,82.0,16.0
2007-11-01,79.0,39.0,10.0
2007-11-02,83.0,51.5,17.0
2007-11-03,116.0,77.5,21.0
2007-11-04,91.0,78.0,22.0
2007-11-05,100.0,90.0,28.0
2007-11-06,96.0,88.0,27.0
2007-11-07,86.0,80.5,22.0
2007-11-08,98.0,62.0,16.0
2007-11-09,107.0,79.0,23.0
2007-11-10,98.0,76.0,19.0
2007-11-11,65.0,85.5,19.0
2007-11-12,78.0,68.0,15.0
2007-11-13,99.0,53.0,14.0
2007-11-14,93.0,53.0,13.0
2007-11-15,98.0,47.5,15.0
2007-11-16,107.0,46.0,13.0
2007-11-17,101.0,44.0,12.0
2007-11-18,74.0,109.0,16.0
2007-11-19,105.0,75.0,25.0
2007-11-20,110.0,59.0,19.0
2007-11-21,105.0,73.0,22.0
2007-11-22,98.0,85.0,22.0
2007-11-23,100.0,70.0,19.0
2007-11-24,92.0,58.0,17.0
2007-11-25,95.0,71.5,22.0
2007-11-26,72.0,74.0,22.0
2007-11-27,67.5,147.0,42.0
2007-11-28,93.5,91.0,34.0
2007-11-29,155.5,88.0,36.0
2007-11-30,140.5,77.0,22.0
2007-12-01,113.0,58.0,16.0
2007-12-02,129.0,61.0,18.0
2007-12-03,133.0,107.0,28.0
2007-12-04,103.0,129.0,30.0
2007-12-05,98.0,137.0,30.0
2007-12-06,162.0,159.5,42.0
2007-12-07,175.0,163.0,37.0
2007-12-08,96.0,110.0,22.0
2007-12-09,90.0,103.0,19.0
2007-12-10,112.0,46.0,11.0
2007-12-11,159.0,40.0,15.0
2007-12-12,196.0,54.0,20.0
2007-12-13,193.0,120.0,45.0
2007-12-14,110.0,78.0,21.0
2007-12-15,96.0,96.0,18.0
2007-12-16,70.0,91.0,16.0
2007-12-17,132.0,77.0,21.0
2007-12-18,208.0,72.0,21.0
2007-12-19,159.0,132.0,30.0
2007-12-20,106.0,86.5,19.0
2007-12-21,118.0,49.0,17.0
2007-12-22,161.0,44.0,17.0
2007-12-23,84.0,51.0,13.0
2007-12-24,120.0,30.0,15.0
2007-12-25,93.0,37.0,14.0
2007-12-26,87.0,45.0,13.0
2007-12-27,139.0,47.0,16.0
2007-12-28,173.0,62.0,26.0
2007-12-29,102.5,51.0,16.5
2007-12-30,82.0,68.0,18.0
2007-12-31,87.0,106.0,25.0
2008-01-01,63.0,69.0,23.0
2008-01-02,123.0,69.0,30.5
2008-01-03,176.0,86.0,31.0
2008-01-04,145.0,67.0,19.0
2008-01-05,192.0,84.0,31.0
2008-01-06,110.0,55.0,15.0
2008-01-07,267.0,79.5,32.0
2008-01-08,164.0,68.0,22.0
2008-01-09,139.0,68.0,20.0
2008-01-10,85.0,84.0,14.0
2008-01-11,125.0,57.0,11.0
2008-01-12,148.0,29.0,15.0
2008-01-13,78.0,61.0,16.0
2008-01-14,92.0,48.0,17.0
2008-01-15,96.0,66.0,23.0
2008-01-16,94.0,50.0,18.0
2008-01-17,113.0,67.0,22.0
2008-01-18,81.0,43.0,13.0
2008-01-19,86.0,35.0,9.5
2008-01-20,151.0,46.0,15.0
2008-01-21,232.0,137.0,65.5
2008-01-22,222.0,121.0,51.5
2008-01-23,147.0,89.0,29.0
2008-01-24,89.0,65.0,15.0
2008-01-25,137.0,54.0,13.0
2008-01-26,121.0,37.0,12.0
2008-01-27,88.0,25.0,9.0
2008-01-28,214.0,54.0,25.0
2008-01-29,200.0,43.5,26.5
2008-01-30,152.0,19.5,11.0
2008-01-31,100.0,20.0,10.0
2008-02-01,114.0,37.0,17.0
2008-02-02,146.0,19.0,14.0
2008-02-03,112.0,55.0,24.0
2008-02-04,118.0,72.0,22.0
2008-02-05,140.0,64.0,20.0
2008-02-06,83.0,41.0,13.0
2008-02-07,78.0,76.0,16.0
2008-02-08,67.0,86.0,19.0
2008-02-09,78.0,79.0,21.0
2008-02-10,81.0,94.0,27.0
2008-02-11,90.0,88.0,21.0
2008-02-12,80.0,60.0,22.0
2008-02-13,89.0,83.5,28.0
2008-02-14,104.0,99.0,33.0
2008-02-15,115.0,78.5,24.0
2008-02-16,124.0,84.0,27.0
2008-02-17,83.0,68.5,17.0
2008-02-18,113.0,73.0,23.0
2008-02-19,120.0,84.5,21.0
2008-02-20,133.0,62.0,23.0
2008-02-21,144.0,57.5,28.0
2008-02-22,242.0,77.0,36.0
2008-02-23,173.0,45.0,18.0
2008-02-24,43.0,69.0,17.0
2008-02-25,83.0,30.5,17.0
2008-02-26,133.5,48.0,23.0
2008-02-27,108.5,56.0,23.0
2008-02-28,192.0,91.0,52.0
2008-02-29,255.0,120.0,58.0
2008-03-01,167.0,79.0,24.0
2008-03-02,204.0,100.0,43.0
2008-03-03,198.0,107.5,32.0
2008-03-04,118.0,136.0,29.0
2008-03-05,54.0,92.0,23.0
2008-03-06,86.0,68.0,27.0
2008-03-07,97.0,68.0,21.0
2008-03-08,120.0,73.0,31.0
2008-03-09,132.0,105.0,34.0
2008-03-10,107.0,71.0,20.0
2008-03-11,145.0,70.0,31.0
2008-03-12,108.0,51.0,15.0
2008-03-13,156.0,52.0,25.0
2008-03-14,137.0,69.0,22.0
2008-03-15,96.0,74.0,17.0
2008-03-16,109.0,67.0,28.0
2008-03-17,117.0,60.0,13.0
2008-03-18,166.0,64.0,23.0
2008-03-19,241.0,93.0,36.0
2008-03-20,59.0,76.0,9.0
2008-03-21,59.0,121.0,13.0
2008-03-22,146.0,74.0,20.0
2008-03-23,98.0,33.0,16.0
2008-03-24,96.0,65.0,19.0
2008-03-25,110.0,103.0,22.0
2008-03-26,139.0,64.0,14.0
2008-03-27,141.0,71.0,18.0
2008-03-28,91.0,45.0,7.0
2008-03-29,105.0,42.0,16.5
2008-03-30,157.0,51.0,20.0
2008-03-31,78.0,30.0,14.5
2008-04-01,55.0,31.0,8.5
2008-04-02,115.0,43.0,13.0
2008-04-03,125.0,29.0,10.0
2008-04-04,66.0,43.5,8.0
2008-04-05,97.0,40.0,9.0
2008-04-06,164.0,50.0,36.0
2008-04-07,105.0,38.0,29.0
2008-04-08,60.0,25.0,12.0
2008-04-09,83.0,32.0,17.0
2008-04-10,113.0,31.0,23.0
2008-04-11,78.0,48.0,9.0
2008-04-12,72.0,55.5,8.0
2008-04-13,76.0,32.0,10.0
2008-04-14,66.5,36.5,9.5
2008-04-15,94.0,49.0,13.0
2008-04-16,123.0,37.0,19.0
2008-04-17,154.0,55.0,26.0
2008-04-18,42.0,48.0,9.0
2008-04-19,41.0,47.0,7.0
2008-04-20,63.0,23.0,12.0
2008-04-21,120.0,30.0,30.5
2008-04-22,134.0,49.0,39.0
2008-04-23,91.0,62.0,15.5
2008-04-24,88.0,80.0,18.0
2008-04-25,114.0,111.0,24.0
2008-04-26,169.0,112.0,33.0
2008-04-27,72.0,95.0,13.0
2008-04-28,97.0,29.0,11.0
2008-04-29,104.0,40.0,18.0
2008-04-30,126.0,46.5,31.0
2008-05-01,211.0,54.0,47.0
2008-05-02,121.0,36.0,12.0
2008-05-03,80.0,48.0,8.0
2008-05-04,70.0,35.0,14.0
2008-05-05,124.0,25.0,20.5
2008-05-06,64.0,56.5,11.0
2008-05-07,82.0,59.0,11.0
2008-05-08,87.0,36.0,23.0
2008-05-09,84.0,29.0,31.0
2008-05-10,83.0,36.0,11.0
2008-05-11,80.0,49.0,14.0
2008-05-12,72.0,68.0,19.0
2008-05-13,79.0,68.0,18.0
2008-05-14,70.0,97.0,22.0
2008-05-15,92.0,91.0,24.0
2008-05-16,95.0,70.0,16.5
2008-05-17,127.0,60.0,28.0
2008-05-18,133.0,63.0,31.0
2008-05-19,97.0,45.0,16.5
2008-05-20,59.0,15.0,7.5
2008-05-21,89.0,34.0,8.0
2008-05-22,82.0,58.0,8.0
2008-05-23,97.0,35.0,13.0
2008-05-24,72.0,35.0,20.0
2008-05-25,65.0,34.0,24.0
2008-05-26,104.0,34.0,14.0
2008-05-27,61.0,31.0,12.0
2008-05-28,62.0,32.0,12.0
2008-05-29,87.5,31.0,12.0
2008-05-30,161.5,35.5,19.0
2008-05-31,164.0,60.0,25.0
2008-06-01,69.0,93.0,8.0
2008-06-02,112.0,46.0,14.0
2008-06-03,116.0,39.0,18.0
2008-06-04,91.0,17.0,7.0
2008-06-05,135.0,26.0,18.0
2008-06-06,118.0,16.0,13.0
2008-06-07,110.0,15.0,12.0
2008-06-08,93.0,21.0,15.5
2008-06-09,56.0,18.0,15.5
2008-06-10,58.0,20.5,17.5
2008-06-11,85.0,20.0,19.0
2008-06-12,82.0,17.5,15.0
2008-06-13,57.0,17.5,10.0
2008-06-14,125.0,16.0,26.0
2008-06-15,117.0,17.0,19.0
2008-06-16,156.0,21.0,12.0
2008-06-17,90.0,12.0,18.0
2008-06-18,107.0,18.0,13.0
2008-06-19,94.0,27.0,11.0
2008-06-20,77.0,21.0,11.0
2008-06-21,95.0,21.0,32.0
2008-06-22,87.0,26.0,37.0
2008-06-23,110.0,37.0,32.0
2008-06-24,58.0,24.0,8.0
2008-06-25,29.0,15.0,8.0
2008-06-26,86.0,22.5,16.0
2008-06-27,137.5,21.0,26.5
2008-06-28,160.0,24.5,20.0
2008-06-29,125.5,21.0,12.5
2008-06-30,169.0,23.5,14.5
2008-07-01,58.5,19.0,7.0
2008-07-02,69.0,15.0,13.5
2008-07-03,80.0,18.0,17.0
2008-07-04,85.0,20.0,12.0
2008-07-05,80.0,17.0,9.0
2008-07-06,63.0,12.0,7.0
2008-07-07,97.0,18.0,11.0
2008-07-08,108.0,23.0,16.0
2008-07-09,156.0,23.0,8.0
2008-07-10,142.0,22.0,18.0
2008-07-11,104.0,20.5,25.0
2008-07-12,172.5,21.0,32.5
2008-07-13,140.0,20.0,23.0
2008-07-14,117.0,26.0,26.0
2008-07-15,116.5,23.5,14.5
2008-07-16,110.0,28.0,17.0
2008-07-17,109.0,29.0,21.0
2008-07-18,60.0,27.0,20.0
2008-07-19,55.0,24.0,14.0
2008-07-20,66.0,23.0,13.0
2008-07-21,67.0,23.0,22.0
2008-07-22,55.0,19.0,17.0
2008-07-23,62.0,18.0,11.5
2008-07-24,83.0,20.0,20.5
2008-07-25,110.0,28.5,40.0
2008-07-26,108.0,29.0,39.0
2008-07-27,126.0,54.0,42.0
2008-07-28,150.0,122.0,68.0
2008-07-29,98.0,81.0,33.0
2008-07-30,56.0,27.0,12.0
2008-07-31,78.0,18.0,10.0
2008-08-01,66.0,17.0,7.0
2008-08-02,88.0,22.0,11.0
2008-08-03,69.0,26.0,11.0
2008-08-04,74.0,48.0,18.0
2008-08-05,68.0,36.0,9.0
2008-08-06,17.0,19.0,3.5
2008-08-07,61.0,19.0,5.0
2008-08-08,88.0,18.0,8.0
2008-08-09,128.0,32.0,22.0
2008-08-10,147.0,42.0,36.0
2008-08-11,138.0,19.0,17.0
2008-08-12,103.0,25.0,18.0
2008-08-13,92.0,33.0,20.0
2008-08-14,72.0,29.0,23.0
2008-08-15,69.0,24.0,21.0
2008-08-16,62.0,20.0,14.0
2008-08-17,55.0,22.0,15.0
2008-08-18,72.0,17.0,7.0
2008-08-19,71.0,17.0,11.0
2008-08-20,107.0,54.0,47.0
2008-08-21,105.0,51.0,28.0
2008-08-22,23.0,21.0,7.0
2008-08-23,61.0,18.0,14.0
2008-08-24,74.0,22.0,18.0
2008-08-25,75.0,32.0,17.0
2008-08-26,79.0,28.0,27.0
2008-08-27,90.0,24.0,30.0
2008-08-28,94.0,23.0,21.0
2008-08-29,78.0,19.0,17.0
2008-08-30,74.0,18.0,24.0
2008-08-31,72.0,16.0,19.0
2008-09-01,86.0,24.0,22.0
2008-09-02,143.0,44.0,20.0
2008-09-03,108.0,26.0,22.0
2008-09-04,100.0,18.0,19.0
2008-09-05,129.0,25.0,15.0
2008-09-06,151.0,26.0,15.0
2008-09-07,82.0,27.0,13.0
2008-09-08,69.0,35.0,13.0
2008-09-09,50.0,32.5,9.0
2008-09-10,82.0,45.0,23.0
2008-09-11,120.0,63.0,37.0
2008-09-12,123.0,86.0,30.0
2008-09-13,103.0,83.0,16.0
2008-09-14,81.0,92.0,25.0
2008-09-15,67.0,62.0,11.0
2008-09-16,106.0,66.0,27.0
2008-09-17,89.0,100.0,38.0
2008-09-18,94.0,73.0,15.0
2008-09-19,92.0,39.0,8.0
2008-09-20,82.5,24.0,9.0
2008-09-21,92.0,26.0,21.0
2008-09-22,148.0,96.5,65.0
2008-09-23,65.0,57.0,20.0
2008-09-24,43.0,30.0,6.5
2008-09-25,54.0,19.0,6.0
2008-09-26,65.0,22.0,9.0
2008-09-27,71.0,32.0,9.0
2008-09-28,61.0,47.0,10.0
2008-09-29,85.0,70.0,15.0
2008-09-30,86.0,81.0,18.0
2008-10-01,75.0,71.0,10.0
2008-10-02,57.0,68.0,11.0
2008-10-03,44.0,58.0,10.0
2008-10-04,56.0,24.0,7.0
2008-10-05,52.0,18.0,8.0
2008-10-06,73.0,23.0,22.0
2008-10-07,69.0,30.0,12.0
2008-10-08,64.0,40.0,12.0
2008-10-09,51.0,41.0,10.0
2008-10-10,62.0,41.0,12.0
2008-10-11,66.0,58.0,11.0
2008-10-12,39.0,84.0,11.0
2008-10-13,64.0,68.5,12.0
2008-10-14,68.0,71.0,14.0
2008-10-15,57.0,53.0,11.0
2008-10-16,96.0,64.0,17.0
2008-10-17,86.0,41.0,11.0
2008-10-18,52.0,29.0,11.0
2008-10-19,54.0,38.0,12.0
2008-10-20,53.0,42.0,9.0
2008-10-21,79.0,45.0,8.0
2008-10-22,108.0,52.5,15.0
2008-10-23,205.0,74.0,57.0
2008-10-24,66.0,75.0,13.0
2008-10-25,58.0,59.0,10.0
2008-10-26,80.5,63.5,13.0
2008-10-27,72.5,70.0,13.5
2008-10-28,78.0,61.0,13.0
2008-10-29,83.0,73.0,12.0
2008-10-30,73.0,58.0,12.0
2008-10-31,65.0,44.0,7.0
2008-11-01,60.0,40.0,7.0
2008-11-02,50.0,43.0,7.0
2008-11-03,97.0,33.0,10.0
2008-11-04,79.0,30.0,8.0
2008-11-05,72.0,41.0,8.0
2008-11-06,71.0,35.0,7.0
2008-11-07,90.0,31.0,8.0
2008-11-08,81.0,37.0,12.0
2008-11-09,44.5,31.5,9.0
2008-11-10,70.0,50.0,14.0
2008-11-11,108.0,62.0,16.0
2008-11-12,107.0,49.0,14.5
2008-11-13,120.0,55.0,13.0
2008-11-14,106.0,57.0,13.0
2008-11-15,116.0,56.0,16.0
2008-11-16,99.5,49.0,12.0
2008-11-17,76.5,63.0,10.5
2008-11-18,78.0,108.0,14.5
2008-11-19,70.0,63.0,15.0
2008-11-20,100.0,61.0,16.0
2008-11-21,115.0,78.0,16.0
2008-11-22,102.0,68.0,14.0
2008-11-23,124.0,99.0,36.0
2008-11-24,116.0,94.0,22.0
2008-11-25,88.0,67.0,14.0
2008-11-26,106.0,85.0,18.0
2008-11-27,71.0,79.0,17.0
2008-11-28,114.0,58.0,13.0
2008-11-29,131.0,47.0,14.0
2008-11-30,102.0,47.0,14.0
2008-12-01,167.0,76.5,18.0
2008-12-02,176.0,67.0,15.0
2008-12-03,112.0,42.0,16.0
2008-12-04,102.0,56.0,18.0
2008-12-05,72.0,101.0,21.0
2008-12-06,94.0,71.0,17.0
2008-12-07,95.0,71.0,17.0
2008-12-08,137.0,71.0,18.0
2008-12-09,199.0,60.0,18.0
2008-12-10,181.0,49.0,12.0
2008-12-11,256.0,82.5,28.0
2008-12-12,85.0,75.0,13.0
2008-12-13,144.0,85.0,16.0
2008-12-14,83.0,116.0,24.0
2008-12-15,108.0,125.0,20.0
2008-12-16,141.0,105.0,18.0
2008-12-17,169.0,88.0,23.0
2008-12-18,155.0,63.0,13.5
2008-12-19,131.0,81.0,16.5
2008-12-20,149.0,63.0,9.0
2008-12-21,120.0,43.0,10.0
2008-12-22,90.0,104.0,19.0
2008-12-23,104.0,66.0,19.0
2008-12-24,180.0,83.0,24.0
2008-12-25,191.0,75.0,17.0
2008-12-26,58.0,72.0,11.0
2008-12-27,83.0,76.0,14.0
2008-12-28,134.0,69.0,14.0
2008-12-29,139.0,61.0,10.0
2008-12-30,93.0,47.5,7.0
2008-12-31,76.0,42.0,12.0
2009-01-01,74.0,57.0,16.0
2009-01-02,105.0,68.0,23.0
2009-01-03,96.0,59.0,17.0
2009-01-04,99.0,56.0,13.5
2009-01-05,94.0,39.0,9.5
2009-01-06,88.0,42.0,8.0
2009-01-07,117.0,107.0,20.5
2009-01-08,95.0,66.0,17.5
2009-01-09,69.0,66.0,17.5
2009-01-10,88.0,68.0,17.0
2009-01-11,124.0,82.0,28.0
2009-01-12,123.0,78.0,18.0
2009-01-13,90.0,95.0,28.0
2009-01-14,130.0,92.0,30.0
2009-01-15,137.5,74.5,19.0
2009-01-16,159.0,72.0,15.5
2009-01-17,136.0,48.0,12.0
2009-01-18,230.0,52.0,25.0
2009-01-19,144.0,64.0,13.0
2009-01-20,89.0,100.0,12.0
2009-01-21,184.0,85.0,23.0
2009-01-22,235.5,169.0,57.0
2009-01-23,109.0,99.0,11.0
2009-01-24,77.0,68.5,12.0
2009-01-25,59.0,66.0,15.0
2009-01-26,74.0,72.0,14.0
2009-01-27,76.0,31.0,8.0
2009-01-28,92.0,21.0,8.0
2009-01-29,124.0,47.0,26.0
2009-01-30,121.0,34.0,28.0
2009-01-31,63.0,28.0,9.0
2009-02-01,49.0,40.0,7.5
2009-02-02,94.0,47.0,8.5
2009-02-03,212.0,47.0,17.0
2009-02-04,104.0,44.0,7.0
2009-02-05,112.0,48.0,8.0
2009-02-06,90.0,42.0,8.0
2009-02-07,86.0,39.0,9.0
2009-02-08,67.0,40.0,9.0
2009-02-09,163.0,59.0,15.0
2009-02-10,220.0,80.0,25.0
2009-02-11,134.0,81.0,13.0
2009-02-12,118.0,59.0,10.0
2009-02-13,77.0,32.0,10.0
2009-02-14,100.0,30.0,12.0
2009-02-15,105.0,37.0,11.0
2009-02-16,57.0,37.0,6.0
2009-02-17,50.0,35.0,8.0
2009-02-18,61.0,38.0,10.0
2009-02-19,123.0,21.0,8.0
2009-02-20,207.0,74.0,28.0
2009-02-21,69.0,77.0,10.0
2009-02-22,74.0,142.0,9.0
2009-02-23,99.0,53.0,8.0
2009-02-24,87.0,29.0,7.0
2009-02-25,102.0,20.0,9.0
2009-02-26,75.0,24.0,6.0
2009-02-27,77.0,37.5,8.0
2009-02-28,54.0,35.0,7.0
2009-03-01,68.0,40.0,9.0
2009-03-02,103.0,68.0,18.0
2009-03-03,83.0,60.0,14.0
2009-03-04,77.0,38.0,9.0
2009-03-05,147.0,28.0,9.0
2009-03-06,117.0,16.0,9.0
2009-03-07,89.0,20.0,9.0
2009-03-08,87.0,28.0,9.0
2009-03-09,122.0,30.0,10.0
2009-03-10,63.5,38.0,8.0
2009-03-11,63.0,56.0,9.0
2009-03-12,70.0,50.0,6.0
2009-03-13,122.0,44.0,18.0
2009-03-14,70.0,55.0,13.0
2009-03-15,95.0,74.0,12.0
2009-03-16,158.0,59.0,20.0
2009-03-17,190.0,53.0,16.0
2009-03-18,131.0,42.0,15.0
2009-03-19,191.0,45.0,22.0
2009-03-20,169.0,42.0,32.0
2009-03-21,115.0,72.0,11.0
2009-03-22,73.0,31.0,13.0
2009-03-23,111.0,58.0,11.0
2009-03-24,63.0,36.0,7.0
2009-03-25,79.0,38.0,9.0
2009-03-26,63.0,70.0,12.0
2009-03-27,101.0,65.0,8.5
2009-03-28,97.0,57.0,7.0
2009-03-29,58.0,18.0,7.0
2009-03-30,53.0,33.0,9.0
2009-03-31,82.0,51.0,13.0
2009-04-01,57.0,74.0,13.0
2009-04-02,44.0,82.0,12.0
2009-04-03,53.0,52.0,9.0
2009-04-04,60.0,53.0,9.0
2009-04-05,118.0,55.0,20.0
2009-04-06,71.0,26.0,8.0
2009-04-07,97.0,39.0,11.0
2009-04-08,92.0,52.0,12.0
2009-04-09,48.0,65.0,12.5
2009-04-10,56.0,48.0,12.0
2009-04-11,56.0,52.0,9.0
2009-04-12,73.0,41.0,10.0
2009-04-13,135.0,37.0,19.0
2009-04-14,242.0,55.0,36.0
2009-04-15,74.0,38.0,8.0
2009-04-16,100.0,27.0,11.0
2009-04-17,84.0,30.0,10.0
2009-04-18,53.0,27.0,6.0
2009-04-19,60.0,26.0,11.0
2009-04-20,117.0,53.0,36.5
2009-04-21,69.0,40.0,9.0
2009-04-22,53.5,68.0,6.5
2009-04-23,61.0,61.0,8.0
2009-04-24,79.0,48.0,6.0
2009-04-25,113.0,25.0,7.5
2009-04-26,54.0,57.0,7.0
2009-04-27,48.0,149.0,13.0
2009-04-28,43.0,66.0,12.0
2009-04-29,47.0,55.0,10.0
2009-04-30,50.0,49.0,8.0
2009-05-01,36.0,45.0,8.0
2009-05-02,70.0,38.0,10.0
2009-05-03,101.0,43.0,17.0
2009-05-04,57.0,38.0,9.0
2009-05-05,60.5,46.0,8.0
2009-05-06,47.0,46.0,7.0
2009-05-07,48.0,57.0,9.0
2009-05-08,53.0,53.0,8.0
2009-05-09,59.0,49.0,7.0
2009-05-10,47.0,48.0,5.0
2009-05-11,72.0,37.0,7.0
2009-05-12,92.0,32.0,15.0
2009-05-13,91.0,31.0,18.0
2009-05-14,58.0,36.0,6.0
2009-05-15,82.0,47.0,7.0
2009-05-16,112.0,44.0,13.0
2009-05-17,91.0,40.0,27.0
2009-05-18,83.0,29.0,22.0
2009-05-19,59.0,20.0,13.0
2009-05-20,66.0,16.0,8.0
2009-05-21,113.0,23.0,11.0
2009-05-22,55.0,24.0,7.0
2009-05-23,54.0,20.0,6.0
2009-05-24,47.0,18.0,5.0
2009-05-25,52.0,52.5,5.0
2009-05-26,67.0,30.0,5.0
2009-05-27,63.0,24.0,5.0
2009-05-28,39.0,36.0,6.0
2009-05-29,57.0,30.0,7.0
2009-05-30,118.0,48.0,22.0
2009-05-31,137.5,91.0,57.0
2009-06-01,120.0,51.0,28.0
2009-06-02,66.0,38.0,11.0
2009-06-03,50.0,23.0,13.0
2009-06-04,110.0,46.0,24.5
2009-06-05,100.0,50.0,20.0
2009-06-06,86.0,62.0,26.0
2009-06-07,69.0,50.0,10.0
2009-06-08,60.0,27.0,7.0
2009-06-09,113.0,22.0,12.0
2009-06-10,117.0,30.5,20.0
2009-06-11,129.0,22.0,15.0
2009-06-12,187.0,33.0,14.0
2009-06-13,87.0,31.0,16.0
2009-06-14,102.0,25.0,12.0
2009-06-15,61.0,17.0,4.0
2009-06-16,59.0,19.0,5.0
2009-06-17,78.0,27.0,6.0
2009-06-18,97.0,43.0,25.0
2009-06-19,96.0,37.0,18.0
2009-06-20,85.0,32.0,18.0
2009-06-21,56.0,29.0,15.0
2009-06-22,45.5,27.0,8.0
2009-06-23,56.0,27.0,8.5
2009-06-24,75.0,23.0,10.0
2009-06-25,78.0,22.0,8.0
2009-06-26,62.0,19.0,7.0
2009-06-27,86.0,26.0,16.0
2009-06-28,88.0,20.0,10.0
2009-06-29,57.0,27.0,8.0
2009-06-30,53.0,21.0,9.0
2009-07-01,34.0,16.5,8.5
2009-07-02,37.0,19.5,8.5
2009-07-03,39.0,21.0,7.5
2009-07-04,76.0,23.0,7.0
2009-07-05,78.0,16.0,5.0
2009-07-06,81.0,18.5,6.5
2009-07-07,84.0,24.0,19.0
2009-07-08,68.5,20.0,18.0
2009-07-09,72.5,19.0,15.0
2009-07-10,100.0,68.0,30.0
2009-07-11,42.0,19.0,5.0
2009-07-12,37.0,17.0,4.0
2009-07-13,101.0,23.0,18.0
2009-07-14,73.0,19.0,21.0
2009-07-15,48.0,16.0,5.0
2009-07-16,40.0,16.0,5.0
2009-07-17,79.0,21.0,14.0
2009-07-18,89.0,56.5,29.0
2009-07-19,60.0,19.5,7.0
2009-07-20,51.5,20.0,6.0
2009-07-21,71.0,18.0,7.0
2009-07-22,75.0,18.0,8.0
2009-07-23,77.0,19.0,16.5
2009-07-24,56.0,21.0,10.5
2009-07-25,55.0,20.0,8.5
2009-07-26,58.0,23.0,12.0
2009-07-27,83.0,25.0,8.5
2009-07-28,76.0,30.0,7.0
2009-07-29,71.0,26.0,6.0
2009-07-30,58.0,16.0,4.0
2009-07-31,47.0,14.0,4.0
2009-08-01,104.0,44.0,26.0
2009-08-02,99.0,78.0,40.0
2009-08-03,46.0,30.0,12.5
2009-08-04,46.5,20.0,3.0
2009-08-05,60.0,21.0,4.5
2009-08-06,88.0,30.0,14.0
2009-08-07,116.0,41.0,24.0
2009-08-08,96.0,64.0,30.5
2009-08-09,82.0,54.0,35.0
2009-08-10,115.0,38.0,16.5
2009-08-11,99.0,20.0,9.0
2009-08-12,115.5,16.0,8.5
2009-08-13,150.0,20.0,11.5
2009-08-14,130.0,29.0,11.0
2009-08-15,85.0,33.0,11.5
2009-08-16,71.0,28.0,14.0
2009-08-17,98.0,32.5,18.0
2009-08-18,103.0,26.0,10.0
2009-08-19,90.0,22.0,11.0
2009-08-20,100.0,24.0,18.0
2009-08-21,88.0,23.0,18.0
2009-08-22,89.0,24.0,17.0
2009-08-23,101.0,47.0,28.0
2009-08-24,82.0,56.0,19.0
2009-08-25,62.0,22.0,7.0
2009-08-26,77.0,22.0,7.0
2009-08-27,91.0,28.0,12.0
2009-08-28,108.0,34.0,26.0
2009-08-29,109.0,48.0,20.0
2009-08-30,85.0,56.0,15.0
2009-08-31,98.0,58.0,14.0
2009-09-01,74.0,37.0,8.0
2009-09-02,58.0,35.0,8.0
2009-09-03,54.0,40.0,7.0
2009-09-04,69.0,38.0,13.0
2009-09-05,57.0,31.0,7.0
2009-09-06,52.0,30.0,8.0
2009-09-07,67.0,34.0,8.0
2009-09-08,65.5,40.0,10.0
2009-09-09,53.0,43.0,7.0
2009-09-10,37.0,46.0,7.0
2009-09-11,39.0,35.0,5.0
2009-09-12,47.0,28.0,6.0
2009-09-13,100.0,75.0,28.0
2009-09-14,52.5,26.0,6.5
2009-09-15,59.0,21.5,4.0
2009-09-16,77.0,27.0,6.0
2009-09-17,101.0,33.0,17.0
2009-09-18,100.0,42.0,33.0
2009-09-19,112.0,49.0,37.0
2009-09-20,62.0,34.0,17.0
2009-09-21,100.0,50.0,10.0
2009-09-22,81.0,51.0,9.0
2009-09-23,47.5,43.0,7.5
2009-09-24,38.0,33.0,7.0
2009-09-25,50.0,27.0,7.0
2009-09-26,78.0,43.0,11.0
2009-09-27,60.0,58.0,10.0
2009-09-28,73.0,45.0,9.0
2009-09-29,56.0,17.0,4.5
2009-09-30,82.5,22.0,6.0
2009-10-01,81.0,30.0,8.0
2009-10-02,79.0,37.0,7.0
2009-10-03,81.0,59.0,16.0
2009-10-04,91.0,77.0,15.0
2009-10-05,99.5,85.0,17.5
2009-10-06,84.0,65.0,22.0
2009-10-07,92.0,72.0,19.0
2009-10-08,82.0,73.0,14.0
2009-10-09,101.0,78.0,17.0
2009-10-10,86.0,70.0,13.0
2009-10-11,55.0,40.5,8.0
2009-10-12,60.0,31.0,6.0
2009-10-13,58.0,30.0,5.0
2009-10-14,79.0,63.0,9.0
2009-10-15,75.0,73.0,10.0
2009-10-16,75.0,75.0,9.0
2009-10-17,91.0,70.0,11.0
2009-10-18,48.0,86.0,10.0
2009-10-19,59.0,87.0,8.0
2009-10-20,63.0,70.0,7.0
2009-10-21,87.5,145.0,12.0
2009-10-22,123.0,97.0,17.0
2009-10-23,136.0,110.5,28.0
2009-10-24,129.0,105.0,31.5
2009-10-25,113.0,80.0,26.0
2009-10-26,74.0,66.0,14.0
2009-10-27,61.0,80.0,9.0
2009-10-28,74.0,63.0,10.0
2009-10-29,78.0,60.0,10.0
2009-10-30,92.0,57.0,9.0
2009-10-31,131.0,64.0,15.0
2009-11-01,85.0,72.0,14.0
2009-11-02,56.0,83.5,12.0
2009-11-03,90.0,86.0,17.0
2009-11-04,125.0,67.5,16.0
2009-11-05,140.0,62.5,18.5
2009-11-06,115.0,43.0,10.5
2009-11-07,95.0,29.0,9.0
2009-11-08,86.0,22.0,9.0
2009-11-09,92.0,24.0,9.0
2009-11-10,77.5,19.5,25.0
2009-11-11,82.0,21.5,9.5
2009-11-12,93.0,27.0,10.0
2009-11-13,96.0,23.0,12.0
2009-11-14,98.0,35.0,10.5
2009-11-15,83.0,48.0,11.0
2009-11-16,107.0,18.0,8.0
2009-11-17,73.0,24.0,10.0
2009-11-18,97.0,37.0,11.0
2009-11-19,107.0,50.0,18.0
2009-11-20,85.0,48.5,17.0
2009-11-21,101.0,54.0,18.0
2009-11-22,108.0,55.0,19.0
2009-11-23,162.0,50.0,16.0
2009-11-24,184.5,66.0,15.0
2009-11-25,143.0,56.0,10.0
2009-11-26,88.0,42.0,7.0
2009-11-27,148.0,53.0,14.0
2009-11-28,102.0,47.0,8.0
2009-11-29,77.0,87.0,12.0
2009-11-30,112.0,93.0,14.0
2009-12-01,122.0,78.0,15.0
2009-12-02,110.0,92.0,16.0
2009-12-03,106.0,74.0,17.0
2009-12-04,146.0,86.0,23.0
2009-12-05,126.0,83.0,19.0
2009-12-06,73.0,79.0,13.0
2009-12-07,93.0,56.0,9.0
2009-12-08,100.0,26.0,5.0
2009-12-09,141.0,19.0,8.0
2009-12-10,167.0,61.0,17.0
2009-12-11,121.0,39.0,7.0
2009-12-12,77.0,36.0,5.0
2009-12-13,126.0,63.0,18.0
2009-12-14,93.0,49.0,7.5
2009-12-15,93.0,32.0,7.0
2009-12-16,94.0,23.0,11.0
2009-12-17,92.0,30.0,10.0
2009-12-18,90.0,38.0,9.0
2009-12-19,101.0,55.0,13.0
2009-12-20,77.0,59.0,16.0
2009-12-21,113.0,59.0,16.0
2009-12-22,123.0,68.0,12.0
2009-12-23,119.0,60.0,9.0
2009-12-24,214.0,51.0,10.0
2009-12-25,242.0,67.0,24.0
2009-12-26,74.0,101.0,12.0
2009-12-27,62.0,89.0,11.0
2009-12-28,101.0,42.0,12.0
2009-12-29,112.0,66.0,9.0
2009-12-30,160.0,40.0,9.0
2009-12-31,86.0,54.0,8.0
2010-01-01,59.0,90.0,13.0
2010-01-02,114.0,67.0,12.0
2010-01-03,79.0,17.0,7.0
2010-01-04,120.0,52.0,8.0
2010-01-05,68.0,75.0,8.0
2010-01-06,104.0,42.0,7.0
2010-01-07,118.0,28.5,7.5
2010-01-08,127.0,28.0,9.0
2010-01-09,107.0,40.0,9.0
2010-01-10,70.0,49.0,9.0
2010-01-11,136.0,25.0,13.0
2010-01-12,74.5,51.0,19.0
2010-01-13,129.5,70.0,22.0
2010-01-14,104.0,70.0,15.0
2010-01-15,112.0,63.0,11.0
2010-01-16,150.0,67.0,16.0
2010-01-17,85.0,67.0,12.0
2010-01-18,119.0,55.0,10.0
2010-01-19,88.0,42.0,7.0
2010-01-20,107.0,49.0,8.0
2010-01-21,113.0,34.0,6.0
2010-01-22,74.0,43.0,8.0
2010-01-23,109.0,35.0,8.0
2010-01-24,102.0,50.0,11.0
2010-01-25,180.0,61.0,16.0
2010-01-26,82.0,42.0,9.0
2010-01-27,84.0,73.0,9.0
2010-01-28,306.0,96.0,23.0
2010-01-29,205.0,56.0,8.0
2010-01-30,97.0,79.0,8.0
2010-01-31,137.0,52.0,12.0
2010-02-01,195.5,45.5,19.5
2010-02-02,109.0,51.0,6.0
2010-02-03,81.0,57.0,6.0
2010-02-04,78.0,29.0,5.0
2010-02-05,75.0,37.0,5.0
2010-02-06,77.0,32.0,5.0
2010-02-07,78.0,16.0,5.0
2010-02-08,143.0,25.0,5.0
2010-02-09,108.0,37.5,4.0
2010-02-10,88.0,25.0,4.0
2010-02-11,56.0,25.0,6.0
2010-02-12,82.0,33.0,9.0
2010-02-13,50.0,16.0,3.0
2010-02-14,95.0,25.0,6.0
2010-02-15,63.0,14.0,5.0
2010-02-16,59.5,17.0,5.0
2010-02-17,63.0,18.0,5.0
2010-02-18,64.0,42.0,6.0
2010-02-19,84.0,25.0,6.0
2010-02-20,129.0,31.0,10.0
2010-02-21,90.0,36.0,7.0
2010-02-22,171.0,52.0,9.0
2010-02-23,149.0,36.0,10.0
2010-02-24,87.0,30.5,5.0
2010-02-25,71.0,35.5,10.0
2010-02-26,88.0,35.5,9.0
2010-02-27,149.0,34.0,12.0
2010-02-28,83.0,32.0,7.0
2010-03-01,104.0,40.0,5.0
2010-03-02,81.0,37.5,7.0
2010-03-03,93.0,33.0,6.0
2010-03-04,86.0,33.0,9.0
2010-03-05,66.0,24.0,7.0
2010-03-06,75.0,26.0,7.0
2010-03-07,96.0,25.0,13.0
2010-03-08,101.0,16.0,6.0
2010-03-09,56.0,22.0,7.0
2010-03-10,92.0,69.0,20.0
2010-03-11,143.0,62.0,15.0
2010-03-12,132.0,53.0,10.0
2010-03-13,137.0,70.0,7.0
2010-03-14,82.0,55.0,5.5
2010-03-15,233.0,31.0,11.0
2010-03-16,112.0,56.0,20.0
2010-03-17,121.0,81.0,16.0
2010-03-18,215.0,97.0,47.0
2010-03-19,148.0,66.0,18.0
2010-03-20,184.0,59.0,19.0
2010-03-21,160.0,197.0,26.0
2010-03-22,79.0,609.0,6.0
2010-03-23,104.0,196.0,5.0
2010-03-24,107.0,36.0,8.0
2010-03-25,71.0,21.0,9.0
2010-03-26,74.0,80.0,12.0
2010-03-27,115.0,112.0,14.0
2010-03-28,96.0,99.0,15.0
2010-03-29,71.0,63.0,10.0
2010-03-30,62.0,70.0,6.0
2010-03-31,80.0,64.0,5.0
2010-04-01,139.0,56.0,7.0
2010-04-02,180.0,38.0,22.0
2010-04-03,50.0,33.0,5.0
2010-04-04,72.0,49.0,5.0
2010-04-05,83.0,42.0,5.0
2010-04-06,102.0,51.0,7.0
2010-04-07,73.0,35.0,5.0
2010-04-08,134.0,37.0,9.0
2010-04-09,125.5,27.0,9.0
2010-04-10,95.5,25.0,4.0
2010-04-11,93.0,35.0,7.0
2010-04-12,108.5,36.0,9.0
2010-04-13,85.5,33.0,6.0
2010-04-14,68.5,43.0,6.0
2010-04-15,92.0,22.5,7.0
2010-04-16,106.0,21.0,9.0
2010-04-17,85.0,39.0,8.0
2010-04-18,63.0,36.0,6.0
2010-04-19,97.5,44.0,7.5
2010-04-20,97.0,34.0,6.0
2010-04-21,90.0,26.0,7.0
2010-04-22,124.5,32.0,11.5
2010-04-23,77.5,25.0,7.0
2010-04-24,64.0,61.0,12.0
2010-04-25,46.0,54.0,9.0
2010-04-26,99.0,54.0,10.0
2010-04-27,117.0,34.0,11.0
2010-04-28,192.0,58.0,21.0
2010-04-29,206.0,71.0,23.0
2010-04-30,81.0,49.0,8.0
2010-05-01,90.0,47.0,9.0
2010-05-02,114.0,48.0,16.0
2010-05-03,80.0,58.0,10.0
2010-05-04,74.0,59.0,6.0
2010-05-05,84.0,33.0,8.0
2010-05-06,69.0,22.0,6.0
2010-05-07,129.0,22.5,9.0
2010-05-08,104.0,42.0,7.0
2010-05-09,67.0,37.0,8.0
2010-05-10,161.5,22.5,11.0
2010-05-11,70.0,35.0,5.0
2010-05-12,63.0,46.0,5.0
2010-05-13,74.0,75.0,6.0
2010-05-14,89.0,76.0,5.0
2010-05-15,74.0,29.0,4.0
2010-05-16,58.0,33.0,4.0
2010-05-17,77.0,26.0,5.0
2010-05-18,74.0,25.0,9.0
2010-05-19,94.0,22.0,8.0
2010-05-20,101.0,17.0,8.0
2010-05-21,53.5,22.0,6.0
2010-05-22,41.5,22.5,7.0
2010-05-23,90.0,43.0,23.0
2010-05-24,83.0,38.0,6.0
2010-05-25,68.0,35.0,6.0
2010-05-26,52.0,37.0,6.0
2010-05-27,86.0,31.0,10.0
2010-05-28,75.0,23.0,7.0
2010-05-29,109.0,22.0,9.0
2010-05-30,147.0,34.0,29.0
2010-05-31,79.0,21.0,6.0
2010-06-01,63.0,36.0,7.5
2010-06-02,62.0,14.0,3.0
2010-06-03,101.0,22.0,9.0
2010-06-04,141.0,50.0,17.0
2010-06-05,103.0,36.0,10.0
2010-06-06,63.0,35.0,9.0
2010-06-07,76.0,34.0,7.0
2010-06-08,61.0,31.0,4.5
2010-06-09,127.0,21.0,9.0
2010-06-10,157.0,17.0,8.0
2010-06-11,173.0,43.0,30.0
2010-06-12,134.0,76.0,33.0
2010-06-13,67.0,20.0,6.0
2010-06-14,56.0,18.0,8.0
2010-06-15,51.0,25.0,5.0
2010-06-16,60.0,23.0,4.0
2010-06-17,58.0,23.0,6.0
2010-06-18,56.0,20.0,7.0
2010-06-19,55.0,16.0,5.0
2010-06-20,51.0,17.0,5.0
2010-06-21,61.0,15.0,7.0
2010-06-22,67.0,15.0,6.0
2010-06-23,92.0,18.0,7.0
2010-06-24,48.0,25.0,5.0
2010-06-25,79.0,23.0,9.0
2010-06-26,112.0,15.0,7.0
2010-06-27,119.0,14.0,6.0
2010-06-28,124.0,17.0,6.5
2010-06-29,72.0,18.5,7.5
2010-06-30,108.0,18.0,11.0
2010-07-01,87.0,17.0,13.0
2010-07-02,82.0,19.0,11.5
2010-07-03,74.0,17.0,9.0
2010-07-04,55.0,20.0,8.0
2010-07-05,59.0,25.0,9.5
2010-07-06,48.0,23.0,6.5
2010-07-07,57.0,22.0,7.5
2010-07-08,51.0,22.0,5.5
2010-07-09,57.0,17.0,7.0
2010-07-10,65.0,16.0,7.5
2010-07-11,61.0,17.0,9.0
2010-07-12,72.0,17.0,9.0
2010-07-13,75.0,13.0,8.0
2010-07-14,59.0,14.0,7.0
2010-07-15,61.0,21.0,5.0
2010-07-16,73.0,17.0,5.0
2010-07-17,84.0,16.0,5.0
2010-07-18,88.0,14.0,9.0
2010-07-19,101.0,20.0,17.0
2010-07-20,89.0,26.0,11.0
2010-07-21,58.0,14.0,5.0
2010-07-22,62.0,18.0,5.0
2010-07-23,87.5,17.5,8.0
2010-07-24,85.0,14.5,9.5
2010-07-25,84.0,16.0,11.5
2010-07-26,79.0,22.0,12.0
2010-07-27,86.0,15.0,10.0
2010-07-28,107.0,15.0,8.0
2010-07-29,110.0,22.0,9.0
2010-07-30,91.0,24.0,11.0
2010-07-31,64.0,17.5,9.5
2010-08-01,43.0,14.0,7.0
2010-08-02,66.5,13.0,10.5
2010-08-03,78.0,13.0,12.0
2010-08-04,102.0,42.0,20.0
2010-08-05,105.0,59.0,16.0
2010-08-06,85.0,35.0,9.0
2010-08-07,66.0,29.0,8.0
2010-08-08,44.0,25.0,7.0
2010-08-09,68.0,24.0,6.0
2010-08-10,81.0,17.0,10.0
2010-08-11,108.0,19.0,9.0
2010-08-12,94.0,17.0,12.0
2010-08-13,80.0,19.0,10.0
2010-08-14,88.0,18.5,11.0
2010-08-15,90.0,13.0,11.0
2010-08-16,108.0,14.0,12.0
2010-08-17,120.0,18.0,8.0
2010-08-18,86.0,17.0,7.0
2010-08-19,68.0,20.0,5.0
2010-08-20,88.0,26.0,7.0
2010-08-21,77.0,33.0,11.0
2010-08-22,39.0,30.0,7.0
2010-08-23,50.0,15.0,5.0
2010-08-24,91.0,13.0,5.0
2010-08-25,119.0,19.0,11.0
2010-08-26,122.0,24.0,16.0
2010-08-27,134.0,25.0,16.0
2010-08-28,162.0,52.5,19.0
2010-08-29,96.0,42.5,9.0
2010-08-30,100.0,62.0,12.0
2010-08-31,129.0,90.0,25.0
2010-09-01,103.0,96.0,18.0
2010-09-02,112.0,82.0,30.0
2010-09-03,93.0,43.0,13.0
2010-09-04,74.0,26.0,7.0
2010-09-05,67.0,21.0,7.0
2010-09-06,94.0,30.0,16.0
2010-09-07,72.5,21.0,13.5
2010-09-08,105.0,52.0,21.0
2010-09-09,100.0,33.0,15.0
2010-09-10,107.0,41.0,20.0
2010-09-11,140.0,17.0,12.0
2010-09-12,96.0,14.0,8.0
2010-09-13,104.0,13.0,6.0
2010-09-14,75.0,15.0,4.0
2010-09-15,87.0,17.0,5.5
2010-09-16,118.0,22.5,13.0
2010-09-17,115.0,23.0,23.0
2010-09-18,108.0,33.0,22.0
2010-09-19,110.0,78.0,34.0
2010-09-20,97.0,59.5,30.0
2010-09-21,90.0,12.0,5.0
2010-09-22,102.5,12.0,6.0
2010-09-23,94.0,24.5,7.0
2010-09-24,95.0,31.5,8.0
2010-09-25,64.0,28.0,5.0
2010-09-26,54.0,30.0,6.0
2010-09-27,88.0,30.0,7.0
2010-09-28,87.0,28.0,7.0
2010-09-29,49.0,30.0,7.0
2010-09-30,65.0,40.0,8.0
2010-10-01,42.0,30.0,7.0
2010-10-02,55.0,34.0,7.0
2010-10-03,53.0,49.0,9.0
2010-10-04,74.0,60.0,12.0
2010-10-05,78.0,69.0,13.0
2010-10-06,74.0,76.0,11.0
2010-10-07,69.0,60.0,10.0
2010-10-08,71.0,77.0,12.0
2010-10-09,65.0,42.0,7.0
2010-10-10,45.0,40.0,5.0
2010-10-11,66.0,42.0,5.0
2010-10-12,87.0,30.0,5.0
2010-10-13,83.0,32.0,6.0
2010-10-14,73.0,43.0,6.0
2010-10-15,79.0,35.0,7.0
2010-10-16,55.0,41.0,9.0
2010-10-17,51.0,61.0,9.0
2010-10-18,71.0,73.0,9.0
2010-10-19,74.0,70.0,12.0
2010-10-20,59.0,79.0,13.0
2010-10-21,53.0,56.0,9.0
2010-10-22,64.0,61.0,12.0
2010-10-23,87.0,72.0,19.0
2010-10-24,73.0,41.0,13.0
2010-10-25,62.0,36.0,8.0
2010-10-26,64.0,29.0,8.0
2010-10-27,54.0,53.0,12.0
2010-10-28,58.0,54.0,13.0
2010-10-29,62.0,68.0,18.0
2010-10-30,72.0,94.0,25.0
2010-10-31,91.0,81.0,19.0
2010-11-01,116.0,79.0,15.0
2010-11-02,95.0,80.0,12.0
2010-11-03,91.0,83.0,12.0
2010-11-04,101.0,97.0,15.0
2010-11-05,99.0,91.0,9.0
2010-11-06,140.0,40.0,6.0
2010-11-07,169.0,72.0,14.0
2010-11-08,168.0,65.0,12.0
2010-11-09,101.0,95.0,20.0
2010-11-10,99.0,95.0,15.0
2010-11-11,141.0,78.0,14.0
2010-11-12,107.0,52.0,11.0
2010-11-13,69.0,53.0,9.0
2010-11-14,51.0,61.0,10.0
2010-11-15,66.0,57.0,9.0
2010-11-16,88.0,85.0,9.0
2010-11-17,91.0,70.0,10.0
2010-11-18,114.5,65.0,12.0
2010-11-19,129.5,70.0,13.5
2010-11-20,107.0,47.0,8.0
2010-11-21,112.0,39.0,9.0
2010-11-22,167.5,77.0,18.0
2010-11-23,106.0,66.0,11.0
2010-11-24,93.0,75.0,9.0
2010-11-25,111.0,84.0,14.0
2010-11-26,119.0,79.0,13.0
2010-11-27,80.0,71.0,11.0
2010-11-28,75.0,41.0,8.0
2010-11-29,117.0,60.0,11.0
2010-11-30,147.5,96.0,15.5
2010-12-01,137.0,57.0,13.0
2010-12-02,148.0,74.0,13.0
2010-12-03,97.0,65.0,13.0
2010-12-04,98.0,88.0,13.0
2010-12-05,159.0,78.0,15.0
2010-12-06,182.0,87.0,14.0
2010-12-07,72.0,145.0,34.0
2010-12-08,104.0,82.0,16.0
2010-12-09,123.0,70.0,14.0
2010-12-10,76.0,83.0,10.0
2010-12-11,88.0,85.0,12.0
2010-12-12,60.0,92.0,8.0
2010-12-13,165.0,56.0,7.0
2010-12-14,170.0,47.0,9.0
2010-12-15,65.0,23.0,5.0
2010-12-16,63.0,22.0,11.0
2010-12-17,142.0,50.0,16.0
2010-12-18,154.0,47.0,12.0
2010-12-19,186.0,73.0,15.0
2010-12-20,243.0,74.0,20.0
2010-12-21,295.0,93.0,39.0
2010-12-22,154.0,87.5,22.0
2010-12-23,131.0,85.5,16.0
2010-12-24,89.0,88.0,14.0
2010-12-25,67.0,41.0,8.0
2010-12-26,55.0,41.0,14.0
2010-12-27,134.0,43.0,15.0
2010-12-28,208.0,49.0,18.0
2010-12-29,162.0,49.0,12.0
2010-12-30,139.0,66.0,17.0
2010-12-31,119.0,77.0,17.0
2011-01-01,80.0,76.0,16.0
2011-01-02,57.0,71.5,13.5
2011-01-03,103.0,73.0,14.0
2011-01-04,108.0,40.0,7.0
2011-01-05,137.0,66.0,14.0
2011-01-06,97.0,46.0,12.0
2011-01-07,103.0,76.0,21.0
2011-01-08,149.0,91.0,26.0
2011-01-09,132.0,101.0,25.0
2011-01-10,114.0,107.0,33.0
2011-01-11,94.0,79.0,23.0
2011-01-12,117.0,30.0,7.0
2011-01-13,161.0,57.0,13.0
2011-01-14,286.0,102.0,34.0
2011-01-15,111.0,84.0,25.0
2011-01-16,65.5,68.0,17.0
2011-01-17,103.0,77.0,17.0
2011-01-18,111.0,55.0,11.0
2011-01-19,128.0,75.0,12.0
2011-01-20,116.0,91.0,12.0
2011-01-21,107.0,50.0,9.0
2011-01-22,132.0,58.0,14.0
2011-01-23,139.0,78.0,24.0
2011-01-24,112.0,76.0,19.0
2011-01-25,125.0,95.0,17.0
2011-01-26,143.0,78.0,16.0
2011-01-27,112.0,57.0,10.0
2011-01-28,90.0,43.0,7.0
2011-01-29,81.0,47.0,11.0
2011-01-30,76.0,46.0,13.0
2011-01-31,78.0,70.0,14.0
2011-02-01,114.0,80.0,19.5
2011-02-02,125.0,83.0,15.0
2011-02-03,92.0,52.0,10.0
2011-02-04,181.0,71.0,19.0
2011-02-05,151.0,62.0,12.0
2011-02-06,146.0,61.0,11.0
2011-02-07,104.0,57.0,11.0
2011-02-08,168.0,60.0,15.0
2011-02-09,91.0,55.0,8.0
2011-02-10,120.0,87.0,8.0
2011-02-11,110.0,61.0,8.0
2011-02-12,64.0,49.0,7.0
2011-02-13,70.0,43.0,7.0
2011-02-14,87.0,32.0,6.0
2011-02-15,83.0,43.0,5.0
2011-02-16,119.0,47.0,6.0
2011-02-17,253.0,74.0,24.0
2011-02-18,137.5,29.0,9.0
2011-02-19,115.0,17.0,5.0
2011-02-20,115.0,29.0,10.0
2011-02-21,108.0,49.0,9.0
2011-02-22,80.5,50.0,9.0
2011-02-23,167.0,57.0,11.0
2011-02-24,236.0,63.0,20.0
2011-02-25,97.0,53.0,8.0
2011-02-26,85.0,57.0,7.0
2011-02-27,111.0,49.0,8.0
2011-02-28,217.0,36.0,10.0
2011-03-01,163.0,51.0,11.0
2011-03-02,101.0,73.0,12.0
2011-03-03,84.0,90.0,12.0
2011-03-04,67.0,77.0,11.0
2011-03-05,74.0,79.0,12.0
2011-03-06,90.0,69.0,8.0
2011-03-07,119.0,60.0,12.0
2011-03-08,74.0,68.0,12.0
2011-03-09,89.0,58.0,10.0
2011-03-10,98.0,55.0,10.0
2011-03-11,95.0,79.0,13.0
2011-03-12,112.0,65.0,13.0
2011-03-13,180.0,73.0,20.0
2011-03-14,164.0,65.0,18.0
2011-03-15,148.0,65.0,12.0
2011-03-16,75.0,66.0,11.0
2011-03-17,75.0,67.0,15.0
2011-03-18,101.0,56.0,10.0
2011-03-19,139.0,21.0,5.0
2011-03-20,250.0,40.0,9.0
2011-03-21,170.0,30.0,7.0
2011-03-22,135.0,39.5,10.0
2011-03-23,74.0,41.0,8.0
2011-03-24,78.0,64.0,10.0
2011-03-25,84.0,86.0,16.0
2011-03-26,67.0,117.0,18.0
2011-03-27,73.0,94.0,16.0
2011-03-28,92.0,73.0,15.0
2011-03-29,149.0,90.0,19.0
2011-03-30,102.0,84.0,19.0
2011-03-31,100.0,58.0,12.0
2011-04-01,105.0,54.0,12.0
2011-04-02,136.0,56.0,17.0
2011-04-03,200.0,56.0,28.0
2011-04-04,102.5,55.0,9.0
2011-04-05,48.5,47.5,6.0
2011-04-06,79.5,50.0,7.0
2011-04-07,120.0,49.0,12.0
2011-04-08,191.0,51.0,18.0
2011-04-09,92.0,48.0,9.0
2011-04-10,101.0,54.0,16.0
2011-04-11,151.0,55.0,24.0
2011-04-12,59.0,95.0,8.0
2011-04-13,117.0,74.0,13.0
2011-04-14,148.0,52.0,13.0
2011-04-15,117.0,58.0,14.0
2011-04-16,106.0,50.0,12.5
2011-04-17,112.0,30.0,7.5
2011-04-18,88.0,36.0,10.0
2011-04-19,84.0,94.0,13.0
2011-04-20,58.0,103.0,9.0
2011-04-21,82.0,72.0,6.0
2011-04-22,92.0,48.0,12.0
2011-04-23,79.0,50.0,6.0
2011-04-24,113.0,49.0,13.0
2011-04-25,146.0,59.0,22.0
2011-04-26,84.0,56.0,15.0
2011-04-27,106.0,58.0,16.0
2011-04-28,142.0,69.5,15.0
2011-04-29,83.0,76.0,4.0
2011-04-30,108.5,70.0,9.5
2011-05-01,118.0,37.0,15.0
2011-05-02,74.0,28.0,10.0
2011-05-03,95.5,24.0,10.5
2011-05-04,180.5,67.0,28.5
2011-05-05,95.0,50.0,5.0
2011-05-06,82.0,38.0,8.0
2011-05-07,82.0,23.0,9.0
2011-05-08,42.0,16.0,6.0
2011-05-09,70.0,23.0,8.0
2011-05-10,65.0,20.0,10.0
2011-05-11,67.0,27.0,8.0
2011-05-12,69.0,31.0,8.0
2011-05-13,105.0,29.5,11.0
2011-05-14,57.0,34.0,4.0
2011-05-15,57.0,74.0,4.0
2011-05-16,119.0,59.0,10.0
2011-05-17,81.0,24.0,6.0
2011-05-18,62.0,40.0,8.0
2011-05-19,77.0,36.0,8.0
2011-05-20,83.0,27.0,7.0
2011-05-21,95.0,19.0,7.0
2011-05-22,107.0,15.0,8.0
2011-05-23,113.0,46.0,19.0
2011-05-24,83.0,33.0,5.0
2011-05-25,93.0,41.0,6.0
2011-05-26,104.0,53.0,12.0
2011-05-27,126.0,64.0,17.0
2011-05-28,137.0,99.0,27.0
2011-05-29,95.0,84.0,13.0
2011-05-30,71.0,53.0,8.0
2011-05-31,96.0,53.0,11.0
2011-06-01,103.0,56.0,18.0
2011-06-02,79.0,61.0,13.0
2011-06-03,71.0,51.0,13.0
2011-06-04,65.0,31.0,9.0
2011-06-05,56.0,16.0,7.0
2011-06-06,54.0,15.0,7.0
2011-06-07,64.0,14.0,8.0
2011-06-08,61.0,17.0,7.0
2011-06-09,68.0,18.0,8.0
2011-06-10,87.0,16.0,9.0
2011-06-11,88.0,19.0,8.0
2011-06-12,93.0,16.0,10.0
2011-06-13,83.0,17.0,8.0
2011-06-14,66.0,14.0,7.0
2011-06-15,61.0,16.0,7.0
2011-06-16,103.0,12.0,5.0
2011-06-17,96.0,15.0,5.0
2011-06-18,68.0,16.0,5.0
2011-06-19,58.0,14.0,5.0
2011-06-20,83.0,15.0,5.0
2011-06-21,46.0,17.0,5.0
2011-06-22,46.0,16.0,3.0
2011-06-23,45.0,22.0,4.0
2011-06-24,69.0,19.0,5.0
2011-06-25,90.0,28.0,10.0
2011-06-26,98.0,30.0,14.0
2011-06-27,85.0,45.0,12.0
2011-06-28,115.0,30.0,5.0
2011-06-29,94.0,29.0,6.0
2011-06-30,90.0,23.0,6.0
2011-07-01,73.0,26.0,6.0
2011-07-02,68.0,27.0,9.0
2011-07-03,57.0,22.0,8.0
2011-07-04,68.0,22.0,11.0
2011-07-05,78.0,21.0,12.5
2011-07-06,70.0,18.0,10.0
2011-07-07,69.0,19.0,9.0
2011-07-08,73.0,23.0,9.0
2011-07-09,81.0,30.0,10.0
2011-07-10,107.0,58.0,25.0
2011-07-11,105.0,61.0,20.0
2011-07-12,116.0,33.5,8.0
2011-07-13,63.0,15.0,5.0
2011-07-14,87.0,15.0,7.0
2011-07-15,114.0,15.0,9.0
2011-07-16,104.0,14.0,8.0
2011-07-17,101.0,22.0,9.0
2011-07-18,92.0,44.0,15.0
2011-07-19,124.0,31.0,14.0
2011-07-20,97.0,18.5,10.0
2011-07-21,83.0,20.5,9.0
2011-07-22,74.0,28.5,7.0
2011-07-23,77.0,26.0,13.0
2011-07-24,83.0,33.0,13.0
2011-07-25,100.0,39.0,20.0
2011-07-26,73.0,22.0,11.0
2011-07-27,65.0,18.0,6.0
2011-07-28,77.0,34.0,10.0
2011-07-29,51.0,22.0,5.0
2011-07-30,59.0,17.0,6.0
2011-07-31,67.0,18.0,8.0
2011-08-01,105.0,22.0,14.0
2011-08-02,95.5,20.0,17.5
2011-08-03,101.0,19.0,20.0
2011-08-04,86.0,18.5,17.0
2011-08-05,91.0,20.0,15.0
2011-08-06,76.0,21.0,14.0
2011-08-07,65.0,23.0,13.0
2011-08-08,86.0,18.0,11.0
2011-08-09,82.0,16.0,8.0
2011-08-10,108.0,16.0,5.0
2011-08-11,78.0,20.0,6.0
2011-08-12,76.0,23.0,8.0
2011-08-13,71.0,21.0,10.0
2011-08-14,69.0,18.0,11.0
2011-08-15,75.0,18.0,10.5
2011-08-16,84.5,16.0,12.0
2011-08-17,80.0,15.0,7.0
2011-08-18,82.0,14.0,7.0
2011-08-19,68.0,18.0,6.0
2011-08-20,76.0,20.0,7.0
2011-08-21,84.0,20.0,11.0
2011-08-22,111.0,22.0,10.0
2011-08-23,86.0,17.0,12.0
2011-08-24,85.0,21.0,13.0
2011-08-25,146.0,55.0,14.0
2011-08-26,109.0,48.0,14.0
2011-08-27,121.0,69.0,22.0
2011-08-28,98.0,71.5,18.0
2011-08-29,101.0,71.0,27.0
2011-08-30,131.0,95.0,39.0
2011-08-31,96.0,84.0,27.0
2011-09-01,97.0,43.0,21.0
2011-09-02,118.0,54.0,27.0
2011-09-03,104.0,32.0,7.0
2011-09-04,94.0,41.0,12.0
2011-09-05,121.0,48.0,14.0
2011-09-06,94.0,42.0,8.0
2011-09-07,84.0,55.0,7.0
2011-09-08,75.0,44.0,6.0
2011-09-09,55.0,43.0,6.0
2011-09-10,46.0,47.0,7.0
2011-09-11,41.0,33.0,7.0
2011-09-12,46.0,31.0,7.0
2011-09-13,46.0,26.0,8.0
2011-09-14,75.0,28.5,8.0
2011-09-15,65.5,29.0,7.0
2011-09-16,62.5,24.0,7.0
2011-09-17,46.0,19.0,7.0
2011-09-18,45.0,29.5,8.0
2011-09-19,52.0,48.0,8.0
2011-09-20,77.5,50.5,9.0
2011-09-21,69.0,55.0,11.0
2011-09-22,65.0,66.0,13.0
2011-09-23,64.0,67.0,12.0
2011-09-24,63.0,70.0,12.0
2011-09-25,53.0,53.0,9.0
2011-09-26,59.0,45.0,10.0
2011-09-27,91.0,58.0,12.0
2011-09-28,65.5,45.0,9.5
2011-09-29,18.0,29.0,4.5
2011-09-30,69.0,29.0,5.0
2011-10-01,47.0,26.0,7.0
2011-10-02,49.0,28.0,8.0
2011-10-03,48.0,34.0,8.0
2011-10-04,61.0,29.0,8.0
2011-10-05,54.0,40.0,9.0
2011-10-06,63.0,44.0,10.0
2011-10-07,67.0,70.0,12.0
2011-10-08,56.0,73.0,12.0
2011-10-09,55.0,73.5,12.0
2011-10-10,69.5,33.0,9.0
2011-10-11,57.0,12.0,6.0
2011-10-12,64.0,14.0,6.0
2011-10-13,88.0,14.0,6.0
2011-10-14,108.0,23.0,7.0
2011-10-15,89.0,39.0,9.0
2011-10-16,88.0,53.0,12.0
2011-10-17,109.0,69.0,14.0
2011-10-18,93.0,86.0,15.0
2011-10-19,75.5,76.0,12.0
2011-10-20,102.5,67.0,15.5
2011-10-21,108.5,58.0,14.0
2011-10-22,77.0,50.0,9.5
2011-10-23,60.0,54.0,10.0
2011-10-24,165.0,64.0,18.5
2011-10-25,118.0,89.0,16.0
2011-10-26,74.0,45.0,12.0
2011-10-27,64.0,48.0,10.0
2011-10-28,89.0,55.0,10.0
2011-10-29,87.0,64.0,13.0
2011-10-30,67.0,64.0,13.0
2011-10-31,63.0,44.0,10.0
2011-11-01,86.0,52.0,12.0
2011-11-02,84.0,53.0,11.5
2011-11-03,79.0,44.5,10.0
2011-11-04,72.0,28.5,10.0
2011-11-05,98.0,40.0,12.5
2011-11-06,48.0,37.0,11.0
2011-11-07,57.0,29.0,9.0
2011-11-08,66.0,10.0,6.0
2011-11-09,72.0,8.0,7.0
2011-11-10,70.0,23.0,9.0
2011-11-11,100.0,43.0,11.0
2011-11-12,140.0,37.5,14.0
2011-11-13,114.0,48.0,15.0
2011-11-14,82.0,66.0,13.0
2011-11-15,80.0,86.0,16.0
2011-11-16,65.0,60.0,12.0
2011-11-17,90.0,31.0,9.0
2011-11-18,136.0,20.0,13.0
2011-11-19,119.0,36.0,13.0
2011-11-20,55.0,56.0,11.0
2011-11-21,64.0,58.0,14.0
2011-11-22,109.0,60.0,13.0
2011-11-23,88.0,60.0,14.0
2011-11-24,68.0,70.0,16.0
2011-11-25,61.0,76.0,17.0
2011-11-26,85.0,55.0,14.0
2011-11-27,107.0,42.0,14.0
2011-11-28,101.0,38.0,10.0
2011-11-29,76.0,31.0,9.0
2011-11-30,143.0,49.0,19.0
2011-12-01,76.0,55.0,14.0
2011-12-02,75.0,35.0,16.0
2011-12-03,115.0,36.0,12.0
2011-12-04,91.0,53.0,15.0
2011-12-05,73.0,68.0,14.0
2011-12-06,94.0,51.0,11.0
2011-12-07,153.0,65.0,17.0
2011-12-08,79.0,49.0,11.0
2011-12-09,67.0,40.0,16.5
2011-12-10,64.0,55.0,20.0
2011-12-11,71.0,44.0,19.0
2011-12-12,138.0,64.0,26.0
2011-12-13,184.0,66.0,25.0
2011-12-14,175.0,92.0,26.0
2011-12-15,139.0,93.0,23.0
2011-12-16,78.0,97.0,28.0
2011-12-17,85.0,98.5,24.0
2011-12-18,94.0,85.0,21.0
2011-12-19,105.0,69.0,16.0
2011-12-20,122.0,75.0,16.0
2011-12-21,166.0,83.0,21.0
2011-12-22,99.0,100.0,22.0
2011-12-23,87.0,104.0,24.0
2011-12-24,65.0,90.0,33.0
2011-12-25,88.0,70.0,27.0
2011-12-26,87.0,73.0,22.0
2011-12-27,62.0,61.0,15.0
2011-12-28,156.0,68.0,17.0
2011-12-29,116.0,53.0,13.0
2011-12-30,88.0,77.0,13.0
2011-12-31,117.0,71.0,16.0
2012-01-01,93.0,58.0,13.0
2012-01-02,69.0,73.0,12.0
2012-01-03,89.0,87.0,16.0
2012-01-04,81.0,53.0,13.0
2012-01-05,92.0,50.0,11.0
2012-01-06,129.0,35.0,9.0
2012-01-07,135.0,47.0,10.0
2012-01-08,129.0,61.0,15.0
2012-01-09,156.0,69.0,15.0
2012-01-10,152.0,62.0,14.0
2012-01-11,105.0,56.0,11.0
2012-01-12,114.0,68.0,11.0
2012-01-13,135.0,68.0,11.0
2012-01-14,179.0,41.0,9.0
2012-01-15,204.0,30.0,9.0
2012-01-16,155.0,30.0,13.0
2012-01-17,109.0,28.0,8.0
2012-01-18,103.0,40.0,9.0
2012-01-19,168.0,43.0,13.0
2012-01-20,75.0,38.0,8.0
2012-01-21,60.0,43.0,7.0
2012-01-22,64.0,24.0,7.0
2012-01-23,56.0,17.0,7.0
2012-01-24,55.0,29.0,7.0
2012-01-25,61.0,31.0,8.0
2012-01-26,81.0,54.0,9.0
2012-01-27,145.0,82.0,9.0
2012-01-28,178.0,69.0,19.0
2012-01-29,140.0,61.0,20.0
2012-01-30,112.0,44.0,14.0
2012-01-31,113.0,42.0,14.0
2012-02-01,132.0,46.0,10.0
2012-02-02,74.0,55.0,10.0
2012-02-03,82.0,36.0,8.0
2012-02-04,78.0,37.0,6.0
2012-02-05,86.0,34.0,8.0
2012-02-06,259.0,35.0,8.0
2012-02-07,100.0,37.0,10.0
2012-02-08,72.0,60.0,10.0
2012-02-09,64.0,61.0,11.5
2012-02-10,119.0,51.0,8.5
2012-02-11,119.5,39.0,10.0
2012-02-12,90.0,38.0,9.0
2012-02-13,181.0,56.0,14.0
2012-02-14,153.0,43.0,8.0
2012-02-15,114.0,29.0,7.0
2012-02-16,117.0,44.0,11.0
2012-02-17,90.0,44.0,10.0
2012-02-18,66.0,53.0,11.0
2012-02-19,62.0,88.0,17.0
2012-02-20,73.0,60.0,13.0
2012-02-21,81.0,32.0,8.0
2012-02-22,119.0,35.0,7.0
2012-02-23,251.0,28.0,8.0
2012-02-24,116.0,17.0,7.0
2012-02-25,98.0,23.0,7.0
2012-02-26,72.0,22.0,8.0
2012-02-27,88.0,28.0,8.0
2012-02-28,150.0,21.0,8.0
2012-02-29,73.0,24.0,7.0
2012-03-01,138.0,32.0,7.0
2012-03-02,201.0,28.0,7.0
2012-03-03,87.0,30.0,6.0
2012-03-04,65.0,26.0,6.0
2012-03-05,117.0,28.0,9.0
2012-03-06,92.0,28.0,8.0
2012-03-07,89.0,35.0,7.0
2012-03-08,100.0,29.0,6.0
2012-03-09,103.0,24.0,7.0
2012-03-10,89.0,26.5,9.0
2012-03-11,80.0,27.5,7.0
2012-03-12,98.0,26.5,7.0
2012-03-13,114.0,60.0,9.0
2012-03-14,95.0,57.0,9.0
2012-03-15,99.0,37.0,8.0
2012-03-16,149.0,39.0,6.0
2012-03-17,186.0,32.0,12.0
2012-03-18,193.0,31.0,18.0
2012-03-19,105.0,43.0,9.0
2012-03-20,105.0,71.0,9.0
2012-03-21,61.0,49.0,7.0
2012-03-22,72.0,40.0,7.0
2012-03-23,171.0,56.0,15.0
2012-03-24,66.0,152.0,11.0
2012-03-25,81.0,117.0,13.0
2012-03-26,68.0,56.0,11.0
2012-03-27,73.0,60.0,12.0
2012-03-28,66.0,66.0,11.0
2012-03-29,67.0,65.0,9.0
2012-03-30,88.0,67.0,8.0
2012-03-31,86.0,42.0,8.0
2012-04-01,62.0,72.0,11.0
2012-04-02,104.0,79.0,10.0
2012-04-03,220.0,69.0,21.0
2012-04-04,72.0,85.0,10.0
2012-04-05,146.0,61.0,9.0
2012-04-06,51.0,23.0,5.0
2012-04-07,45.0,69.5,14.0
2012-04-08,54.0,48.0,9.0
2012-04-09,99.0,24.0,7.0
2012-04-10,107.0,36.0,13.0
2012-04-11,111.0,33.0,18.0
2012-04-12,109.0,26.0,14.0
2012-04-13,78.0,25.0,11.0
2012-04-14,80.0,23.0,10.0
2012-04-15,63.0,20.0,9.0
2012-04-16,73.0,22.0,10.0
2012-04-17,78.0,35.0,7.0
2012-04-18,69.0,53.0,7.0
2012-04-19,120.0,36.0,6.0
2012-04-20,193.0,23.0,9.0
2012-04-21,195.0,78.0,30.0
2012-04-22,114.0,59.0,14.0
2012-04-23,79.0,36.0,7.0
2012-04-24,68.5,19.0,8.0
2012-04-25,90.5,23.0,9.0
2012-04-26,100.5,33.0,10.5
2012-04-27,85.0,52.0,6.5
2012-04-28,81.5,19.0,5.5
2012-04-29,74.5,19.0,8.5
2012-04-30,73.5,25.0,9.0
2012-05-01,58.0,28.0,7.0
2012-05-02,62.0,29.0,7.0
2012-05-03,73.0,28.0,8.0
2012-05-04,92.0,34.0,9.0
2012-05-05,78.0,28.0,6.0
2012-05-06,71.0,45.0,10.0
2012-05-07,93.5,52.0,9.5
2012-05-08,71.0,26.0,9.0
2012-05-09,81.0,19.0,11.0
2012-05-10,66.0,19.5,10.0
2012-05-11,55.0,31.0,5.0
2012-05-12,68.0,38.5,6.0
2012-05-13,85.0,16.0,13.0
2012-05-14,87.0,19.0,9.0
2012-05-15,103.0,16.0,11.0
2012-05-16,77.0,11.0,6.0
2012-05-17,75.0,12.0,6.0
2012-05-18,76.0,18.0,5.0
2012-05-19,107.0,25.0,8.0
2012-05-20,91.0,33.0,9.0
2012-05-21,43.0,34.0,5.0
2012-05-22,50.0,41.0,6.0
2012-05-23,44.0,37.0,6.0
2012-05-24,50.0,34.0,6.0
2012-05-25,51.5,23.5,4.5
2012-05-26,58.0,20.0,4.0
2012-05-27,41.0,23.0,5.0
2012-05-28,51.0,19.0,3.0
2012-05-29,45.0,34.0,4.0
2012-05-30,75.0,29.0,6.0
2012-05-31,65.0,31.0,6.0
2012-06-01,41.0,29.0,6.0
2012-06-02,61.0,36.0,9.0
2012-06-03,56.0,32.0,5.0
2012-06-04,82.0,36.0,7.0
2012-06-05,104.5,34.0,11.0
2012-06-06,76.0,35.0,6.0
2012-06-07,63.0,32.0,6.0
2012-06-08,73.0,17.0,8.0
2012-06-09,66.0,17.0,9.0
2012-06-10,46.0,23.0,9.0
2012-06-11,63.0,32.0,9.0
2012-06-12,96.0,36.0,17.0
2012-06-13,105.0,24.0,9.0
2012-06-14,91.0,59.0,7.0
2012-06-15,50.0,39.0,5.0
2012-06-16,71.0,16.0,4.0
2012-06-17,48.0,17.0,4.0
2012-06-18,53.0,20.0,4.0
2012-06-19,68.0,20.0,5.0
2012-06-20,95.0,53.0,23.0
2012-06-21,103.5,31.0,7.5
2012-06-22,76.0,24.0,7.0
2012-06-23,48.5,29.0,7.0
2012-06-24,52.0,33.0,6.0
2012-06-25,65.0,31.0,7.0
2012-06-26,65.0,33.0,7.0
2012-06-27,67.0,32.0,5.0
2012-06-28,82.0,30.0,9.0
2012-06-29,86.0,40.0,16.0
2012-06-30,72.0,15.0,5.0
2012-07-01,52.0,14.0,4.0
2012-07-02,49.0,14.5,5.0
2012-07-03,95.0,16.0,6.0
2012-07-04,62.0,14.0,6.0
2012-07-05,88.0,16.0,5.0
2012-07-06,98.0,12.0,5.0
2012-07-07,86.0,13.0,6.0
2012-07-08,60.0,12.0,7.0
2012-07-09,63.0,16.0,11.0
2012-07-10,55.0,16.0,10.0
2012-07-11,55.0,16.0,7.0
2012-07-12,59.0,15.0,8.0
2012-07-13,58.0,17.0,8.0
2012-07-14,61.0,20.0,8.0
2012-07-15,47.0,18.0,7.0
2012-07-16,59.0,21.0,7.0
2012-07-17,60.0,25.0,6.0
2012-07-18,105.0,26.0,9.0
2012-07-19,87.0,25.0,12.0
2012-07-20,124.5,34.0,18.0
2012-07-21,126.0,74.0,25.0
2012-07-22,37.0,18.0,5.5
2012-07-23,31.0,11.0,5.0
2012-07-24,34.0,20.0,4.5
2012-07-25,100.5,16.5,6.0
2012-07-26,122.0,14.0,5.0
2012-07-27,147.0,20.0,8.0
2012-07-28,127.0,24.0,9.0
2012-07-29,108.0,24.0,15.0
2012-07-30,114.0,27.0,24.0
2012-07-31,142.0,51.0,24.0
2012-08-01,174.0,85.0,28.0
2012-08-02,148.0,97.0,38.0
2012-08-03,166.0,100.0,43.0
2012-08-04,122.0,70.0,18.0
2012-08-05,74.0,37.5,10.0
2012-08-06,95.0,25.0,9.0
2012-08-07,112.0,63.0,25.0
2012-08-08,100.0,75.0,23.0
2012-08-09,81.0,42.0,14.0
2012-08-10,71.0,19.0,9.0
2012-08-11,88.0,15.0,11.0
2012-08-12,71.0,13.0,10.0
2012-08-13,91.0,17.0,9.0
2012-08-14,85.0,20.0,9.0
2012-08-15,133.0,40.0,22.0
2012-08-16,67.0,30.5,9.0
2012-08-17,50.0,23.5,6.0
2012-08-18,75.0,29.0,10.0
2012-08-19,92.0,29.0,14.0
2012-08-20,96.0,30.0,15.0
2012-08-21,89.0,25.0,14.0
2012-08-22,124.0,27.0,17.0
2012-08-23,132.0,60.0,22.0
2012-08-24,87.0,62.5,14.0
2012-08-25,84.0,56.5,15.0
2012-08-26,66.0,34.0,10.0
2012-08-27,123.0,61.0,23.0
2012-08-28,100.0,83.0,29.0
2012-08-29,85.0,46.0,13.0
2012-08-30,92.0,26.0,11.0
2012-08-31,87.0,18.0,7.0
2012-09-01,56.0,14.0,6.0
2012-09-02,45.0,13.0,7.0
2012-09-03,60.0,11.0,7.0
2012-09-04,60.0,13.0,7.0
2012-09-05,65.0,23.0,8.0
2012-09-06,55.0,28.5,8.0
2012-09-07,76.0,14.5,7.0
2012-09-08,145.5,29.5,16.0
2012-09-09,101.0,22.0,12.0
2012-09-10,105.0,25.0,15.0
2012-09-11,85.0,22.0,9.0
2012-09-12,80.0,14.0,7.0
2012-09-13,83.0,25.0,9.0
2012-09-14,71.0,37.5,8.0
2012-09-15,80.0,48.0,9.0
2012-09-16,76.0,54.0,12.5
2012-09-17,86.0,62.0,17.0
2012-09-18,113.0,63.0,16.0
2012-09-19,85.0,56.0,10.0
2012-09-20,55.0,71.0,9.0
2012-09-21,48.0,55.0,8.0
2012-09-22,76.0,27.0,6.0
2012-09-23,99.0,16.0,11.0
2012-09-24,106.5,16.5,9.0
2012-09-25,56.0,43.5,7.0
2012-09-26,97.0,54.0,11.0
2012-09-27,116.0,50.0,15.0
2012-09-28,76.0,67.0,13.0
2012-09-29,70.0,79.0,13.0
2012-09-30,67.0,77.0,15.0
2012-10-01,40.0,79.0,13.0
2012-10-02,50.0,75.0,13.0
2012-10-03,75.0,73.0,12.0
2012-10-04,74.0,77.0,10.0
2012-10-05,61.0,52.0,10.0
2012-10-06,57.0,44.0,9.0
2012-10-07,46.0,50.0,9.0
2012-10-08,69.0,80.0,11.0
2012-10-09,98.0,77.0,14.0
2012-10-10,84.5,93.0,16.0
2012-10-11,89.0,95.0,17.0
2012-10-12,91.0,89.0,14.0
2012-10-13,95.0,81.0,15.0
2012-10-14,90.0,92.0,18.0
2012-10-15,92.0,70.5,13.0
2012-10-16,105.0,64.5,13.0
2012-10-17,107.0,76.5,19.0
2012-10-18,68.0,71.0,11.0
2012-10-19,60.0,58.0,9.0
2012-10-20,63.0,53.0,9.0
2012-10-21,76.0,42.0,7.0
2012-10-22,117.0,46.0,14.0
2012-10-23,114.0,58.0,15.0
2012-10-24,59.0,48.0,8.0
2012-10-25,61.0,65.0,10.0
2012-10-26,64.0,46.0,9.0
2012-10-27,61.0,38.0,8.0
2012-10-28,45.0,35.0,9.0
2012-10-29,49.0,76.0,8.0
2012-10-30,68.0,49.0,7.0
2012-10-31,75.0,32.0,9.0
2012-11-01,97.0,49.0,12.0
2012-11-02,95.5,66.0,11.0
2012-11-03,63.0,55.0,10.0
2012-11-04,97.5,58.0,12.0
2012-11-05,85.0,78.0,15.0
2012-11-06,84.5,79.5,13.0
2012-11-07,57.0,88.0,9.0
2012-11-08,64.5,65.5,7.0
2012-11-09,93.0,39.0,6.0
2012-11-10,111.0,34.0,10.0
2012-11-11,77.0,24.0,7.0
2012-11-12,82.5,46.0,9.5
2012-11-13,136.5,68.0,17.0
2012-11-14,97.5,67.0,10.0
2012-11-15,59.5,59.0,9.0
2012-11-16,63.0,52.0,8.0
2012-11-17,77.0,22.0,7.0
2012-11-18,71.0,31.0,9.0
2012-11-19,71.0,62.0,13.0
2012-11-20,72.0,52.0,12.0
2012-11-21,91.0,42.0,6.0
2012-11-22,125.0,26.0,9.0
2012-11-23,82.0,24.5,9.0
2012-11-24,71.0,27.0,9.0
2012-11-25,96.0,23.0,7.0
2012-11-26,165.0,23.0,9.0
2012-11-27,85.0,22.0,7.0
2012-11-28,161.0,71.0,12.0
2012-11-29,164.0,27.0,9.0
2012-11-30,139.0,31.0,10.0
2012-12-01,90.0,20.0,6.0
2012-12-02,97.0,20.0,9.0
2012-12-03,99.0,23.0,8.0
2012-12-04,108.0,33.0,8.0
2012-12-05,78.0,28.0,7.0
2012-12-06,83.0,56.0,11.0
2012-12-07,129.0,71.0,13.0
2012-12-08,87.0,60.0,10.0
2012-12-09,74.0,49.5,9.0
2012-12-10,74.0,84.0,11.0
2012-12-11,82.0,75.0,10.0
2012-12-12,70.0,52.0,9.0
2012-12-13,68.0,43.0,9.0
2012-12-14,121.0,35.0,6.0
2012-12-15,208.5,39.0,8.5
2012-12-16,169.5,38.5,12.5
2012-12-17,74.5,33.5,6.0
2012-12-18,82.0,25.0,7.0
2012-12-19,71.0,34.0,9.0
2012-12-20,65.0,63.0,11.0
2012-12-21,153.0,54.0,9.0
2012-12-22,146.0,65.0,14.0
2012-12-23,57.0,53.0,16.0
2012-12-24,77.0,54.0,14.0
2012-12-25,122.0,68.0,12.0
2012-12-26,67.0,51.0,10.0
2012-12-27,123.0,56.0,11.0
2012-12-28,133.0,30.0,9.0
2012-12-29,87.0,21.0,8.0
2012-12-30,54.0,37.0,18.0
2012-12-31,101.0,43.0,14.0
2013-01-01,135.0,47.0,17.0
2013-01-02,176.0,63.0,17.0
2013-01-03,96.0,72.0,16.0
2013-01-04,120.0,57.0,12.0
2013-01-05,134.0,59.0,13.0
2013-01-06,127.0,73.0,14.0
2013-01-07,170.0,80.0,18.0
2013-01-08,212.0,91.0,20.0
2013-01-09,127.0,87.0,17.0
2013-01-10,99.0,81.0,17.0
2013-01-11,125.0,92.0,18.0
2013-01-12,168.0,91.0,15.0
2013-01-13,191.0,108.0,25.0
2013-01-14,122.0,52.0,10.5
2013-01-15,96.0,56.0,8.0
2013-01-16,202.0,67.0,13.0
2013-01-17,118.0,64.0,10.0
2013-01-18,73.0,74.0,10.0
2013-01-19,76.0,68.0,11.0
2013-01-20,67.0,40.0,6.0
2013-01-21,99.0,37.0,6.0
2013-01-22,194.0,48.0,14.0
2013-01-23,121.0,72.0,10.0
2013-01-24,206.0,86.0,14.0
2013-01-25,118.0,79.0,14.0
2013-01-26,86.0,98.0,9.0
2013-01-27,82.0,71.0,7.0
2013-01-28,72.0,78.0,13.0
2013-01-29,124.0,46.0,10.0
2013-01-30,79.0,49.0,8.0
2013-01-31,95.0,57.0,9.0
2013-02-01,194.0,42.0,12.0
2013-02-02,185.0,39.0,10.0
2013-02-03,61.0,27.0,6.0
2013-02-04,199.0,50.0,16.0
2013-02-05,170.0,39.0,9.0
2013-02-06,101.0,25.0,8.0
2013-02-07,63.0,31.0,4.0
2013-02-08,60.0,22.0,4.0
2013-02-09,67.0,21.0,7.0
2013-02-10,69.0,44.0,10.0
2013-02-11,44.0,28.0,6.0
2013-02-12,85.0,37.0,9.0
2013-02-13,72.0,25.0,10.0
2013-02-14,90.0,36.0,8.0
2013-02-15,141.0,45.0,16.0
2013-02-16,56.0,32.0,5.0
2013-02-17,81.0,48.0,8.0
2013-02-18,177.0,40.0,18.0
2013-02-19,137.0,36.0,14.0
2013-02-20,73.0,41.0,9.0
2013-02-21,90.0,54.0,11.0
2013-02-22,114.0,49.0,11.0
2013-02-23,68.0,41.0,10.0
2013-02-24,61.0,55.0,9.0
2013-02-25,80.0,51.0,9.0
2013-02-26,106.0,53.0,7.0
2013-02-27,241.0,59.0,21.0
2013-02-28,77.0,28.0,6.0
2013-03-01,107.0,37.0,6.0
2013-03-02,84.0,26.0,6.0
2013-03-03,66.0,43.0,9.0
2013-03-04,96.0,51.0,17.0
2013-03-05,83.0,71.0,14.0
2013-03-06,122.0,86.0,14.0
2013-03-07,214.0,72.0,20.0
2013-03-08,220.0,78.0,31.0
2013-03-09,196.0,69.0,24.0
2013-03-10,156.0,40.0,19.0
2013-03-11,90.0,50.0,11.0
2013-03-12,96.0,49.0,8.0
2013-03-13,178.0,41.0,16.0
2013-03-14,102.0,58.0,11.0
2013-03-15,75.0,74.0,10.0
2013-03-16,82.0,64.0,9.0
2013-03-17,103.0,47.0,10.0
2013-03-18,222.0,41.0,21.0
2013-03-19,118.0,29.0,12.0
2013-03-20,113.0,25.0,13.0
2013-03-21,99.0,48.0,8.0
2013-03-22,102.0,53.0,12.0
2013-03-23,184.0,40.0,15.0
2013-03-24,211.0,36.5,32.0
2013-03-25,101.0,41.5,11.5
2013-03-26,70.0,45.0,6.0
2013-03-27,126.0,27.0,10.0
2013-03-28,117.0,22.0,10.0
2013-03-29,95.0,26.0,10.0
2013-03-30,57.0,25.0,6.0
2013-03-31,61.0,21.0,8.0
2013-04-01,69.0,34.0,7.0
2013-04-02,137.0,37.0,8.0
2013-04-03,70.0,70.0,9.0
2013-04-04,70.0,42.0,6.0
2013-04-05,108.0,28.0,8.0
2013-04-06,72.0,30.0,11.0
2013-04-07,54.0,49.0,11.0
2013-04-08,74.0,67.0,12.0
2013-04-09,107.0,37.0,8.0
2013-04-10,91.0,42.0,7.0
2013-04-11,97.0,60.0,9.5
2013-04-12,88.0,43.0,8.0
2013-04-13,132.0,55.0,14.5
2013-04-14,180.0,118.0,42.0
2013-04-15,173.0,121.5,27.0
2013-04-16,186.5,68.0,14.5
2013-04-17,137.0,38.0,9.0
2013-04-18,162.0,30.0,10.0
2013-04-19,135.0,23.5,11.5
2013-04-20,83.5,28.5,7.5
2013-04-21,73.0,32.0,7.0
2013-04-22,55.0,46.0,6.0
2013-04-23,96.0,45.5,7.0
2013-04-24,152.0,36.0,12.0
2013-04-25,134.0,29.0,14.0
2013-04-26,78.0,32.0,9.0
2013-04-27,57.0,79.0,13.0
2013-04-28,37.0,53.5,7.0
2013-04-29,78.0,40.0,7.0
2013-04-30,94.0,23.0,9.0
2013-05-01,73.0,36.0,13.0
2013-05-02,54.0,32.0,9.0
2013-05-03,79.0,37.0,9.0
2013-05-04,81.0,39.0,9.0
2013-05-05,58.0,35.0,7.0
2013-05-06,75.0,35.0,7.0
2013-05-07,72.0,34.0,8.0
2013-05-08,74.0,30.0,6.5
2013-05-09,114.0,27.0,10.0
2013-05-10,240.0,27.0,12.0
2013-05-11,191.0,41.0,28.0
2013-05-12,97.0,40.0,9.0
2013-05-13,95.5,32.0,8.0
2013-05-14,86.0,26.5,6.0
2013-05-15,72.0,20.5,7.0
2013-05-16,92.0,21.0,10.0
2013-05-17,183.0,25.0,10.0
2013-05-18,91.0,25.0,10.5
2013-05-19,49.0,27.0,9.5
2013-05-20,75.0,24.0,11.0
2013-05-21,182.0,24.0,13.0
2013-05-22,156.0,16.0,9.5
2013-05-23,120.0,19.0,11.5
2013-05-24,121.0,21.0,14.0
2013-05-25,99.5,14.0,7.0
2013-05-26,79.0,16.0,8.0
2013-05-27,67.5,21.0,9.0
2013-05-28,76.0,23.0,9.0
2013-05-29,78.0,19.0,10.0
2013-05-30,86.5,15.0,12.0
2013-05-31,80.0,17.0,14.0
2013-06-01,78.5,18.0,12.5
2013-06-02,68.0,17.0,12.0
2013-06-03,87.0,21.0,12.0
2013-06-04,99.0,20.0,8.0
2013-06-05,123.0,16.0,8.0
2013-06-06,124.0,21.0,9.0
2013-06-07,71.0,18.5,10.0
2013-06-08,63.0,19.0,9.0
2013-06-09,62.0,23.0,8.0
2013-06-10,103.0,28.0,9.5
2013-06-11,108.0,18.0,6.0
2013-06-12,61.0,25.0,8.0
2013-06-13,66.0,25.0,7.0
2013-06-14,63.0,16.0,5.0
2013-06-15,95.0,13.5,6.0
2013-06-16,64.0,18.0,6.0
2013-06-17,71.0,17.0,7.0
2013-06-18,93.5,15.5,9.5
2013-06-19,104.0,19.0,16.0
2013-06-20,85.0,22.0,15.0
2013-06-21,50.0,17.0,6.0
2013-06-22,60.0,20.0,6.0
2013-06-23,71.0,15.0,7.0
2013-06-24,90.0,25.0,8.0
2013-06-25,51.0,55.0,6.0
2013-06-26,52.0,45.0,6.0
2013-06-27,51.0,39.0,6.0
2013-06-28,51.0,35.0,7.0
2013-06-29,50.0,32.0,7.5
2013-06-30,54.5,27.5,7.5
2013-07-01,42.0,22.5,6.0
2013-07-02,67.0,23.5,6.0
2013-07-03,76.0,18.5,7.0
2013-07-04,77.0,20.0,10.0
2013-07-05,77.0,17.0,11.0
2013-07-06,76.0,13.0,9.0
2013-07-07,69.0,11.0,9.0
2013-07-08,85.0,14.0,9.0
2013-07-09,89.0,15.0,8.0
2013-07-10,104.0,18.0,9.0
2013-07-11,109.0,19.0,11.0
2013-07-12,95.0,36.0,15.0
2013-07-13,79.0,44.0,18.0
2013-07-14,42.0,17.0,8.0
2013-07-15,105.0,14.0,7.0
2013-07-16,110.5,13.5,8.0
2013-07-17,71.0,13.0,6.0
2013-07-18,94.5,25.0,8.0
2013-07-19,61.0,18.5,7.0
2013-07-20,71.5,20.0,6.5
2013-07-21,47.0,17.5,7.0
2013-07-22,60.0,19.5,6.0
2013-07-23,64.0,17.0,6.0
2013-07-24,89.0,15.5,5.0
2013-07-25,102.0,12.5,6.0
2013-07-26,82.0,17.5,6.0
2013-07-27,91.0,16.0,7.0
2013-07-28,76.0,18.5,7.0
2013-07-29,83.0,18.0,7.5
2013-07-30,83.0,19.0,9.0
2013-07-31,53.0,21.0,6.0
2013-08-01,48.0,21.5,6.0
2013-08-02,67.0,21.0,6.0
2013-08-03,85.0,32.0,6.0
2013-08-04,87.0,23.0,11.0
2013-08-05,136.0,26.0,23.0
2013-08-06,100.0,20.0,11.0
2013-08-07,75.0,15.5,7.0
2013-08-08,67.0,16.5,11.0
2013-08-09,82.0,27.0,17.0
2013-08-10,103.0,36.0,17.0
2013-08-11,52.0,19.0,9.0
2013-08-12,67.0,20.0,9.0
2013-08-13,49.0,24.0,8.0
2013-08-14,29.0,23.0,6.0
2013-08-15,45.0,29.0,7.0
2013-08-16,63.0,30.0,9.0
2013-08-17,75.0,28.0,9.0
2013-08-18,81.0,31.0,10.0
2013-08-19,125.0,29.5,11.0
2013-08-20,128.0,48.5,18.0
2013-08-21,144.0,91.5,29.0
2013-08-22,78.0,68.0,20.0
2013-08-23,66.0,23.0,9.0
2013-08-24,72.0,22.0,7.0
2013-08-25,69.0,22.0,7.0
2013-08-26,98.0,23.0,11.0
2013-08-27,127.0,23.5,15.0
2013-08-28,96.0,21.5,13.0
2013-08-29,101.0,26.0,16.0
2013-08-30,138.0,35.5,21.0
2013-08-31,157.0,35.0,16.0
2013-09-01,103.0,23.0,17.0
2013-09-02,109.0,20.0,15.0
2013-09-03,142.0,19.5,11.0
2013-09-04,97.0,16.0,8.0
2013-09-05,105.5,26.5,6.0
2013-09-06,60.0,40.5,7.0
2013-09-07,63.0,42.5,9.0
2013-09-08,50.0,28.0,8.0
2013-09-09,55.0,31.0,8.0
2013-09-10,58.0,35.0,8.0
2013-09-11,58.0,39.0,9.0
2013-09-12,56.0,32.0,9.0
2013-09-13,61.0,23.0,8.0
2013-09-14,67.0,21.0,8.0
2013-09-15,100.0,30.0,14.0
2013-09-16,50.0,38.0,8.0
2013-09-17,39.0,55.0,9.5
2013-09-18,48.0,45.0,8.0
2013-09-19,56.0,44.0,9.0
2013-09-20,93.0,51.0,15.0
2013-09-21,78.0,54.0,12.0
2013-09-22,51.0,39.0,9.5
2013-09-23,62.5,68.0,7.0
2013-09-24,50.0,27.0,5.0
2013-09-25,56.0,37.0,7.0
2013-09-26,63.0,41.5,8.0
2013-09-27,60.0,45.0,8.0
2013-09-28,73.0,56.0,8.0
2013-09-29,57.0,56.0,9.0
2013-09-30,71.0,53.5,7.0
2013-10-01,58.0,56.0,11.0
2013-10-02,101.0,67.0,14.0
2013-10-03,91.0,81.0,18.0
2013-10-04,93.0,109.0,16.0
2013-10-05,103.0,80.5,17.0
2013-10-06,103.0,69.0,17.0
2013-10-07,78.0,64.5,16.0
2013-10-08,76.0,88.5,13.0
2013-10-09,67.0,43.5,9.0
2013-10-10,89.0,36.5,9.0
2013-10-11,107.0,54.0,16.0
2013-10-12,66.0,74.0,10.0
2013-10-13,43.0,63.0,10.0
2013-10-14,51.0,48.0,9.0
2013-10-15,66.0,63.0,11.0
2013-10-16,53.0,84.0,10.0
2013-10-17,58.0,73.5,10.0
2013-10-18,67.0,60.5,10.5
2013-10-19,91.0,82.0,14.5
2013-10-20,82.0,83.0,17.5
2013-10-21,83.0,95.0,17.0
2013-10-22,94.0,85.5,16.0
2013-10-23,104.0,111.0,20.0
2013-10-24,105.0,89.0,19.0
2013-10-25,70.0,94.0,20.0
2013-10-26,90.0,97.0,20.0
2013-10-27,80.0,82.0,14.0
2013-10-28,86.0,69.5,10.0
2013-10-29,67.0,53.0,10.0
2013-10-30,56.0,45.0,9.0
2013-10-31,78.0,48.5,10.0
2013-11-01,115.0,58.5,12.0
2013-11-02,75.0,50.0,11.0
2013-11-03,49.0,53.5,10.0
2013-11-04,74.0,55.5,8.0
2013-11-05,81.5,49.5,8.5
2013-11-06,120.5,65.0,12.0
2013-11-07,72.0,62.0,11.0
2013-11-08,82.0,76.0,11.0
2013-11-09,61.0,48.5,9.0
2013-11-10,34.0,28.5,7.0
2013-11-11,38.0,34.5,6.0
2013-11-12,43.0,34.5,6.0
2013-11-13,81.0,29.5,6.0
2013-11-14,101.0,41.0,10.0
2013-11-15,103.0,42.0,11.0
2013-11-16,118.0,65.0,12.0
2013-11-17,82.0,63.0,13.0
2013-11-18,96.0,85.0,12.0
2013-11-19,83.0,107.5,16.0
2013-11-20,73.0,96.0,17.0
2013-11-21,91.0,76.5,15.0
2013-11-22,61.0,49.0,10.0
2013-11-23,53.0,51.0,10.0
2013-11-24,84.0,50.0,13.0
2013-11-25,96.0,59.0,11.0
2013-11-26,80.0,76.5,11.0
2013-11-27,86.0,93.0,10.0
2013-11-28,61.0,45.0,12.0
2013-11-29,87.0,44.0,13.0
2013-11-30,129.0,56.0,15.0
2013-12-01,124.0,51.0,14.0
2013-12-02,129.0,54.0,12.0
2013-12-03,131.0,57.0,11.0
2013-12-04,219.0,76.0,21.0
2013-12-05,130.0,62.0,16.0
2013-12-06,119.0,75.0,17.0
2013-12-07,163.0,85.0,17.0
2013-12-08,102.0,77.0,12.0
2013-12-09,105.0,101.0,19.0
2013-12-10,80.0,144.0,24.0
2013-12-11,79.0,139.5,27.0
2013-12-12,75.0,121.0,22.0
2013-12-13,120.0,118.5,17.0
2013-12-14,89.0,104.5,12.0
2013-12-15,64.0,26.0,6.0
2013-12-16,90.0,12.5,6.0
2013-12-17,128.0,16.5,10.0
2013-12-18,54.0,20.0,9.0
2013-12-19,79.0,39.0,10.0
2013-12-20,98.0,49.0,14.0
2013-12-21,91.0,81.0,19.0
2013-12-22,85.0,107.0,24.0
2013-12-23,148.0,105.0,20.0
2013-12-24,127.0,89.0,22.0
2013-12-25,127.0,115.0,25.0
2013-12-26,74.0,87.0,26.0
2013-12-27,73.0,139.0,46.0
2013-12-28,111.0,144.0,33.0
2013-12-29,92.0,71.0,18.5
2013-12-30,217.0,103.0,25.0
2013-12-31,253.0,101.0,34.0
2014-01-01,186.0,85.5,28.0
2014-01-02,183.0,70.0,14.0
2014-01-03,284.5,113.5,29.0
2014-01-04,136.5,125.5,30.0
2014-01-05,79.0,123.0,29.0
2014-01-06,73.5,117.5,22.5
2014-01-07,78.5,58.0,12.0
2014-01-08,163.5,80.0,17.0
2014-01-09,86.0,58.5,13.5
2014-01-10,67.0,70.0,13.0
2014-01-11,89.5,58.0,12.0
2014-01-12,110.5,75.5,15.0
2014-01-13,83.5,52.0,11.5
2014-01-14,76.0,51.0,12.0
2014-01-15,76.5,48.5,12.5
2014-01-16,94.0,61.0,13.0
2014-01-17,179.0,80.5,20.0
2014-01-18,101.0,81.0,18.5
2014-01-19,94.0,103.0,17.0
2014-01-20,149.5,108.0,18.5
2014-01-21,77.0,105.5,23.5
2014-01-22,126.0,119.0,25.5
2014-01-23,110.5,81.5,15.5
2014-01-24,78.5,46.0,10.0
2014-01-25,102.0,38.5,9.5
2014-01-26,107.0,67.0,11.0
2014-01-27,91.0,74.0,10.5
2014-01-28,132.5,59.0,13.0
2014-01-29,127.0,40.5,10.5
2014-01-30,190.0,53.0,20.0
2014-01-31,154.0,55.0,15.5
2014-02-01,100.0,43.5,10.5
2014-02-02,116.5,36.5,14.5
2014-02-03,125.5,47.5,26.0
2014-02-04,57.5,50.5,8.0
2014-02-05,43.0,25.0,5.5
2014-02-06,81.0,17.0,6.0
2014-02-07,129.0,27.0,11.5
2014-02-08,97.0,38.0,9.0
2014-02-09,62.5,20.0,5.0
2014-02-10,63.0,31.0,6.5
2014-02-11,69.0,48.0,9.0
2014-02-12,90.0,58.5,6.0
2014-02-13,90.0,28.0,7.0
2014-02-14,82.0,51.5,9.0
2014-02-15,81.0,49.0,8.5
2014-02-16,58.0,58.0,9.0
2014-02-17,155.5,53.0,9.0
2014-02-18,226.5,63.0,16.5
2014-02-19,66.5,18.5,6.5
2014-02-20,121.0,37.5,11.0
2014-02-21,67.5,53.0,9.5
2014-02-22,57.0,52.0,9.5
2014-02-23,38.5,43.0,9.0
2014-02-24,68.0,36.0,8.0
2014-02-25,74.5,43.0,7.0
2014-02-26,209.5,45.0,15.0
2014-02-27,79.5,36.5,7.0
2014-02-28,61.5,38.0,7.0
2014-03-01,134.0,49.0,9.0
2014-03-02,122.0,37.5,12.0
2014-03-03,47.0,36.0,6.5
2014-03-04,138.0,66.0,10.0
2014-03-05,82.0,41.5,8.0
2014-03-06,50.5,49.5,5.0
2014-03-07,50.5,36.0,6.0
2014-03-08,81.5,36.0,5.0
2014-03-09,62.5,21.5,5.5
2014-03-10,53.0,36.0,6.5
2014-03-11,58.0,68.0,9.0
2014-03-12,198.5,82.0,9.5
2014-03-13,233.5,60.0,12.5
2014-03-14,71.5,66.5,10.0
2014-03-15,64.0,82.5,12.5
2014-03-16,65.0,91.0,15.0
2014-03-17,128.0,67.0,8.5
2014-03-18,140.5,52.5,9.0
2014-03-19,137.0,48.0,13.0
2014-03-20,268.5,71.0,27.0
2014-03-21,64.5,61.5,10.5
2014-03-22,62.0,70.0,11.5
2014-03-23,39.5,42.0,8.5
2014-03-24,63.5,43.0,9.5
2014-03-25,108.0,43.0,10.5
2014-03-26,138.5,37.5,15.5
2014-03-27,148.0,30.5,16.5
2014-03-28,85.0,33.0,5.5
2014-03-29,215.5,34.0,12.0
2014-03-30,113.0,28.0,8.0
2014-03-31,134.0,20.0,7.0
2014-04-01,98.0,28.0,6.0
2014-04-02,79.5,24.5,5.5
2014-04-03,110.5,18.0,5.0
2014-04-04,75.0,48.0,8.0
2014-04-05,57.0,60.5,8.5
2014-04-06,37.0,57.0,7.0
2014-04-07,46.5,45.5,4.5
2014-04-08,123.5,26.0,5.0
2014-04-09,128.5,30.5,9.0
2014-04-10,52.0,39.0,5.0
2014-04-11,63.5,40.0,5.0
2014-04-12,82.0,41.0,11.0
2014-04-13,159.0,55.0,34.5
2014-04-14,93.5,47.0,13.0
2014-04-15,43.0,54.0,6.0
2014-04-16,63.0,57.0,7.0
2014-04-17,86.0,43.5,10.0
2014-04-18,105.5,33.5,10.5
2014-04-19,86.0,31.0,11.0
2014-04-20,182.5,36.5,24.0
2014-04-21,73.5,42.5,9.5
2014-04-22,108.5,49.0,11.0
2014-04-23,62.5,37.0,5.0
2014-04-24,49.5,47.5,4.0
2014-04-25,66.0,42.0,5.0
2014-04-26,89.5,29.0,6.0
2014-04-27,115.5,54.0,16.0
2014-04-28,93.0,43.0,12.5
2014-04-29,60.0,48.5,7.5
2014-04-30,59.5,62.5,5.5
2014-05-01,46.5,37.0,5.5
2014-05-02,45.0,23.5,6.5
2014-05-03,34.5,40.0,5.0
2014-05-04,40.5,40.5,4.5
2014-05-05,63.5,21.5,4.0
2014-05-06,53.0,35.5,4.5
2014-05-07,68.0,30.0,4.5
2014-05-08,83.0,20.5,6.0
2014-05-09,84.0,11.5,5.0
2014-05-10,75.5,18.5,7.0
2014-05-11,71.5,20.0,6.0
2014-05-12,131.5,22.5,10.0
2014-05-13,73.0,23.0,8.0
2014-05-14,54.0,21.5,7.0
2014-05-15,52.5,25.5,7.0
2014-05-16,78.0,25.5,8.0
2014-05-17,60.5,18.0,6.5
2014-05-18,60.5,16.0,8.5
2014-05-19,56.0,17.0,8.0
2014-05-20,142.0,19.0,8.0
2014-05-21,90.0,20.5,9.5
2014-05-22,63.0,21.5,8.0
2014-05-23,108.0,21.5,8.0
2014-05-24,73.5,19.0,8.0
2014-05-25,55.5,13.5,9.5
2014-05-26,69.0,17.0,13.0
2014-05-27,78.0,29.0,15.0
2014-05-28,65.5,17.5,13.0
2014-05-29,51.5,18.0,10.0
2014-05-30,60.0,19.0,10.0
2014-05-31,64.0,17.0,11.5
2014-06-01,43.5,14.0,10.0
2014-06-02,49.5,14.0,11.0
2014-06-03,70.5,23.0,10.0
2014-06-04,64.0,19.0,9.0
2014-06-05,66.5,18.0,10.0
2014-06-06,111.0,21.0,12.0
2014-06-07,127.0,20.0,11.0
2014-06-08,91.0,73.0,21.5
2014-06-09,43.5,24.5,6.0
2014-06-10,53.0,35.0,6.5
2014-06-11,48.5,29.5,6.5
2014-06-12,46.5,48.0,8.5
2014-06-13,70.5,60.0,9.5
2014-06-14,70.5,53.0,9.0
2014-06-15,67.5,45.5,16.0
2014-06-16,70.5,38.5,8.5
2014-06-17,58.5,22.0,6.5
2014-06-18,54.0,21.5,6.5
2014-06-19,56.0,19.5,6.5
2014-06-20,62.0,23.5,6.0
2014-06-21,76.0,25.5,6.5
2014-06-22,92.0,14.0,7.0
2014-06-23,104.5,22.0,8.0
2014-06-24,100.0,19.0,7.0
2014-06-25,101.5,22.0,8.0
2014-06-26,70.0,30.0,12.0
2014-06-27,65.0,24.5,10.5
2014-06-28,67.0,22.0,11.5
2014-06-29,47.0,15.0,7.0
2014-06-30,58.0,17.5,5.5
2014-07-01,70.5,18.0,6.5
2014-07-02,68.5,25.5,7.5
2014-07-03,57.0,23.0,9.0
2014-07-04,60.0,22.0,12.0
2014-07-05,54.5,20.0,9.5
2014-07-06,62.0,23.0,12.0
2014-07-07,133.0,31.0,10.5
2014-07-08,116.5,60.0,14.0
2014-07-09,112.0,53.0,15.0
2014-07-10,83.0,17.0,9.5
2014-07-11,86.0,15.0,8.5
2014-07-12,72.5,16.5,6.5
2014-07-13,57.0,17.0,7.5
2014-07-14,59.0,13.5,8.5
2014-07-15,63.5,13.5,10.0
2014-07-16,62.0,17.0,10.5
2014-07-17,36.0,18.0,6.5
2014-07-18,35.5,18.0,5.0
2014-07-19,49.5,27.0,5.5
2014-07-20,49.0,18.5,6.5
2014-07-21,117.0,33.5,16.0
2014-07-22,113.0,60.0,24.0
2014-07-23,63.0,50.0,17.5
2014-07-24,43.0,29.5,6.0
2014-07-25,75.0,20.5,11.0
2014-07-26,60.5,16.0,5.0
2014-07-27,55.0,13.5,5.0
2014-07-28,80.5,19.5,10.5
2014-07-29,93.0,30.0,13.0
2014-07-30,67.5,35.5,11.0
2014-07-31,79.5,36.5,15.0
2014-08-01,78.5,36.0,13.0
2014-08-02,82.0,32.0,14.5
2014-08-03,70.5,26.0,14.0
2014-08-04,74.5,22.5,9.0
2014-08-05,83.5,24.5,8.5
2014-08-06,80.5,17.5,9.5
2014-08-07,80.5,20.5,9.0
2014-08-08,71.0,19.5,12.0
2014-08-09,60.5,18.5,10.0
2014-08-10,52.5,16.0,9.0
2014-08-11,69.5,22.0,12.5
2014-08-12,67.5,23.0,8.0
2014-08-13,115.5,18.0,7.0
2014-08-14,75.5,20.0,9.0
2014-08-15,75.0,21.5,13.0
2014-08-16,67.5,25.0,10.5
2014-08-17,65.0,23.0,12.0
2014-08-18,60.5,23.5,13.0
2014-08-19,71.5,21.0,9.0
2014-08-20,135.0,15.0,9.0
2014-08-21,103.0,16.5,10.0
2014-08-22,94.5,16.0,11.0
2014-08-23,89.5,17.5,10.5
2014-08-24,61.5,16.5,11.0
2014-08-25,72.5,16.0,9.0
2014-08-26,47.0,13.0,6.0
2014-08-27,36.5,18.0,5.0
2014-08-28,48.5,17.0,5.0
2014-08-29,54.0,18.5,8.0
2014-08-30,56.0,23.5,7.0
2014-08-31,41.0,14.0,7.0
2014-09-01,67.0,14.0,8.5
2014-09-02,97.0,18.5,14.0
2014-09-03,80.5,25.5,16.5
2014-09-04,129.0,49.5,17.5
2014-09-05,47.5,38.5,6.0
2014-09-06,65.5,41.0,8.5
2014-09-07,26.5,23.0,6.0
2014-09-08,68.5,19.5,6.5
2014-09-09,55.5,23.5,9.0
2014-09-10,82.0,20.5,11.5
2014-09-11,57.0,14.5,6.0
2014-09-12,47.0,11.0,3.5
2014-09-13,56.0,12.0,5.5
2014-09-14,54.5,16.5,6.0
2014-09-15,53.5,32.5,6.5
2014-09-16,26.0,22.5,3.0
2014-09-17,50.0,32.0,5.5
2014-09-18,94.5,36.0,11.5
2014-09-19,143.0,87.0,28.5
2014-09-20,58.5,45.0,10.0
2014-09-21,47.0,41.0,10.0
2014-09-22,78.0,53.0,13.5
2014-09-23,79.5,51.0,11.5
2014-09-24,96.0,67.0,17.0
2014-09-25,88.0,67.0,16.0
2014-09-26,91.5,35.0,11.0
2014-09-27,79.5,25.0,11.0
2014-09-28,66.0,29.0,12.0
2014-09-29,83.5,34.5,12.5
2014-09-30,114.5,63.0,21.5
2014-10-01,40.5,32.5,5.5
2014-10-02,61.0,45.0,11.0
2014-10-03,69.0,49.0,10.0
2014-10-04,66.5,55.0,7.0
2014-10-05,45.5,67.0,10.0
2014-10-06,62.5,63.0,10.0
2014-10-07,54.0,79.5,10.5
2014-10-08,63.5,64.5,10.0
2014-10-09,86.5,56.5,11.0
2014-10-10,91.0,55.0,11.5
2014-10-11,94.5,59.0,13.5
2014-10-12,64.0,61.5,12.5
2014-10-13,60.5,63.0,11.0
2014-10-14,68.0,85.0,13.0
2014-10-15,65.5,93.0,12.0
2014-10-16,43.5,82.5,8.5
2014-10-17,49.5,76.5,12.0
2014-10-18,46.0,65.0,7.5
2014-10-19,39.0,53.5,7.0
2014-10-20,65.5,53.0,8.5
2014-10-21,132.0,49.5,15.0
2014-10-22,85.0,61.5,13.5
2014-10-23,60.5,54.0,8.0
2014-10-24,54.0,61.0,8.5
2014-10-25,50.5,49.0,7.5
2014-10-26,63.0,51.0,9.5
2014-10-27,55.5,58.5,9.0
2014-10-28,35.5,63.0,7.0
2014-10-29,40.0,45.0,6.0
2014-10-30,43.0,46.0,6.5
2014-10-31,76.5,45.5,8.5
2014-11-01,128.5,50.0,13.0
2014-11-02,52.5,50.5,9.0
2014-11-03,71.0,67.0,14.0
2014-11-04,52.0,66.5,12.0
2014-11-05,51.0,51.0,8.0
2014-11-06,103.5,54.0,8.5
2014-11-07,47.0,51.0,6.0
2014-11-08,82.0,22.0,5.0
2014-11-09,57.0,28.0,7.0
2014-11-10,70.0,35.0,6.0
2014-11-11,72.0,46.0,7.0
2014-11-12,82.0,38.0,7.0
2014-11-13,66.0,40.0,8.0
2014-11-14,79.0,58.0,9.0
2014-11-15,55.0,45.0,8.0
2014-11-16,85.0,47.0,14.0
2014-11-17,64.0,67.0,11.0
2014-11-18,70.0,77.0,12.0
2014-11-19,92.0,81.0,11.0
2014-11-20,57.0,47.0,8.0
2014-11-21,94.0,43.0,8.0
2014-11-22,81.0,43.0,8.0
2014-11-23,33.0,28.0,6.0
2014-11-24,65.0,33.0,7.0
2014-11-25,157.0,36.0,16.0
2014-11-26,94.0,73.0,14.0
2014-11-27,58.0,43.0,6.0
2014-11-28,66.0,38.0,7.0
2014-11-29,44.0,35.5,6.0
2014-11-30,83.0,32.0,5.0
2014-12-01,81.0,29.5,7.0
2014-12-02,65.0,55.0,8.0
2014-12-03,64.0,54.5,5.0
2014-12-04,72.0,18.5,5.0
2014-12-05,97.0,39.0,11.0
2014-12-06,67.0,50.0,11.0
2014-12-07,62.0,57.0,11.0
2014-12-08,97.0,57.0,9.0
2014-12-09,80.5,56.5,11.0
2014-12-10,152.0,75.0,13.0
2014-12-11,90.0,91.0,17.0
2014-12-12,68.0,71.0,17.0
2014-12-13,96.0,87.0,19.0
2014-12-14,96.0,91.0,16.0
2014-12-15,132.0,78.0,13.0
2014-12-16,73.0,103.0,23.0
2014-12-17,65.0,66.0,17.0
2014-12-18,89.0,63.0,18.0
2014-12-19,104.0,53.0,7.0
2014-12-20,94.0,42.5,10.0
2014-12-21,62.0,56.0,16.0
2014-12-22,86.0,72.0,20.0
2014-12-23,92.0,82.0,14.0
2014-12-24,138.0,51.0,7.0
2014-12-25,55.0,46.0,7.0
2014-12-26,40.0,44.5,5.0
2014-12-27,76.0,45.5,5.0
2014-12-28,61.0,44.0,7.0
2014-12-29,88.0,47.5,9.0
2014-12-30,144.0,41.5,11.0
2014-12-31,221.0,58.0,15.0
2015-01-01,99.0,62.0,14.0
2015-01-02,82.0,96.5,15.0
2015-01-03,101.0,54.5,10.5
2015-01-04,67.0,42.0,9.0
2015-01-05,102.0,44.5,6.5
2015-01-06,177.0,48.0,14.0
2015-01-07,146.0,56.0,14.0
2015-01-08,77.0,51.0,12.0
2015-01-09,98.0,74.0,14.5
2015-01-10,98.0,73.0,13.5
2015-01-11,67.0,80.0,13.5
2015-01-12,69.0,54.0,8.0
2015-01-13,88.0,17.0,6.0
2015-01-14,77.0,27.5,7.0
2015-01-15,123.0,39.0,10.0
2015-01-16,160.0,55.5,12.0
2015-01-17,76.0,61.5,10.5
2015-01-18,70.0,93.0,13.0
2015-01-19,97.0,79.0,15.5
2015-01-20,116.0,80.0,11.5
2015-01-21,258.0,137.0,30.5
2015-01-22,123.0,63.0,12.0
2015-01-23,107.0,67.0,11.0
2015-01-24,50.0,73.0,9.5
2015-01-25,64.0,64.5,9.5
2015-01-26,111.0,54.0,9.5
2015-01-27,44.0,49.5,6.5
2015-01-28,37.0,35.0,4.5
2015-01-29,118.0,42.0,6.5
2015-01-30,135.0,63.5,12.0
2015-01-31,86.0,54.5,9.0
2015-02-01,74.0,71.5,9.0
2015-02-02,98.0,61.0,9.0
2015-02-03,119.0,57.0,10.5
2015-02-04,96.0,78.0,8.5
2015-02-05,69.0,52.5,8.0
2015-02-06,85.0,74.0,11.5
2015-02-07,104.0,96.0,15.0
2015-02-08,52.0,85.0,16.0
2015-02-09,65.0,98.0,14.0
2015-02-10,84.0,73.5,11.5
2015-02-11,159.0,116.0,23.0
2015-02-12,125.0,124.0,18.5
2015-02-13,112.0,72.0,9.5
2015-02-14,65.0,75.0,10.0
2015-02-15,154.0,99.0,10.0
2015-02-16,283.0,100.0,22.0
2015-02-17,149.0,62.0,13.5
2015-02-18,36.0,75.5,7.0
2015-02-19,25.0,76.0,6.5
2015-02-20,29.0,48.0,5.0
2015-02-21,75.0,50.0,8.0
2015-02-22,120.0,38.5,7.0
2015-02-23,50.0,22.5,5.0
2015-02-24,61.0,37.0,4.5
2015-02-25,68.0,33.0,5.0
2015-02-26,76.0,28.0,6.0
2015-02-27,42.0,26.0,4.5
2015-02-28,56.0,26.0,4.5
2015-03-01,64.0,26.5,7.5
2015-03-02,42.0,39.0,5.5
2015-03-03,75.0,59.5,6.5
2015-03-04,62.0,26.0,5.5
2015-03-05,55.0,26.0,5.0
2015-03-06,69.0,40.0,4.5
2015-03-07,68.0,41.0,4.5
2015-03-08,47.0,26.5,4.5
2015-03-09,174.0,47.0,10.5
2015-03-10,37.0,52.0,6.0
2015-03-11,51.0,66.0,6.0
2015-03-12,82.0,17.5,5.5
2015-03-13,63.0,32.5,7.0
2015-03-14,89.0,44.0,6.5
2015-03-15,66.0,36.0,6.0
2015-03-16,100.0,34.0,8.0
2015-03-17,78.0,33.5,5.5
2015-03-18,79.0,31.5,6.0
2015-03-19,88.0,33.0,8.0
2015-03-20,106.0,32.0,9.5
2015-03-21,158.0,52.5,13.5
2015-03-22,38.0,50.0,6.0
2015-03-23,53.0,71.0,10.0
2015-03-24,39.0,64.0,7.5
2015-03-25,54.0,52.5,8.0
2015-03-26,80.0,54.0,7.5
2015-03-27,144.0,51.5,7.0
2015-03-28,117.0,40.0,10.5
2015-03-29,60.0,37.5,9.0
2015-03-30,76.0,38.0,7.0
2015-03-31,92.0,27.0,7.0
2015-04-01,75.0,25.0,8.0
2015-04-02,53.0,22.5,7.0
2015-04-03,48.0,22.0,7.5
2015-04-04,46.0,21.0,7.5
2015-04-05,54.0,23.0,8.0
2015-04-06,87.5,23.5,12.0
2015-04-07,37.0,28.0,7.5
2015-04-08,62.0,25.0,5.5
2015-04-09,76.5,37.0,5.5
2015-04-10,86.0,21.0,5.5
2015-04-11,94.0,13.5,5.5
2015-04-12,101.0,33.0,8.0
2015-04-13,128.0,68.0,15.5
2015-04-14,86.0,55.0,13.5
2015-04-15,118.0,45.0,13.5
2015-04-16,108.0,38.0,15.0
2015-04-17,78.0,32.0,9.5
2015-04-18,52.0,28.0,7.0
2015-04-19,45.0,28.0,7.0
2015-04-20,69.0,36.0,9.0
2015-04-21,80.0,27.0,7.5
2015-04-22,52.0,40.0,8.0
2015-04-23,57.0,44.0,7.0
2015-04-24,96.0,68.5,16.0
2015-04-25,78.0,50.5,8.5
2015-04-26,44.0,45.0,7.5
2015-04-27,74.0,40.5,12.5
2015-04-28,64.0,34.0,12.0
2015-04-29,84.0,31.0,11.0
2015-04-30,83.0,29.0,12.5
2015-05-01,47.0,20.0,8.5
2015-05-02,44.0,16.5,7.0
2015-05-03,34.0,18.0,6.5
2015-05-04,43.0,19.5,8.0
2015-05-05,44.0,24.5,7.5
2015-05-06,64.0,27.0,9.0
2015-05-07,57.0,16.0,8.0
2015-05-08,46.0,13.5,7.0
2015-05-09,53.0,15.5,6.5
2015-05-10,63.0,18.0,9.0
2015-05-11,63.0,19.5,6.5
2015-05-12,75.0,24.0,11.5
2015-05-13,46.0,34.5,6.5
2015-05-14,63.0,17.0,9.0
2015-05-15,51.0,17.5,10.5
2015-05-16,104.0,22.5,8.5
2015-05-17,81.0,16.0,9.5
2015-05-18,54.0,19.0,6.5
2015-05-19,65.0,21.5,6.5
2015-05-20,61.0,20.5,5.0
2015-05-21,48.0,16.0,4.0
2015-05-22,49.0,17.0,4.5
2015-05-23,124.0,16.5,5.0
2015-05-24,149.0,30.5,9.5
2015-05-25,98.0,28.0,9.0
2015-05-26,89.0,22.0,6.5
2015-05-27,59.0,26.0,6.0
2015-05-28,44.0,28.0,7.0
2015-05-29,43.0,30.0,7.5
2015-05-30,42.0,28.0,6.5
2015-05-31,59.0,25.0,8.5
2015-06-01,52.0,22.0,7.5
2015-06-02,43.0,15.5,7.0
2015-06-03,46.0,14.0,8.0
2015-06-04,52.0,15.0,10.0
2015-06-05,52.0,15.0,8.5
2015-06-06,69.0,16.5,8.5
2015-06-07,28.0,13.5,7.0
2015-06-08,41.0,15.0,7.5
2015-06-09,43.0,16.0,7.0
2015-06-10,56.0,18.5,6.5
2015-06-11,46.0,20.0,6.0
2015-06-12,64.0,16.5,8.0
2015-06-13,43.0,13.5,7.5
2015-06-14,45.0,12.5,8.5
2015-06-15,58.0,13.5,10.5
2015-06-16,59.0,13.5,11.0
2015-06-17,44.0,13.5,9.5
2015-06-18,50.0,13.5,11.0
2015-06-19,60.0,13.0,14.0
2015-06-20,54.0,12.0,11.5
2015-06-21,28.0,12.0,4.5
2015-06-22,50.0,12.0,4.5
2015-06-23,61.0,13.5,5.5
2015-06-24,68.0,20.0,7.5
2015-06-25,76.0,24.0,6.5
2015-06-26,48.0,21.0,5.5
2015-06-27,39.0,23.0,6.0
2015-06-28,34.0,20.0,7.0
2015-06-29,38.0,19.0,7.0
2015-06-30,43.0,24.0,5.5
2015-07-01,32.0,25.0,5.5
2015-07-02,40.0,29.0,5.0
2015-07-03,45.0,28.5,6.0
2015-07-04,62.0,26.0,8.0
2015-07-05,49.0,24.5,7.5
2015-07-06,63.0,41.5,7.5
2015-07-07,50.0,32.5,6.0
2015-07-08,53.0,37.0,7.0
2015-07-09,54.0,32.0,6.5
2015-07-10,45.0,21.0,6.0
2015-07-11,81.0,50.5,18.0
2015-07-12,57.0,58.5,15.0
2015-07-13,62.0,33.5,10.0
2015-07-14,57.0,17.0,8.0
2015-07-15,59.0,21.0,7.0
2015-07-16,69.0,24.0,8.0
2015-07-17,105.0,20.0,8.5
2015-07-18,45.0,20.5,5.5
2015-07-19,29.0,30.0,5.5
2015-07-20,53.0,15.0,5.0
2015-07-21,50.0,13.0,5.0
2015-07-22,66.0,19.0,5.5
2015-07-23,60.0,24.0,5.0
2015-07-24,49.0,25.5,4.5
2015-07-25,44.0,25.0,6.0
2015-07-26,30.0,23.5,5.0
2015-07-27,51.0,27.0,6.0
2015-07-28,63.0,21.0,7.0
2015-07-29,77.0,18.5,7.0
2015-07-30,93.0,15.5,7.0
2015-07-31,73.0,15.0,7.5
2015-08-01,56.0,13.5,6.0
2015-08-02,48.0,13.0,6.0
2015-08-03,74.0,17.5,9.5
2015-08-04,93.0,23.5,11.0
2015-08-05,83.0,24.0,11.0
2015-08-06,84.0,26.0,11.0
2015-08-07,98.0,58.0,17.5
2015-08-08,84.0,70.5,12.5
2015-08-09,53.0,56.5,15.0
2015-08-10,65.0,20.5,5.5
2015-08-11,64.0,19.0,7.5
2015-08-12,61.0,18.5,9.0
2015-08-13,68.0,14.5,7.0
2015-08-14,102.0,17.0,5.5
2015-08-15,128.5,19.0,8.0
2015-08-16,78.0,24.5,7.0
2015-08-17,61.0,25.5,7.0
2015-08-18,50.0,22.0,6.5
2015-08-19,58.0,22.5,9.5
2015-08-20,89.0,36.0,10.0
2015-08-21,95.0,58.0,11.5
2015-08-22,82.0,54.0,9.5
2015-08-23,72.0,57.0,12.5
2015-08-24,106.0,69.0,15.5
2015-08-25,92.0,60.0,12.5
2015-08-26,61.0,42.5,7.5
2015-08-27,64.0,25.0,7.0
2015-08-28,72.0,19.0,8.0
2015-08-29,92.5,16.0,8.0
2015-08-30,110.0,14.0,7.0
2015-08-31,116.0,17.0,7.5
2015-09-01,61.0,15.0,5.5
2015-09-02,72.0,14.0,4.0
2015-09-03,51.0,17.5,6.0
2015-09-04,75.0,18.5,7.5
2015-09-05,72.0,21.0,8.5
2015-09-06,47.0,21.5,8.0
2015-09-07,69.0,26.5,6.5
2015-09-08,42.0,35.0,6.0
2015-09-09,36.0,30.0,5.5
2015-09-10,38.0,31.5,6.0
2015-09-11,42.0,34.0,6.0
2015-09-12,49.0,42.0,8.0
2015-09-13,30.0,48.0,8.0
2015-09-14,35.0,44.0,6.0
2015-09-15,31.5,38.0,6.0
2015-09-16,34.0,30.0,5.0
2015-09-17,36.0,29.0,5.0
2015-09-18,55.0,41.0,8.0
2015-09-19,79.0,43.0,12.5
2015-09-20,46.0,39.0,8.0
2015-09-21,102.0,32.5,8.0
2015-09-22,59.0,23.0,6.5
2015-09-23,74.0,19.5,7.5
2015-09-24,73.0,22.0,9.0
2015-09-25,70.0,23.0,8.0
2015-09-26,75.0,38.0,9.5
2015-09-27,49.0,35.5,7.5
2015-09-28,55.0,49.0,9.5
2015-09-29,86.0,65.0,14.0
2015-09-30,67.0,56.0,10.0
2015-10-01,51.0,38.0,6.0
2015-10-02,41.0,35.0,6.0
2015-10-03,35.0,31.0,5.0
2015-10-04,18.0,17.5,4.0
2015-10-05,36.0,17.0,5.0
2015-10-06,62.0,22.0,5.0
2015-10-07,113.0,20.5,6.5
2015-10-08,103.0,42.0,14.0
2015-10-09,61.0,34.0,7.0
2015-10-10,50.0,29.5,5.5
2015-10-11,36.0,23.0,5.5
2015-10-12,88.0,36.5,8.0
2015-10-13,66.0,65.0,11.0
2015-10-14,79.0,77.0,9.0
2015-10-15,86.0,68.0,9.5
2015-10-16,94.0,79.0,13.0
2015-10-17,87.0,61.5,9.5
2015-10-18,78.0,61.5,10.5
2015-10-19,92.0,68.5,13.0
2015-10-20,107.0,61.0,12.5
2015-10-21,81.0,44.0,11.0
2015-10-22,89.0,37.5,10.5
2015-10-23,91.0,54.5,12.0
2015-10-24,54.0,41.5,7.5
2015-10-25,23.0,35.5,6.0
2015-10-26,42.0,38.5,5.0
2015-10-27,107.0,40.0,13.5
2015-10-28,93.0,47.0,12.0
2015-10-29,57.0,43.5,5.0
2015-10-30,71.0,40.0,5.5
2015-10-31,33.0,35.0,5.0
2015-11-01,46.0,31.5,6.0
2015-11-02,77.0,33.0,7.0
2015-11-03,55.0,45.5,8.5
2015-11-04,65.0,60.5,9.5
2015-11-05,52.0,37.5,8.0
2015-11-06,42.0,23.5,4.0
2015-11-07,42.0,22.0,5.0
2015-11-08,52.0,21.0,6.0
2015-11-09,79.0,20.0,6.5
2015-11-10,48.0,34.5,5.0
2015-11-11,36.0,44.0,4.5
2015-11-12,33.0,35.0,4.0
2015-11-13,79.0,30.5,4.5
2015-11-14,115.0,33.5,7.0
2015-11-15,30.0,30.5,4.0
2015-11-16,47.0,31.5,5.0
2015-11-17,74.0,23.5,5.5
2015-11-18,112.0,21.0,9.5
2015-11-19,82.0,25.5,7.0
2015-11-20,44.0,41.0,4.5
2015-11-21,41.0,43.0,7.0
2015-11-22,39.0,39.0,7.5
2015-11-23,63.0,39.5,7.5
2015-11-24,50.0,34.0,6.0
2015-11-25,62.0,40.0,5.5
2015-11-26,63.0,30.5,7.0
2015-11-27,61.0,35.5,7.5
2015-11-28,71.0,48.0,8.5
2015-11-29,90.0,70.0,9.0
2015-11-30,110.5,85.0,11.0
2015-12-01,66.0,42.0,6.0
2015-12-02,75.0,40.0,6.0
2015-12-03,83.5,31.0,6.0
2015-12-04,69.5,31.0,5.5
2015-12-05,69.5,42.0,6.0
2015-12-06,57.5,17.0,6.0
2015-12-07,79.0,27.0,8.0
2015-12-08,93.5,29.0,7.0
2015-12-09,105.5,22.0,5.0
2015-12-10,112.0,32.0,6.0
2015-12-11,91.0,23.0,6.0
2015-12-12,43.0,43.0,6.0
2015-12-13,40.0,43.0,4.0
2015-12-14,94.5,38.0,6.0
2015-12-15,80.0,36.0,8.0
2015-12-16,47.0,69.0,15.0
2015-12-17,65.5,42.0,12.0
2015-12-18,88.5,48.0,14.0
2015-12-19,106.0,54.0,11.0
2015-12-20,99.5,52.0,9.0
2015-12-21,86.0,25.0,6.0
2015-12-22,81.0,35.0,6.5
2015-12-23,122.0,49.0,7.0
2015-12-24,139.0,41.0,11.0
2015-12-25,74.5,23.0,8.0
2015-12-26,80.5,41.0,9.0
2015-12-27,89.5,48.0,8.0
2015-12-28,71.0,26.0,7.0
2015-12-29,63.5,46.0,8.0
2015-12-30,77.5,57.0,7.0
2015-12-31,81.5,56.0,9.0
2016-01-01,85.0,77.0,13.0
2016-01-02,160.5,87.0,15.0
2016-01-03,102.5,41.0,7.0
2016-01-04,91.5,17.0,6.0
2016-01-05,140.5,24.0,7.0
2016-01-06,104.0,27.0,8.0
2016-01-07,70.5,29.0,6.0
2016-01-08,90.5,42.0,9.0
2016-01-09,47.0,45.0,6.0
2016-01-10,41.0,51.5,8.0
2016-01-11,82.0,17.0,6.0
2016-01-12,71.5,26.0,7.0
2016-01-13,71.0,30.0,6.0
2016-01-14,67.5,43.0,7.0
2016-01-15,77.0,26.0,5.0
2016-01-16,59.0,29.0,5.0
2016-01-17,86.0,26.0,6.0
2016-01-18,69.0,26.0,7.0
2016-01-19,76.5,46.0,8.0
2016-01-20,47.5,52.0,5.0
2016-01-21,92.5,25.0,5.0
2016-01-22,92.5,14.0,4.0
2016-01-23,41.0,20.5,7.0
2016-01-24,30.0,40.5,8.0
2016-01-25,81.0,48.0,10.0
2016-01-26,122.0,45.5,10.0
2016-01-27,126.0,23.0,6.0
2016-01-28,170.5,19.0,6.0
2016-01-29,127.0,9.0,5.0
2016-01-30,123.5,27.0,10.0
2016-01-31,32.5,26.0,5.0
2016-02-01,74.0,11.0,5.0
2016-02-02,75.0,17.0,5.0
2016-02-03,78.5,31.0,6.0
2016-02-04,136.5,58.0,14.0
2016-02-05,68.5,42.0,8.0
2016-02-06,40.5,51.5,10.0
2016-02-07,68.0,34.0,10.0
2016-02-08,100.5,38.0,10.0
2016-02-09,86.5,41.0,11.0
2016-02-10,58.5,34.5,7.0
2016-02-11,89.5,60.0,8.0
2016-02-12,75.0,28.0,7.0
2016-02-13,68.5,23.0,7.0
2016-02-14,67.5,27.5,9.0
2016-02-15,46.0,24.5,5.0
2016-02-16,63.5,37.0,7.0
2016-02-17,64.5,46.0,6.5
2016-02-18,91.0,28.0,5.0
2016-02-19,100.0,32.0,6.0
2016-02-20,82.0,42.5,7.0
2016-02-21,47.5,95.0,9.0
2016-02-22,130.5,110.0,11.0
2016-02-23,104.5,36.0,7.0
2016-02-24,64.0,18.0,5.0
2016-02-25,70.0,33.0,5.0
2016-02-26,99.0,57.0,7.0
2016-02-27,107.0,59.0,8.5
2016-02-28,111.5,36.0,12.0
2016-02-29,151.0,50.0,10.0
2016-03-01,46.0,101.5,8.0
2016-03-02,64.0,62.0,7.0
2016-03-03,116.0,43.0,10.0
2016-03-04,130.0,40.5,9.0
2016-03-05,167.0,39.5,10.5
2016-03-06,205.0,33.5,17.5
2016-03-07,104.0,32.0,9.0
2016-03-08,75.0,28.0,5.5
2016-03-09,88.0,25.0,6.0
2016-03-10,57.0,10.5,4.5
2016-03-11,68.0,22.0,5.5
2016-03-12,45.0,36.0,5.5
2016-03-13,128.0,26.0,7.0
2016-03-14,67.0,25.0,6.0
2016-03-15,49.0,48.5,6.0
2016-03-16,50.0,38.5,4.5
2016-03-17,63.5,23.0,6.0
2016-03-18,155.0,44.0,7.0
2016-03-19,183.0,38.0,9.0
2016-03-20,35.0,40.0,6.0
2016-03-21,45.5,27.0,5.0
2016-03-22,45.5,24.0,5.0
2016-03-23,129.5,30.0,7.0
2016-03-24,62.5,15.5,4.0
2016-03-25,78.0,42.5,7.5
2016-03-26,95.0,44.0,10.0
2016-03-27,80.5,46.5,11.0
2016-03-28,52.0,55.0,10.0
2016-03-29,59.0,49.0,9.0
2016-03-30,95.0,76.0,9.0
2016-03-31,230.5,86.0,22.0
2016-04-01,152.5,61.0,18.0
2016-04-02,61.5,51.0,7.0
2016-04-03,78.0,41.0,10.0
2016-04-04,72.0,28.0,8.0
2016-04-05,87.5,22.0,8.0
2016-04-06,72.0,23.0,7.0
2016-04-07,77.5,28.0,8.0
2016-04-08,77.5,29.0,8.0
2016-04-09,63.0,28.0,7.0
2016-04-10,69.0,22.0,7.0
2016-04-11,47.5,19.0,6.0
2016-04-12,46.5,22.0,6.0
2016-04-13,113.0,24.0,8.0
2016-04-14,128.0,31.0,8.0
2016-04-15,55.0,23.0,6.0
2016-04-16,62.0,44.0,8.0
2016-04-17,52.5,25.0,9.0
2016-04-18,84.0,23.0,9.0
2016-04-19,32.5,25.0,6.0
2016-04-20,49.5,40.0,7.0
2016-04-21,110.0,37.5,11.0
2016-04-22,113.0,27.0,10.0
2016-04-23,97.5,25.0,10.0
2016-04-24,112.5,23.0,10.0
2016-04-25,87.5,25.0,10.0
2016-04-26,49.5,21.0,7.0
2016-04-27,98.5,32.5,12.0
2016-04-28,107.0,43.0,11.0
2016-04-29,34.0,45.0,8.0
2016-04-30,38.5,67.0,8.0
2016-05-01,31.0,35.0,5.0
2016-05-02,57.0,37.0,7.0
2016-05-03,75.5,22.0,8.0
2016-05-04,94.5,24.0,9.0
2016-05-05,49.0,21.5,8.0
2016-05-06,52.0,23.0,8.0
2016-05-07,44.0,20.0,9.0
2016-05-08,39.0,18.5,8.0
2016-05-09,43.0,19.0,9.0
2016-05-10,83.5,21.0,8.0
2016-05-11,53.5,30.0,7.0
2016-05-12,38.0,39.0,5.0
2016-05-13,36.5,35.5,6.0
2016-05-14,25.5,29.0,4.0
2016-05-15,39.0,25.0,7.0
2016-05-16,56.0,37.0,6.0
2016-05-17,34.5,29.0,4.0
2016-05-18,36.5,40.5,7.0
2016-05-19,37.0,37.0,5.0
2016-05-20,56.5,27.0,3.0
2016-05-21,61.0,21.5,6.0
2016-05-22,59.0,23.5,8.0
2016-05-23,77.0,32.5,10.0
2016-05-24,71.5,47.0,14.0
2016-05-25,45.5,25.0,5.0
2016-05-26,34.0,24.0,3.0
2016-05-27,38.5,16.0,4.0
2016-05-28,62.0,19.0,5.0
2016-05-29,53.5,21.0,6.0
2016-05-30,43.0,20.0,5.0
2016-05-31,39.0,18.0,6.0
2016-06-01,36.5,19.0,5.0
2016-06-02,39.0,21.0,5.0
2016-06-03,37.5,23.0,5.0
2016-06-04,65.5,21.0,7.0
2016-06-05,73.0,15.5,9.0
2016-06-06,107.5,16.0,8.0
2016-06-07,82.0,19.0,11.0
2016-06-08,77.5,13.0,8.0
2016-06-09,50.5,12.0,7.0
2016-06-10,54.5,15.0,7.0
2016-06-11,82.5,12.0,7.0
2016-06-12,61.0,18.0,6.0
2016-06-13,56.5,27.0,5.5
2016-06-14,44.0,26.0,5.0
2016-06-15,40.0,26.0,5.0
2016-06-16,69.0,24.0,8.0
2016-06-17,78.0,22.0,11.0
2016-06-18,58.5,15.0,7.0
2016-06-19,39.0,12.0,8.0
2016-06-20,46.5,16.0,10.0
2016-06-21,60.5,15.0,10.0
2016-06-22,56.0,12.0,11.0
2016-06-23,60.5,13.0,12.0
2016-06-24,63.0,14.0,11.0
2016-06-25,51.0,13.0,8.0
2016-06-26,33.5,12.0,8.0
2016-06-27,41.0,12.0,7.0
2016-06-28,48.0,10.0,7.0
2016-06-29,55.0,14.0,7.0
2016-06-30,50.0,16.0,8.0
2016-07-01,40.0,11.0,7.0
2016-07-02,50.0,17.0,7.0
2016-07-03,49.0,14.0,8.0
2016-07-04,52.5,14.0,8.0
2016-07-05,50.0,11.0,7.0
2016-07-06,75.0,18.0,7.0
2016-07-07,61.0,24.0,10.0
2016-07-08,84.0,54.0,18.0
2016-07-09,79.5,69.0,19.0
2016-07-10,63.0,16.5,8.0
2016-07-11,70.0,17.0,9.0
2016-07-12,73.5,16.0,9.0
2016-07-13,82.5,16.0,8.0
2016-07-14,88.0,25.0,9.0
2016-07-15,56.0,26.0,8.0
2016-07-16,38.0,23.0,7.0
2016-07-17,30.0,20.0,7.0
2016-07-18,35.0,18.0,8.0
2016-07-19,45.5,17.0,8.0
2016-07-20,47.5,15.0,8.0
2016-07-21,50.0,13.0,9.0
2016-07-22,56.5,14.0,11.0
2016-07-23,60.0,15.0,11.0
2016-07-24,49.0,13.0,11.5
2016-07-25,71.0,14.0,11.0
2016-07-26,40.0,15.0,7.0
2016-07-27,50.5,12.5,9.0
2016-07-28,57.5,14.0,10.0
2016-07-29,59.0,23.0,13.0
2016-07-30,90.0,30.0,12.0
2016-07-31,62.5,38.0,10.0
2016-08-01,67.0,51.0,13.0
2016-08-02,25.0,20.0,6.0
2016-08-03,60.5,19.0,8.0
2016-08-04,52.0,14.0,7.0
2016-08-05,72.0,20.0,10.0
2016-08-06,80.0,29.0,15.0
2016-08-07,61.0,26.0,12.0
2016-08-08,60.0,29.5,13.0
2016-08-09,111.0,35.0,13.0
2016-08-10,105.0,24.0,11.0
2016-08-11,103.5,21.5,10.0
2016-08-12,91.5,24.0,12.0
2016-08-13,57.0,15.0,9.0
2016-08-14,31.5,10.0,7.0
2016-08-15,61.0,12.5,7.0
2016-08-16,65.0,11.5,7.0
2016-08-17,38.5,9.0,7.0
2016-08-18,42.0,17.0,7.0
2016-08-19,51.5,25.0,7.0
2016-08-20,93.5,39.0,11.0
2016-08-21,80.5,22.0,9.0
2016-08-22,48.5,25.0,8.0
2016-08-23,82.0,23.0,12.0
2016-08-24,47.0,26.5,8.0
2016-08-25,58.5,34.0,9.0
2016-08-26,75.5,29.0,14.0
2016-08-27,72.0,33.0,9.0
2016-08-28,44.0,31.0,7.0
2016-08-29,46.5,48.0,9.0
2016-08-30,67.0,44.5,12.0
2016-08-31,67.0,42.0,12.0
2016-09-01,69.0,16.0,7.0
2016-09-02,90.0,17.0,9.0
2016-09-03,89.0,25.0,11.0
2016-09-04,33.5,33.0,7.0
2016-09-05,49.5,25.0,7.0
2016-09-06,93.0,14.0,10.0
2016-09-07,91.5,17.0,10.0
2016-09-08,101.0,16.0,11.0
2016-09-09,103.0,18.0,8.0
2016-09-10,128.5,16.0,8.0
2016-09-11,75.0,15.5,8.0
2016-09-12,67.5,20.0,9.0
2016-09-13,71.0,22.0,6.5
2016-09-14,78.0,42.0,12.0
2016-09-15,67.5,33.0,11.0
2016-09-16,55.0,18.0,9.0
2016-09-17,63.5,27.0,9.0
2016-09-18,51.5,30.0,10.0
2016-09-19,53.5,28.0,8.0
2016-09-20,63.0,41.0,7.5
2016-09-21,41.5,40.0,8.0
2016-09-22,42.0,36.0,8.0
2016-09-23,42.0,32.0,8.0
2016-09-24,37.5,31.0,8.0
2016-09-25,45.5,44.0,9.0
2016-09-26,69.0,65.5,14.0
2016-09-27,99.0,77.0,15.0
2016-09-28,71.5,72.0,12.0
2016-09-29,80.0,37.0,11.0
2016-09-30,126.0,60.0,13.0
2016-10-01,92.0,27.5,8.0
2016-10-02,71.0,21.5,10.0
2016-10-03,48.0,16.0,8.0
2016-10-04,54.0,19.0,8.0
2016-10-05,58.0,29.0,9.0
2016-10-06,60.5,27.5,7.0
2016-10-07,61.0,25.0,7.0
2016-10-08,45.5,30.0,9.0
2016-10-09,33.5,28.0,8.0
2016-10-10,32.5,33.0,8.0
2016-10-11,51.5,21.0,6.0
2016-10-12,57.0,22.0,6.0
2016-10-13,45.5,26.0,7.0
2016-10-14,41.0,35.0,8.0
2016-10-15,58.5,41.0,8.0
2016-10-16,46.5,37.0,8.0
2016-10-17,43.5,32.0,8.0
2016-10-18,28.0,11.0,5.5
2016-10-19,53.0,15.5,6.5
2016-10-20,80.0,39.0,9.0
2016-10-21,28.0,28.0,9.0
2016-10-22,62.0,31.0,9.5
2016-10-23,62.0,28.0,9.5
2016-10-24,73.0,17.0,8.0
2016-10-25,55.0,19.5,8.0
2016-10-26,52.0,25.0,8.0
2016-10-27,81.0,20.0,7.0
2016-10-28,85.0,16.0,8.0
2016-10-29,69.5,33.0,8.0
2016-10-30,36.5,33.5,5.0
2016-10-31,64.0,43.0,9.0
2016-11-01,55.0,34.0,6.0
2016-11-02,52.0,28.0,7.5
2016-11-03,52.0,30.0,7.0
2016-11-04,91.0,39.0,8.0
2016-11-05,77.5,43.0,8.0
2016-11-06,58.5,42.0,7.0
2016-11-07,65.0,38.0,8.0
2016-11-08,71.0,39.0,8.0
2016-11-09,61.0,31.0,7.0
2016-11-10,71.0,15.0,6.0
2016-11-11,97.5,29.0,7.0
2016-11-12,60.5,39.0,9.0
2016-11-13,47.5,34.0,7.0
2016-11-14,110.5,34.0,9.0
2016-11-15,108.5,53.0,11.0
2016-11-16,45.0,45.0,6.5
2016-11-17,51.5,50.0,8.0
2016-11-18,46.5,54.0,8.0
2016-11-19,47.5,38.0,8.0
2016-11-20,33.0,32.0,9.0
2016-11-21,39.5,22.0,8.0
2016-11-22,46.5,12.0,7.0
2016-11-23,55.0,7.0,6.0
2016-11-24,51.0,15.0,6.0
2016-11-25,68.5,21.0,7.0
2016-11-26,70.5,18.0,7.5
2016-11-27,51.5,15.0,7.0
2016-11-28,66.0,25.0,8.0
2016-11-29,89.0,50.0,9.0
2016-11-30,78.0,59.0,10.0
2016-12-01,78.0,67.0,11.0
2016-12-02,71.0,65.0,10.0
2016-12-03,75.5,67.0,11.0
2016-12-04,124.0,71.0,15.0
2016-12-05,158.5,72.0,13.0
2016-12-06,64.0,57.0,12.0
2016-12-07,89.5,87.0,14.0
2016-12-08,91.0,78.0,12.0
2016-12-09,94.0,53.0,10.0
2016-12-10,82.5,53.0,11.0
2016-12-11,27.5,49.0,8.0
2016-12-12,55.0,37.5,8.0
2016-12-13,120.5,42.0,10.0
2016-12-14,66.0,43.0,8.0
2016-12-15,51.0,40.0,7.0
2016-12-16,63.0,47.0,9.0
2016-12-17,64.5,49.0,9.0
2016-12-18,53.5,46.5,9.0
2016-12-19,70.0,35.0,9.0
2016-12-20,74.0,38.5,10.0
2016-12-21,84.5,29.5,8.0
2016-12-22,79.0,32.0,8.0
2016-12-23,58.5,34.0,8.0
2016-12-24,54.0,50.0,9.0
2016-12-25,34.5,50.0,9.0
2016-12-26,82.5,51.0,11.0
2016-12-27,44.5,28.5,8.0
2016-12-28,59.5,39.0,10.0
2016-12-29,62.5,47.5,11.0
2016-12-30,82.0,55.0,11.0
2016-12-31,91.0,61.5,12.0
2017-01-01,40.0,32.0,8.0
2017-01-02,90.0,41.5,10.0
2017-01-03,91.0,44.5,9.0
2017-01-04,46.5,36.5,8.0
2017-01-05,121.0,34.0,9.0
2017-01-06,91.0,41.0,9.0
2017-01-07,63.0,35.0,7.0
2017-01-08,114.5,52.0,11.0
2017-01-09,59.5,47.0,7.0
2017-01-10,41.0,49.0,7.0
2017-01-11,47.5,69.0,8.0
2017-01-12,82.0,79.0,7.0
2017-01-13,79.0,21.0,5.0
2017-01-14,72.0,19.0,6.0
2017-01-15,56.5,32.0,6.0
2017-01-16,57.0,32.0,7.0
2017-01-17,55.0,33.0,7.0
2017-01-18,80.0,42.0,6.5
2017-01-19,137.5,62.0,11.0
2017-01-20,67.5,33.0,6.0
2017-01-21,69.5,53.0,8.0
2017-01-22,66.5,56.5,9.0
2017-01-23,65.0,60.0,9.0
2017-01-24,46.0,58.0,9.0
2017-01-25,56.0,47.0,8.0
2017-01-26,51.0,48.0,7.0
2017-01-27,66.0,40.0,10.0
2017-01-28,39.0,42.0,8.0
2017-01-29,33.5,34.0,7.0
2017-01-30,47.5,25.5,6.0
2017-01-31,30.5,38.0,6.0
2017-02-01,49.0,33.0,8.0
2017-02-02,33.0,36.5,6.0
2017-02-03,50.5,35.0,6.0
2017-02-04,52.0,30.0,7.0
2017-02-05,84.0,37.5,7.0
2017-02-06,38.0,44.0,6.0
2017-02-07,32.0,58.5,7.0
2017-02-08,61.0,40.0,7.0
2017-02-09,38.0,28.0,7.5
2017-02-10,45.0,60.0,10.0
2017-02-11,56.0,57.0,10.0
2017-02-12,66.5,63.0,10.0
2017-02-13,71.0,48.0,9.0
2017-02-14,41.0,34.0,8.0
2017-02-15,54.5,36.0,7.0
2017-02-16,102.5,39.0,9.0
2017-02-17,145.0,37.0,11.0
2017-02-18,133.5,38.0,8.0
2017-02-19,37.0,43.0,6.0
2017-02-20,102.0,40.0,10.0
2017-02-21,38.5,31.0,6.0
2017-02-22,83.0,27.0,6.0
2017-02-23,108.0,48.0,7.0
2017-02-24,59.0,24.0,5.0
2017-02-25,72.0,22.0,6.0
2017-02-26,60.5,16.5,6.0
2017-02-27,52.0,38.5,9.0
2017-02-28,44.5,56.0,9.5
2017-03-01,109.0,86.5,14.0
2017-03-02,70.5,62.0,10.0
2017-03-03,45.0,65.5,10.0
2017-03-04,53.0,56.0,9.0
2017-03-05,78.5,50.0,9.0
2017-03-06,106.5,43.5,8.0
2017-03-07,43.0,53.0,6.5
2017-03-08,63.0,36.0,6.0
2017-03-09,57.0,57.0,8.0
2017-03-10,88.5,74.5,7.0
2017-03-11,49.5,25.0,7.0
2017-03-12,47.0,26.0,6.0
2017-03-13,80.0,46.5,7.0
2017-03-14,79.5,26.0,6.0
2017-03-15,37.5,38.5,7.0
2017-03-16,48.0,46.0,7.0
2017-03-17,46.0,39.0,5.0
2017-03-18,48.5,37.5,5.0
2017-03-19,49.0,34.0,5.0
2017-03-20,87.0,32.0,8.0
2017-03-21,82.0,35.5,6.0
2017-03-22,49.0,43.5,6.0
2017-03-23,59.0,47.0,6.0
2017-03-24,43.5,30.0,5.0
2017-03-25,68.0,34.0,5.0
2017-03-26,42.5,30.0,5.0
2017-03-27,51.5,50.0,7.0
2017-03-28,47.0,66.0,8.0
2017-03-29,50.0,66.5,6.5
2017-03-30,45.5,64.5,6.0
2017-03-31,75.5,36.5,6.0
2017-04-01,72.0,29.0,6.5
2017-04-02,48.5,42.5,7.0
2017-04-03,43.0,48.5,7.0
2017-04-04,31.0,51.0,7.0
2017-04-05,40.5,45.0,6.0
2017-04-06,64.5,42.0,7.0
2017-04-07,88.0,33.0,11.0
2017-04-08,91.0,27.0,10.0
2017-04-09,50.0,18.0,8.0
2017-04-10,48.0,20.0,8.0
2017-04-11,88.0,25.5,8.0
2017-04-12,73.5,22.0,5.0
2017-04-13,65.0,28.0,5.0
2017-04-14,70.5,41.5,11.0
2017-04-15,59.5,34.5,8.0
2017-04-16,53.5,29.0,8.0
2017-04-17,63.0,26.5,10.0
2017-04-18,91.0,39.5,12.0
2017-04-19,54.0,24.0,10.0
2017-04-20,65.0,18.0,9.0
2017-04-21,60.5,27.5,9.0
2017-04-22,55.5,34.0,5.0
2017-04-23,47.0,37.0,6.0
2017-04-24,46.5,53.0,5.0
2017-04-25,52.5,46.0,4.5
2017-04-26,84.0,55.0,7.5
2017-04-27,86.5,29.0,7.0
2017-04-28,55.5,23.0,7.0
2017-04-29,83.5,46.0,11.0
2017-04-30,48.0,39.0,11.0
2017-05-01,41.0,36.0,9.0
2017-05-02,64.5,31.0,9.0
2017-05-03,47.5,21.0,8.0
2017-05-04,99.5,18.0,8.0
2017-05-05,130.5,52.0,13.0
2017-05-06,87.5,71.0,15.0
2017-05-07,28.5,27.0,6.0
2017-05-08,44.5,40.0,6.0
2017-05-09,100.0,36.0,13.0
2017-05-10,121.5,72.0,21.0
2017-05-11,51.0,34.0,9.0
2017-05-12,76.5,34.0,12.0
2017-05-13,137.0,30.0,16.0
2017-05-14,76.5,31.0,10.0
2017-05-15,58.5,14.0,6.0
2017-05-16,58.5,13.0,6.0
2017-05-17,58.0,28.0,6.0
2017-05-18,38.0,35.0,6.0
2017-05-19,44.0,29.0,5.0
2017-05-20,34.0,13.0,4.0
2017-05-21,25.0,18.0,4.0
2017-05-22,34.0,23.0,5.0
2017-05-23,58.0,22.0,5.0
2017-05-24,98.0,23.0,7.0
2017-05-25,61.5,23.0,6.0
2017-05-26,59.5,32.0,6.0
2017-05-27,53.5,34.0,7.0
2017-05-28,36.0,46.0,8.0
2017-05-29,36.0,32.0,6.0
2017-05-30,33.0,27.0,6.0
2017-05-31,59.5,20.0,11.0
2017-06-01,35.5,17.0,5.0
2017-06-02,35.0,28.0,5.0
2017-06-03,37.0,28.0,5.0
2017-06-04,31.0,23.0,6.5
2017-06-05,44.0,23.0,6.0
2017-06-06,48.0,18.0,6.0
2017-06-07,42.0,13.0,7.0
2017-06-08,38.5,11.5,6.0
2017-06-09,35.0,12.0,6.0
2017-06-10,39.0,14.0,7.0
2017-06-11,37.5,14.0,9.0
2017-06-12,29.0,11.0,5.0
2017-06-13,77.0,14.0,5.0
2017-06-14,86.0,29.0,8.0
2017-06-15,54.0,27.0,6.0
2017-06-16,44.5,23.5,5.0
2017-06-17,91.5,12.0,5.0
2017-06-18,80.0,10.5,7.0
2017-06-19,110.0,15.0,8.0
2017-06-20,105.5,16.0,7.0
2017-06-21,89.0,19.0,6.0
2017-06-22,43.0,21.0,7.0
2017-06-23,54.0,11.5,6.0
2017-06-24,53.5,13.0,6.0
2017-06-25,33.5,14.0,7.0
2017-06-26,40.5,16.0,6.0
2017-06-27,45.0,15.0,5.0
2017-06-28,47.5,14.0,6.0
2017-06-29,52.5,13.0,8.0
2017-06-30,56.5,12.0,9.0
2017-07-01,38.5,11.0,6.0
2017-07-02,44.0,16.0,5.0
2017-07-03,66.0,18.0,6.0
2017-07-04,71.5,13.0,5.0
2017-07-05,46.5,13.0,5.0
2017-07-06,49.0,12.0,4.0
2017-07-07,51.5,12.0,6.0
2017-07-08,85.0,17.0,6.0
2017-07-09,41.5,14.0,6.0
2017-07-10,51.0,15.0,6.0
2017-07-11,49.5,12.0,6.0
2017-07-12,49.0,13.0,6.0
2017-07-13,37.0,11.0,6.0
2017-07-14,40.5,11.0,5.0
2017-07-15,33.5,11.0,5.0
2017-07-16,26.5,12.0,4.0
2017-07-17,49.5,10.0,5.0
2017-07-18,71.5,11.0,5.0
2017-07-19,52.5,12.0,6.0
2017-07-20,40.0,14.0,5.0
2017-07-21,35.0,15.0,5.0
2017-07-22,39.0,12.0,6.0
2017-07-23,40.5,14.0,6.0
2017-07-24,50.0,10.0,5.0
2017-07-25,44.5,12.0,7.0
2017-07-26,67.5,16.0,10.0
2017-07-27,41.5,14.5,6.0
2017-07-28,47.5,22.0,7.0
2017-07-29,77.5,53.0,13.0
2017-07-30,80.5,75.5,19.0
2017-07-31,43.0,42.0,7.0
2017-08-01,39.5,25.0,5.0
2017-08-02,70.0,21.0,7.5
2017-08-03,77.0,14.5,8.0
2017-08-04,80.5,15.0,8.0
2017-08-05,62.0,24.0,9.0
2017-08-06,54.5,20.0,9.0
2017-08-07,47.5,16.0,8.0
2017-08-08,37.5,14.0,6.0
2017-08-09,39.5,17.0,6.0
2017-08-10,43.5,22.0,6.0
2017-08-11,40.0,24.0,6.0
2017-08-12,36.5,20.0,6.0
2017-08-13,31.5,14.0,7.0
2017-08-14,40.0,15.0,7.0
2017-08-15,47.0,11.0,7.0
2017-08-16,63.0,14.0,9.0
2017-08-17,67.5,16.0,9.0
2017-08-18,74.5,17.0,11.0
2017-08-19,71.0,14.0,11.0
2017-08-20,67.0,20.0,13.0
2017-08-21,83.0,41.0,16.0
2017-08-22,70.0,55.0,11.5
2017-08-23,17.0,17.5,5.0
2017-08-24,43.0,25.0,6.0
2017-08-25,42.0,16.0,6.0
2017-08-26,39.0,17.0,6.0
2017-08-27,15.0,10.0,4.0
2017-08-28,77.0,10.5,6.0
2017-08-29,95.0,25.5,10.0
2017-08-30,118.0,49.0,17.0
2017-08-31,95.5,32.0,14.0
2017-09-01,112.0,48.0,12.0
2017-09-02,102.5,47.0,13.0
2017-09-03,67.0,40.5,13.0
2017-09-04,68.5,16.0,7.0
2017-09-05,79.5,22.0,7.0
2017-09-06,93.0,22.0,9.0
2017-09-07,96.5,19.0,7.0
2017-09-08,77.0,16.0,8.0
2017-09-09,70.5,14.0,6.0
2017-09-10,50.0,16.0,8.0
2017-09-11,75.0,21.0,10.0
2017-09-12,93.0,49.0,10.0
2017-09-13,37.0,27.0,7.0
2017-09-14,37.5,36.0,7.0
2017-09-15,58.0,32.0,9.0
2017-09-16,81.5,63.0,15.0
2017-09-17,85.0,81.0,20.0
2017-09-18,53.5,53.0,11.0
2017-09-19,40.0,35.0,7.0
2017-09-20,46.0,31.0,6.5
2017-09-21,51.0,19.0,7.0
2017-09-22,46.5,17.0,6.0
2017-09-23,38.0,20.0,5.0
2017-09-24,24.5,18.0,6.0
2017-09-25,47.0,14.0,6.0
2017-09-26,67.0,17.0,8.0
2017-09-27,107.5,31.0,12.0
2017-09-28,91.0,20.0,12.0
2017-09-29,41.5,13.0,6.0
2017-09-30,39.0,25.0,4.0
2017-10-01,27.0,20.0,5.0
2017-10-02,30.0,14.0,5.0
2017-10-03,41.0,17.0,6.0
2017-10-04,34.5,27.5,5.0
2017-10-05,24.5,27.5,4.0
2017-10-06,33.5,35.0,5.0
2017-10-07,29.0,32.0,5.0
2017-10-08,28.0,40.0,6.0
2017-10-09,33.0,31.0,5.0
2017-10-10,32.0,31.0,6.0
2017-10-11,35.0,27.0,6.0
2017-10-12,42.0,34.0,7.0
2017-10-13,44.0,35.0,6.0
2017-10-14,39.0,32.0,6.0
2017-10-15,19.0,13.0,5.0
2017-10-16,52.0,17.5,5.0
2017-10-17,57.0,20.0,5.0
2017-10-18,50.5,24.0,5.0
2017-10-19,51.5,22.0,6.0
2017-10-20,48.5,24.5,6.0
2017-10-21,43.0,32.0,6.0
2017-10-22,46.0,44.0,8.0
2017-10-23,67.0,50.0,9.0
2017-10-24,67.5,61.0,8.0
2017-10-25,49.5,54.0,6.0
2017-10-26,62.5,58.0,8.0
2017-10-27,97.5,57.0,11.0
2017-10-28,63.0,61.0,11.0
2017-10-29,43.0,66.0,11.0
2017-10-30,62.0,56.0,9.0
2017-10-31,60.5,74.0,9.0
2017-11-01,68.0,41.0,7.0
2017-11-02,89.0,45.0,7.0
2017-11-03,59.0,51.0,8.0
2017-11-04,52.5,59.0,9.0
2017-11-05,40.5,90.0,9.0
2017-11-06,57.5,60.0,7.0
2017-11-07,75.0,49.0,6.0
2017-11-08,57.5,34.0,5.0
2017-11-09,44.0,35.0,6.0
2017-11-10,60.0,50.0,9.0
2017-11-11,47.0,45.0,7.0
2017-11-12,33.0,38.0,5.0
2017-11-13,52.0,16.5,4.0
2017-11-14,45.0,21.0,5.0
2017-11-15,38.5,25.0,4.0
2017-11-16,42.5,28.0,5.5
2017-11-17,71.0,33.0,7.0
2017-11-18,95.0,33.0,8.0
2017-11-19,40.5,23.0,5.0
2017-11-20,60.5,27.5,5.0
2017-11-21,68.5,30.5,6.0
2017-11-22,62.0,40.0,7.0
2017-11-23,47.5,49.0,8.0
2017-11-24,55.0,49.0,8.0
2017-11-25,68.0,45.0,7.0
2017-11-26,69.5,39.0,8.0
2017-11-27,57.5,29.0,7.5
2017-11-28,81.5,41.0,8.5
2017-11-29,68.5,30.5,6.0
2017-11-30,49.0,28.0,4.0
2017-12-01,49.0,28.0,5.0
2017-12-02,66.0,31.0,8.0
2017-12-03,74.0,49.0,9.0
2017-12-04,66.0,52.0,7.0
2017-12-05,50.5,49.0,7.0
2017-12-06,63.5,59.5,7.0
2017-12-07,73.5,72.0,7.0
2017-12-08,48.0,68.0,10.0
2017-12-09,81.0,92.0,12.0
2017-12-10,101.0,93.0,14.0
2017-12-11,73.0,63.0,11.0
2017-12-12,56.0,72.0,10.0
2017-12-13,37.0,29.0,5.0
2017-12-14,46.0,31.0,5.0
2017-12-15,71.5,39.0,6.0
2017-12-16,56.0,37.0,5.0
2017-12-17,39.0,36.0,5.0
2017-12-18,66.0,73.0,7.5
2017-12-19,55.5,55.0,9.0
2017-12-20,54.5,48.0,9.0
2017-12-21,54.5,42.0,9.0
2017-12-22,71.5,55.0,7.0
2017-12-23,169.5,58.0,16.0
2017-12-24,145.0,81.0,13.0
2017-12-25,50.5,69.0,12.0
2017-12-26,59.0,86.0,10.0
2017-12-27,46.5,43.5,5.0
2017-12-28,60.0,55.0,5.0
2017-12-29,62.5,46.0,5.0
2017-12-30,66.5,33.0,8.0
2017-12-31,46.5,44.0,7.0
2018-01-01,50.5,75.0,7.0
2018-01-02,56.0,70.0,6.0
2018-01-03,42.0,41.0,5.0
2018-01-04,41.0,32.0,4.0
2018-01-05,76.5,35.0,6.0
2018-01-06,42.5,11.0,3.0
2018-01-07,34.0,5.0,3.0
2018-01-08,91.0,13.0,5.0
2018-01-09,52.0,37.0,4.0
2018-01-10,51.0,29.0,5.0
2018-01-11,50.5,27.0,6.0
2018-01-12,61.0,25.0,5.0
2018-01-13,58.5,43.0,7.0
2018-01-14,50.0,30.5,5.0
2018-01-15,104.5,39.0,6.0
2018-01-16,146.0,37.0,10.0
2018-01-17,192.0,83.5,20.0
2018-01-18,87.5,53.5,7.0
2018-01-19,85.5,37.5,3.0
2018-01-20,57.5,39.0,5.0
2018-01-21,68.0,52.0,8.0
2018-01-22,150.0,84.0,17.0
2018-01-23,60.5,58.0,6.0
2018-01-24,36.5,44.0,4.0
2018-01-25,39.0,32.0,3.0
2018-01-26,60.0,49.0,4.0
2018-01-27,46.0,40.0,4.0
2018-01-28,56.0,38.0,3.0
2018-01-29,55.0,16.5,3.5
2018-01-30,65.0,30.0,3.5
2018-01-31,65.0,16.0,4.0
2018-02-01,68.0,42.0,7.0
2018-02-02,56.5,45.0,7.0
2018-02-03,62.0,55.0,9.0
2018-02-04,45.5,73.0,10.0
2018-02-05,66.0,65.0,9.0
2018-02-06,66.5,46.0,11.0
2018-02-07,74.5,53.0,8.0
2018-02-08,62.5,44.0,8.0
2018-02-09,90.0,43.0,6.0
2018-02-10,129.0,61.0,10.0
2018-02-11,51.5,68.0,8.0
2018-02-12,81.0,51.0,6.5
2018-02-13,80.0,62.0,5.0
2018-02-14,86.0,53.0,4.0
2018-02-15,162.5,53.0,9.0
2018-02-16,130.0,51.0,10.0
2018-02-17,46.5,45.0,3.0
2018-02-18,46.5,37.0,4.0
2018-02-19,89.0,34.0,7.0
2018-02-20,127.5,27.5,8.0
2018-02-21,35.0,27.0,3.0
2018-02-22,35.5,14.0,2.0
2018-02-23,50.0,12.0,3.0
2018-02-24,69.5,34.0,4.0
2018-02-25,72.5,41.0,5.0
2018-02-26,44.0,20.0,3.0
2018-02-27,75.5,35.0,7.0
2018-02-28,142.0,39.0,10.0
2018-03-01,115.5,41.0,10.0
2018-03-02,59.0,37.0,5.0
2018-03-03,51.5,48.0,4.0
2018-03-04,64.0,28.0,8.0
2018-03-05,92.5,21.0,9.0
2018-03-06,50.0,30.0,5.0
2018-03-07,41.0,28.0,4.0
2018-03-08,49.0,13.0,3.0
2018-03-09,50.5,28.0,7.0
2018-03-10,56.0,40.0,5.0
2018-03-11,37.0,33.0,6.0
2018-03-12,80.0,32.0,6.0
2018-03-13,82.0,32.0,6.0
2018-03-14,75.5,29.0,5.0
2018-03-15,148.5,45.0,14.0
2018-03-16,120.0,40.0,14.0
2018-03-17,33.0,29.0,3.0
2018-03-18,29.0,32.0,4.0
2018-03-19,64.0,39.0,7.0
2018-03-20,53.0,26.0,7.0
2018-03-21,55.5,31.0,6.0
2018-03-22,64.5,37.0,8.0
2018-03-23,60.0,48.0,6.0
2018-03-24,43.0,56.0,5.0
2018-03-25,35.0,54.0,6.0
2018-03-26,85.5,59.0,9.0
2018-03-27,81.0,59.0,11.0
2018-03-28,60.5,49.0,6.0
2018-03-29,56.0,41.5,5.0
2018-03-30,39.0,34.0,5.0
2018-03-31,27.0,29.0,5.0
2018-04-01,39.5,42.0,7.0
2018-04-02,65.0,55.0,12.0
2018-04-03,69.5,44.0,8.0
2018-04-04,60.0,40.0,7.0
2018-04-05,44.5,28.0,5.0
2018-04-06,58.5,45.0,6.0
2018-04-07,35.0,98.0,5.0
2018-04-08,46.0,93.0,7.0
2018-04-09,54.0,70.0,5.0
2018-04-10,54.0,38.5,5.0
2018-04-11,71.5,38.0,11.0
2018-04-12,62.0,25.0,9.0
2018-04-13,50.0,17.0,6.0
2018-04-14,55.0,18.0,9.0
2018-04-15,56.5,24.0,5.5
2018-04-16,58.0,26.0,2.5
2018-04-17,70.5,31.0,4.5
2018-04-18,47.5,53.0,4.5
2018-04-19,46.0,46.0,5.0
2018-04-20,40.0,48.0,5.0
2018-04-21,36.0,43.0,4.0
2018-04-22,34.5,38.0,5.0
2018-04-23,54.5,20.0,9.0
2018-04-24,98.0,24.0,8.0
2018-04-25,46.5,33.0,3.0
2018-04-26,41.0,45.0,3.0
2018-04-27,62.5,47.0,7.0
2018-04-28,39.5,46.0,5.0
2018-04-29,34.5,41.0,5.0
2018-04-30,54.5,35.0,5.0
2018-05-01,46.0,22.0,8.0
2018-05-02,66.5,22.5,9.0
2018-05-03,68.5,35.5,7.0
2018-05-04,31.0,29.5,3.0
2018-05-05,32.0,39.0,4.0
2018-05-06,33.5,20.0,5.0
2018-05-07,36.0,15.0,5.0
2018-05-08,93.5,17.0,7.0
2018-05-09,35.0,26.0,4.0
2018-05-10,28.0,36.0,3.0
2018-05-11,35.0,41.5,3.0
2018-05-12,51.5,32.0,6.0
2018-05-13,45.5,22.0,8.0
2018-05-14,49.0,19.0,5.0
2018-05-15,46.5,16.0,6.0
2018-05-16,44.5,16.0,6.0
2018-05-17,45.0,15.0,5.0
2018-05-18,45.0,16.0,6.0
2018-05-19,48.5,17.0,7.0
2018-05-20,41.0,14.0,7.0
2018-05-21,49.5,15.0,8.0
2018-05-22,44.5,13.5,7.0
2018-05-23,59.5,23.5,10.0
2018-05-24,43.0,18.0,7.0
2018-05-25,44.5,14.0,6.0
2018-05-26,40.0,14.0,5.0
2018-05-27,47.0,16.0,7.0
2018-05-28,72.5,38.0,12.0
2018-05-29,57.0,21.0,8.5
2018-05-30,52.5,16.0,9.0
2018-05-31,55.0,15.0,7.5
2018-06-01,44.5,20.0,8.0
2018-06-02,24.0,24.0,3.0
2018-06-03,21.0,27.5,4.0
2018-06-04,26.5,21.0,3.0
2018-06-05,43.5,13.0,4.0
2018-06-06,59.5,13.0,4.0
2018-06-07,43.5,13.0,4.0
2018-06-08,41.0,16.0,5.0
2018-06-09,65.0,19.0,7.0
2018-06-10,64.5,30.0,9.0
2018-06-11,66.5,44.0,11.0
2018-06-12,45.5,32.0,6.0
2018-06-13,62.0,16.0,5.0
2018-06-14,56.5,29.0,4.0
2018-06-15,44.0,23.0,5.0
2018-06-16,27.5,26.0,6.0
2018-06-17,26.0,26.0,4.0
2018-06-18,35.5,25.0,8.0
2018-06-19,39.0,19.0,6.0
2018-06-20,39.0,25.5,6.0
2018-06-21,45.0,25.5,5.5
2018-06-22,75.0,20.0,5.0
2018-06-23,81.0,17.0,6.0
2018-06-24,33.5,13.0,5.0
2018-06-25,51.0,14.0,5.0
2018-06-26,50.5,15.0,5.0
2018-06-27,60.0,15.5,9.0
2018-06-28,54.5,20.0,8.0
2018-06-29,45.5,24.0,7.0
2018-06-30,36.0,19.5,6.0
2018-07-01,30.0,19.0,6.0
2018-07-02,36.0,23.0,5.0
2018-07-03,46.0,25.0,5.0
2018-07-04,34.5,27.0,5.0
2018-07-05,50.0,24.0,5.0
2018-07-06,44.5,21.0,6.0
2018-07-07,55.0,19.0,6.0
2018-07-08,31.0,14.5,5.0
2018-07-09,32.0,14.0,4.0
2018-07-10,38.5,21.0,5.0
2018-07-11,59.0,25.0,9.0
2018-07-12,35.0,9.0,5.0
2018-07-13,39.5,9.0,3.0
2018-07-14,30.0,15.0,3.0
2018-07-15,19.5,14.0,3.0
2018-07-16,32.0,20.0,4.0
2018-07-17,35.0,25.0,5.0
2018-07-18,31.5,16.0,3.0
2018-07-19,31.0,15.0,3.0
2018-07-20,34.5,13.0,4.0
2018-07-21,52.0,21.0,8.0
2018-07-22,54.0,16.0,8.0
2018-07-23,51.0,21.0,5.0
2018-07-24,44.0,26.0,5.0
2018-07-25,39.5,24.0,4.0
2018-07-26,44.5,17.0,5.0
2018-07-27,49.5,14.0,6.0
2018-07-28,45.5,14.0,6.0
2018-07-29,40.0,12.0,7.0
2018-07-30,46.0,15.0,7.5
2018-07-31,43.0,18.0,7.0
2018-08-01,47.5,15.0,6.0
2018-08-02,42.0,16.0,6.0
2018-08-03,45.5,17.0,6.0
2018-08-04,59.5,19.0,7.0
2018-08-05,48.0,20.0,7.0
2018-08-06,75.0,22.0,7.0
2018-08-07,72.5,22.0,7.0
2018-08-08,35.0,18.0,4.0
2018-08-09,27.0,15.0,4.0
2018-08-10,40.0,8.0,4.0
2018-08-11,38.5,12.0,4.0
2018-08-12,30.5,11.0,4.0
2018-08-13,33.0,13.0,4.0
2018-08-14,35.5,11.0,4.0
2018-08-15,42.5,17.0,4.0
2018-08-16,53.5,16.0,5.0
2018-08-17,89.0,15.0,6.0
2018-08-18,74.0,20.0,6.0
2018-08-19,50.5,16.0,7.0
2018-08-20,88.5,36.0,8.0
2018-08-21,74.0,39.0,7.0
2018-08-22,70.0,35.0,9.0
2018-08-23,75.0,33.0,8.0
2018-08-24,89.0,57.0,10.0
2018-08-25,63.0,68.0,12.0
2018-08-26,47.5,41.0,7.0
2018-08-27,62.0,25.0,7.0
2018-08-28,71.5,18.5,5.0
2018-08-29,61.0,17.0,5.0
2018-08-30,49.5,34.0,4.0
2018-08-31,62.5,33.0,4.0
2018-09-01,80.5,23.0,6.0
2018-09-02,63.0,15.5,7.0
2018-09-03,85.0,21.0,8.0
2018-09-04,60.0,26.0,8.0
2018-09-05,73.0,28.0,8.0
2018-09-06,52.0,32.0,6.5
2018-09-07,63.0,28.0,9.0
2018-09-08,56.0,37.0,6.0
2018-09-09,34.0,39.0,7.0
2018-09-10,68.5,21.5,6.0
2018-09-11,95.5,48.0,8.0
2018-09-12,34.5,24.0,4.0
2018-09-13,30.0,19.0,3.0
2018-09-14,61.0,29.0,7.0
2018-09-15,54.0,30.0,7.0
2018-09-16,6.0,20.5,3.5
2018-09-17,18.0,24.0,4.0
2018-09-18,37.0,18.0,5.0
2018-09-19,92.0,36.0,12.0
2018-09-20,79.0,36.0,15.5
2018-09-21,85.0,24.0,12.0
2018-09-22,73.0,22.0,12.5
2018-09-23,45.0,12.5,8.0
2018-09-24,58.0,16.0,7.0
2018-09-25,32.0,23.0,5.5
2018-09-26,60.0,39.0,8.5
2018-09-27,62.0,42.0,9.0
2018-09-28,58.0,55.0,8.0
2018-09-29,47.0,47.0,6.0
2018-09-30,39.0,41.0,7.0
2018-10-01,38.5,47.0,7.0
2018-10-02,39.0,57.5,7.0
2018-10-03,48.0,59.0,8.0
2018-10-04,69.5,57.0,10.0
2018-10-05,65.5,54.0,9.0
2018-10-06,59.0,50.0,9.0
2018-10-07,36.0,42.0,7.0
2018-10-08,42.0,46.0,6.0
2018-10-09,48.0,41.0,5.0
2018-10-10,70.5,57.0,6.0
2018-10-11,50.0,33.0,5.0
2018-10-12,42.5,28.5,4.0
2018-10-13,38.5,33.0,6.0
2018-10-14,29.0,32.0,5.0
2018-10-15,44.0,29.0,6.0
2018-10-16,80.0,27.0,6.0
2018-10-17,51.0,22.0,5.0
2018-10-18,49.5,16.0,4.0
2018-10-19,35.5,42.0,4.0
2018-10-20,32.0,35.0,4.0
2018-10-21,27.0,33.0,4.0
2018-10-22,62.5,30.0,5.0
2018-10-23,74.0,37.0,5.0
2018-10-24,42.5,30.0,5.0
2018-10-25,41.5,37.0,5.0
2018-10-26,85.0,71.0,8.0
2018-10-27,56.0,40.0,6.0
2018-10-28,66.0,49.0,11.0
2018-10-29,84.0,40.0,9.0
2018-10-30,64.5,42.0,10.0
2018-10-31,51.0,48.0,11.0
2018-11-01,43.5,46.0,9.0
2018-11-02,61.0,45.0,4.0
2018-11-03,65.0,25.0,5.0
2018-11-04,36.0,24.0,4.5
2018-11-05,33.5,25.0,5.0
2018-11-06,34.5,24.0,5.0
2018-11-07,45.0,30.0,6.0
2018-11-08,96.5,55.0,8.0
2018-11-09,56.0,39.0,6.0
2018-11-10,32.0,35.0,4.0
2018-11-11,37.5,35.0,5.0
2018-11-12,103.5,54.0,12.0
2018-11-13,45.5,37.0,6.0
2018-11-14,37.0,31.0,4.0
2018-11-15,32.0,41.0,4.0
2018-11-16,44.5,36.0,5.0
2018-11-17,39.5,31.0,4.0
2018-11-18,42.0,18.5,6.0
2018-11-19,66.5,32.0,7.0
2018-11-20,38.0,27.0,6.0
2018-11-21,67.5,42.0,7.0
2018-11-22,51.0,31.0,6.0
2018-11-23,66.5,48.0,8.0
2018-11-24,40.5,42.0,6.0
2018-11-25,50.5,35.0,6.0
2018-11-26,61.0,12.0,5.0
2018-11-27,81.5,31.0,7.0
2018-11-28,67.0,23.0,5.0
2018-11-29,65.5,41.0,7.0
2018-11-30,42.0,43.0,7.0
2018-12-01,43.0,49.0,7.0
2018-12-02,37.5,41.0,7.0
2018-12-03,64.0,33.0,6.0
2018-12-04,107.0,25.0,8.0
2018-12-05,61.5,28.0,6.0
2018-12-06,56.0,32.0,6.0
2018-12-07,72.5,34.0,7.0
2018-12-08,62.5,27.0,5.0
2018-12-09,58.0,24.0,6.0
2018-12-10,91.0,30.0,7.0
2018-12-11,73.0,32.0,7.0
2018-12-12,65.0,25.0,6.0
2018-12-13,69.0,34.0,6.0
2018-12-14,84.0,39.0,6.0
2018-12-15,81.0,44.0,7.0
2018-12-16,76.0,48.0,7.0
2018-12-17,67.0,33.0,7.0
2018-12-18,79.0,41.0,8.0
2018-12-19,46.5,50.0,7.0
2018-12-20,67.5,53.5,6.0
2018-12-21,60.0,43.0,6.0
2018-12-22,69.0,43.0,7.0
2018-12-23,46.0,23.0,5.0
2018-12-24,58.5,17.0,4.0
2018-12-25,55.5,30.0,6.0
2018-12-26,123.0,40.0,11.0
2018-12-27,76.5,37.0,6.0
2018-12-28,50.5,32.0,5.0
2018-12-29,52.5,27.0,5.0
2018-12-30,50.5,47.0,6.0
2018-12-31,63.5,40.0,5.0
2019-01-01,57.5,35.0,5.0
2019-01-02,76.0,38.0,6.0
2019-01-03,85.0,21.0,4.0
2019-01-04,119.0,34.0,5.0
2019-01-05,269.0,99.0,10.0
2019-01-06,84.0,41.5,6.0
2019-01-07,73.0,35.5,6.0
2019-01-08,128.0,56.0,6.0
2019-01-09,60.0,41.0,5.0
2019-01-10,57.5,36.0,4.0
2019-01-11,151.0,45.0,4.0
2019-01-12,263.0,120.0,9.0
2019-01-13,47.5,32.0,3.0
2019-01-14,68.5,45.0,4.0
2019-01-15,88.0,34.0,3.0
2019-01-16,63.0,35.0,5.0
2019-01-17,71.5,34.0,4.0
2019-01-18,69.5,44.5,5.0
2019-01-19,70.0,52.0,5.0
2019-01-20,67.0,28.0,4.0
2019-01-21,60.0,43.0,5.0
2019-01-22,69.0,73.0,6.0
2019-01-23,97.5,65.0,6.0
2019-01-24,73.5,64.0,6.0
2019-01-25,150.0,59.0,6.0
2019-01-26,85.5,64.0,6.0
2019-01-27,42.5,67.0,6.0
2019-01-28,67.0,35.0,5.0
2019-01-29,71.0,32.0,5.0
2019-01-30,59.0,30.0,5.0
2019-01-31,109.5,39.0,5.0
2019-02-01,52.5,34.0,5.0
2019-02-02,37.5,40.0,4.0
2019-02-03,85.0,56.0,4.0
2019-02-04,104.5,42.0,6.0
2019-02-05,33.0,47.0,4.0
2019-02-06,40.0,50.0,4.0
2019-02-07,43.5,22.0,5.0
2019-02-08,51.0,30.0,4.0
2019-02-09,28.5,32.0,3.0
2019-02-10,22.5,20.0,4.0
2019-02-11,43.5,26.0,4.0
2019-02-12,59.0,16.0,4.0
2019-02-13,78.0,26.0,5.0
2019-02-14,35.5,19.0,4.0
2019-02-15,43.0,17.0,4.0
2019-02-16,59.5,21.0,4.0
2019-02-17,23.0,18.0,4.0
2019-02-18,65.5,16.0,4.0
2019-02-19,61.5,13.0,4.0
2019-02-20,56.5,28.5,4.0
2019-02-21,55.5,23.0,4.0
2019-02-22,89.0,25.0,5.0
2019-02-23,53.5,24.0,5.0
2019-02-24,51.0,12.0,4.0
2019-02-25,78.0,24.0,4.0
2019-02-26,47.5,36.0,3.0
2019-02-27,47.0,42.0,4.0
2019-02-28,73.0,35.5,4.0
2019-03-01,38.0,28.0,3.0
2019-03-02,43.5,32.0,3.0
2019-03-03,74.0,24.0,4.0
2019-03-04,44.0,25.0,4.0
2019-03-05,55.0,28.0,4.0
2019-03-06,57.5,31.0,4.0
2019-03-07,62.5,11.0,3.0
2019-03-08,34.0,15.0,3.0
2019-03-09,80.0,14.0,3.5
2019-03-10,67.5,17.0,3.0
2019-03-11,82.5,21.0,3.0
2019-03-12,69.5,32.0,4.0
2019-03-13,41.0,44.0,4.0
2019-03-14,71.5,46.0,4.0
2019-03-15,61.0,36.0,4.0
2019-03-16,40.0,39.0,5.0
2019-03-17,28.0,53.0,5.0
2019-03-18,71.5,40.0,4.0
2019-03-19,84.0,33.0,5.0
2019-03-20,54.0,43.0,4.0
2019-03-21,56.5,26.0,5.0
2019-03-22,69.0,20.0,5.0
2019-03-23,37.5,15.0,3.0
2019-03-24,29.0,13.0,3.0
2019-03-25,103.0,26.0,5.0
2019-03-26,57.5,27.0,4.0
2019-03-27,46.5,30.0,4.0
2019-03-28,72.5,34.0,4.0
2019-03-29,71.0,24.0,5.0
2019-03-30,62.5,23.0,4.0
2019-03-31,22.5,43.0,3.0
2019-04-01,33.5,52.0,4.0
2019-04-02,36.0,29.0,4.0
2019-04-03,39.0,31.0,4.0
2019-04-04,43.0,28.0,3.0
2019-04-05,70.5,51.0,6.0
2019-04-06,75.0,56.0,6.0
2019-04-07,47.0,21.0,4.0
2019-04-08,52.0,16.0,4.0
2019-04-09,48.0,14.0,4.0
2019-04-10,60.0,19.0,5.0
2019-04-11,54.0,22.0,4.0
2019-04-12,38.0,15.0,3.0
2019-04-13,33.5,26.0,3.0
2019-04-14,30.5,24.0,4.0
2019-04-15,34.5,40.0,4.0
2019-04-16,79.5,21.0,3.0
2019-04-17,78.5,21.5,5.0
2019-04-18,53.0,24.0,4.0
2019-04-19,55.5,16.0,4.0
2019-04-20,63.0,16.0,4.0
2019-04-21,55.0,21.0,5.0
2019-04-22,48.0,18.0,6.0
2019-04-23,54.0,17.0,4.0
2019-04-24,46.5,18.0,4.0
2019-04-25,46.5,24.0,5.0
2019-04-26,50.5,27.0,4.0
2019-04-27,31.5,27.0,4.0
2019-04-28,23.5,22.0,5.0
2019-04-29,43.5,26.0,5.0
2019-04-30,69.0,20.5,5.0
2019-05-01,67.0,34.0,7.0
2019-05-02,41.0,30.0,4.0
2019-05-03,38.0,42.0,4.0
2019-05-04,34.5,37.0,4.0
2019-05-05,21.0,13.0,4.0
2019-05-06,32.0,9.0,4.0
2019-05-07,34.0,13.0,4.0
2019-05-08,37.5,17.0,4.0
2019-05-09,75.5,12.0,4.0
2019-05-10,76.5,20.0,5.0
2019-05-11,54.0,33.0,6.0
2019-05-12,23.5,25.0,5.0
2019-05-13,29.0,32.0,4.0
2019-05-14,57.0,20.0,5.0
2019-05-15,55.0,20.0,5.0
2019-05-16,39.0,26.0,4.0
2019-05-17,35.5,25.0,5.0
2019-05-18,31.0,24.0,5.0
2019-05-19,27.0,24.0,5.0
2019-05-20,59.0,27.5,5.0
2019-05-21,30.5,35.0,5.0
2019-05-22,45.0,43.0,5.0
2019-05-23,34.5,35.0,4.5
2019-05-24,27.0,36.0,4.0
2019-05-25,37.0,24.0,5.0
2019-05-26,55.0,12.0,5.0
2019-05-27,88.0,14.0,6.0
2019-05-28,105.0,14.0,6.0
2019-05-29,28.0,21.0,5.0
2019-05-30,34.5,27.0,5.0
2019-05-31,68.0,19.0,6.0
2019-06-01,51.5,11.0,5.0
2019-06-02,58.0,12.0,5.0
2019-06-03,55.5,13.0,5.0
2019-06-04,76.5,16.0,6.0
2019-06-05,55.0,14.0,4.5
2019-06-06,38.0,14.0,5.0
2019-06-07,31.0,10.0,4.0
2019-06-08,33.0,11.0,5.0
2019-06-09,19.0,12.0,4.0
2019-06-10,42.0,15.0,5.0
2019-06-11,97.5,15.0,4.0
2019-06-12,72.5,21.0,4.0
2019-06-13,74.5,17.0,4.0
2019-06-14,55.0,25.0,5.0
2019-06-15,42.0,23.0,5.0
2019-06-16,18.5,28.0,4.0
2019-06-17,36.0,19.0,4.0
2019-06-18,53.5,11.0,5.0
2019-06-19,62.0,15.0,5.0
2019-06-20,42.0,12.0,5.0
2019-06-21,31.0,12.0,4.0
2019-06-22,31.5,14.0,4.0
2019-06-23,25.5,14.0,4.0
2019-06-24,49.5,16.5,4.0
2019-06-25,86.0,15.0,5.0
2019-06-26,71.5,16.0,6.0
2019-06-27,52.0,19.0,5.0
2019-06-28,49.0,18.0,5.0
2019-06-29,46.5,18.0,5.0
2019-06-30,45.0,15.0,5.0
2019-07-01,23.5,11.0,4.0
2019-07-02,29.5,10.0,4.5
2019-07-03,52.0,13.0,4.0
2019-07-04,45.0,27.0,5.0
2019-07-05,42.0,19.0,5.0
2019-07-06,34.0,18.0,5.0
2019-07-07,26.0,18.0,5.0
2019-07-08,30.5,26.0,5.0
2019-07-09,29.5,28.0,5.0
2019-07-10,66.5,22.0,5.0
2019-07-11,63.5,20.0,7.0
2019-07-12,33.5,28.0,5.0
2019-07-13,28.0,29.0,4.0
2019-07-14,26.0,29.0,4.0
2019-07-15,42.5,28.0,5.0
2019-07-16,55.5,27.0,5.0
2019-07-17,69.0,49.0,7.0
2019-07-18,78.5,65.0,8.0
2019-07-19,92.5,32.0,6.0
2019-07-20,70.0,22.0,4.0
2019-07-21,54.5,20.0,5.0
2019-07-22,58.5,19.0,5.0
2019-07-23,51.0,16.0,5.0
2019-07-24,37.0,16.0,5.0
2019-07-25,42.5,16.0,5.0
2019-07-26,43.5,16.5,5.0
2019-07-27,40.0,15.0,6.0
2019-07-28,45.0,12.0,6.5
2019-07-29,31.5,8.5,4.0
2019-07-30,25.0,12.0,3.0
2019-07-31,19.0,9.0,3.0
2019-08-01,25.5,12.0,3.0
2019-08-02,34.0,16.5,3.0
2019-08-03,35.0,10.0,4.0
2019-08-04,32.0,19.0,4.0
2019-08-05,38.0,17.0,4.0
2019-08-06,47.0,16.0,4.0
2019-08-07,44.5,20.0,4.0
2019-08-08,63.0,47.0,7.0
2019-08-09,69.0,45.0,8.0
2019-08-10,38.0,34.0,3.0
2019-08-11,27.0,19.0,3.0
2019-08-12,36.0,20.0,3.5
2019-08-13,38.5,20.0,4.0
2019-08-14,52.0,21.0,4.0
2019-08-15,47.5,21.0,5.0
2019-08-16,49.5,21.0,3.0
2019-08-17,62.5,16.0,3.0
2019-08-18,49.0,14.0,3.0
2019-08-19,71.0,25.0,5.0
2019-08-20,37.0,25.0,4.0
2019-08-21,48.0,20.0,4.5
2019-08-22,64.5,28.0,7.0
2019-08-23,65.5,34.0,6.0
2019-08-24,80.5,66.0,9.0
2019-08-25,64.5,31.0,5.0
2019-08-26,68.0,13.0,4.0
2019-08-27,48.0,18.0,3.0
2019-08-28,62.5,33.0,5.0
2019-08-29,33.5,14.0,5.0
2019-08-30,71.0,11.5,4.0
2019-08-31,35.5,9.5,3.0
2019-09-01,23.5,15.5,4.0
2019-09-02,33.5,12.0,4.0
2019-09-03,34.5,17.0,4.0
2019-09-04,33.5,10.0,3.0
2019-09-05,36.5,11.0,4.0
2019-09-06,38.0,13.5,5.0
2019-09-07,71.0,31.0,6.0
2019-09-08,51.0,26.5,6.5
2019-09-09,55.5,25.0,5.0
2019-09-10,45.0,13.0,3.0
2019-09-11,48.0,16.0,4.0
2019-09-12,51.5,20.0,4.0
2019-09-13,51.0,19.0,5.0
2019-09-14,36.0,19.0,4.0
2019-09-15,38.0,24.0,4.0
2019-09-16,46.0,25.0,4.0
2019-09-17,47.0,35.0,4.0
2019-09-18,51.0,38.5,4.0
2019-09-19,47.0,39.0,6.0
2019-09-20,66.5,46.0,7.0
2019-09-21,53.0,48.0,9.0
2019-09-22,29.0,41.0,8.0
2019-09-23,42.0,35.0,6.0
2019-09-24,40.0,36.0,5.0
2019-09-25,51.5,42.0,5.0
2019-09-26,53.0,41.0,5.0
2019-09-27,55.0,52.0,6.0
2019-09-28,54.5,47.0,6.0
2019-09-29,51.5,61.0,7.0
2019-09-30,83.5,83.5,9.0
2019-10-01,60.0,66.0,12.0
2019-10-02,52.0,49.0,6.0
2019-10-03,50.5,32.0,5.0
2019-10-04,60.0,26.0,5.0
2019-10-05,67.5,23.0,6.0
2019-10-06,29.5,21.0,5.0
2019-10-07,28.5,27.0,4.0
2019-10-08,41.0,31.0,5.0
2019-10-09,33.5,35.0,4.0
2019-10-10,43.5,32.0,4.0
2019-10-11,69.0,44.0,6.0
2019-10-12,66.0,47.0,6.0
2019-10-13,35.0,26.0,4.0
2019-10-14,44.5,36.0,4.0
2019-10-15,38.5,33.0,5.0
2019-10-16,41.0,30.0,5.0
2019-10-17,48.0,36.0,6.0
2019-10-18,54.0,45.0,7.0
2019-10-19,45.5,52.0,7.0
2019-10-20,35.0,43.0,5.0
2019-10-21,49.0,43.0,6.0
2019-10-22,51.0,36.0,6.0
2019-10-23,39.0,33.0,5.0
2019-10-24,38.0,39.0,6.0
2019-10-25,34.5,39.0,5.0
2019-10-26,32.5,42.0,5.0
2019-10-27,37.5,60.0,6.0
2019-10-28,57.0,57.0,6.0
2019-10-29,59.0,22.0,5.0
2019-10-30,62.5,44.0,6.0
2019-10-31,60.0,64.0,6.0
2019-11-01,44.0,45.0,5.0
2019-11-02,38.0,40.0,6.0
2019-11-03,45.0,48.0,6.0
2019-11-04,55.5,67.0,9.0
2019-11-05,62.0,60.0,8.0
2019-11-06,58.5,58.0,6.0
2019-11-07,60.0,52.0,8.5
2019-11-08,44.0,51.0,8.5
2019-11-09,40.0,47.0,7.5
2019-11-10,53.0,48.0,6.0
2019-11-11,58.5,42.5,5.5
2019-11-12,35.0,37.5,4.5
2019-11-13,45.0,56.0,5.0
2019-11-14,46.0,61.0,8.0
2019-11-15,44.5,58.0,5.0
2019-11-16,34.0,45.0,4.0
2019-11-17,56.5,34.0,4.0
2019-11-18,92.5,68.0,8.0
2019-11-19,53.0,51.0,6.0
2019-11-20,56.5,42.0,6.0
2019-11-21,80.0,51.0,7.0
2019-11-22,92.0,40.0,8.0
2019-11-23,65.0,26.0,5.0
2019-11-24,46.5,29.0,5.0
2019-11-25,51.0,32.0,5.0
2019-11-26,41.0,52.0,6.0
2019-11-27,61.5,35.0,5.0
2019-11-28,59.0,35.0,6.0
2019-11-29,49.0,27.0,6.0
2019-11-30,51.5,34.0,6.0
2019-12-01,72.5,47.0,7.0
2019-12-02,46.5,45.0,8.0
2019-12-03,52.5,46.0,8.0
2019-12-04,58.0,50.0,9.0
2019-12-05,42.0,35.0,8.0
2019-12-06,44.5,48.5,10.0
2019-12-07,62.5,49.0,9.0
2019-12-08,58.0,34.0,7.0
2019-12-09,89.5,39.0,7.0
2019-12-10,98.5,41.0,6.0
2019-12-11,141.0,56.0,9.0
2019-12-12,57.0,45.0,6.0
2019-12-13,50.5,49.0,6.0
2019-12-14,57.5,40.0,5.0
2019-12-15,30.5,37.5,5.0
2019-12-16,63.0,30.0,5.0
2019-12-17,123.0,25.0,5.5
2019-12-18,91.0,28.0,5.0
2019-12-19,63.0,46.0,4.0
2019-12-20,71.0,43.0,6.0
2019-12-21,83.0,27.0,6.0
2019-12-22,137.5,65.0,9.0
2019-12-23,80.0,55.0,5.0
2019-12-24,69.0,33.0,5.0
2019-12-25,46.5,32.0,4.0
2019-12-26,91.0,55.0,7.0
2019-12-27,55.0,28.0,5.0
2019-12-28,56.0,47.0,6.0
2019-12-29,71.5,38.0,5.0
2019-12-30,64.0,13.5,4.0
2019-12-31,41.5,35.0,5.0
2020-01-01,28.5,36.0,3.0
2020-01-02,64.5,30.0,4.0
2020-01-03,75.5,38.0,4.0
2020-01-04,67.5,44.0,4.0
2020-01-05,26.0,26.5,4.0
2020-01-06,42.0,28.0,4.0
2020-01-07,100.5,32.0,6.0
2020-01-08,76.5,34.0,6.0
2020-01-09,39.0,39.0,4.0
2020-01-10,58.5,42.0,5.0
2020-01-11,101.5,49.0,6.0
2020-01-12,58.0,40.0,5.0
2020-01-13,54.0,33.0,5.0
2020-01-14,47.5,33.0,4.0
2020-01-15,35.5,40.0,4.0
2020-01-16,58.5,43.0,4.0
2020-01-17,63.5,33.0,5.0
2020-01-18,53.5,24.0,5.0
2020-01-19,46.0,39.0,5.0
2020-01-20,69.0,29.0,5.0
2020-01-21,43.5,33.0,4.0
2020-01-22,70.5,39.0,4.0
2020-01-23,56.5,31.0,4.0
2020-01-24,38.0,22.0,4.0
2020-01-25,22.5,21.0,4.0
2020-01-26,27.0,11.0,4.0
2020-01-27,25.0,10.0,4.0
2020-01-28,25.5,11.0,4.0
2020-01-29,34.0,20.0,5.0
2020-01-30,47.0,23.5,5.0
2020-01-31,48.0,29.0,5.0
2020-02-01,44.0,33.0,5.0
2020-02-02,23.0,35.0,4.0
2020-02-03,36.0,30.0,4.0
2020-02-04,40.5,21.0,4.0
2020-02-05,29.5,19.0,3.0
2020-02-06,29.0,30.0,4.0
2020-02-07,45.5,34.0,4.0
2020-02-08,32.5,10.0,4.0
2020-02-09,27.0,17.0,4.0
2020-02-10,42.0,28.0,4.0
2020-02-11,46.0,36.0,4.0
2020-02-12,84.5,52.0,6.0
2020-02-13,92.0,19.0,3.0
2020-02-14,50.5,18.0,4.0
2020-02-15,46.0,26.0,4.0
2020-02-16,24.5,8.0,4.0
2020-02-17,32.5,15.0,5.0
2020-02-18,38.0,21.0,5.0
2020-02-19,43.5,27.0,5.0
2020-02-20,48.5,27.0,4.0
2020-02-21,44.5,22.0,4.0
2020-02-22,87.0,34.0,7.0
2020-02-23,20.5,38.0,5.0
2020-02-24,29.0,47.0,5.0
2020-02-25,62.0,34.0,5.0
2020-02-26,94.0,24.5,7.0
2020-02-27,33.5,23.5,4.0
2020-02-28,41.5,27.0,5.0
2020-02-29,79.0,24.0,6.0
2020-03-01,79.0,24.0,6.0
2020-03-02,29.5,27.0,4.0
2020-03-03,30.5,30.0,5.0
2020-03-04,45.5,17.0,5.0
2020-03-05,33.0,12.0,3.0
2020-03-06,30.5,31.0,5.0
2020-03-07,50.5,34.0,5.0
2020-03-08,34.0,25.0,4.0
2020-03-09,55.5,24.0,5.0
2020-03-10,44.0,20.0,5.0
2020-03-11,29.0,28.5,5.0
2020-03-12,39.5,54.0,5.0
2020-03-13,52.5,40.0,5.0
2020-03-14,42.0,21.0,6.0
2020-03-15,26.0,42.0,6.0
2020-03-16,29.5,50.0,5.0
2020-03-17,39.5,50.0,4.0
2020-03-18,62.0,42.0,4.0
2020-03-19,67.0,23.0,4.0
2020-03-20,56.0,33.0,4.0
2020-03-21,53.5,54.0,3.0
2020-03-22,58.0,27.0,5.0
2020-03-23,68.5,24.0,6.0
2020-03-24,38.0,33.0,4.0
2020-03-25,32.0,28.0,4.0
2020-03-26,47.5,26.0,5.0
2020-03-27,54.0,23.0,5.0
2020-03-28,71.5,22.0,5.0
2020-03-29,21.0,27.0,4.0
2020-03-30,71.0,20.0,5.0
2020-03-31,107.0,16.0,5.0
2020-04-01,72.0,20.0,4.0
2020-04-02,24.5,25.0,3.0
2020-04-03,38.0,27.0,3.0
2020-04-04,38.0,14.0,3.0
2020-04-05,27.0,18.0,3.0
2020-04-06,55.0,17.0,3.0
2020-04-07,63.5,15.0,5.0
2020-04-08,41.0,25.0,4.0
2020-04-09,63.0,30.0,5.0
2020-04-10,26.0,32.0,4.0
2020-04-11,52.5,47.0,4.0
2020-04-12,22.0,19.0,4.0
2020-04-13,35.5,27.0,5.0
2020-04-14,59.0,35.0,5.0
2020-04-15,71.5,42.0,7.0
2020-04-16,65.0,33.0,6.0
2020-04-17,47.0,27.0,5.0
2020-04-18,60.5,34.0,5.0
2020-04-19,40.0,27.0,5.0
2020-04-20,52.0,17.0,6.0
2020-04-21,42.5,16.0,4.0
2020-04-22,31.5,13.0,4.0
2020-04-23,36.0,14.0,4.0
2020-04-24,49.0,19.0,4.0
2020-04-25,66.5,30.0,5.0
2020-04-26,70.5,70.0,8.0
2020-04-27,71.0,51.0,6.0
2020-04-28,43.5,36.0,5.0
2020-04-29,46.0,38.0,4.0
2020-04-30,57.0,34.0,6.0
2020-05-01,46.5,27.0,7.0
2020-05-02,52.0,25.0,7.0
2020-05-03,34.5,20.0,5.0
2020-05-04,40.5,16.0,6.0
2020-05-05,34.5,13.0,5.0
2020-05-06,40.5,14.0,5.0
2020-05-07,37.5,11.0,4.5
2020-05-08,35.5,10.0,4.0
2020-05-09,38.0,11.0,4.0
2020-05-10,36.0,14.0,4.0
2020-05-11,59.0,21.5,5.0
2020-05-12,70.5,31.0,5.0
2020-05-13,40.5,40.0,4.0
2020-05-14,27.5,32.0,3.0
2020-05-15,36.5,21.0,3.0
2020-05-16,44.5,15.0,4.0
2020-05-17,34.5,13.0,4.0
2020-05-18,56.0,12.0,5.0
2020-05-19,46.5,15.0,4.0
2020-05-20,30.5,17.0,4.0
2020-05-21,56.0,15.0,4.0
2020-05-22,54.5,19.0,4.0
2020-05-23,33.5,10.0,3.0
2020-05-24,28.0,11.5,3.0
2020-05-25,58.0,13.0,3.0
2020-05-26,66.0,21.0,5.0
2020-05-27,92.0,29.0,6.0
2020-05-28,44.0,25.0,3.0
2020-05-29,44.0,19.0,4.0
2020-05-30,78.0,12.0,4.0
2020-05-31,38.0,15.0,3.5
2020-06-01,44.5,13.0,4.0
2020-06-02,49.0,11.0,3.0
2020-06-03,34.5,13.0,4.0
2020-06-04,34.0,12.0,4.0
2020-06-05,31.0,13.0,4.0
2020-06-06,60.0,10.0,4.0
2020-06-07,46.0,13.0,4.0
2020-06-08,64.5,17.0,3.0
2020-06-09,48.5,17.0,3.0
2020-06-10,41.5,14.0,4.0
2020-06-11,42.0,10.0,4.0
2020-06-12,44.5,9.0,4.0
2020-06-13,25.5,12.0,2.0
2020-06-14,25.0,10.0,3.0
2020-06-15,36.5,14.0,4.0
2020-06-16,41.0,12.0,4.0
2020-06-17,41.5,9.0,4.0
2020-06-18,36.0,10.0,4.0
2020-06-19,40.0,10.0,5.0
2020-06-20,35.5,10.0,5.0
2020-06-21,24.5,8.0,4.0
2020-06-22,31.0,14.0,4.0
2020-06-23,32.0,14.0,4.0
2020-06-24,30.5,14.0,4.0
2020-06-25,21.0,11.0,4.0
2020-06-26,31.5,12.0,4.0
2020-06-27,35.0,10.0,4.0
2020-06-28,31.0,8.0,5.0
2020-06-29,44.0,9.0,5.0
2020-06-30,48.0,7.0,5.0
2020-07-01,27.0,6.0,5.0
2020-07-02,32.0,10.0,4.0
2020-07-03,52.0,12.0,4.0
2020-07-04,43.0,13.0,4.0
2020-07-05,27.5,11.0,4.0
2020-07-06,31.0,11.0,4.5
2020-07-07,36.5,11.0,4.0
2020-07-08,31.5,15.0,4.0
2020-07-09,26.0,18.0,4.0
2020-07-10,29.0,17.0,4.0
2020-07-11,29.0,16.0,3.0
2020-07-12,28.0,11.0,4.0
2020-07-13,40.0,10.0,4.0
2020-07-14,42.0,15.0,5.0
2020-07-15,34.5,11.0,5.0
2020-07-16,28.0,10.0,4.0
2020-07-17,35.0,10.0,4.0
2020-07-18,30.5,8.0,4.0
2020-07-19,24.0,8.0,4.0
2020-07-20,40.5,9.0,4.5
2020-07-21,42.5,9.0,4.0
2020-07-22,38.0,8.0,3.0
2020-07-23,47.0,9.0,5.0
2020-07-24,45.0,9.0,5.0
2020-07-25,41.5,10.0,5.0
2020-07-26,30.5,9.0,4.0
2020-07-27,32.0,9.0,3.0
2020-07-28,38.0,9.0,4.0
2020-07-29,46.0,10.0,4.0
2020-07-30,29.5,11.0,4.0
2020-07-31,22.5,13.0,4.0
2020-08-01,22.0,10.0,3.0
2020-08-02,18.5,7.0,3.0
2020-08-03,53.0,7.0,3.0
2020-08-04,56.0,9.0,3.0
2020-08-05,51.0,9.5,4.0
2020-08-06,36.0,10.5,3.0
2020-08-07,31.0,12.0,4.0
2020-08-08,32.0,12.0,4.0
2020-08-09,37.5,10.0,5.0
2020-08-10,44.0,11.0,6.0
2020-08-11,41.0,9.0,4.0
2020-08-12,43.0,10.0,4.0
2020-08-13,45.5,12.0,4.0
2020-08-14,48.5,12.0,4.0
2020-08-15,44.0,10.0,5.0
2020-08-16,25.0,11.0,4.0
2020-08-17,40.5,14.0,4.0
2020-08-18,45.5,17.0,4.0
2020-08-19,32.0,9.0,3.0
2020-08-20,37.5,14.0,4.0
2020-08-21,50.5,31.0,5.0
2020-08-22,58.5,34.0,6.0
2020-08-23,46.5,18.0,5.0
2020-08-24,43.5,17.0,6.0
2020-08-25,34.5,18.0,4.0
2020-08-26,38.0,17.0,3.0
2020-08-27,53.0,23.0,4.0
2020-08-28,53.5,30.0,4.0
2020-08-29,49.5,32.0,4.0
2020-08-30,39.0,33.0,4.0
2020-08-31,44.5,22.0,4.0
2020-09-01,60.0,37.0,6.0
2020-09-02,63.5,45.0,7.0
2020-09-03,75.0,53.5,5.0
2020-09-04,53.5,36.5,3.0
2020-09-05,51.5,21.5,3.0
2020-09-06,40.5,19.5,3.0
2020-09-07,49.5,13.0,3.0
2020-09-08,67.5,9.0,3.0
2020-09-09,70.0,14.5,3.0
2020-09-10,73.5,14.5,4.0
2020-09-11,61.5,12.0,4.0
2020-09-12,54.0,15.0,4.0
2020-09-13,32.0,13.0,3.0
2020-09-14,31.0,18.5,3.0
2020-09-15,47.0,13.0,3.0
2020-09-16,32.5,12.0,3.0
2020-09-17,29.5,13.0,3.0
2020-09-18,32.5,11.0,3.0
2020-09-19,47.5,11.0,2.0
2020-09-20,37.0,11.0,2.0
2020-09-21,41.0,11.0,2.0
2020-09-22,36.5,22.0,3.0
2020-09-23,38.5,21.0,2.0
2020-09-24,49.5,22.0,3.0
2020-09-25,47.5,26.0,3.0
2020-09-26,28.5,31.0,3.0
2020-09-27,19.0,25.0,3.0
2020-09-28,34.0,20.0,2.0
2020-09-29,40.0,21.0,3.0
2020-09-30,50.0,16.0,3.0
2020-10-01,21.0,24.0,2.5
2020-10-02,21.0,29.5,3.0
2020-10-03,35.0,26.5,3.0
2020-10-04,39.0,30.0,4.0
2020-10-05,35.5,27.0,3.0
2020-10-06,37.5,29.0,3.0
2020-10-07,39.0,24.0,3.0
2020-10-08,38.0,28.0,3.0
2020-10-09,42.0,37.0,4.0
2020-10-10,42.0,41.0,5.0
2020-10-11,33.0,39.0,4.0
2020-10-12,36.5,35.0,4.0
2020-10-13,13.0,17.0,3.0
2020-10-14,27.5,30.0,3.0
2020-10-15,30.0,31.0,3.0
2020-10-16,40.0,35.0,4.0
2020-10-17,39.5,33.0,4.0
2020-10-18,29.0,28.0,4.0
2020-10-19,39.5,33.0,4.0
2020-10-20,43.0,36.0,4.0
2020-10-21,40.5,38.0,4.0
2020-10-22,36.0,37.0,6.0
2020-10-23,43.0,42.0,5.0
2020-10-24,44.0,58.0,6.0
2020-10-25,28.5,55.0,4.0
2020-10-26,34.0,42.0,4.0
2020-10-27,37.0,34.0,4.5
2020-10-28,44.0,29.0,3.0
2020-10-29,41.0,32.0,3.0
2020-10-30,41.5,43.0,3.0
2020-10-31,38.0,46.5,3.0
2020-11-01,35.0,42.0,4.0
2020-11-02,47.5,46.5,5.0
2020-11-03,42.0,42.0,4.0
2020-11-04,38.5,54.0,4.0
2020-11-05,41.0,38.0,4.0
2020-11-06,81.5,61.0,6.0
2020-11-07,61.0,52.0,7.0
2020-11-08,34.0,56.0,8.0
2020-11-09,41.0,67.0,7.0
2020-11-10,48.0,71.0,8.0
2020-11-11,47.5,50.0,5.0
2020-11-12,57.0,37.0,4.0
2020-11-13,57.5,34.0,5.0
2020-11-14,56.0,41.0,5.5
2020-11-15,31.5,28.0,4.0
2020-11-16,48.0,32.0,4.0
2020-11-17,39.0,25.0,3.0
2020-11-18,45.0,20.0,3.0
2020-11-19,69.5,16.0,4.0
2020-11-20,65.5,15.0,4.0
2020-11-21,33.0,19.0,2.0
2020-11-22,35.0,19.0,3.0
2020-11-23,38.0,27.0,2.0
2020-11-24,45.0,41.0,4.0
2020-11-25,49.0,35.0,3.0
2020-11-26,60.5,38.0,4.0
2020-11-27,48.5,36.0,4.0
2020-11-28,42.5,33.0,3.5
2020-11-29,36.0,31.0,4.0
2020-11-30,48.0,34.0,4.0
2020-12-01,58.0,33.0,4.0
2020-12-02,47.5,35.0,4.0
2020-12-03,39.0,40.0,4.0
2020-12-04,43.0,36.0,4.0
2020-12-05,58.5,48.0,5.0
2020-12-06,64.5,50.0,6.0
2020-12-07,83.5,62.0,7.0
2020-12-08,60.5,58.0,7.0
2020-12-09,51.0,48.0,5.0
2020-12-10,75.5,50.0,6.0
2020-12-11,69.0,36.0,5.0
2020-12-12,65.5,53.0,4.0
2020-12-13,28.5,27.0,3.0
2020-12-14,48.5,37.0,3.0
2020-12-15,58.0,20.0,3.0
2020-12-16,60.5,29.0,3.0
2020-12-17,81.0,40.0,4.0
2020-12-18,68.0,38.0,4.0
2020-12-19,48.5,40.0,5.0
2020-12-20,39.0,43.0,6.0
2020-12-21,55.5,56.0,6.0
2020-12-22,72.0,47.0,6.0
2020-12-23,61.5,37.0,4.0
2020-12-24,81.0,40.0,5.0
2020-12-25,37.5,48.0,4.0
2020-12-26,28.5,36.0,3.0
2020-12-27,90.5,47.0,5.0
2020-12-28,63.5,33.0,4.0
2020-12-29,93.0,39.0,4.5
2020-12-30,40.5,60.0,4.0
2020-12-31,47.0,37.0,5.0
2021-01-01,52.5,32.0,5.0
2021-01-02,66.0,29.5,4.5
2021-01-03,52.0,41.0,4.0
2021-01-04,78.0,49.0,7.0
2021-01-05,84.5,52.5,7.0
2021-01-06,52.0,45.0,6.0
2021-01-07,55.5,62.0,4.0
2021-01-08,42.0,46.0,4.0
2021-01-09,49.0,35.5,4.0
2021-01-10,47.5,37.0,6.0
2021-01-11,45.0,42.0,7.5
2021-01-12,76.0,53.0,8.0
2021-01-13,114.0,40.0,6.0
2021-01-14,144.0,48.5,6.5
2021-01-15,109.0,39.0,5.0
2021-01-16,76.5,42.0,4.0
2021-01-17,38.5,109.0,6.5
2021-01-18,72.5,79.0,6.0
2021-01-19,67.0,48.0,4.0
2021-01-20,50.0,34.0,3.0
2021-01-21,79.0,33.0,4.0
2021-01-22,149.5,67.0,6.0
2021-01-23,114.0,54.0,5.0
2021-01-24,40.0,33.5,2.0
2021-01-25,76.5,37.0,3.0
2021-01-26,109.5,53.0,4.0
2021-01-27,58.0,49.0,5.0
2021-01-28,60.0,44.5,4.0
2021-01-29,41.5,32.0,3.0
2021-01-30,33.0,59.0,3.0
2021-01-31,36.0,27.0,3.0
2021-02-01,79.0,26.0,3.0
2021-02-02,79.5,35.0,4.0
2021-02-03,31.0,42.0,3.0
2021-02-04,41.0,38.5,3.0
2021-02-05,46.0,33.0,3.0
2021-02-06,105.0,31.0,5.0
2021-02-07,66.5,30.0,4.0
2021-02-08,34.5,32.0,3.0
2021-02-09,31.0,43.0,2.0
2021-02-10,44.5,14.0,3.0
2021-02-11,45.0,10.0,3.0
2021-02-12,43.0,18.0,4.0
2021-02-13,51.5,19.0,4.0
2021-02-14,57.5,24.0,4.0
2021-02-15,58.5,27.0,5.0
2021-02-16,55.5,28.0,4.0
2021-02-17,49.0,24.0,3.0
2021-02-18,40.0,41.0,4.0
2021-02-19,57.0,39.0,4.0
2021-02-20,68.0,39.0,4.5
2021-02-21,55.0,32.0,3.0
2021-02-22,85.5,28.0,4.0
2021-02-23,88.5,29.0,5.0
2021-02-24,30.5,30.0,3.0
2021-02-25,43.5,23.0,3.0
2021-02-26,85.5,23.0,4.0
2021-02-27,54.0,23.0,3.0
2021-02-28,25.0,23.0,2.0
2021-03-01,73.0,24.0,4.0
2021-03-02,59.0,26.0,3.5
2021-03-03,31.0,28.0,2.0
2021-03-04,51.5,38.0,2.0
2021-03-05,46.0,39.0,3.0
2021-03-06,57.0,30.0,3.0
2021-03-07,36.5,16.0,2.0
2021-03-08,33.5,22.0,2.0
2021-03-09,34.0,35.0,3.0
2021-03-10,27.5,30.0,2.0
2021-03-11,32.0,24.0,2.0
2021-03-12,83.0,31.0,4.0
2021-03-13,29.5,28.0,3.0
2021-03-14,26.0,38.0,3.0
2021-03-15,38.0,23.0,3.0
2021-03-16,67.0,27.0,4.0
2021-03-17,66.5,21.0,3.0
2021-03-18,36.0,22.0,3.0
2021-03-19,45.0,19.0,3.0
2021-03-20,75.0,20.5,4.0
2021-03-21,52.0,39.0,4.0
2021-03-22,38.0,37.0,4.0
2021-03-23,49.5,69.0,5.0
2021-03-24,83.0,86.0,6.0
2021-03-25,53.0,57.0,5.0
2021-03-26,30.5,25.0,3.0
2021-03-27,52.0,29.0,4.0
2021-03-28,62.0,23.0,6.0
2021-03-29,50.0,15.0,4.0
2021-03-30,35.5,15.0,5.0
2021-03-31,38.5,14.0,4.0
2021-04-01,44.5,13.5,5.0
2021-04-02,44.0,15.5,5.0
2021-04-03,62.0,15.0,4.0
2021-04-04,54.0,29.0,5.0
2021-04-05,24.5,33.0,3.0
2021-04-06,27.0,48.0,4.0
2021-04-07,28.0,31.0,4.0
2021-04-08,36.0,29.0,4.0
2021-04-09,44.0,26.0,3.0
2021-04-10,28.5,38.0,4.0
2021-04-11,19.5,25.0,3.0
2021-04-12,46.0,19.5,4.0
2021-04-13,69.0,20.0,5.0
2021-04-14,43.5,23.0,3.0
2021-04-15,31.0,20.0,3.0
2021-04-16,36.0,25.0,3.0
2021-04-17,43.0,27.0,4.0
2021-04-18,22.5,97.0,4.0
2021-04-19,27.5,73.0,4.0
2021-04-20,30.0,40.5,4.0
2021-04-21,30.0,42.0,4.0
2021-04-22,46.0,41.0,5.0
2021-04-23,72.5,42.0,7.0
2021-04-24,30.0,26.0,4.0
2021-04-25,22.5,21.0,4.0
2021-04-26,27.0,25.0,3.5
2021-04-27,35.0,18.0,3.0
2021-04-28,52.5,25.5,4.0
2021-04-29,64.5,19.0,5.0
2021-04-30,64.5,21.0,6.0
2021-05-01,51.0,22.0,6.0
2021-05-02,45.5,25.0,6.0
2021-05-03,32.0,25.0,3.0
2021-05-04,40.5,23.0,4.0
2021-05-05,52.0,23.0,5.0
2021-05-06,35.0,39.0,4.0
2021-05-07,57.0,28.0,5.0
2021-05-08,43.5,21.0,5.0
2021-05-09,30.5,17.0,4.0
2021-05-10,35.0,11.0,5.0
2021-05-11,31.5,12.0,4.5
2021-05-12,29.5,14.0,4.5
2021-05-13,35.5,14.0,4.0
2021-05-14,39.0,15.0,5.0
2021-05-15,31.0,14.0,4.0
2021-05-16,22.0,12.0,4.0
2021-05-17,31.0,12.0,4.0
2021-05-18,29.0,13.0,4.0
2021-05-19,23.0,13.0,4.0
2021-05-20,27.5,13.0,4.0
2021-05-21,26.5,10.0,4.0
2021-05-22,30.0,11.0,4.0
2021-05-23,26.0,6.0,4.0
2021-05-24,47.0,9.0,4.0
2021-05-25,60.0,10.0,4.0
2021-05-26,37.5,9.0,4.0
2021-05-27,39.5,9.0,4.0
2021-05-28,35.0,10.0,4.0
2021-05-29,29.0,12.0,4.0
2021-05-30,22.0,16.0,4.0
2021-05-31,33.0,17.0,3.0
2021-06-01,49.0,9.0,4.0
2021-06-02,58.5,16.0,4.0
2021-06-03,49.5,16.0,4.0
2021-06-04,55.0,17.0,4.0
2021-06-05,55.0,30.0,6.0
2021-06-06,42.5,50.0,7.0
2021-06-07,27.0,18.0,3.0
2021-06-08,28.5,16.0,4.0
2021-06-09,35.5,8.0,4.0
2021-06-10,28.5,9.0,4.0
2021-06-11,25.0,11.0,3.0
2021-06-12,28.0,10.0,3.5
2021-06-13,24.5,12.0,4.0
2021-06-14,24.5,13.0,5.0
2021-06-15,33.5,15.5,5.0
2021-06-16,26.5,20.0,4.0
2021-06-17,31.0,18.0,4.0
2021-06-18,29.0,17.5,4.0
2021-06-19,26.0,20.0,4.0
2021-06-20,20.5,21.0,5.0
2021-06-21,37.5,24.0,5.0
2021-06-22,58.0,16.0,5.0
2021-06-23,65.5,13.0,5.0
2021-06-24,66.5,12.0,5.0
2021-06-25,66.0,15.0,5.0
2021-06-26,60.5,19.0,5.0
2021-06-27,37.5,23.0,4.0
2021-06-28,55.0,19.0,5.0
2021-06-29,35.0,26.0,5.0
2021-06-30,29.0,24.0,5.0
2021-07-01,22.0,22.0,5.0
2021-07-02,28.5,24.0,5.0
2021-07-03,33.0,21.0,5.0
2021-07-04,23.5,16.0,5.0
2021-07-05,28.5,10.0,4.0
2021-07-06,30.0,9.5,4.0
2021-07-07,30.0,9.0,4.0
2021-07-08,34.0,10.5,4.0
2021-07-09,46.5,13.0,5.0
2021-07-10,33.0,9.0,4.0
2021-07-11,23.5,10.0,4.0
2021-07-12,40.5,11.0,5.0
2021-07-13,51.0,10.5,5.0
2021-07-14,58.0,10.5,5.0
2021-07-15,42.0,8.0,5.0
2021-07-16,56.0,11.0,5.5
2021-07-17,39.0,8.5,4.0
2021-07-18,22.0,9.0,4.0
2021-07-19,26.0,6.0,4.0
2021-07-20,43.0,7.0,4.0
2021-07-21,42.0,9.0,4.0
2021-07-22,45.0,21.0,5.0
2021-07-23,57.5,34.0,6.0
2021-07-24,63.5,33.0,5.0
2021-07-25,38.0,22.0,5.0
2021-07-26,50.0,18.0,6.0
2021-07-27,49.0,33.5,6.0
2021-07-28,46.0,26.5,5.0
2021-07-29,61.0,16.5,6.0
2021-07-30,54.0,13.0,5.0
2021-07-31,46.5,16.0,5.0
2021-08-01,41.5,17.0,5.0
2021-08-02,49.5,18.0,6.0
2021-08-03,32.0,10.0,4.0
2021-08-04,45.0,18.0,4.0
2021-08-05,67.5,22.0,6.0
2021-08-06,51.0,26.0,6.0
2021-08-07,56.0,26.0,6.0
2021-08-08,42.5,21.0,5.0
2021-08-09,54.0,21.0,4.0
2021-08-10,59.0,21.0,5.0
2021-08-11,47.0,18.0,3.5
2021-08-12,57.0,13.0,5.0
2021-08-13,51.5,13.0,6.0
2021-08-14,50.5,12.0,5.0
2021-08-15,48.0,10.0,5.0
2021-08-16,61.0,12.0,6.0
2021-08-17,57.0,15.0,6.0
2021-08-18,55.0,13.0,6.0
2021-08-19,62.5,14.0,6.0
2021-08-20,53.0,11.0,6.0
2021-08-21,45.5,9.0,6.0
2021-08-22,35.0,7.0,6.0
2021-08-23,38.5,8.0,6.0
2021-08-24,44.0,8.0,6.0
2021-08-25,48.5,8.0,5.0
2021-08-26,37.5,8.0,5.0
2021-08-27,57.5,10.0,4.0
2021-08-28,54.0,12.0,4.0
2021-08-29,37.5,14.0,5.0
2021-08-30,37.0,16.0,4.0
2021-08-31,58.0,16.0,5.0
2021-09-01,39.0,8.0,4.0
2021-09-02,35.5,8.0,5.0
2021-09-03,52.5,8.0,6.0
2021-09-04,39.5,7.0,6.0
2021-09-05,36.5,7.0,5.0
2021-09-06,52.0,11.0,5.0
2021-09-07,31.5,12.0,3.0
2021-09-08,51.5,13.0,5.0
2021-09-09,79.0,22.0,6.0
2021-09-10,37.5,18.0,4.0
2021-09-11,59.5,24.0,7.0
2021-09-12,45.5,37.0,6.5
2021-09-13,50.0,22.0,5.0
2021-09-14,76.0,13.0,5.5
2021-09-15,73.0,21.0,7.0
2021-09-16,66.0,26.0,7.0
2021-09-17,76.5,32.0,7.0
2021-09-18,28.5,23.0,3.0
2021-09-19,23.5,10.0,3.0
2021-09-20,59.0,11.0,4.0
2021-09-21,78.0,14.0,5.0
2021-09-22,37.5,9.0,3.0
2021-09-23,48.0,9.0,3.0
2021-09-24,37.0,14.0,3.0
2021-09-25,26.0,22.0,3.0
2021-09-26,25.0,30.0,4.0
2021-09-27,47.0,34.0,5.0
2021-09-28,51.5,37.0,6.0
2021-09-29,49.5,37.0,6.0
2021-09-30,53.0,42.0,6.0
2021-10-01,39.0,39.0,4.0
2021-10-02,39.0,24.0,4.0
2021-10-03,21.5,17.0,3.0
2021-10-04,26.0,26.0,3.0
2021-10-05,32.5,31.0,3.0
2021-10-06,28.0,34.0,3.0
2021-10-07,29.0,21.0,3.0
2021-10-08,27.5,6.0,2.0
2021-10-09,7.5,9.0,2.0
2021-10-10,33.0,22.0,3.0
2021-10-11,45.0,29.0,4.0
2021-10-12,27.5,21.0,4.0
2021-10-13,11.0,12.0,2.5
2021-10-14,25.0,15.0,3.0
2021-10-15,54.0,16.0,3.0
2021-10-16,36.5,22.0,3.0
2021-10-17,26.0,15.0,3.0
2021-10-18,54.0,23.5,3.0
2021-10-19,50.5,30.0,3.0
2021-10-20,36.5,23.0,3.0
2021-10-21,57.0,21.0,3.0
2021-10-22,41.0,12.0,2.0
2021-10-23,52.0,25.0,3.0
2021-10-24,33.0,18.0,3.0
2021-10-25,50.0,20.0,3.5
2021-10-26,54.0,27.0,4.0
2021-10-27,43.5,33.0,4.0
2021-10-28,35.5,32.0,3.0
2021-10-29,35.0,37.5,3.0
2021-10-30,44.5,38.5,3.0
2021-10-31,33.0,40.0,3.0
2021-11-01,37.0,38.0,3.0
2021-11-02,32.5,30.0,3.0
2021-11-03,36.0,38.0,3.0
2021-11-04,35.5,32.0,3.0
2021-11-05,42.5,27.0,3.0
2021-11-06,70.5,21.0,5.0
2021-11-07,50.0,20.0,4.0
2021-11-08,37.0,22.0,3.0
2021-11-09,53.5,28.0,5.0
2021-11-10,63.5,24.0,5.0
2021-11-11,80.0,23.0,5.0
2021-11-12,65.0,30.0,5.0
2021-11-13,62.0,34.0,7.0
2021-11-14,44.5,26.5,5.0
2021-11-15,56.0,33.5,5.0
2021-11-16,61.0,39.5,5.0
2021-11-17,61.5,50.0,5.0
2021-11-18,65.5,31.0,6.0
2021-11-19,72.5,35.0,5.0
2021-11-20,29.5,26.0,4.0
2021-11-21,35.0,33.0,4.0
2021-11-22,48.5,20.5,4.0
2021-11-23,52.0,34.0,4.0
2021-11-24,64.5,43.0,5.0
2021-11-25,95.5,43.0,6.0
2021-11-26,82.5,40.0,7.0
2021-11-27,68.5,36.0,6.0
2021-11-28,59.5,38.0,6.0
2021-11-29,86.0,33.0,6.0
2021-11-30,53.0,43.0,6.0
2021-12-01,50.0,39.0,5.0
2021-12-02,76.0,37.0,6.0
2021-12-03,70.5,31.0,6.0
2021-12-04,64.0,28.0,6.0
2021-12-05,58.5,46.0,6.0
2021-12-06,81.5,34.0,6.0
2021-12-07,65.0,31.5,6.0
2021-12-08,51.0,37.0,4.0
2021-12-09,65.5,40.0,4.0
2021-12-10,57.5,32.0,5.0
2021-12-11,49.5,33.0,5.0
2021-12-12,55.0,38.0,5.0
2021-12-13,56.0,72.0,5.0
2021-12-14,66.5,53.5,5.0
2021-12-15,36.0,25.0,4.0
2021-12-16,47.0,27.0,4.0
2021-12-17,48.5,23.0,4.0
2021-12-18,44.0,49.0,5.0
2021-12-19,42.0,47.0,6.0
2021-12-20,44.5,29.0,4.0
2021-12-21,65.5,9.5,3.0
2021-12-22,72.0,14.0,4.0
2021-12-23,72.5,25.0,4.0
2021-12-24,115.0,53.0,5.0
2021-12-25,54.0,39.0,4.0
2021-12-26,40.5,43.0,3.0
2021-12-27,49.5,21.0,3.0
2021-12-28,95.0,47.0,5.0
2021-12-29,128.5,67.0,7.0
2021-12-30,85.5,36.0,5.0
2021-12-31,59.0,49.0,4.0
2022-01-01,56.0,62.0,5.0
2022-01-02,73.5,55.0,5.0
2022-01-03,67.0,36.0,4.0
2022-01-04,51.0,39.0,4.0
2022-01-05,81.5,24.0,4.0
2022-01-06,63.5,39.5,5.0
2022-01-07,59.0,49.0,4.5
2022-01-08,55.0,37.0,5.0
2022-01-09,50.5,41.0,4.0
2022-01-10,67.5,36.0,4.0
2022-01-11,55.0,27.0,4.0
2022-01-12,51.5,38.0,4.0
2022-01-13,65.5,49.0,5.0
2022-01-14,45.0,61.0,4.0
2022-01-15,44.5,46.0,3.0
2022-01-16,33.5,39.0,3.0
2022-01-17,52.0,41.0,3.0
2022-01-18,74.0,37.5,4.0
2022-01-19,65.5,25.0,4.0
2022-01-20,66.0,27.0,5.0
2022-01-21,48.5,32.0,4.0
2022-01-22,40.0,8.0,3.0
2022-01-23,68.0,13.0,4.0
2022-01-24,92.5,19.0,5.0
2022-01-25,46.0,20.0,4.0
2022-01-26,50.0,30.0,4.0
2022-01-27,62.5,29.0,4.0
2022-01-28,37.0,24.0,3.0
2022-01-29,48.0,21.0,4.0
2022-01-30,27.0,11.0,3.5
2022-01-31,29.0,17.5,4.0
2022-02-01,23.5,15.0,3.0
2022-02-02,27.0,8.0,3.0
2022-02-03,27.5,5.0,3.0
2022-02-04,26.5,10.0,3.0
2022-02-05,27.0,15.0,3.0
2022-02-06,22.0,27.0,4.0
2022-02-07,38.5,22.0,3.0
2022-02-08,39.5,10.0,4.0
2022-02-09,57.5,23.0,4.0
2022-02-10,56.5,25.0,4.0
2022-02-11,45.0,13.0,3.0
2022-02-12,50.5,25.0,4.0
2022-02-13,49.5,26.0,4.0
2022-02-14,47.5,11.0,4.0
2022-02-15,38.5,25.0,4.0
2022-02-16,28.0,38.0,4.0
2022-02-17,28.0,24.5,3.0
2022-02-18,26.5,16.0,3.0
2022-02-19,36.5,5.0,3.0
2022-02-20,27.0,2.0,3.0
2022-02-21,48.0,4.0,3.0
2022-02-22,58.5,5.0,3.0
2022-02-23,43.5,9.0,3.0
2022-02-24,65.0,23.0,4.0
2022-02-25,69.0,22.0,5.0
2022-02-26,99.5,36.0,6.0
2022-02-27,64.5,41.0,5.0
2022-02-28,34.5,29.0,4.0
2022-03-01,91.5,31.0,7.0
2022-03-02,94.0,43.0,6.5
2022-03-03,26.0,39.0,3.0
2022-03-04,77.0,37.0,7.0
2022-03-05,96.0,37.0,7.0
2022-03-06,18.0,40.5,3.0
2022-03-07,41.0,28.0,3.0
2022-03-08,29.0,16.0,4.0
2022-03-09,35.0,21.0,4.0
2022-03-10,28.5,24.0,4.0
2022-03-11,55.5,25.0,5.0
2022-03-12,38.5,23.0,4.0
2022-03-13,37.5,25.0,4.0
2022-03-14,73.0,24.0,7.0
2022-03-15,77.5,22.0,7.0
2022-03-16,26.5,24.0,4.0
2022-03-17,55.0,20.0,4.0
2022-03-18,98.5,42.0,6.0
2022-03-19,46.0,38.5,4.5
2022-03-20,20.0,22.0,3.0
2022-03-21,32.0,31.0,3.0
2022-03-22,42.5,22.0,4.0
2022-03-23,49.5,7.0,3.0
2022-03-24,30.0,8.0,3.0
2022-03-25,28.5,13.0,6.0
2022-03-26,47.5,19.0,4.0
2022-03-27,36.5,26.0,4.0
2022-03-28,42.0,10.0,4.0
2022-03-29,34.5,12.0,4.0
2022-03-30,34.0,19.0,4.0
2022-03-31,30.5,14.0,4.0
2022-04-01,29.0,16.0,3.0
2022-04-02,30.0,8.5,3.0
2022-04-03,25.5,22.0,5.0
2022-04-04,34.5,43.0,5.0
2022-04-05,49.5,42.0,6.0
2022-04-06,47.5,35.0,6.0
2022-04-07,40.0,28.0,5.0
2022-04-08,45.5,34.0,5.0
2022-04-09,31.5,26.0,5.0
2022-04-10,35.5,28.0,5.0
2022-04-11,65.5,26.0,7.0
2022-04-12,53.5,20.0,6.0
2022-04-13,53.0,20.0,5.0
2022-04-14,61.0,32.5,6.0
2022-04-15,18.0,23.0,4.0
2022-04-16,16.0,33.0,3.0
2022-04-17,19.0,40.0,4.0
2022-04-18,41.0,38.0,4.0
2022-04-19,52.5,12.0,3.0
2022-04-20,53.0,24.0,4.0
2022-04-21,56.5,36.0,4.0
2022-04-22,43.0,22.0,4.0
2022-04-23,42.5,18.0,5.0
2022-04-24,34.0,13.0,4.5
2022-04-25,34.5,14.5,5.0
2022-04-26,34.5,16.0,5.0
2022-04-27,38.5,16.0,5.0
2022-04-28,29.0,16.0,5.0
2022-04-29,45.5,19.0,5.0
2022-04-30,34.0,21.0,4.0
2022-05-01,21.0,13.0,3.0
2022-05-02,24.0,7.0,3.0
2022-05-03,39.0,22.0,3.0
2022-05-04,34.0,27.0,4.0
2022-05-05,26.0,28.0,4.0
2022-05-06,31.0,25.0,3.0
2022-05-07,35.5,25.0,4.0
2022-05-08,26.0,25.0,5.0
2022-05-09,21.0,27.0,4.0
2022-05-10,29.5,16.5,4.0
2022-05-11,57.0,10.5,4.0
2022-05-12,68.0,9.0,5.0
2022-05-13,53.0,9.5,6.0
2022-05-14,43.0,5.5,4.0
2022-05-15,20.0,4.0,4.0
2022-05-16,43.0,8.0,3.0
2022-05-17,35.0,14.0,4.0
2022-05-18,38.5,25.0,4.0
2022-05-19,47.0,25.0,4.0
2022-05-20,46.0,30.0,5.0
2022-05-21,44.0,26.0,6.0
2022-05-22,16.0,26.0,3.0
2022-05-23,24.5,14.0,3.0
2022-05-24,33.0,9.0,4.0
2022-05-25,38.5,10.0,4.0
2022-05-26,37.5,12.0,4.0
2022-05-27,58.0,19.0,4.0
2022-05-28,37.0,16.0,4.0
2022-05-29,23.5,13.0,4.0
2022-05-30,43.0,12.5,4.0
2022-05-31,47.5,14.0,4.5
2022-06-01,40.0,18.0,4.0
2022-06-02,33.0,13.0,4.0
2022-06-03,25.5,18.0,4.0
2022-06-04,24.0,19.0,4.0
2022-06-05,18.0,17.0,4.0
2022-06-06,41.0,17.0,4.0
2022-06-07,52.5,13.0,5.0
2022-06-08,60.5,10.0,5.0
2022-06-09,55.5,11.0,5.0
2022-06-10,54.0,10.0,5.0
2022-06-11,56.5,14.0,5.0
2022-06-12,31.0,17.0,4.0
2022-06-13,29.5,16.5,3.0
2022-06-14,52.5,17.0,4.0
2022-06-15,61.0,13.0,5.0
2022-06-16,51.5,12.0,5.0
2022-06-17,31.0,10.5,4.0
2022-06-18,31.5,11.5,4.0
2022-06-19,23.5,15.5,4.0
2022-06-20,28.0,18.0,4.0
2022-06-21,29.5,15.0,6.0
2022-06-22,32.5,11.0,5.0
2022-06-23,39.5,9.0,5.5
2022-06-24,40.0,10.0,6.0
2022-06-25,41.5,9.0,5.0
2022-06-26,31.0,6.0,5.0
2022-06-27,37.5,7.0,5.0
2022-06-28,40.5,8.0,5.0
2022-06-29,33.5,8.0,5.0
2022-06-30,33.5,9.0,4.0
2022-07-01,10.0,8.0,4.0
2022-07-02,6.0,12.0,4.0
2022-07-03,12.0,23.0,4.0
2022-07-04,18.0,24.0,5.0
2022-07-05,39.0,20.0,4.0
2022-07-06,50.0,15.0,4.0
2022-07-07,42.0,14.0,4.0
2022-07-08,27.0,9.0,5.0
2022-07-09,23.0,8.0,5.0
2022-07-10,21.5,8.0,5.0
2022-07-11,36.0,10.0,5.0
2022-07-12,35.0,8.0,6.0
2022-07-13,37.5,8.0,6.0
2022-07-14,42.5,9.0,5.0
2022-07-15,37.0,9.5,6.0
2022-07-16,28.0,14.0,4.0
2022-07-17,19.0,17.0,4.0
2022-07-18,26.5,18.0,4.0
2022-07-19,29.0,13.5,5.0
2022-07-20,25.0,8.0,5.0
2022-07-21,35.0,11.0,5.0
2022-07-22,46.5,18.0,6.0
2022-07-23,41.0,14.5,5.5
2022-07-24,37.0,18.0,6.0
2022-07-25,40.5,24.0,5.0
2022-07-26,39.0,14.0,6.5
2022-07-27,40.0,10.0,6.0
2022-07-28,37.5,18.0,6.0
2022-07-29,47.5,27.0,6.0
2022-07-30,88.0,31.5,6.0
2022-07-31,58.0,40.5,6.0
2022-08-01,41.5,12.5,6.0
2022-08-02,46.5,10.0,6.0
2022-08-03,51.0,15.0,5.0
2022-08-04,50.0,11.0,5.0
2022-08-05,56.0,7.5,6.0
2022-08-06,40.0,10.0,6.0
2022-08-07,19.5,10.0,5.0
2022-08-08,30.0,12.0,5.0
2022-08-09,21.0,9.0,5.0
2022-08-10,18.0,12.0,4.0
2022-08-11,33.0,10.0,4.0
2022-08-12,64.5,9.5,5.0
2022-08-13,58.0,12.0,5.0
2022-08-14,50.5,13.0,5.0
2022-08-15,51.0,12.0,5.0
2022-08-16,40.5,9.5,5.0
2022-08-17,32.5,7.0,5.0
2022-08-18,42.0,7.0,5.0
2022-08-19,35.5,7.0,5.0
2022-08-20,27.0,8.5,4.0
2022-08-21,24.0,10.0,4.0
2022-08-22,39.0,16.0,4.0
2022-08-23,47.0,33.0,6.0
2022-08-24,31.0,25.0,4.0
2022-08-25,20.0,13.0,3.0
2022-08-26,36.0,15.0,4.0
2022-08-27,51.5,21.0,5.0
2022-08-28,39.5,28.0,6.0
2022-08-29,33.5,19.5,3.0
2022-08-30,58.0,19.5,5.0
2022-08-31,64.0,36.0,5.0
2022-09-01,55.0,26.0,4.0
2022-09-02,38.5,22.0,3.0
2022-09-03,38.0,34.0,5.0
2022-09-04,33.0,25.0,4.0
2022-09-05,48.0,37.0,6.0
2022-09-06,46.5,37.5,6.0
2022-09-07,26.5,22.0,3.0
2022-09-08,27.0,27.0,3.0
2022-09-09,49.5,37.0,5.0
2022-09-10,34.0,47.0,4.0
2022-09-11,35.0,46.5,5.0
2022-09-12,53.0,55.0,6.5
2022-09-13,71.0,53.0,7.0
2022-09-14,58.5,46.0,6.0
2022-09-15,63.5,41.0,6.0
2022-09-16,60.0,61.0,7.0
2022-09-17,51.0,50.0,5.0
2022-09-18,36.5,43.0,5.0
2022-09-19,53.5,31.0,4.0
2022-09-20,34.5,36.0,3.0
2022-09-21,22.5,39.0,3.0
2022-09-22,25.5,32.0,3.0
2022-09-23,42.0,34.0,4.0
2022-09-24,23.0,35.5,3.0
2022-09-25,22.0,43.0,3.0
2022-09-26,24.5,29.0,4.0
2022-09-27,20.0,22.0,3.0
2022-09-28,20.0,18.0,3.0
2022-09-29,26.0,18.0,3.0
2022-09-30,40.5,9.0,2.0
2022-10-01,25.5,12.0,2.0
2022-10-02,16.5,14.0,2.5
2022-10-03,30.0,12.0,3.0
2022-10-04,36.5,19.0,3.0
2022-10-05,35.0,25.0,4.0
2022-10-06,24.0,20.0,3.0
2022-10-07,26.5,18.0,3.0
2022-10-08,26.5,22.0,3.0
2022-10-09,25.0,32.0,4.0
2022-10-10,32.0,28.5,3.5
2022-10-11,45.5,37.5,5.0
2022-10-12,58.5,34.5,5.0
2022-10-13,48.0,31.0,5.0
2022-10-14,39.5,35.0,4.0
2022-10-15,49.0,35.0,4.0
2022-10-16,33.0,38.0,5.0
2022-10-17,30.0,40.0,5.0
2022-10-18,29.5,39.0,3.0
2022-10-19,47.5,30.0,4.0
2022-10-20,28.5,32.0,3.0
2022-10-21,33.5,30.0,3.0
2022-10-22,51.5,28.0,5.0
2022-10-23,34.0,29.0,4.5
2022-10-24,29.5,39.0,4.0
2022-10-25,23.5,36.0,3.0
2022-10-26,27.0,29.0,3.0
2022-10-27,30.0,23.5,3.0
2022-10-28,39.0,32.0,4.0
2022-10-29,36.5,31.0,5.0
2022-10-30,26.5,26.0,5.0
2022-10-31,28.5,39.0,6.0
2022-11-01,27.5,26.0,4.0
2022-11-02,21.5,7.0,3.0
2022-11-03,40.5,8.0,3.0
2022-11-04,33.5,20.0,3.0
2022-11-05,38.0,21.0,3.0
2022-11-06,36.0,19.0,3.0
2022-11-07,54.5,15.5,4.0
2022-11-08,48.5,15.0,3.0
2022-11-09,51.0,21.5,4.0
2022-11-10,51.5,24.5,4.0
2022-11-11,45.5,18.0,4.0
2022-11-12,41.0,16.0,4.0
2022-11-13,40.0,28.0,5.0
2022-11-14,27.5,29.0,4.0
2022-11-15,38.0,32.5,4.0
2022-11-16,24.0,27.0,3.0
2022-11-17,41.0,22.0,4.0
2022-11-18,36.0,20.5,3.0
2022-11-19,44.0,27.0,4.0
2022-11-20,26.0,33.0,4.0
2022-11-21,29.0,21.0,4.0
2022-11-22,29.5,18.0,3.5
2022-11-23,40.0,13.0,4.0
2022-11-24,33.0,12.0,3.0
2022-11-25,48.0,12.0,3.0
2022-11-26,44.5,8.0,4.0
2022-11-27,26.5,27.0,4.0
2022-11-28,54.0,17.0,4.0
2022-11-29,57.5,14.0,4.0
2022-11-30,64.5,19.0,4.0
2022-12-01,49.5,14.0,4.0
2022-12-02,61.5,14.0,4.0
2022-12-03,74.0,22.0,5.0
2022-12-04,53.0,19.5,4.0
2022-12-05,50.0,17.0,4.0
2022-12-06,53.5,17.0,4.0
2022-12-07,56.0,16.0,4.0
2022-12-08,80.0,34.0,5.0
2022-12-09,69.0,35.0,5.0
2022-12-10,42.5,25.0,5.0
2022-12-11,31.0,36.0,5.0
2022-12-12,38.5,38.0,4.0
2022-12-13,48.5,40.0,4.5
2022-12-14,48.0,11.0,3.0
2022-12-15,70.0,11.0,3.0
2022-12-16,69.5,9.0,3.0
2022-12-17,30.5,33.0,3.0
2022-12-18,30.0,22.5,3.0
2022-12-19,69.0,22.5,5.0
2022-12-20,65.5,28.0,4.0
2022-12-21,80.0,31.0,6.0
2022-12-22,73.0,28.0,5.5
2022-12-23,76.0,32.0,5.0
2022-12-24,74.5,28.0,4.0
2022-12-25,55.0,31.0,4.0
2022-12-26,46.5,34.0,4.0
2022-12-27,43.0,35.0,4.0
2022-12-28,59.5,44.0,5.0
2022-12-29,58.5,68.0,5.0
2022-12-30,52.0,46.5,3.0
2022-12-31,49.0,31.0,3.0
2023-01-01,46.0,30.0,3.0
2023-01-02,43.5,35.0,3.5
2023-01-03,46.5,37.0,3.0
2023-01-04,43.5,39.0,3.0
2023-01-05,60.0,39.0,5.0
2023-01-06,58.5,28.0,5.0
2023-01-07,46.5,30.0,5.0
2023-01-08,27.0,37.0,6.0
2023-01-09,62.0,39.0,3.5
2023-01-10,54.5,11.0,3.0
2023-01-11,38.0,18.0,3.0
2023-01-12,35.0,20.0,4.0
2023-01-13,81.5,24.0,4.0
2023-01-14,95.0,16.0,5.0
2023-01-15,51.0,15.5,5.5
2023-01-16,38.0,14.0,3.0
2023-01-17,46.0,25.5,3.0
2023-01-18,53.5,30.0,4.0
2023-01-19,79.0,33.0,5.0
2023-01-20,63.5,33.0,4.0
2023-01-21,24.0,35.0,3.0
2023-01-22,34.5,29.0,4.0
2023-01-23,56.0,29.0,4.0
2023-01-24,18.0,38.0,3.0
2023-01-25,23.0,57.5,3.0
2023-01-26,40.0,38.0,4.0
2023-01-27,27.5,47.0,3.0
2023-01-28,34.5,54.0,4.0
2023-01-29,39.5,46.0,4.5
2023-01-30,87.0,33.0,4.0
2023-01-31,45.5,31.0,4.0
2023-02-01,54.0,31.0,4.0
2023-02-02,50.5,33.0,4.0
2023-02-03,34.5,33.0,4.0
2023-02-04,33.0,27.0,4.0
2023-02-05,29.5,27.0,4.0
2023-02-06,57.5,20.0,4.0
2023-02-07,73.0,18.0,5.0
2023-02-08,31.5,16.0,3.0
2023-02-09,50.5,16.0,4.0
2023-02-10,76.5,22.0,4.0
2023-02-11,33.0,15.0,3.0
2023-02-12,27.0,18.0,3.0
2023-02-13,54.5,17.0,4.0
2023-02-14,46.0,17.5,3.0
2023-02-15,38.5,21.0,3.0
2023-02-16,42.0,36.0,4.0
2023-02-17,66.0,42.0,4.0
2023-02-18,66.5,32.0,5.0
2023-02-19,56.5,35.0,5.0
2023-02-20,41.0,52.0,4.0
2023-02-21,30.0,59.0,4.0
2023-02-22,37.0,30.0,3.0
2023-02-23,48.5,25.0,4.0
2023-02-24,60.5,39.0,5.0
2023-02-25,34.0,38.0,3.0
2023-02-26,28.0,40.0,3.0
2023-02-27,32.5,33.0,4.0
2023-02-28,39.0,27.0,3.0
2023-03-01,96.0,44.0,6.0
2023-03-02,50.0,59.5,5.5
2023-03-03,40.0,57.5,5.0
2023-03-04,51.0,46.5,5.0
2023-03-05,32.0,39.0,4.5
2023-03-06,39.0,36.0,4.5
2023-03-07,53.0,28.5,5.0
2023-03-08,81.0,30.0,5.0
2023-03-09,98.5,41.0,8.0
2023-03-10,40.5,36.0,5.0
2023-03-11,43.0,34.0,4.0
2023-03-12,51.0,39.0,4.0
2023-03-13,47.0,80.0,5.0
2023-03-14,37.0,53.0,3.5
2023-03-15,56.5,40.0,3.0
2023-03-16,49.5,38.0,5.0
2023-03-17,45.0,26.0,3.0
2023-03-18,50.5,32.0,4.0
2023-03-19,21.0,25.0,2.0
2023-03-20,34.5,26.5,3.0
2023-03-21,44.0,20.5,3.5
2023-03-22,35.0,17.0,3.0
2023-03-23,35.0,19.0,3.0
2023-03-24,32.0,22.0,3.0
2023-03-25,28.0,21.5,2.0
2023-03-26,33.5,9.0,2.0
2023-03-27,37.5,14.0,2.0
2023-03-28,39.0,17.0,2.0
2023-03-29,38.5,21.0,2.0
2023-03-30,42.5,19.5,2.0
2023-03-31,36.5,14.0,2.0
2023-04-01,36.0,19.0,2.0
2023-04-02,23.5,19.0,1.0
2023-04-03,29.5,25.0,2.0
2023-04-04,37.5,24.0,2.0
2023-04-05,36.5,19.0,2.0
2023-04-06,47.0,17.0,4.0
2023-04-07,38.0,16.0,3.0
2023-04-08,28.5,39.0,3.0
2023-04-09,28.0,49.0,3.0
2023-04-10,26.5,29.0,3.0
2023-04-11,35.0,29.0,2.0
2023-04-12,58.0,25.0,4.0
2023-04-13,30.0,42.0,2.0
2023-04-14,52.5,58.0,4.0
2023-04-15,72.0,45.0,5.0
2023-04-16,65.0,29.5,5.0
2023-04-17,32.0,28.0,2.0
2023-04-18,39.0,23.0,3.0
2023-04-19,51.0,19.0,4.5
2023-04-20,63.0,18.0,3.0
2023-04-21,35.0,19.0,2.0
2023-04-22,21.0,33.0,2.0
2023-04-23,21.0,42.0,2.0
2023-04-24,50.0,36.0,2.0
2023-04-25,88.5,27.0,3.0
2023-04-26,43.5,16.0,3.0
2023-04-27,28.0,30.0,2.0
2023-04-28,34.0,25.0,2.0
2023-04-29,50.0,27.0,3.0
2023-04-30,41.5,24.0,3.0
2023-05-01,20.0,28.0,2.0
2023-05-02,29.0,33.5,3.0
2023-05-03,32.0,23.0,2.0
2023-05-04,28.5,19.5,3.0
2023-05-05,28.0,14.0,4.0
2023-05-06,30.5,13.0,4.0
2023-05-07,39.0,13.0,4.0
2023-05-08,45.0,18.0,3.0
2023-05-09,23.5,20.0,3.0
2023-05-10,23.5,32.0,3.0
2023-05-11,28.0,27.0,3.0
2023-05-12,45.5,31.0,3.0
2023-05-13,61.0,13.0,3.0
2023-05-14,38.5,19.5,3.0
2023-05-15,57.5,28.0,3.0
2023-05-16,42.5,16.0,3.0
2023-05-17,44.5,14.0,4.0
2023-05-18,47.5,30.0,4.0
2023-05-19,40.5,34.5,4.0
2023-05-20,30.5,26.0,4.0
2023-05-21,22.5,15.0,4.0
2023-05-22,30.0,16.0,4.0
2023-05-23,36.0,24.0,3.0
2023-05-24,28.5,49.0,3.0
2023-05-25,30.5,41.0,3.0
2023-05-26,23.0,21.0,3.0
2023-05-27,27.5,22.0,4.0
2023-05-28,25.5,20.0,3.0
2023-05-29,47.5,29.0,5.0
2023-05-30,67.5,48.0,6.0
2023-05-31,68.0,48.0,5.0
2023-06-01,61.0,28.0,4.0
2023-06-02,39.0,23.0,5.0
2023-06-03,34.0,15.0,4.0
2023-06-04,18.5,11.0,3.0
2023-06-05,23.5,15.0,3.0
2023-06-06,36.0,10.0,3.0
2023-06-07,38.0,10.0,3.0
2023-06-08,40.5,9.0,3.0
2023-06-09,40.5,9.0,4.0
2023-06-10,54.0,11.0,4.0
2023-06-11,35.0,11.0,4.0
2023-06-12,30.0,9.0,4.0
2023-06-13,40.5,13.0,4.0
2023-06-14,54.0,14.0,4.0
2023-06-15,61.0,15.0,3.0
2023-06-16,58.0,11.0,4.0
2023-06-17,63.0,9.5,3.5
2023-06-18,41.0,11.0,4.0
2023-06-19,37.0,12.0,4.0
2023-06-20,28.5,13.5,3.0
2023-06-21,30.0,13.0,4.0
2023-06-22,20.0,12.0,3.0
2023-06-23,37.5,15.0,4.0
2023-06-24,47.0,14.0,4.0
2023-06-25,33.5,13.0,3.0
2023-06-26,34.5,10.0,4.0
2023-06-27,27.0,10.0,4.0
2023-06-28,37.0,7.5,3.5
2023-06-29,42.0,11.0,4.0
2023-06-30,41.0,11.0,4.0
2023-07-01,44.5,8.0,4.5
2023-07-02,41.5,9.0,4.0
2023-07-03,43.0,10.0,4.0
2023-07-04,52.0,12.0,4.0
2023-07-05,33.0,11.0,4.0
2023-07-06,30.0,10.0,3.0
2023-07-07,29.0,14.0,4.0
2023-07-08,29.0,13.0,4.0
2023-07-09,28.0,7.0,4.0
2023-07-10,37.0,8.0,4.0
2023-07-11,34.5,8.0,4.0
2023-07-12,37.0,6.5,4.0
2023-07-13,37.5,8.5,4.0
2023-07-14,52.0,14.0,6.0
2023-07-15,54.0,26.0,5.0
2023-07-16,21.5,13.0,4.0
2023-07-17,7.0,16.0,3.0
2023-07-18,23.5,21.0,2.0
2023-07-19,28.5,11.0,3.0
2023-07-20,42.0,8.0,4.0
2023-07-21,55.5,12.0,5.0
2023-07-22,40.5,9.0,4.0
2023-07-23,25.0,6.5,4.5
2023-07-24,38.5,9.0,4.0
2023-07-25,51.5,12.0,5.0
2023-07-26,56.0,36.0,5.0
2023-07-27,45.0,25.0,5.0
2023-07-28,50.0,23.0,5.0
2023-07-29,37.0,18.0,3.5
2023-07-30,27.5,13.5,2.0
2023-07-31,31.5,9.0,2.0
2023-08-01,35.5,12.0,3.0
2023-08-02,36.0,14.0,3.0
2023-08-03,46.0,12.0,5.0
2023-08-04,32.0,11.0,4.0
2023-08-05,31.0,17.0,4.0
2023-08-06,24.0,21.0,3.0
2023-08-07,37.0,19.0,4.0
2023-08-08,39.0,18.0,5.0
2023-08-09,43.0,17.0,4.0
2023-08-10,69.5,18.0,4.0
2023-08-11,54.5,13.0,4.0
2023-08-12,40.5,10.0,3.0
2023-08-13,33.5,12.0,3.0
2023-08-14,43.0,18.0,3.0
2023-08-15,38.5,18.0,3.0
2023-08-16,41.0,21.0,4.5
2023-08-17,51.0,24.0,4.0
2023-08-18,65.0,22.0,4.0
2023-08-19,65.0,19.0,5.0
2023-08-20,39.5,12.0,3.0
2023-08-21,41.0,8.5,3.0
2023-08-22,44.5,10.0,5.0
2023-08-23,37.0,11.0,3.5
2023-08-24,41.0,9.0,3.0
2023-08-25,60.0,12.0,3.0
2023-08-26,50.5,13.0,4.0
2023-08-27,32.0,10.0,3.0
2023-08-28,43.5,11.0,3.0
2023-08-29,51.5,13.0,4.0
2023-08-30,42.0,17.0,3.5
2023-08-31,39.0,16.0,3.5
2023-09-01,10.0,10.5,3.0
2023-09-02,10.5,10.0,3.0
2023-09-03,34.0,14.0,3.0
2023-09-04,74.5,31.5,6.5
2023-09-05,73.5,29.0,5.5
2023-09-06,56.0,29.0,6.5
2023-09-07,60.5,18.0,5.0
2023-09-08,19.5,6.0,2.0
2023-09-09,30.5,10.0,3.0
2023-09-10,26.0,8.0,3.0
2023-09-11,38.5,7.0,3.0
2023-09-12,37.5,8.0,3.0
2023-09-13,33.0,7.0,3.0
2023-09-14,53.5,7.0,3.0
2023-09-15,42.5,8.5,3.0
2023-09-16,36.0,8.0,3.0
2023-09-17,27.5,10.0,3.0
2023-09-18,40.5,11.0,3.0
2023-09-19,49.0,12.0,4.0
2023-09-20,48.0,11.0,4.0
2023-09-21,58.0,17.0,5.0
2023-09-22,51.0,21.0,5.0
2023-09-23,28.0,14.0,3.0
2023-09-24,17.0,13.0,3.0
2023-09-25,24.5,16.0,3.0
2023-09-26,25.0,15.0,3.0
2023-09-27,28.0,18.0,3.0
2023-09-28,25.0,16.0,3.0
2023-09-29,28.0,14.0,3.0
2023-09-30,32.0,19.0,4.0
2023-10-01,30.0,20.0,5.0
2023-10-02,16.0,24.0,2.0
2023-10-03,33.0,31.0,3.0
2023-10-04,50.5,42.0,5.0
2023-10-05,34.5,24.0,3.0
2023-10-06,33.0,23.0,3.0
2023-10-07,26.0,8.5,2.0
2023-10-08,14.5,4.0,2.0
2023-10-09,38.0,6.0,2.0
2023-10-10,44.0,12.0,3.0
2023-10-11,38.0,14.0,2.0
2023-10-12,37.0,17.0,2.0
2023-10-13,39.0,15.0,3.0
2023-10-14,41.0,20.5,3.0
2023-10-15,29.0,31.0,3.5
2023-10-16,27.5,40.0,4.0
2023-10-17,27.0,35.0,4.0
2023-10-18,31.5,34.0,3.0
2023-10-19,34.5,29.0,2.0
2023-10-20,43.5,24.0,3.0
2023-10-21,35.5,17.0,2.0
2023-10-22,31.0,20.0,3.0
2023-10-23,32.5,28.0,3.0
2023-10-24,43.5,26.0,3.0
2023-10-25,34.0,27.0,3.0
2023-10-26,34.5,23.0,3.0
2023-10-27,36.5,19.0,3.0
2023-10-28,29.5,26.5,3.0
2023-10-29,21.0,29.0,3.0
2023-10-30,42.5,34.5,3.0
2023-10-31,34.0,28.0,4.0
2023-11-01,39.0,23.0,4.0
2023-11-02,34.5,24.0,3.0
2023-11-03,42.0,25.0,3.0
2023-11-04,32.0,20.0,3.0
2023-11-05,36.5,18.0,3.0
2023-11-06,50.0,25.0,3.0
2023-11-07,40.5,31.0,4.0
2023-11-08,28.0,33.0,3.0
2023-11-09,31.5,31.0,3.0
2023-11-10,35.0,26.0,3.0
2023-11-11,29.0,20.0,2.0
2023-11-12,25.5,14.0,2.0
2023-11-13,38.5,16.0,3.0
2023-11-14,49.0,26.0,3.0
2023-11-15,43.5,24.0,3.0
2023-11-16,44.5,30.0,3.0
2023-11-17,40.5,48.0,3.0
2023-11-18,54.0,48.0,4.0
2023-11-19,47.0,47.0,3.5
2023-11-20,63.5,46.0,4.0
2023-11-21,57.0,27.0,4.0
2023-11-22,71.0,24.0,3.0
2023-11-23,71.0,32.0,4.0
2023-11-24,46.0,49.0,4.0
2023-11-25,29.5,45.0,3.0
2023-11-26,42.0,34.0,3.0
2023-11-27,81.0,40.0,4.0
2023-11-28,43.5,43.0,4.0
2023-11-29,40.0,49.5,3.5
2023-11-30,55.5,41.0,4.0
2023-12-01,45.0,39.0,3.0
2023-12-02,57.0,39.5,3.0
2023-12-03,33.5,40.5,4.0
2023-12-04,67.0,53.5,5.0
2023-12-05,86.5,46.0,5.0
2023-12-06,75.0,36.5,4.0
2023-12-07,63.0,19.0,4.0
2023-12-08,63.0,31.0,4.0
2023-12-09,41.5,39.0,3.0
2023-12-10,30.5,25.0,3.0
2023-12-11,80.0,13.0,4.0
2023-12-12,87.0,34.0,5.0
2023-12-13,32.0,23.5,3.0
2023-12-14,38.0,28.0,3.0
2023-12-15,51.0,18.0,3.0
2023-12-16,41.5,19.0,2.0
2023-12-17,32.5,23.0,2.0
2023-12-18,68.5,32.0,3.0
2023-12-19,74.5,35.0,4.0
2023-12-20,45.5,20.0,3.0
2023-12-21,40.0,23.0,3.0
2023-12-22,44.0,44.0,4.0
2023-12-23,52.5,36.0,4.0
2023-12-24,43.5,30.0,4.0
2023-12-25,53.0,28.0,4.0
2023-12-26,72.5,40.0,4.0
2023-12-27,105.5,35.0,4.0
2023-12-28,81.0,42.0,5.0
2023-12-29,47.0,34.0,4.0
2023-12-30,97.5,50.0,5.0
2023-12-31,123.0,47.0,6.0
