Date,Year,Month,Sector,Pollutant,Monthly_Ratio,EPD_Monthly_Tonnes
1/1/2001,2001,1,Non-road-transport,CO,0.083333333,3012.5
1/1/2001,2001,1,Non-road-transport,NOx,0.083333333,2935
1/1/2001,2001,1,Non-road-transport,PM10,0.083333333,216.6666667
1/1/2001,2001,1,Non-road-transport,PM25,0.083333333,201.6666667
1/1/2001,2001,1,Non-road-transport,SO2,0.083333333,2384.166667
1/1/2001,2001,1,Other,CO,0.064834978,333.9001349
1/1/2001,2001,1,Other,NOx,0.07306002,863.5694414
1/1/2001,2001,1,Other,PM10,0.064281264,143.9900314
1/1/2001,2001,1,Other,PM25,0.064331566,102.9305056
1/1/2001,2001,1,Other,SO2,0.072349864,196.0681304
1/1/2001,2001,1,Power,CO,0.073593613,207.5339899
1/1/2001,2001,1,Power,NOx,0.073593599,2820.106712
1/1/2001,2001,1,Power,PM10,0.07359361,119.9575851
1/1/2001,2001,1,Power,PM25,0.073593591,51.51551372
1/1/2001,2001,1,Power,SO2,0.073593597,4358.212822
1/1/2001,2001,1,Road-transport,CO,0.079323502,4362.792626
1/1/2001,2001,1,Road-transport,NOx,0.074138219,2950.701111
1/1/2001,2001,1,Road-transport,PM10,0.074773485,201.8884089
1/1/2001,2001,1,Road-transport,PM25,0.074773485,179.4563634
1/1/2001,2001,1,Road-transport,SO2,0.072651316,152.567764
1/2/2001,2001,2,Non-road-transport,CO,0.083333333,3012.5
1/2/2001,2001,2,Non-road-transport,NOx,0.083333333,2935
1/2/2001,2001,2,Non-road-transport,PM10,0.083333333,216.6666667
1/2/2001,2001,2,Non-road-transport,PM25,0.083333333,201.6666667
1/2/2001,2001,2,Non-road-transport,SO2,0.083333333,2384.166667
1/2/2001,2001,2,Other,CO,0.073827777,380.2130526
1/2/2001,2001,2,Other,NOx,0.073788589,872.1811274
1/2/2001,2001,2,Other,PM10,0.071494971,160.148735
1/2/2001,2001,2,Other,PM25,0.071734657,114.7754511
1/2/2001,2001,2,Other,SO2,0.072385758,196.1654035
1/2/2001,2001,2,Power,CO,0.06809077,192.0159706
1/2/2001,2001,2,Power,NOx,0.068090743,2609.23726
1/2/2001,2001,2,Power,PM10,0.068090771,110.987957
1/2/2001,2001,2,Power,PM25,0.068090758,47.66353029
1/2/2001,2001,2,Power,SO2,0.068090785,4032.336316
1/2/2001,2001,2,Road-transport,CO,0.076395965,4201.778097
1/2/2001,2001,2,Road-transport,NOx,0.066546374,2648.545705
1/2/2001,2001,2,Road-transport,PM10,0.070780194,191.1065227
1/2/2001,2001,2,Road-transport,PM25,0.070780194,169.8724646
1/2/2001,2001,2,Road-transport,SO2,0.069406741,145.754156
1/3/2001,2001,3,Non-road-transport,CO,0.083333333,3012.5
1/3/2001,2001,3,Non-road-transport,NOx,0.083333333,2935
1/3/2001,2001,3,Non-road-transport,PM10,0.083333333,216.6666667
1/3/2001,2001,3,Non-road-transport,PM25,0.083333333,201.6666667
1/3/2001,2001,3,Non-road-transport,SO2,0.083333333,2384.166667
1/3/2001,2001,3,Other,CO,0.077531083,399.2850793
1/3/2001,2001,3,Other,NOx,0.083785592,990.3456921
1/3/2001,2001,3,Other,PM10,0.078008328,174.7386536
1/3/2001,2001,3,Other,PM25,0.07784959,124.5593439
1/3/2001,2001,3,Other,SO2,0.080625734,218.4957396
1/3/2001,2001,3,Power,CO,0.080754354,227.7272787
1/3/2001,2001,3,Power,NOx,0.080754357,3094.506945
1/3/2001,2001,3,Power,PM10,0.08075434,131.6295746
1/3/2001,2001,3,Power,PM25,0.080754356,56.52804914
1/3/2001,2001,3,Power,SO2,0.080754391,4782.275023
1/3/2001,2001,3,Road-transport,CO,0.075987125,4179.291882
1/3/2001,2001,3,Road-transport,NOx,0.078048862,3106.344704
1/3/2001,2001,3,Road-transport,PM10,0.077034482,207.9931021
1/3/2001,2001,3,Road-transport,PM25,0.077034482,184.8827574
1/3/2001,2001,3,Road-transport,SO2,0.077209473,162.1398943
1/4/2001,2001,4,Non-road-transport,CO,0.083333333,3012.5
1/4/2001,2001,4,Non-road-transport,NOx,0.083333333,2935
1/4/2001,2001,4,Non-road-transport,PM10,0.083333333,216.6666667
1/4/2001,2001,4,Non-road-transport,PM25,0.083333333,201.6666667
1/4/2001,2001,4,Non-road-transport,SO2,0.083333333,2384.166667
1/4/2001,2001,4,Other,CO,0.081507232,419.7622453
1/4/2001,2001,4,Other,NOx,0.083329689,984.9569258
1/4/2001,2001,4,Other,PM10,0.08054069,180.4111457
1/4/2001,2001,4,Other,PM25,0.080734235,129.1747768
1/4/2001,2001,4,Other,SO2,0.084305963,228.4691587
1/4/2001,2001,4,Power,CO,0.082086987,231.4853047
1/4/2001,2001,4,Power,NOx,0.082087026,3145.574842
1/4/2001,2001,4,Power,PM10,0.082087022,133.8018458
1/4/2001,2001,4,Power,PM25,0.082086997,57.46089772
1/4/2001,2001,4,Power,SO2,0.082087023,4861.193484
1/4/2001,2001,4,Road-transport,CO,0.07063005,3884.652773
1/4/2001,2001,4,Road-transport,NOx,0.071740169,2855.258708
1/4/2001,2001,4,Road-transport,PM10,0.070942364,191.5443836
1/4/2001,2001,4,Road-transport,PM25,0.070942364,170.2616743
1/4/2001,2001,4,Road-transport,SO2,0.070815657,148.7128803
1/5/2001,2001,5,Non-road-transport,CO,0.083333333,3012.5
1/5/2001,2001,5,Non-road-transport,NOx,0.083333333,2935
1/5/2001,2001,5,Non-road-transport,PM10,0.083333333,216.6666667
1/5/2001,2001,5,Non-road-transport,PM25,0.083333333,201.6666667
1/5/2001,2001,5,Non-road-transport,SO2,0.083333333,2384.166667
1/5/2001,2001,5,Other,CO,0.080123058,412.6337463
1/5/2001,2001,5,Other,NOx,0.078377767,926.4252022
1/5/2001,2001,5,Other,PM10,0.079647013,178.4093097
1/5/2001,2001,5,Other,PM25,0.080088629,128.1418058
1/5/2001,2001,5,Other,SO2,0.079838097,216.3612419
1/5/2001,2001,5,Power,CO,0.082354747,232.2403879
1/5/2001,2001,5,Power,NOx,0.082354655,3155.830369
1/5/2001,2001,5,Power,PM10,0.082354713,134.2381825
1/5/2001,2001,5,Power,PM25,0.082354714,57.64829976
1/5/2001,2001,5,Power,SO2,0.082354709,4877.045848
1/5/2001,2001,5,Road-transport,CO,0.080969617,4453.328957
1/5/2001,2001,5,Road-transport,NOx,0.078828253,3137.364482
1/5/2001,2001,5,Road-transport,PM10,0.079847766,215.5889693
1/5/2001,2001,5,Road-transport,PM25,0.079847766,191.6346393
1/5/2001,2001,5,Road-transport,SO2,0.079636151,167.2359174
1/6/2001,2001,6,Non-road-transport,CO,0.083333333,3012.5
1/6/2001,2001,6,Non-road-transport,NOx,0.083333333,2935
1/6/2001,2001,6,Non-road-transport,PM10,0.083333333,216.6666667
1/6/2001,2001,6,Non-road-transport,PM25,0.083333333,201.6666667
1/6/2001,2001,6,Non-road-transport,SO2,0.083333333,2384.166667
1/6/2001,2001,6,Other,CO,0.086005782,442.9297783
1/6/2001,2001,6,Other,NOx,0.08288271,979.6736377
1/6/2001,2001,6,Other,PM10,0.08529823,191.0680345
1/6/2001,2001,6,Other,PM25,0.08567143,137.0742882
1/6/2001,2001,6,Other,SO2,0.083551946,226.4257741
1/6/2001,2001,6,Power,CO,0.080368059,226.6379264
1/6/2001,2001,6,Power,NOx,0.08036807,3079.704436
1/6/2001,2001,6,Power,PM10,0.080368062,130.9999419
1/6/2001,2001,6,Power,PM25,0.08036806,56.25764176
1/6/2001,2001,6,Power,SO2,0.080368076,4759.397471
1/6/2001,2001,6,Road-transport,CO,0.081142091,4462.814999
1/6/2001,2001,6,Road-transport,NOx,0.080079583,3187.1674
1/6/2001,2001,6,Road-transport,PM10,0.080631636,217.705416
1/6/2001,2001,6,Road-transport,PM25,0.080631636,193.5159254
1/6/2001,2001,6,Road-transport,SO2,0.080567188,169.1910939
1/7/2001,2001,7,Non-road-transport,CO,0.083333333,3012.5
1/7/2001,2001,7,Non-road-transport,NOx,0.083333333,2935
1/7/2001,2001,7,Non-road-transport,PM10,0.083333333,216.6666667
1/7/2001,2001,7,Non-road-transport,PM25,0.083333333,201.6666667
1/7/2001,2001,7,Non-road-transport,SO2,0.083333333,2384.166667
1/7/2001,2001,7,Other,CO,0.08503053,437.907228
1/7/2001,2001,7,Other,NOx,0.08115628,959.2672239
1/7/2001,2001,7,Other,PM10,0.085618585,191.78563
1/7/2001,2001,7,Other,PM25,0.085806909,137.291054
1/7/2001,2001,7,Other,SO2,0.082228702,222.8397829
1/7/2001,2001,7,Power,CO,0.089417602,252.1576366
1/7/2001,2001,7,Power,NOx,0.089417612,3426.482905
1/7/2001,2001,7,Power,PM10,0.089417622,145.7507244
1/7/2001,2001,7,Power,PM25,0.089417637,62.59234582
1/7/2001,2001,7,Power,SO2,0.089417638,5295.312545
1/7/2001,2001,7,Road-transport,CO,0.083104694,4570.758182
1/7/2001,2001,7,Road-transport,NOx,0.081124291,3228.746776
1/7/2001,2001,7,Road-transport,PM10,0.081976971,221.3378207
1/7/2001,2001,7,Road-transport,PM25,0.081976971,196.7447295
1/7/2001,2001,7,Road-transport,SO2,0.081702085,171.5743788
1/8/2001,2001,8,Non-road-transport,CO,0.083333333,3012.5
1/8/2001,2001,8,Non-road-transport,NOx,0.083333333,2935
1/8/2001,2001,8,Non-road-transport,PM10,0.083333333,216.6666667
1/8/2001,2001,8,Non-road-transport,PM25,0.083333333,201.6666667
1/8/2001,2001,8,Non-road-transport,SO2,0.083333333,2384.166667
1/8/2001,2001,8,Other,CO,0.083110784,428.0205371
1/8/2001,2001,8,Other,NOx,0.079273143,937.0085452
1/8/2001,2001,8,Other,PM10,0.083035536,185.9996008
1/8/2001,2001,8,Other,PM25,0.083374941,133.3999056
1/8/2001,2001,8,Other,SO2,0.080772303,218.89294
1/8/2001,2001,8,Power,CO,0.090044519,253.9255445
1/8/2001,2001,8,Power,NOx,0.09004456,3450.507534
1/8/2001,2001,8,Power,PM10,0.090044506,146.7725449
1/8/2001,2001,8,Power,PM25,0.090044514,63.03115963
1/8/2001,2001,8,Power,SO2,0.090044495,5332.435
1/8/2001,2001,8,Road-transport,CO,0.08520069,4686.037923
1/8/2001,2001,8,Road-transport,NOx,0.082458287,3281.839832
1/8/2001,2001,8,Road-transport,PM10,0.083724553,226.0562923
1/8/2001,2001,8,Road-transport,PM25,0.083724553,200.9389265
1/8/2001,2001,8,Road-transport,SO2,0.083418945,175.1797841
1/9/2001,2001,9,Non-road-transport,CO,0.083333333,3012.5
1/9/2001,2001,9,Non-road-transport,NOx,0.083333333,2935
1/9/2001,2001,9,Non-road-transport,PM10,0.083333333,216.6666667
1/9/2001,2001,9,Non-road-transport,PM25,0.083333333,201.6666667
1/9/2001,2001,9,Non-road-transport,SO2,0.083333333,2384.166667
1/9/2001,2001,9,Other,CO,0.08839454,455.2318815
1/9/2001,2001,9,Other,NOx,0.083056316,981.7256507
1/9/2001,2001,9,Other,PM10,0.087997047,197.1133848
1/9/2001,2001,9,Other,PM25,0.087979055,140.7664877
1/9/2001,2001,9,Other,SO2,0.084416308,228.7681947
1/9/2001,2001,9,Power,CO,0.09004492,253.9266757
1/9/2001,2001,9,Power,NOx,0.090044942,3450.52219
1/9/2001,2001,9,Power,PM10,0.090044896,146.7731803
1/9/2001,2001,9,Power,PM25,0.090044895,63.03142642
1/9/2001,2001,9,Power,SO2,0.090044889,5332.458333
1/9/2001,2001,9,Road-transport,CO,0.089068147,4898.74809
1/9/2001,2001,9,Road-transport,NOx,0.089410639,3558.543429
1/9/2001,2001,9,Road-transport,PM10,0.089643591,242.0376948
1/9/2001,2001,9,Road-transport,PM25,0.089643591,215.1446176
1/9/2001,2001,9,Road-transport,SO2,0.090025139,189.0527917
1/10/2001,2001,10,Non-road-transport,CO,0.083333333,3012.5
1/10/2001,2001,10,Non-road-transport,NOx,0.083333333,2935
1/10/2001,2001,10,Non-road-transport,PM10,0.083333333,216.6666667
1/10/2001,2001,10,Non-road-transport,PM25,0.083333333,201.6666667
1/10/2001,2001,10,Non-road-transport,SO2,0.083333333,2384.166667
1/10/2001,2001,10,Other,CO,0.090777069,467.5019032
1/10/2001,2001,10,Other,NOx,0.088072559,1041.017643
1/10/2001,2001,10,Other,PM10,0.090831564,203.4627027
1/10/2001,2001,10,Other,PM25,0.090762062,145.2192989
1/10/2001,2001,10,Other,SO2,0.087318695,236.6336622
1/10/2001,2001,10,Power,CO,0.085661372,241.5650703
1/10/2001,2001,10,Power,NOx,0.085661405,3282.545058
1/10/2001,2001,10,Power,PM10,0.085661397,139.6280768
1/10/2001,2001,10,Power,PM25,0.085661412,59.96298852
1/10/2001,2001,10,Power,SO2,0.085661375,5072.866646
1/10/2001,2001,10,Road-transport,CO,0.092785743,5103.215862
1/10/2001,2001,10,Road-transport,NOx,0.094473046,3760.027225
1/10/2001,2001,10,Road-transport,PM10,0.094255057,254.4886548
1/10/2001,2001,10,Road-transport,PM25,0.094255057,226.2121376
1/10/2001,2001,10,Road-transport,SO2,0.094935694,199.3649573
1/11/2001,2001,11,Non-road-transport,CO,0.083333333,3012.5
1/11/2001,2001,11,Non-road-transport,NOx,0.083333333,2935
1/11/2001,2001,11,Non-road-transport,PM10,0.083333333,216.6666667
1/11/2001,2001,11,Non-road-transport,PM25,0.083333333,201.6666667
1/11/2001,2001,11,Non-road-transport,SO2,0.083333333,2384.166667
1/11/2001,2001,11,Other,CO,0.090216003,464.612415
1/11/2001,2001,11,Other,NOx,0.092187098,1089.651503
1/11/2001,2001,11,Other,PM10,0.09124836,204.3963266
1/11/2001,2001,11,Other,PM25,0.090975861,145.5613777
1/11/2001,2001,11,Other,SO2,0.091597199,248.2284084
1/11/2001,2001,11,Power,CO,0.086531435,244.0186465
1/11/2001,2001,11,Power,NOx,0.086531415,3315.883823
1/11/2001,2001,11,Power,PM10,0.086531435,141.0462388
1/11/2001,2001,11,Power,PM25,0.086531419,60.57199298
1/11/2001,2001,11,Power,SO2,0.086531425,5124.390991
1/11/2001,2001,11,Road-transport,CO,0.094205387,5181.296259
1/11/2001,2001,11,Road-transport,NOx,0.099078103,3943.308503
1/11/2001,2001,11,Road-transport,PM10,0.097514114,263.2881069
1/11/2001,2001,11,Road-transport,PM25,0.097514114,234.0338728
1/11/2001,2001,11,Road-transport,SO2,0.098659337,207.1846074
1/12/2001,2001,12,Non-road-transport,CO,0.083333333,3012.5
1/12/2001,2001,12,Non-road-transport,NOx,0.083333333,2935
1/12/2001,2001,12,Non-road-transport,PM10,0.083333333,216.6666667
1/12/2001,2001,12,Non-road-transport,PM25,0.083333333,201.6666667
1/12/2001,2001,12,Non-road-transport,SO2,0.083333333,2384.166667
1/12/2001,2001,12,Other,CO,0.098641165,508.0019983
1/12/2001,2001,12,Other,NOx,0.101030237,1194.177407
1/12/2001,2001,12,Other,PM10,0.101998413,228.4764453
1/12/2001,2001,12,Other,PM25,0.100691065,161.1057047
1/12/2001,2001,12,Other,SO2,0.100609433,272.6515635
1/12/2001,2001,12,Power,CO,0.09105162,256.7655683
1/12/2001,2001,12,Power,NOx,0.091051616,3489.097925
1/12/2001,2001,12,Power,PM10,0.091051624,148.4141479
1/12/2001,2001,12,Power,PM25,0.091051649,63.73615423
1/12/2001,2001,12,Power,SO2,0.091051596,5392.075521
1/12/2001,2001,12,Road-transport,CO,0.091186988,5015.284348
1/12/2001,2001,12,Road-transport,NOx,0.104074174,4142.152125
1/12/2001,2001,12,Road-transport,PM10,0.098875788,266.9646281
1/12/2001,2001,12,Road-transport,PM25,0.098875788,237.3018917
1/12/2001,2001,12,Road-transport,SO2,0.100972274,212.0417748
1/1/2002,2002,1,Non-road-transport,CO,0.083333333,2645.833333
1/1/2002,2002,1,Non-road-transport,NOx,0.083333333,2899.166667
1/1/2002,2002,1,Non-road-transport,PM10,0.083333333,205
1/1/2002,2002,1,Non-road-transport,PM25,0.083333333,191.6666667
1/1/2002,2002,1,Non-road-transport,SO2,0.083333333,2088.333333
1/1/2002,2002,1,Other,CO,0.070855299,253.6619688
1/1/2002,2002,1,Other,NOx,0.079114799,814.8824327
1/1/2002,2002,1,Other,PM10,0.071600414,153.9408911
1/1/2002,2002,1,Other,PM25,0.071284047,109.0645925
1/1/2002,2002,1,Other,SO2,0.07810617,206.9813517
1/1/2002,2002,1,Power,CO,0.074360178,204.4904886
1/1/2002,2002,1,Power,NOx,0.074360179,2974.40716
1/1/2002,2002,1,Power,PM10,0.074360184,134.5919326
1/1/2002,2002,1,Power,PM25,0.074360212,58.00096517
1/1/2002,2002,1,Power,SO2,0.074360186,4471.277978
1/1/2002,2002,1,Road-transport,CO,0.079321351,4386.470736
1/1/2002,2002,1,Road-transport,NOx,0.073999939,2848.997648
1/1/2002,2002,1,Road-transport,PM10,0.0749247,187.3117506
1/1/2002,2002,1,Road-transport,PM25,0.0749247,172.3268106
1/1/2002,2002,1,Road-transport,SO2,0.072489639,72.48963894
1/2/2002,2002,2,Non-road-transport,CO,0.083333333,2645.833333
1/2/2002,2002,2,Non-road-transport,NOx,0.083333333,2899.166667
1/2/2002,2002,2,Non-road-transport,PM10,0.083333333,205
1/2/2002,2002,2,Non-road-transport,PM25,0.083333333,191.6666667
1/2/2002,2002,2,Non-road-transport,SO2,0.083333333,2088.333333
1/2/2002,2002,2,Other,CO,0.066657848,238.6350955
1/2/2002,2002,2,Other,NOx,0.072331013,745.0094335
1/2/2002,2002,2,Other,PM10,0.065315261,140.4278121
1/2/2002,2002,2,Other,PM25,0.065483722,100.1900951
1/2/2002,2002,2,Other,SO2,0.071344216,189.0621711
1/2/2002,2002,2,Power,CO,0.074432077,204.6882129
1/2/2002,2002,2,Power,NOx,0.074432059,2977.282362
1/2/2002,2002,2,Power,PM10,0.074432067,134.7220419
1/2/2002,2002,2,Power,PM25,0.074432054,58.0570023
1/2/2002,2002,2,Power,SO2,0.07443205,4475.59914
1/2/2002,2002,2,Road-transport,CO,0.076848476,4249.720702
1/2/2002,2002,2,Road-transport,NOx,0.066925968,2576.649763
1/2/2002,2002,2,Road-transport,PM10,0.07139039,178.4759741
1/2/2002,2002,2,Road-transport,PM25,0.07139039,164.1978961
1/2/2002,2002,2,Road-transport,SO2,0.069762164,69.76216426
1/3/2002,2002,3,Non-road-transport,CO,0.083333333,2645.833333
1/3/2002,2002,3,Non-road-transport,NOx,0.083333333,2899.166667
1/3/2002,2002,3,Non-road-transport,PM10,0.083333333,205
1/3/2002,2002,3,Non-road-transport,PM25,0.083333333,191.6666667
1/3/2002,2002,3,Non-road-transport,SO2,0.083333333,2088.333333
1/3/2002,2002,3,Other,CO,0.077760776,278.3835778
1/3/2002,2002,3,Other,NOx,0.082160944,846.2577282
1/3/2002,2002,3,Other,PM10,0.078616325,169.0250985
1/3/2002,2002,3,Other,PM25,0.078510597,120.1212139
1/3/2002,2002,3,Other,SO2,0.079936986,211.8330119
1/3/2002,2002,3,Power,CO,0.074503945,204.8858475
1/3/2002,2002,3,Power,NOx,0.074503921,2980.156826
1/3/2002,2002,3,Power,PM10,0.074503929,134.8521111
1/3/2002,2002,3,Power,PM25,0.07450393,58.11306543
1/3/2002,2002,3,Power,SO2,0.074503933,4479.921504
1/3/2002,2002,3,Road-transport,CO,0.075873062,4195.780333
1/3/2002,2002,3,Road-transport,NOx,0.077942213,3000.775195
1/3/2002,2002,3,Road-transport,PM10,0.076893077,192.2326916
1/3/2002,2002,3,Road-transport,PM25,0.076893077,176.8540763
1/3/2002,2002,3,Road-transport,SO2,0.077107029,77.10702931
1/4/2002,2002,4,Non-road-transport,CO,0.083333333,2645.833333
1/4/2002,2002,4,Non-road-transport,NOx,0.083333333,2899.166667
1/4/2002,2002,4,Non-road-transport,PM10,0.083333333,205
1/4/2002,2002,4,Non-road-transport,PM25,0.083333333,191.6666667
1/4/2002,2002,4,Non-road-transport,SO2,0.083333333,2088.333333
1/4/2002,2002,4,Other,CO,0.08182723,292.9414817
1/4/2002,2002,4,Other,NOx,0.080641342,830.6058221
1/4/2002,2002,4,Other,PM10,0.079828951,171.632245
1/4/2002,2002,4,Other,PM25,0.080260973,122.7992892
1/4/2002,2002,4,Other,SO2,0.082639753,218.9953463
1/4/2002,2002,4,Power,CO,0.086493892,237.8582021
1/4/2002,2002,4,Power,NOx,0.086493874,3459.754979
1/4/2002,2002,4,Power,PM10,0.08649388,156.5539223
1/4/2002,2002,4,Power,PM25,0.086493874,67.46522201
1/4/2002,2002,4,Power,SO2,0.086493903,5200.878406
1/4/2002,2002,4,Road-transport,CO,0.070530693,3900.347329
1/4/2002,2002,4,Road-transport,NOx,0.071629367,2757.730636
1/4/2002,2002,4,Road-transport,PM10,0.070839375,177.0984372
1/4/2002,2002,4,Road-transport,PM25,0.070839375,162.9305622
1/4/2002,2002,4,Road-transport,SO2,0.07070542,70.70541976
1/5/2002,2002,5,Non-road-transport,CO,0.083333333,2645.833333
1/5/2002,2002,5,Non-road-transport,NOx,0.083333333,2899.166667
1/5/2002,2002,5,Non-road-transport,PM10,0.083333333,205
1/5/2002,2002,5,Non-road-transport,PM25,0.083333333,191.6666667
1/5/2002,2002,5,Non-road-transport,SO2,0.083333333,2088.333333
1/5/2002,2002,5,Other,CO,0.081567657,292.0122113
1/5/2002,2002,5,Other,NOx,0.079765192,821.5814827
1/5/2002,2002,5,Other,PM10,0.080247232,172.5315499
1/5/2002,2002,5,Other,PM25,0.080736274,123.5264997
1/5/2002,2002,5,Other,SO2,0.081212359,215.2127523
1/5/2002,2002,5,Power,CO,0.091459915,251.5147669
1/5/2002,2002,5,Power,NOx,0.091459931,3658.397231
1/5/2002,2002,5,Power,PM10,0.091459913,165.5424425
1/5/2002,2002,5,Power,PM25,0.09145993,71.33874578
1/5/2002,2002,5,Power,SO2,0.091459956,5499.487129
1/5/2002,2002,5,Road-transport,CO,0.081082936,4483.886346
1/5/2002,2002,5,Road-transport,NOx,0.078931795,3038.874101
1/5/2002,2002,5,Road-transport,PM10,0.079991018,199.9775444
1/5/2002,2002,5,Road-transport,PM25,0.079991018,183.9793409
1/5/2002,2002,5,Road-transport,SO2,0.079735113,79.73511308
1/6/2002,2002,6,Non-road-transport,CO,0.083333333,2645.833333
1/6/2002,2002,6,Non-road-transport,NOx,0.083333333,2899.166667
1/6/2002,2002,6,Non-road-transport,PM10,0.083333333,205
1/6/2002,2002,6,Non-road-transport,PM25,0.083333333,191.6666667
1/6/2002,2002,6,Non-road-transport,SO2,0.083333333,2088.333333
1/6/2002,2002,6,Other,CO,0.082659317,295.9203562
1/6/2002,2002,6,Other,NOx,0.082728724,852.1058537
1/6/2002,2002,6,Other,PM10,0.083344225,179.1900831
1/6/2002,2002,6,Other,PM25,0.083508047,127.7673122
1/6/2002,2002,6,Other,SO2,0.083273749,220.675434
1/6/2002,2002,6,Power,CO,0.096712951,265.9606143
1/6/2002,2002,6,Power,NOx,0.09671297,3868.518799
1/6/2002,2002,6,Power,PM10,0.096712925,175.0503945
1/6/2002,2002,6,Power,PM25,0.096712933,75.43608803
1/6/2002,2002,6,Power,SO2,0.096712944,5815.349332
1/6/2002,2002,6,Road-transport,CO,0.081205293,4490.652727
1/6/2002,2002,6,Road-transport,NOx,0.080140751,3085.418925
1/6/2002,2002,6,Road-transport,PM10,0.080707644,201.7691096
1/6/2002,2002,6,Road-transport,PM25,0.080707644,185.6275809
1/6/2002,2002,6,Road-transport,SO2,0.080626394,80.62639407
1/7/2002,2002,7,Non-road-transport,CO,0.083333333,2645.833333
1/7/2002,2002,7,Non-road-transport,NOx,0.083333333,2899.166667
1/7/2002,2002,7,Non-road-transport,PM10,0.083333333,205
1/7/2002,2002,7,Non-road-transport,PM25,0.083333333,191.6666667
1/7/2002,2002,7,Non-road-transport,SO2,0.083333333,2088.333333
1/7/2002,2002,7,Other,CO,0.083717236,299.7077046
1/7/2002,2002,7,Other,NOx,0.08127491,837.1315756
1/7/2002,2002,7,Other,PM10,0.083860179,180.2993839
1/7/2002,2002,7,Other,PM25,0.083935635,128.4215208
1/7/2002,2002,7,Other,SO2,0.081944356,217.1525444
1/7/2002,2002,7,Power,CO,0.091617982,251.9494495
1/7/2002,2002,7,Power,NOx,0.091617948,3664.71794
1/7/2002,2002,7,Power,PM10,0.091617988,165.828558
1/7/2002,2002,7,Power,PM25,0.091617982,71.46202605
1/7/2002,2002,7,Power,SO2,0.091617946,5508.987081
1/7/2002,2002,7,Road-transport,CO,0.0831959,4600.733268
1/7/2002,2002,7,Road-transport,NOx,0.081200898,3126.234572
1/7/2002,2002,7,Road-transport,PM10,0.082099822,205.2495546
1/7/2002,2002,7,Road-transport,PM25,0.082099822,188.8295902
1/7/2002,2002,7,Road-transport,SO2,0.08177384,81.77384031
1/8/2002,2002,8,Non-road-transport,CO,0.083333333,2645.833333
1/8/2002,2002,8,Non-road-transport,NOx,0.083333333,2899.166667
1/8/2002,2002,8,Non-road-transport,PM10,0.083333333,205
1/8/2002,2002,8,Non-road-transport,PM25,0.083333333,191.6666667
1/8/2002,2002,8,Non-road-transport,SO2,0.083333333,2088.333333
1/8/2002,2002,8,Other,CO,0.084046043,300.8848356
1/8/2002,2002,8,Other,NOx,0.080399632,828.1162092
1/8/2002,2002,8,Other,PM10,0.082681049,177.7642557
1/8/2002,2002,8,Other,PM25,0.082843048,126.7498638
1/8/2002,2002,8,Other,SO2,0.081298642,215.4414023
1/8/2002,2002,8,Power,CO,0.086522952,237.9381183
1/8/2002,2002,8,Power,NOx,0.086522986,3460.919442
1/8/2002,2002,8,Power,PM10,0.086523006,156.6066412
1/8/2002,2002,8,Power,PM25,0.086522997,67.48793729
1/8/2002,2002,8,Power,SO2,0.086522968,5202.626049
1/8/2002,2002,8,Road-transport,CO,0.085339883,4719.295533
1/8/2002,2002,8,Road-transport,NOx,0.082582533,3179.427505
1/8/2002,2002,8,Road-transport,PM10,0.083903803,209.7595065
1/8/2002,2002,8,Road-transport,PM25,0.083903803,192.978746
1/8/2002,2002,8,Road-transport,SO2,0.083537046,83.53704635
1/9/2002,2002,9,Non-road-transport,CO,0.083333333,2645.833333
1/9/2002,2002,9,Non-road-transport,NOx,0.083333333,2899.166667
1/9/2002,2002,9,Non-road-transport,PM10,0.083333333,205
1/9/2002,2002,9,Non-road-transport,PM25,0.083333333,191.6666667
1/9/2002,2002,9,Non-road-transport,SO2,0.083333333,2088.333333
1/9/2002,2002,9,Other,CO,0.087611634,313.6496485
1/9/2002,2002,9,Other,NOx,0.079921627,823.1927566
1/9/2002,2002,9,Other,PM10,0.086008343,184.9179365
1/9/2002,2002,9,Other,PM25,0.086090643,131.7186844
1/9/2002,2002,9,Other,SO2,0.081434216,215.8006724
1/9/2002,2002,9,Power,CO,0.089175432,245.2324377
1/9/2002,2002,9,Power,NOx,0.08917549,3567.019613
1/9/2002,2002,9,Power,PM10,0.089175449,161.407562
1/9/2002,2002,9,Power,PM25,0.089175458,69.55685737
1/9/2002,2002,9,Power,SO2,0.089175471,5362.121072
1/9/2002,2002,9,Road-transport,CO,0.089109763,4927.769912
1/9/2002,2002,9,Road-transport,NOx,0.089478089,3444.906442
1/9/2002,2002,9,Road-transport,PM10,0.089662931,224.1573268
1/9/2002,2002,9,Road-transport,PM25,0.089662931,206.2247407
1/9/2002,2002,9,Road-transport,SO2,0.090096001,90.0960005
1/10/2002,2002,10,Non-road-transport,CO,0.083333333,2645.833333
1/10/2002,2002,10,Non-road-transport,NOx,0.083333333,2899.166667
1/10/2002,2002,10,Non-road-transport,PM10,0.083333333,205
1/10/2002,2002,10,Non-road-transport,PM25,0.083333333,191.6666667
1/10/2002,2002,10,Non-road-transport,SO2,0.083333333,2088.333333
1/10/2002,2002,10,Other,CO,0.090069961,322.4504606
1/10/2002,2002,10,Other,NOx,0.087595744,902.2361649
1/10/2002,2002,10,Other,PM10,0.091027548,195.7092291
1/10/2002,2002,10,Other,PM25,0.091044379,139.2979005
1/10/2002,2002,10,Other,SO2,0.086738639,229.8573938
1/10/2002,2002,10,Power,CO,0.078049659,214.6365629
1/10/2002,2002,10,Power,NOx,0.078049669,3121.986765
1/10/2002,2002,10,Power,PM10,0.078049675,141.269912
1/10/2002,2002,10,Power,PM25,0.078049669,60.87874147
1/10/2002,2002,10,Power,SO2,0.078049667,4693.126472
1/10/2002,2002,10,Road-transport,CO,0.092784726,5130.995357
1/10/2002,2002,10,Road-transport,NOx,0.094515661,3638.852947
1/10/2002,2002,10,Road-transport,PM10,0.094204645,235.5116137
1/10/2002,2002,10,Road-transport,PM25,0.094204645,216.6706846
1/10/2002,2002,10,Road-transport,SO2,0.094985827,94.98582725
1/11/2002,2002,11,Non-road-transport,CO,0.083333333,2645.833333
1/11/2002,2002,11,Non-road-transport,NOx,0.083333333,2899.166667
1/11/2002,2002,11,Non-road-transport,PM10,0.083333333,205
1/11/2002,2002,11,Non-road-transport,PM25,0.083333333,191.6666667
1/11/2002,2002,11,Non-road-transport,SO2,0.083333333,2088.333333
1/11/2002,2002,11,Other,CO,0.09202344,329.4439141
1/11/2002,2002,11,Other,NOx,0.092161976,949.2683578
1/11/2002,2002,11,Other,PM10,0.09240187,198.6640208
1/11/2002,2002,11,Other,PM25,0.092323352,141.2547284
1/11/2002,2002,11,Other,SO2,0.091341775,242.0557049
1/11/2002,2002,11,Power,CO,0.077868634,214.1387442
1/11/2002,2002,11,Power,NOx,0.077868633,3114.745331
1/11/2002,2002,11,Power,PM10,0.077868609,140.9421821
1/11/2002,2002,11,Power,PM25,0.077868596,60.73750449
1/11/2002,2002,11,Power,SO2,0.077868612,4682.239637
1/11/2002,2002,11,Road-transport,CO,0.094061543,5201.603337
1/11/2002,2002,11,Road-transport,NOx,0.099002873,3811.610629
1/11/2002,2002,11,Road-transport,PM10,0.097268812,243.1720301
1/11/2002,2002,11,Road-transport,PM25,0.097268812,223.7182677
1/11/2002,2002,11,Road-transport,SO2,0.098599611,98.59961135
1/12/2002,2002,12,Non-road-transport,CO,0.083333333,2645.833333
1/12/2002,2002,12,Non-road-transport,NOx,0.083333333,2899.166667
1/12/2002,2002,12,Non-road-transport,PM10,0.083333333,205
1/12/2002,2002,12,Non-road-transport,PM25,0.083333333,191.6666667
1/12/2002,2002,12,Non-road-transport,SO2,0.083333333,2088.333333
1/12/2002,2002,12,Other,CO,0.10120356,362.3087453
1/12/2002,2002,12,Other,NOx,0.101904095,1049.612183
1/12/2002,2002,12,Other,PM10,0.105068602,225.8974944
1/12/2002,2002,12,Other,PM25,0.103979281,159.0882995
1/12/2002,2002,12,Other,SO2,0.100729138,266.932215
1/12/2002,2002,12,Power,CO,0.078802384,216.7065552
1/12/2002,2002,12,Power,NOx,0.078802339,3152.093552
1/12/2002,2002,12,Power,PM10,0.078802376,142.6322999
1/12/2002,2002,12,Power,PM25,0.078802365,61.4658446
1/12/2002,2002,12,Power,SO2,0.078802365,4738.386199
1/12/2002,2002,12,Road-transport,CO,0.090646373,5012.744419
1/12/2002,2002,12,Road-transport,NOx,0.103649913,3990.521638
1/12/2002,2002,12,Road-transport,PM10,0.098113784,245.2844607
1/12/2002,2002,12,Road-transport,PM25,0.098113784,225.6617039
1/12/2002,2002,12,Road-transport,SO2,0.100581915,100.5819148
1/1/2003,2003,1,Non-road-transport,CO,0.083333333,1778.333333
1/1/2003,2003,1,Non-road-transport,NOx,0.083333333,2865
1/1/2003,2003,1,Non-road-transport,PM10,0.083333333,189.1666667
1/1/2003,2003,1,Non-road-transport,PM25,0.083333333,175.8333333
1/1/2003,2003,1,Non-road-transport,SO2,0.083333333,1654.166667
1/1/2003,2003,1,Other,CO,0.0685293,246.7054786
1/1/2003,2003,1,Other,NOx,0.08440715,863.4851451
1/1/2003,2003,1,Other,PM10,0.071466225,151.5083962
1/1/2003,2003,1,Other,PM25,0.070581375,105.1662493
1/1/2003,2003,1,Other,SO2,0.082411909,224.1603911
1/1/2003,2003,1,Power,CO,0.074149292,227.6383253
1/1/2003,2003,1,Power,NOx,0.074149313,4064.123858
1/1/2003,2003,1,Power,PM10,0.074149298,169.0604001
1/1/2003,2003,1,Power,PM25,0.074149297,72.66631104
1/1/2003,2003,1,Power,SO2,0.074149292,6219.642651
1/1/2003,2003,1,Road-transport,CO,0.079460457,4418.001406
1/1/2003,2003,1,Road-transport,NOx,0.073758566,2743.818673
1/1/2003,2003,1,Road-transport,PM10,0.075079772,172.6834748
1/1/2003,2003,1,Road-transport,PM25,0.075079772,165.1754976
1/1/2003,2003,1,Road-transport,SO2,0.072290674,72.29067378
1/2/2003,2003,2,Non-road-transport,CO,0.083333333,1778.333333
1/2/2003,2003,2,Non-road-transport,NOx,0.083333333,2865
1/2/2003,2003,2,Non-road-transport,PM10,0.083333333,189.1666667
1/2/2003,2003,2,Non-road-transport,PM25,0.083333333,175.8333333
1/2/2003,2003,2,Non-road-transport,SO2,0.083333333,1654.166667
1/2/2003,2003,2,Other,CO,0.064157682,230.9676539
1/2/2003,2003,2,Other,NOx,0.068535557,701.1187451
1/2/2003,2003,2,Other,PM10,0.063595302,134.8220396
1/2/2003,2003,2,Other,PM25,0.063690592,94.89898226
1/2/2003,2003,2,Other,SO2,0.068160034,185.3952932
1/2/2003,2003,2,Power,CO,0.074220954,227.8583295
1/2/2003,2003,2,Power,NOx,0.074220983,4068.052052
1/2/2003,2003,2,Power,PM10,0.07422097,169.2238127
1/2/2003,2003,2,Power,PM25,0.074220976,72.73655696
1/2/2003,2003,2,Power,SO2,0.074220969,6225.654895
1/2/2003,2003,2,Road-transport,CO,0.077207371,4292.729848
1/2/2003,2003,2,Road-transport,NOx,0.068610533,2552.311815
1/2/2003,2003,2,Road-transport,PM10,0.073184715,168.3248436
1/2/2003,2003,2,Road-transport,PM25,0.073184715,161.0063721
1/2/2003,2003,2,Road-transport,SO2,0.071179964,71.17996416
1/3/2003,2003,3,Non-road-transport,CO,0.083333333,1778.333333
1/3/2003,2003,3,Non-road-transport,NOx,0.083333333,2865
1/3/2003,2003,3,Non-road-transport,PM10,0.083333333,189.1666667
1/3/2003,2003,3,Non-road-transport,PM25,0.083333333,175.8333333
1/3/2003,2003,3,Non-road-transport,SO2,0.083333333,1654.166667
1/3/2003,2003,3,Other,CO,0.076866746,276.7202843
1/3/2003,2003,3,Other,NOx,0.084516435,864.603128
1/3/2003,2003,3,Other,PM10,0.078828867,167.1171982
1/3/2003,2003,3,Other,PM25,0.078503266,116.9698669
1/3/2003,2003,3,Other,SO2,0.081518875,221.7313389
1/3/2003,2003,3,Power,CO,0.074292653,228.0784449
1/3/2003,2003,3,Power,NOx,0.074292648,4071.980032
1/3/2003,2003,3,Power,PM10,0.074292642,169.3872228
1/3/2003,2003,3,Power,PM25,0.074292634,72.80678103
1/3/2003,2003,3,Power,SO2,0.074292641,6231.66672
1/3/2003,2003,3,Road-transport,CO,0.07579395,4214.143639
1/3/2003,2003,3,Road-transport,NOx,0.077498869,2882.957926
1/3/2003,2003,3,Road-transport,PM10,0.076454005,175.8442107
1/3/2003,2003,3,Road-transport,PM25,0.076454005,168.1988102
1/3/2003,2003,3,Road-transport,SO2,0.076734254,76.73425414
1/4/2003,2003,4,Non-road-transport,CO,0.083333333,1778.333333
1/4/2003,2003,4,Non-road-transport,NOx,0.083333333,2865
1/4/2003,2003,4,Non-road-transport,PM10,0.083333333,189.1666667
1/4/2003,2003,4,Non-road-transport,PM25,0.083333333,175.8333333
1/4/2003,2003,4,Non-road-transport,SO2,0.083333333,1654.166667
1/4/2003,2003,4,Other,CO,0.077800844,280.0830375
1/4/2003,2003,4,Other,NOx,0.079580772,814.1112936
1/4/2003,2003,4,Other,PM10,0.07816493,165.7096523
1/4/2003,2003,4,Other,PM25,0.078349552,116.740833
1/4/2003,2003,4,Other,SO2,0.081409796,221.4346456
1/4/2003,2003,4,Power,CO,0.078517267,241.0480095
1/4/2003,2003,4,Power,NOx,0.078517242,4303.530041
1/4/2003,2003,4,Power,PM10,0.078517237,179.0193012
1/4/2003,2003,4,Power,PM25,0.078517247,76.9469022
1/4/2003,2003,4,Power,SO2,0.078517256,6586.027472
1/4/2003,2003,4,Road-transport,CO,0.07048022,3918.700223
1/4/2003,2003,4,Road-transport,NOx,0.071212521,2649.105763
1/4/2003,2003,4,Road-transport,PM10,0.070478302,162.1000935
1/4/2003,2003,4,Road-transport,PM25,0.070478302,155.0522633
1/4/2003,2003,4,Road-transport,SO2,0.070355439,70.35543896
1/5/2003,2003,5,Non-road-transport,CO,0.083333333,1778.333333
1/5/2003,2003,5,Non-road-transport,NOx,0.083333333,2865
1/5/2003,2003,5,Non-road-transport,PM10,0.083333333,189.1666667
1/5/2003,2003,5,Non-road-transport,PM25,0.083333333,175.8333333
1/5/2003,2003,5,Non-road-transport,SO2,0.083333333,1654.166667
1/5/2003,2003,5,Other,CO,0.07582433,272.9675895
1/5/2003,2003,5,Other,NOx,0.076389524,781.4648353
1/5/2003,2003,5,Other,PM10,0.076742833,162.6948069
1/5/2003,2003,5,Other,PM25,0.077325962,115.2156839
1/5/2003,2003,5,Other,SO2,0.077449993,210.6639808
1/5/2003,2003,5,Power,CO,0.084868806,260.5472335
1/5/2003,2003,5,Power,NOx,0.084868861,4651.662272
1/5/2003,2003,5,Power,PM10,0.084868871,193.5010253
1/5/2003,2003,5,Power,PM25,0.084868873,83.1714951
1/5/2003,2003,5,Power,SO2,0.084868857,7118.799687
1/5/2003,2003,5,Road-transport,CO,0.081164045,4512.720888
1/5/2003,2003,5,Road-transport,NOx,0.079368172,2952.495985
1/5/2003,2003,5,Road-transport,PM10,0.080430186,184.9894288
1/5/2003,2003,5,Road-transport,PM25,0.080430186,176.9464102
1/5/2003,2003,5,Road-transport,SO2,0.080102107,80.1021067
1/6/2003,2003,6,Non-road-transport,CO,0.083333333,1778.333333
1/6/2003,2003,6,Non-road-transport,NOx,0.083333333,2865
1/6/2003,2003,6,Non-road-transport,PM10,0.083333333,189.1666667
1/6/2003,2003,6,Non-road-transport,PM25,0.083333333,175.8333333
1/6/2003,2003,6,Non-road-transport,SO2,0.083333333,1654.166667
1/6/2003,2003,6,Other,CO,0.084510723,304.2386022
1/6/2003,2003,6,Other,NOx,0.084215786,861.5274942
1/6/2003,2003,6,Other,PM10,0.084824524,179.8279901
1/6/2003,2003,6,Other,PM25,0.084937394,126.5567176
1/6/2003,2003,6,Other,SO2,0.084673536,230.312018
1/6/2003,2003,6,Power,CO,0.080822243,248.1242856
1/6/2003,2003,6,Power,NOx,0.080822239,4429.866918
1/6/2003,2003,6,Power,PM10,0.080822266,184.2747676
1/6/2003,2003,6,Power,PM25,0.08082227,79.20582419
1/6/2003,2003,6,Power,SO2,0.080822244,6779.369808
1/6/2003,2003,6,Road-transport,CO,0.081246979,4517.332043
1/6/2003,2003,6,Road-transport,NOx,0.080389983,2990.507385
1/6/2003,2003,6,Road-transport,PM10,0.080948436,186.1814032
1/6/2003,2003,6,Road-transport,PM25,0.080948436,178.0865596
1/6/2003,2003,6,Road-transport,SO2,0.080835894,80.83589433
1/7/2003,2003,7,Non-road-transport,CO,0.083333333,1778.333333
1/7/2003,2003,7,Non-road-transport,NOx,0.083333333,2865
1/7/2003,2003,7,Non-road-transport,PM10,0.083333333,189.1666667
1/7/2003,2003,7,Non-road-transport,PM25,0.083333333,175.8333333
1/7/2003,2003,7,Non-road-transport,SO2,0.083333333,1654.166667
1/7/2003,2003,7,Other,CO,0.085553461,307.9924586
1/7/2003,2003,7,Other,NOx,0.080881004,827.4126671
1/7/2003,2003,7,Other,PM10,0.084147845,178.393431
1/7/2003,2003,7,Other,PM25,0.084465779,125.8540106
1/7/2003,2003,7,Other,SO2,0.082016532,223.0849661
1/7/2003,2003,7,Power,CO,0.093548773,287.1947319
1/7/2003,2003,7,Power,NOx,0.093548798,5127.40962
1/7/2003,2003,7,Power,PM10,0.093548769,213.2911923
1/7/2003,2003,7,Power,PM25,0.093548779,91.67780382
1/7/2003,2003,7,Power,SO2,0.093548768,7846.870682
1/7/2003,2003,7,Road-transport,CO,0.083268098,4629.706264
1/7/2003,2003,7,Road-transport,NOx,0.081540626,3033.31128
1/7/2003,2003,7,Road-transport,PM10,0.082461292,189.6609713
1/7/2003,2003,7,Road-transport,PM25,0.082461292,181.4148421
1/7/2003,2003,7,Road-transport,SO2,0.08205975,82.05974978
1/8/2003,2003,8,Non-road-transport,CO,0.083333333,1778.333333
1/8/2003,2003,8,Non-road-transport,NOx,0.083333333,2865
1/8/2003,2003,8,Non-road-transport,PM10,0.083333333,189.1666667
1/8/2003,2003,8,Non-road-transport,PM25,0.083333333,175.8333333
1/8/2003,2003,8,Non-road-transport,SO2,0.083333333,1654.166667
1/8/2003,2003,8,Other,CO,0.083410833,300.2789976
1/8/2003,2003,8,Other,NOx,0.079891585,817.2909133
1/8/2003,2003,8,Other,PM10,0.083117739,176.209607
1/8/2003,2003,8,Other,PM25,0.083339162,124.1753514
1/8/2003,2003,8,Other,SO2,0.081120486,220.6477209
1/8/2003,2003,8,Power,CO,0.093366784,286.6360272
1/8/2003,2003,8,Power,NOx,0.093366767,5117.432491
1/8/2003,2003,8,Power,PM10,0.093366725,212.8761324
1/8/2003,2003,8,Power,PM25,0.093366728,91.49939383
1/8/2003,2003,8,Power,SO2,0.093366722,7831.600631
1/8/2003,2003,8,Road-transport,CO,0.085442549,4750.605744
1/8/2003,2003,8,Road-transport,NOx,0.083113489,3091.821797
1/8/2003,2003,8,Road-transport,PM10,0.084446727,194.2274715
1/8/2003,2003,8,Road-transport,PM25,0.084446727,185.7827988
1/8/2003,2003,8,Road-transport,SO2,0.083983679,83.98367857
1/9/2003,2003,9,Non-road-transport,CO,0.083333333,1778.333333
1/9/2003,2003,9,Non-road-transport,NOx,0.083333333,2865
1/9/2003,2003,9,Non-road-transport,PM10,0.083333333,189.1666667
1/9/2003,2003,9,Non-road-transport,PM25,0.083333333,175.8333333
1/9/2003,2003,9,Non-road-transport,SO2,0.083333333,1654.166667
1/9/2003,2003,9,Other,CO,0.089010643,320.4383141
1/9/2003,2003,9,Other,NOx,0.080941364,828.0301541
1/9/2003,2003,9,Other,PM10,0.086944642,184.3226412
1/9/2003,2003,9,Other,PM25,0.087214913,129.9502206
1/9/2003,2003,9,Other,SO2,0.082522833,224.4621052
1/9/2003,2003,9,Power,CO,0.08662785,265.9474981
1/9/2003,2003,9,Power,NOx,0.086627868,4748.073468
1/9/2003,2003,9,Power,PM10,0.086627843,197.5114832
1/9/2003,2003,9,Power,PM25,0.086627875,84.8953173
1/9/2003,2003,9,Power,SO2,0.08662784,7266.343225
1/9/2003,2003,9,Road-transport,CO,0.08910916,4954.469308
1/9/2003,2003,9,Road-transport,NOx,0.089688674,3336.418662
1/9/2003,2003,9,Road-transport,PM10,0.089788898,206.5144662
1/9/2003,2003,9,Road-transport,PM25,0.089788898,197.5355763
1/9/2003,2003,9,Road-transport,SO2,0.0902722,90.27220023
1/10/2003,2003,10,Non-road-transport,CO,0.083333333,1778.333333
1/10/2003,2003,10,Non-road-transport,NOx,0.083333333,2865
1/10/2003,2003,10,Non-road-transport,PM10,0.083333333,189.1666667
1/10/2003,2003,10,Non-road-transport,PM25,0.083333333,175.8333333
1/10/2003,2003,10,Non-road-transport,SO2,0.083333333,1654.166667
1/10/2003,2003,10,Other,CO,0.094101505,338.765419
1/10/2003,2003,10,Other,NOx,0.088511487,905.472514
1/10/2003,2003,10,Other,PM10,0.092784501,196.7031411
1/10/2003,2003,10,Other,PM25,0.092807089,138.2825629
1/10/2003,2003,10,Other,SO2,0.087648413,238.4036843
1/10/2003,2003,10,Power,CO,0.083954992,257.7418241
1/10/2003,2003,10,Power,NOx,0.083954954,4601.571025
1/10/2003,2003,10,Power,PM10,0.083955012,191.4174277
1/10/2003,2003,10,Power,PM25,0.083954994,82.27589403
1/10/2003,2003,10,Power,SO2,0.083954982,7042.143883
1/10/2003,2003,10,Road-transport,CO,0.092739127,5156.295465
1/10/2003,2003,10,Road-transport,NOx,0.094586197,3518.606524
1/10/2003,2003,10,Road-transport,PM10,0.09414858,216.5417332
1/10/2003,2003,10,Road-transport,PM25,0.09414858,207.1268752
1/10/2003,2003,10,Road-transport,SO2,0.095043876,95.04387644
1/11/2003,2003,11,Non-road-transport,CO,0.083333333,1778.333333
1/11/2003,2003,11,Non-road-transport,NOx,0.083333333,2865
1/11/2003,2003,11,Non-road-transport,PM10,0.083333333,189.1666667
1/11/2003,2003,11,Non-road-transport,PM25,0.083333333,175.8333333
1/11/2003,2003,11,Non-road-transport,SO2,0.083333333,1654.166667
1/11/2003,2003,11,Other,CO,0.09685124,348.6644636
1/11/2003,2003,11,Other,NOx,0.090200625,922.7523948
1/11/2003,2003,11,Other,PM10,0.093525347,198.2737347
1/11/2003,2003,11,Other,PM25,0.093747054,139.6831107
1/11/2003,2003,11,Other,SO2,0.090045009,244.9224231
1/11/2003,2003,11,Power,CO,0.086056151,264.1923841
1/11/2003,2003,11,Power,NOx,0.086056144,4716.737258
1/11/2003,2003,11,Power,PM10,0.086056142,196.2080046
1/11/2003,2003,11,Power,PM25,0.086056125,84.33500241
1/11/2003,2003,11,Power,SO2,0.086056201,7218.394176
1/11/2003,2003,11,Road-transport,CO,0.093900574,5220.871915
1/11/2003,2003,11,Road-transport,NOx,0.098545071,3665.876654
1/11/2003,2003,11,Road-transport,PM10,0.096644,222.281201
1/11/2003,2003,11,Road-transport,PM25,0.096644,212.6168009
1/11/2003,2003,11,Road-transport,SO2,0.098212939,98.21293857
1/12/2003,2003,12,Non-road-transport,CO,0.083333333,1778.333333
1/12/2003,2003,12,Non-road-transport,NOx,0.083333333,2865
1/12/2003,2003,12,Non-road-transport,PM10,0.083333333,189.1666667
1/12/2003,2003,12,Non-road-transport,PM25,0.083333333,175.8333333
1/12/2003,2003,12,Non-road-transport,SO2,0.083333333,1654.166667
1/12/2003,2003,12,Other,CO,0.103382695,372.1777011
1/12/2003,2003,12,Other,NOx,0.101928711,1042.730715
1/12/2003,2003,12,Other,PM10,0.105857246,224.4173617
1/12/2003,2003,12,Other,PM25,0.10503786,156.5064107
1/12/2003,2003,12,Other,SO2,0.101022586,274.7814326
1/12/2003,2003,12,Power,CO,0.089574237,274.9929062
1/12/2003,2003,12,Power,NOx,0.089574183,4909.560966
1/12/2003,2003,12,Power,PM10,0.089574224,204.22923
1/12/2003,2003,12,Power,PM25,0.089574202,87.78271808
1/12/2003,2003,12,Power,SO2,0.089574227,7513.486171
1/12/2003,2003,12,Road-transport,CO,0.090187469,5014.423256
1/12/2003,2003,12,Road-transport,NOx,0.101687299,3782.767535
1/12/2003,2003,12,Road-transport,PM10,0.095935088,220.6507024
1/12/2003,2003,12,Road-transport,PM25,0.095935088,211.0571936
1/12/2003,2003,12,Road-transport,SO2,0.098929224,98.92922433
1/1/2004,2004,1,Non-road-transport,CO,0.083333333,1734.166667
1/1/2004,2004,1,Non-road-transport,NOx,0.083333333,3052.5
1/1/2004,2004,1,Non-road-transport,PM10,0.083333333,196.6666667
1/1/2004,2004,1,Non-road-transport,PM25,0.083333333,183.3333333
1/1/2004,2004,1,Non-road-transport,SO2,0.083333333,1660.833333
1/1/2004,2004,1,Other,CO,0.068077369,243.0362084
1/1/2004,2004,1,Other,NOx,0.071983515,716.9558123
1/1/2004,2004,1,Other,PM10,0.064008082,135.0570538
1/1/2004,2004,1,Other,PM25,0.06437863,94.6365863
1/1/2004,2004,1,Other,SO2,0.072943741,194.0303498
1/1/2004,2004,1,Power,CO,0.067198392,208.9869985
1/1/2004,2004,1,Power,NOx,0.067198383,3020.567329
1/1/2004,2004,1,Power,PM10,0.067198414,185.467622
1/1/2004,2004,1,Power,PM25,0.067198387,79.96608026
1/1/2004,2004,1,Power,SO2,0.067198408,5881.204689
1/1/2004,2004,1,Road-transport,CO,0.079508986,4516.11041
1/1/2004,2004,1,Road-transport,NOx,0.073501935,2682.820638
1/1/2004,2004,1,Road-transport,PM10,0.074834093,157.1515953
1/1/2004,2004,1,Road-transport,PM25,0.074834093,142.1847767
1/1/2004,2004,1,Road-transport,SO2,0.072240384,72.24038417
1/2/2004,2004,2,Non-road-transport,CO,0.083333333,1734.166667
1/2/2004,2004,2,Non-road-transport,NOx,0.083333333,3052.5
1/2/2004,2004,2,Non-road-transport,PM10,0.083333333,196.6666667
1/2/2004,2004,2,Non-road-transport,PM25,0.083333333,183.3333333
1/2/2004,2004,2,Non-road-transport,SO2,0.083333333,1660.833333
1/2/2004,2004,2,Other,CO,0.069015212,246.3843072
1/2/2004,2004,2,Other,NOx,0.075444749,751.4297026
1/2/2004,2004,2,Other,PM10,0.066705312,140.7482086
1/2/2004,2004,2,Other,PM25,0.066843913,98.26055203
1/2/2004,2004,2,Other,SO2,0.074237202,197.4709568
1/2/2004,2004,2,Power,CO,0.074636711,232.1201722
1/2/2004,2004,2,Power,NOx,0.074636743,3354.921603
1/2/2004,2004,2,Power,PM10,0.074636727,205.9973664
1/2/2004,2004,2,Power,PM25,0.074636747,88.81772938
1/2/2004,2004,2,Power,SO2,0.074636733,6532.206876
1/2/2004,2004,2,Road-transport,CO,0.07718589,4384.15853
1/2/2004,2004,2,Road-transport,NOx,0.068422126,2497.407596
1/2/2004,2004,2,Road-transport,PM10,0.072755679,152.7869261
1/2/2004,2004,2,Road-transport,PM25,0.072755679,138.2357903
1/2/2004,2004,2,Road-transport,SO2,0.071080433,71.08043307
1/3/2004,2004,3,Non-road-transport,CO,0.083333333,1734.166667
1/3/2004,2004,3,Non-road-transport,NOx,0.083333333,3052.5
1/3/2004,2004,3,Non-road-transport,PM10,0.083333333,196.6666667
1/3/2004,2004,3,Non-road-transport,PM25,0.083333333,183.3333333
1/3/2004,2004,3,Non-road-transport,SO2,0.083333333,1660.833333
1/3/2004,2004,3,Other,CO,0.07677521,274.0875005
1/3/2004,2004,3,Other,NOx,0.084827271,844.8796145
1/3/2004,2004,3,Other,PM10,0.07798457,164.5474425
1/3/2004,2004,3,Other,PM25,0.077769952,114.3218301
1/3/2004,2004,3,Other,SO2,0.081307002,216.2766253
1/3/2004,2004,3,Power,CO,0.083380036,259.3119132
1/3/2004,2004,3,Power,NOx,0.083380054,3747.933407
1/3/2004,2004,3,Power,PM10,0.083380074,230.1290032
1/3/2004,2004,3,Power,PM25,0.083380068,99.2222806
1/3/2004,2004,3,Power,SO2,0.083380072,7297.423894
1/3/2004,2004,3,Road-transport,CO,0.075803252,4305.624704
1/3/2004,2004,3,Road-transport,NOx,0.077525651,2829.686275
1/3/2004,2004,3,Road-transport,PM10,0.076542212,160.7386459
1/3/2004,2004,3,Road-transport,PM25,0.076542212,145.4302034
1/3/2004,2004,3,Road-transport,SO2,0.076755248,76.75524772
1/4/2004,2004,4,Non-road-transport,CO,0.083333333,1734.166667
1/4/2004,2004,4,Non-road-transport,NOx,0.083333333,3052.5
1/4/2004,2004,4,Non-road-transport,PM10,0.083333333,196.6666667
1/4/2004,2004,4,Non-road-transport,PM25,0.083333333,183.3333333
1/4/2004,2004,4,Non-road-transport,SO2,0.083333333,1660.833333
1/4/2004,2004,4,Other,CO,0.080491048,287.3530424
1/4/2004,2004,4,Other,NOx,0.082042537,817.1436662
1/4/2004,2004,4,Other,PM10,0.080385898,169.614244
1/4/2004,2004,4,Other,PM25,0.080256147,117.9765354
1/4/2004,2004,4,Other,SO2,0.084855209,225.7148551
1/4/2004,2004,4,Power,CO,0.083472534,259.5995795
1/4/2004,2004,4,Power,NOx,0.083472532,3752.090309
1/4/2004,2004,4,Power,PM10,0.083472511,230.3841292
1/4/2004,2004,4,Power,PM25,0.083472523,99.33230237
1/4/2004,2004,4,Power,SO2,0.083472534,7305.516156
1/4/2004,2004,4,Road-transport,CO,0.07049467,4004.097249
1/4/2004,2004,4,Road-transport,NOx,0.071202065,2598.875386
1/4/2004,2004,4,Road-transport,PM10,0.070522679,148.0976261
1/4/2004,2004,4,Road-transport,PM25,0.070522679,133.9930902
1/4/2004,2004,4,Road-transport,SO2,0.070367073,70.36707344
1/5/2004,2004,5,Non-road-transport,CO,0.083333333,1734.166667
1/5/2004,2004,5,Non-road-transport,NOx,0.083333333,3052.5
1/5/2004,2004,5,Non-road-transport,PM10,0.083333333,196.6666667
1/5/2004,2004,5,Non-road-transport,PM25,0.083333333,183.3333333
1/5/2004,2004,5,Non-road-transport,SO2,0.083333333,1660.833333
1/5/2004,2004,5,Other,CO,0.076333854,272.51186
1/5/2004,2004,5,Other,NOx,0.07943879,791.2103466
1/5/2004,2004,5,Other,PM10,0.078677316,166.0091373
1/5/2004,2004,5,Other,PM25,0.078608301,115.5542025
1/5/2004,2004,5,Other,SO2,0.081695006,217.3087147
1/5/2004,2004,5,Power,CO,0.079275802,246.5477451
1/5/2004,2004,5,Power,NOx,0.079275827,3563.448432
1/5/2004,2004,5,Power,PM10,0.079275821,218.8012673
1/5/2004,2004,5,Power,PM25,0.079275811,94.33821462
1/5/2004,2004,5,Power,SO2,0.079275841,6938.221612
1/5/2004,2004,5,Road-transport,CO,0.081155663,4609.641673
1/5/2004,2004,5,Road-transport,NOx,0.079337009,2895.800835
1/5/2004,2004,5,Road-transport,PM10,0.080338142,168.7100973
1/5/2004,2004,5,Road-transport,PM25,0.080338142,152.642469
1/5/2004,2004,5,Road-transport,SO2,0.080080345,80.08034454
1/6/2004,2004,6,Non-road-transport,CO,0.083333333,1734.166667
1/6/2004,2004,6,Non-road-transport,NOx,0.083333333,3052.5
1/6/2004,2004,6,Non-road-transport,PM10,0.083333333,196.6666667
1/6/2004,2004,6,Non-road-transport,PM25,0.083333333,183.3333333
1/6/2004,2004,6,Non-road-transport,SO2,0.083333333,1660.833333
1/6/2004,2004,6,Other,CO,0.081386003,290.5480305
1/6/2004,2004,6,Other,NOx,0.085385502,850.4396029
1/6/2004,2004,6,Other,PM10,0.084180517,177.6208909
1/6/2004,2004,6,Other,PM25,0.084192413,123.7628475
1/6/2004,2004,6,Other,SO2,0.08402032,223.4940525
1/6/2004,2004,6,Power,CO,0.083767157,260.5158594
1/6/2004,2004,6,Power,NOx,0.083767147,3765.333237
1/6/2004,2004,6,Power,PM10,0.08376713,231.1972777
1/6/2004,2004,6,Power,PM25,0.083767162,99.68292302
1/6/2004,2004,6,Power,SO2,0.083767126,7331.298848
1/6/2004,2004,6,Road-transport,CO,0.08124108,4614.49332
1/6/2004,2004,6,Road-transport,NOx,0.080379074,2933.836217
1/6/2004,2004,6,Road-transport,PM10,0.080903338,169.8970102
1/6/2004,2004,6,Road-transport,PM25,0.080903338,153.7163426
1/6/2004,2004,6,Road-transport,SO2,0.08082504,80.8250405
1/7/2004,2004,7,Non-road-transport,CO,0.083333333,1734.166667
1/7/2004,2004,7,Non-road-transport,NOx,0.083333333,3052.5
1/7/2004,2004,7,Non-road-transport,PM10,0.083333333,196.6666667
1/7/2004,2004,7,Non-road-transport,PM25,0.083333333,183.3333333
1/7/2004,2004,7,Non-road-transport,SO2,0.083333333,1660.833333
1/7/2004,2004,7,Other,CO,0.082154137,293.2902707
1/7/2004,2004,7,Other,NOx,0.081556812,812.305849
1/7/2004,2004,7,Other,PM10,0.085092168,179.5444739
1/7/2004,2004,7,Other,PM25,0.085051759,125.0260854
1/7/2004,2004,7,Other,SO2,0.080897797,215.1881404
1/7/2004,2004,7,Power,CO,0.088324072,274.6878649
1/7/2004,2004,7,Power,NOx,0.08832408,3970.167402
1/7/2004,2004,7,Power,PM10,0.088324052,243.7743839
1/7/2004,2004,7,Power,PM25,0.088324046,105.1056142
1/7/2004,2004,7,Power,SO2,0.088324069,7730.1225
1/7/2004,2004,7,Road-transport,CO,0.083263751,4729.381061
1/7/2004,2004,7,Road-transport,NOx,0.081502877,2974.855003
1/7/2004,2004,7,Road-transport,PM10,0.082375066,172.9876385
1/7/2004,2004,7,Road-transport,PM25,0.082375066,156.5126254
1/7/2004,2004,7,Road-transport,SO2,0.082039731,82.03973116
1/8/2004,2004,8,Non-road-transport,CO,0.083333333,1734.166667
1/8/2004,2004,8,Non-road-transport,NOx,0.083333333,3052.5
1/8/2004,2004,8,Non-road-transport,PM10,0.083333333,196.6666667
1/8/2004,2004,8,Non-road-transport,PM25,0.083333333,183.3333333
1/8/2004,2004,8,Non-road-transport,SO2,0.083333333,1660.833333
1/8/2004,2004,8,Other,CO,0.082981275,296.243152
1/8/2004,2004,8,Other,NOx,0.079787645,794.6849404
1/8/2004,2004,8,Other,PM10,0.083677982,176.5605415
1/8/2004,2004,8,Other,PM25,0.083561575,122.835515
1/8/2004,2004,8,Other,SO2,0.081293463,216.2406112
1/8/2004,2004,8,Power,CO,0.089666478,278.8627469
1/8/2004,2004,8,Power,NOx,0.089666452,4030.507024
1/8/2004,2004,8,Power,PM10,0.089666498,247.4795353
1/8/2004,2004,8,Power,PM25,0.089666486,106.7031179
1/8/2004,2004,8,Power,SO2,0.089666495,7847.611647
1/8/2004,2004,8,Road-transport,CO,0.085433274,4852.609941
1/8/2004,2004,8,Road-transport,NOx,0.083069653,3032.042326
1/8/2004,2004,8,Road-transport,PM10,0.084328338,177.0895094
1/8/2004,2004,8,Road-transport,PM25,0.084328338,160.2238418
1/8/2004,2004,8,Road-transport,SO2,0.083955872,83.95587163
1/9/2004,2004,9,Non-road-transport,CO,0.083333333,1734.166667
1/9/2004,2004,9,Non-road-transport,NOx,0.083333333,3052.5
1/9/2004,2004,9,Non-road-transport,PM10,0.083333333,196.6666667
1/9/2004,2004,9,Non-road-transport,PM25,0.083333333,183.3333333
1/9/2004,2004,9,Non-road-transport,SO2,0.083333333,1660.833333
1/9/2004,2004,9,Other,CO,0.085546412,305.4006918
1/9/2004,2004,9,Other,NOx,0.079374706,790.5720709
1/9/2004,2004,9,Other,PM10,0.087304864,184.2132627
1/9/2004,2004,9,Other,PM25,0.086732024,127.4960751
1/9/2004,2004,9,Other,SO2,0.082050247,218.2536579
1/9/2004,2004,9,Power,CO,0.085632345,266.316594
1/9/2004,2004,9,Power,NOx,0.085632338,3849.173598
1/9/2004,2004,9,Power,PM10,0.085632355,236.3452998
1/9/2004,2004,9,Power,PM25,0.085632335,101.9024786
1/9/2004,2004,9,Power,SO2,0.085632349,7494.543191
1/9/2004,2004,9,Road-transport,CO,0.089095641,5060.632387
1/9/2004,2004,9,Road-transport,NOx,0.08973278,3275.246462
1/9/2004,2004,9,Road-transport,PM10,0.089808559,188.5979731
1/9/2004,2004,9,Road-transport,PM25,0.089808559,170.6362614
1/9/2004,2004,9,Road-transport,SO2,0.090275183,90.27518267
1/10/2004,2004,10,Non-road-transport,CO,0.083333333,1734.166667
1/10/2004,2004,10,Non-road-transport,NOx,0.083333333,3052.5
1/10/2004,2004,10,Non-road-transport,PM10,0.083333333,196.6666667
1/10/2004,2004,10,Non-road-transport,PM25,0.083333333,183.3333333
1/10/2004,2004,10,Non-road-transport,SO2,0.083333333,1660.833333
1/10/2004,2004,10,Other,CO,0.086764017,309.7475401
1/10/2004,2004,10,Other,NOx,0.088412356,880.5870688
1/10/2004,2004,10,Other,PM10,0.089388319,188.6093527
1/10/2004,2004,10,Other,PM25,0.088663724,130.3356741
1/10/2004,2004,10,Other,SO2,0.087066219,231.5961413
1/10/2004,2004,10,Power,CO,0.083470379,259.5928802
1/10/2004,2004,10,Power,NOx,0.083470424,3751.995555
1/10/2004,2004,10,Power,PM10,0.083470397,230.3782958
1/10/2004,2004,10,Power,PM25,0.08347041,99.32978757
1/10/2004,2004,10,Power,SO2,0.083470372,7305.326995
1/10/2004,2004,10,Road-transport,CO,0.092723761,5266.709606
1/10/2004,2004,10,Road-transport,NOx,0.094668616,3455.404498
1/10/2004,2004,10,Road-transport,PM10,0.094228383,197.8796035
1/10/2004,2004,10,Road-transport,PM25,0.094228383,179.033927
1/10/2004,2004,10,Road-transport,SO2,0.095060248,95.06024843
1/11/2004,2004,11,Non-road-transport,CO,0.083333333,1734.166667
1/11/2004,2004,11,Non-road-transport,NOx,0.083333333,3052.5
1/11/2004,2004,11,Non-road-transport,PM10,0.083333333,196.6666667
1/11/2004,2004,11,Non-road-transport,PM25,0.083333333,183.3333333
1/11/2004,2004,11,Non-road-transport,SO2,0.083333333,1660.833333
1/11/2004,2004,11,Other,CO,0.096037762,342.8548111
1/11/2004,2004,11,Other,NOx,0.092120975,917.5249093
1/11/2004,2004,11,Other,PM10,0.093013772,196.2590594
1/11/2004,2004,11,Other,PM25,0.09344922,137.3703534
1/11/2004,2004,11,Other,SO2,0.090328218,240.2730608
1/11/2004,2004,11,Power,CO,0.088831399,276.26565
1/11/2004,2004,11,Power,NOx,0.088831358,3992.969535
1/11/2004,2004,11,Power,PM10,0.088831389,245.1746339
1/11/2004,2004,11,Power,PM25,0.088831368,105.7093275
1/11/2004,2004,11,Power,SO2,0.088831371,7774.52156
1/11/2004,2004,11,Road-transport,CO,0.093891272,5333.024261
1/11/2004,2004,11,Road-transport,NOx,0.098690679,3602.209771
1/11/2004,2004,11,Road-transport,PM10,0.096862826,203.4119347
1/11/2004,2004,11,Road-transport,PM25,0.096862826,184.0393695
1/11/2004,2004,11,Road-transport,SO2,0.098261462,98.261462
1/12/2004,2004,12,Non-road-transport,CO,0.083333333,1734.166667
1/12/2004,2004,12,Non-road-transport,NOx,0.083333333,3052.5
1/12/2004,2004,12,Non-road-transport,PM10,0.083333333,196.6666667
1/12/2004,2004,12,Non-road-transport,PM25,0.083333333,183.3333333
1/12/2004,2004,12,Non-road-transport,SO2,0.083333333,1660.833333
1/12/2004,2004,12,Other,CO,0.114437699,408.5425853
1/12/2004,2004,12,Other,NOx,0.099625142,992.2664165
1/12/2004,2004,12,Other,PM10,0.1095812,231.2163328
1/12/2004,2004,12,Other,PM25,0.110492342,162.4237431
1/12/2004,2004,12,Other,SO2,0.099305577,264.1528343
1/12/2004,2004,12,Power,CO,0.092344693,287.1919962
1/12/2004,2004,12,Power,NOx,0.092344662,4150.89257
1/12/2004,2004,12,Power,PM10,0.092344632,254.8711857
1/12/2004,2004,12,Power,PM25,0.092344659,109.890144
1/12/2004,2004,12,Power,SO2,0.09234463,8082.002032
1/12/2004,2004,12,Road-transport,CO,0.090202762,5123.516858
1/12/2004,2004,12,Road-transport,NOx,0.101967534,3721.814993
1/12/2004,2004,12,Road-transport,PM10,0.096500686,202.6514399
1/12/2004,2004,12,Road-transport,PM25,0.096500686,183.3513028
1/12/2004,2004,12,Road-transport,SO2,0.099058981,99.05898068
1/1/2005,2005,1,Non-road-transport,CO,0.083333333,1675.833333
1/1/2005,2005,1,Non-road-transport,NOx,0.083333333,2970.833333
1/1/2005,2005,1,Non-road-transport,PM10,0.083333333,194.1666667
1/1/2005,2005,1,Non-road-transport,PM25,0.083333333,180.8333333
1/1/2005,2005,1,Non-road-transport,SO2,0.083333333,1600
1/1/2005,2005,1,Other,CO,0.068485879,230.7974114
1/1/2005,2005,1,Other,NOx,0.072987211,686.8096573
1/1/2005,2005,1,Other,PM10,0.066760974,135.5247766
1/1/2005,2005,1,Other,PM25,0.067432782,93.73156767
1/1/2005,2005,1,Other,SO2,0.073559869,190.5200599
1/1/2005,2005,1,Power,CO,0.083307061,276.5794437
1/1/2005,2005,1,Power,NOx,0.083307055,3867.94657
1/1/2005,2005,1,Power,PM10,0.083307034,193.2723181
1/1/2005,2005,1,Power,PM25,0.083307045,86.63932727
1/1/2005,2005,1,Power,SO2,0.083307031,6419.639807
1/1/2005,2005,1,Road-transport,CO,0.079251743,4596.601105
1/1/2005,2005,1,Road-transport,NOx,0.07328285,2623.526019
1/1/2005,2005,1,Road-transport,PM10,0.074567982,141.6791666
1/1/2005,2005,1,Road-transport,PM25,0.074567982,126.7655701
1/1/2005,2005,1,Road-transport,SO2,0.072225837,67.89228666
1/2/2005,2005,2,Non-road-transport,CO,0.083333333,1675.833333
1/2/2005,2005,2,Non-road-transport,NOx,0.083333333,2970.833333
1/2/2005,2005,2,Non-road-transport,PM10,0.083333333,194.1666667
1/2/2005,2005,2,Non-road-transport,PM25,0.083333333,180.8333333
1/2/2005,2005,2,Non-road-transport,SO2,0.083333333,1600
1/2/2005,2005,2,Other,CO,0.065768041,221.6382983
1/2/2005,2005,2,Other,NOx,0.072269287,680.0539941
1/2/2005,2005,2,Other,PM10,0.063275474,128.4492128
1/2/2005,2005,2,Other,PM25,0.064157793,89.17933248
1/2/2005,2005,2,Other,SO2,0.071234772,184.4980583
1/2/2005,2005,2,Power,CO,0.070225679,233.1492532
1/2/2005,2005,2,Power,NOx,0.07022567,3260.577861
1/2/2005,2005,2,Power,PM10,0.070225703,162.9236314
1/2/2005,2005,2,Power,PM25,0.070225675,73.0347015
1/2/2005,2005,2,Power,SO2,0.070225663,5411.589588
1/2/2005,2005,2,Road-transport,CO,0.076972266,4464.391456
1/2/2005,2005,2,Road-transport,NOx,0.067542779,2418.031485
1/2/2005,2005,2,Road-transport,PM10,0.071588244,136.0176635
1/2/2005,2005,2,Road-transport,PM25,0.071588244,121.7000147
1/2/2005,2005,2,Road-transport,SO2,0.070498759,66.26883346
1/3/2005,2005,3,Non-road-transport,CO,0.083333333,1675.833333
1/3/2005,2005,3,Non-road-transport,NOx,0.083333333,2970.833333
1/3/2005,2005,3,Non-road-transport,PM10,0.083333333,194.1666667
1/3/2005,2005,3,Non-road-transport,PM25,0.083333333,180.8333333
1/3/2005,2005,3,Non-road-transport,SO2,0.083333333,1600
1/3/2005,2005,3,Other,CO,0.071779925,241.8983464
1/3/2005,2005,3,Other,NOx,0.081497739,766.8937286
1/3/2005,2005,3,Other,PM10,0.074606223,151.450633
1/3/2005,2005,3,Other,PM25,0.074560328,103.6388564
1/3/2005,2005,3,Other,SO2,0.077755009,201.3854738
1/3/2005,2005,3,Power,CO,0.084307424,279.9006468
1/3/2005,2005,3,Power,NOx,0.084307423,3914.393628
1/3/2005,2005,3,Power,PM10,0.084307416,195.5932045
1/3/2005,2005,3,Power,PM25,0.084307401,87.67969713
1/3/2005,2005,3,Power,SO2,0.084307409,6496.728948
1/3/2005,2005,3,Road-transport,CO,0.07583632,4398.506584
1/3/2005,2005,3,Road-transport,NOx,0.077729343,2782.710464
1/3/2005,2005,3,Road-transport,PM10,0.076814605,145.9477497
1/3/2005,2005,3,Road-transport,PM25,0.076814605,130.5848287
1/3/2005,2005,3,Road-transport,SO2,0.076900452,72.28642514
1/4/2005,2005,4,Non-road-transport,CO,0.083333333,1675.833333
1/4/2005,2005,4,Non-road-transport,NOx,0.083333333,2970.833333
1/4/2005,2005,4,Non-road-transport,PM10,0.083333333,194.1666667
1/4/2005,2005,4,Non-road-transport,PM25,0.083333333,180.8333333
1/4/2005,2005,4,Non-road-transport,SO2,0.083333333,1600
1/4/2005,2005,4,Other,CO,0.079686155,268.5423426
1/4/2005,2005,4,Other,NOx,0.078900403,742.4527958
1/4/2005,2005,4,Other,PM10,0.079678216,161.7467779
1/4/2005,2005,4,Other,PM25,0.079945004,111.1235554
1/4/2005,2005,4,Other,SO2,0.081179676,210.2553611
1/4/2005,2005,4,Power,CO,0.085108394,282.5598666
1/4/2005,2005,4,Power,NOx,0.085108397,3951.582858
1/4/2005,2005,4,Power,PM10,0.085108391,197.4514671
1/4/2005,2005,4,Power,PM25,0.085108394,88.5127295
1/4/2005,2005,4,Power,SO2,0.0851084,6558.453334
1/4/2005,2005,4,Road-transport,CO,0.070489624,4088.398202
1/4/2005,2005,4,Road-transport,NOx,0.071350239,2554.338561
1/4/2005,2005,4,Road-transport,PM10,0.070724357,134.3762792
1/4/2005,2005,4,Road-transport,PM25,0.070724357,120.2314077
1/4/2005,2005,4,Road-transport,SO2,0.070491315,66.26183572
1/5/2005,2005,5,Non-road-transport,CO,0.083333333,1675.833333
1/5/2005,2005,5,Non-road-transport,NOx,0.083333333,2970.833333
1/5/2005,2005,5,Non-road-transport,PM10,0.083333333,194.1666667
1/5/2005,2005,5,Non-road-transport,PM25,0.083333333,180.8333333
1/5/2005,2005,5,Non-road-transport,SO2,0.083333333,1600
1/5/2005,2005,5,Other,CO,0.078000896,262.8630187
1/5/2005,2005,5,Other,NOx,0.077751276,731.6395067
1/5/2005,2005,5,Other,PM10,0.079191691,160.7591323
1/5/2005,2005,5,Other,PM25,0.079453557,110.4404441
1/5/2005,2005,5,Other,SO2,0.080221163,207.7728116
1/5/2005,2005,5,Power,CO,0.079091459,262.5836438
1/5/2005,2005,5,Power,NOx,0.079091464,3672.216692
1/5/2005,2005,5,Power,PM10,0.079091467,183.4922031
1/5/2005,2005,5,Power,PM25,0.079091478,82.25513718
1/5/2005,2005,5,Power,SO2,0.079091498,6094.790835
1/5/2005,2005,5,Road-transport,CO,0.081118222,4704.856904
1/5/2005,2005,5,Road-transport,NOx,0.079130663,2832.877722
1/5/2005,2005,5,Road-transport,PM10,0.080062668,152.1190693
1/5/2005,2005,5,Road-transport,PM25,0.080062668,136.1065357
1/5/2005,2005,5,Road-transport,SO2,0.079935754,75.13960869
1/6/2005,2005,6,Non-road-transport,CO,0.083333333,1675.833333
1/6/2005,2005,6,Non-road-transport,NOx,0.083333333,2970.833333
1/6/2005,2005,6,Non-road-transport,PM10,0.083333333,194.1666667
1/6/2005,2005,6,Non-road-transport,PM25,0.083333333,180.8333333
1/6/2005,2005,6,Non-road-transport,SO2,0.083333333,1600
1/6/2005,2005,6,Other,CO,0.083681122,282.0053809
1/6/2005,2005,6,Other,NOx,0.082444494,775.8026901
1/6/2005,2005,6,Other,PM10,0.085395882,173.3536411
1/6/2005,2005,6,Other,PM25,0.085166025,118.3807749
1/6/2005,2005,6,Other,SO2,0.083950638,217.4321522
1/6/2005,2005,6,Power,CO,0.074638954,247.8013283
1/6/2005,2005,6,Power,NOx,0.074638957,3465.486792
1/6/2005,2005,6,Power,PM10,0.074638965,173.1623991
1/6/2005,2005,6,Power,PM25,0.074638944,77.62450226
1/6/2005,2005,6,Power,SO2,0.074638951,5751.677579
1/6/2005,2005,6,Road-transport,CO,0.081226701,4711.148644
1/6/2005,2005,6,Road-transport,NOx,0.080269626,2873.65261
1/6/2005,2005,6,Road-transport,PM10,0.080756547,153.4374392
1/6/2005,2005,6,Road-transport,PM25,0.080756547,137.2861298
1/6/2005,2005,6,Road-transport,SO2,0.080744833,75.90014259
1/7/2005,2005,7,Non-road-transport,CO,0.083333333,1675.833333
1/7/2005,2005,7,Non-road-transport,NOx,0.083333333,2970.833333
1/7/2005,2005,7,Non-road-transport,PM10,0.083333333,194.1666667
1/7/2005,2005,7,Non-road-transport,PM25,0.083333333,180.8333333
1/7/2005,2005,7,Non-road-transport,SO2,0.083333333,1600
1/7/2005,2005,7,Other,CO,0.080477118,271.2078863
1/7/2005,2005,7,Other,NOx,0.078217357,736.0253318
1/7/2005,2005,7,Other,PM10,0.083285751,169.070074
1/7/2005,2005,7,Other,PM25,0.083085511,115.48886
1/7/2005,2005,7,Other,SO2,0.080089069,207.4306899
1/7/2005,2005,7,Power,CO,0.08345556,277.0724605
1/7/2005,2005,7,Power,NOx,0.083455565,3874.841891
1/7/2005,2005,7,Power,PM10,0.083455563,193.6169061
1/7/2005,2005,7,Power,PM25,0.083455573,86.79379601
1/7/2005,2005,7,Power,SO2,0.083455584,6431.087273
1/7/2005,2005,7,Road-transport,CO,0.083220918,4826.813247
1/7/2005,2005,7,Road-transport,NOx,0.081325845,2911.465238
1/7/2005,2005,7,Road-transport,PM10,0.082140009,156.0660172
1/7/2005,2005,7,Road-transport,PM25,0.082140009,139.6380154
1/7/2005,2005,7,Road-transport,SO2,0.081922528,77.00717658
1/8/2005,2005,8,Non-road-transport,CO,0.083333333,1675.833333
1/8/2005,2005,8,Non-road-transport,NOx,0.083333333,2970.833333
1/8/2005,2005,8,Non-road-transport,PM10,0.083333333,194.1666667
1/8/2005,2005,8,Non-road-transport,PM25,0.083333333,180.8333333
1/8/2005,2005,8,Non-road-transport,SO2,0.083333333,1600
1/8/2005,2005,8,Other,CO,0.080256037,270.4628449
1/8/2005,2005,8,Other,NOx,0.078253873,736.3689492
1/8/2005,2005,8,Other,PM10,0.082170824,166.8067718
1/8/2005,2005,8,Other,PM25,0.082175438,114.223859
1/8/2005,2005,8,Other,SO2,0.080375964,208.1737461
1/8/2005,2005,8,Power,CO,0.085276365,283.1175327
1/8/2005,2005,8,Power,NOx,0.085276344,3959.380648
1/8/2005,2005,8,Power,PM10,0.085276355,197.8411439
1/8/2005,2005,8,Power,PM25,0.08527637,88.68742443
1/8/2005,2005,8,Power,SO2,0.085276364,6571.396573
1/8/2005,2005,8,Road-transport,CO,0.085381741,4952.141007
1/8/2005,2005,8,Road-transport,NOx,0.082811436,2964.649391
1/8/2005,2005,8,Road-transport,PM10,0.083984174,159.5699308
1/8/2005,2005,8,Road-transport,PM25,0.083984174,142.773096
1/8/2005,2005,8,Road-transport,SO2,0.083777887,78.75121419
1/9/2005,2005,9,Non-road-transport,CO,0.083333333,1675.833333
1/9/2005,2005,9,Non-road-transport,NOx,0.083333333,2970.833333
1/9/2005,2005,9,Non-road-transport,PM10,0.083333333,194.1666667
1/9/2005,2005,9,Non-road-transport,PM25,0.083333333,180.8333333
1/9/2005,2005,9,Non-road-transport,SO2,0.083333333,1600
1/9/2005,2005,9,Other,CO,0.092617717,312.121708
1/9/2005,2005,9,Other,NOx,0.082729363,778.4833093
1/9/2005,2005,9,Other,PM10,0.090401698,183.5154474
1/9/2005,2005,9,Other,PM25,0.090168323,125.333969
1/9/2005,2005,9,Other,SO2,0.085151265,220.5417756
1/9/2005,2005,9,Power,CO,0.087492755,290.4759471
1/9/2005,2005,9,Power,NOx,0.087492752,4062.288492
1/9/2005,2005,9,Power,PM10,0.087492734,202.9831431
1/9/2005,2005,9,Power,PM25,0.087492748,90.99245751
1/9/2005,2005,9,Power,SO2,0.087492733,6742.189969
1/9/2005,2005,9,Road-transport,CO,0.089137608,5169.98128
1/9/2005,2005,9,Road-transport,NOx,0.089705188,3211.445738
1/9/2005,2005,9,Road-transport,PM10,0.089766005,170.5554104
1/9/2005,2005,9,Road-transport,PM25,0.089766005,152.6022093
1/9/2005,2005,9,Road-transport,SO2,0.090225821,84.81227198
1/10/2005,2005,10,Non-road-transport,CO,0.083333333,1675.833333
1/10/2005,2005,10,Non-road-transport,NOx,0.083333333,2970.833333
1/10/2005,2005,10,Non-road-transport,PM10,0.083333333,194.1666667
1/10/2005,2005,10,Non-road-transport,PM25,0.083333333,180.8333333
1/10/2005,2005,10,Non-road-transport,SO2,0.083333333,1600
1/10/2005,2005,10,Other,CO,0.095222424,320.899568
1/10/2005,2005,10,Other,NOx,0.090580898,852.3662539
1/10/2005,2005,10,Other,PM10,0.092783679,188.3508688
1/10/2005,2005,10,Other,PM25,0.092722567,128.8843687
1/10/2005,2005,10,Other,SO2,0.087723188,227.2030558
1/10/2005,2005,10,Power,CO,0.086262459,286.3913635
1/10/2005,2005,10,Power,NOx,0.086262424,4005.164355
1/10/2005,2005,10,Power,PM10,0.086262473,200.1289376
1/10/2005,2005,10,Power,PM25,0.086262467,89.71296596
1/10/2005,2005,10,Power,SO2,0.086262453,6647.384652
1/10/2005,2005,10,Road-transport,CO,0.092806443,5382.77371
1/10/2005,2005,10,Road-transport,NOx,0.094741619,3391.749967
1/10/2005,2005,10,Road-transport,PM10,0.09431745,179.2031555
1/10/2005,2005,10,Road-transport,PM25,0.09431745,160.3396654
1/10/2005,2005,10,Road-transport,SO2,0.095067054,89.36303074
1/11/2005,2005,11,Non-road-transport,CO,0.083333333,1675.833333
1/11/2005,2005,11,Non-road-transport,NOx,0.083333333,2970.833333
1/11/2005,2005,11,Non-road-transport,PM10,0.083333333,194.1666667
1/11/2005,2005,11,Non-road-transport,PM25,0.083333333,180.8333333
1/11/2005,2005,11,Non-road-transport,SO2,0.083333333,1600
1/11/2005,2005,11,Other,CO,0.098345844,331.4254934
1/11/2005,2005,11,Other,NOx,0.09990207,940.0784822
1/11/2005,2005,11,Other,PM10,0.096194978,195.2758057
1/11/2005,2005,11,Other,PM25,0.09600627,133.4487147
1/11/2005,2005,11,Other,SO2,0.096427697,249.747735
1/11/2005,2005,11,Power,CO,0.085850677,285.0242468
1/11/2005,2005,11,Power,NOx,0.08585072,3986.048948
1/11/2005,2005,11,Power,PM10,0.085850681,199.1735797
1/11/2005,2005,11,Power,PM25,0.085850698,89.28472553
1/11/2005,2005,11,Power,SO2,0.085850726,6615.656943
1/11/2005,2005,11,Road-transport,CO,0.09404518,5454.620466
1/11/2005,2005,11,Road-transport,NOx,0.099044559,3545.79521
1/11/2005,2005,11,Road-transport,PM10,0.097324379,184.9163199
1/11/2005,2005,11,Road-transport,PM25,0.097324379,165.4514441
1/11/2005,2005,11,Road-transport,SO2,0.098452138,92.54500962
1/12/2005,2005,12,Non-road-transport,CO,0.083333333,1675.833333
1/12/2005,2005,12,Non-road-transport,NOx,0.083333333,2970.833333
1/12/2005,2005,12,Non-road-transport,PM10,0.083333333,194.1666667
1/12/2005,2005,12,Non-road-transport,PM25,0.083333333,180.8333333
1/12/2005,2005,12,Non-road-transport,SO2,0.083333333,1600
1/12/2005,2005,12,Other,CO,0.105678843,356.1377013
1/12/2005,2005,12,Other,NOx,0.104466026,983.0253009
1/12/2005,2005,12,Other,PM10,0.10625461,215.6968587
1/12/2005,2005,12,Other,PM25,0.105126401,146.1256977
1/12/2005,2005,12,Other,SO2,0.102331691,265.0390808
1/12/2005,2005,12,Power,CO,0.094983213,315.3442671
1/12/2005,2005,12,Power,NOx,0.094983228,4410.071266
1/12/2005,2005,12,Power,PM10,0.094983218,220.3610664
1/12/2005,2005,12,Power,PM25,0.094983207,98.78253571
1/12/2005,2005,12,Power,SO2,0.094983188,7319.404498
1/12/2005,2005,12,Road-transport,CO,0.090513231,5249.767394
1/12/2005,2005,12,Road-transport,NOx,0.103065855,3689.757594
1/12/2005,2005,12,Road-transport,PM10,0.097953578,186.1117987
1/12/2005,2005,12,Road-transport,PM25,0.097953578,166.521083
1/12/2005,2005,12,Road-transport,SO2,0.099757622,93.77216464
1/1/2006,2006,1,Non-road-transport,CO,0.083333333,1736.666667
1/1/2006,2006,1,Non-road-transport,NOx,0.083333333,3028.333333
1/1/2006,2006,1,Non-road-transport,PM10,0.083333333,199.1666667
1/1/2006,2006,1,Non-road-transport,PM25,0.083333333,185.8333333
1/1/2006,2006,1,Non-road-transport,SO2,0.083333333,1655
1/1/2006,2006,1,Other,CO,0.063702582,324.8831687
1/1/2006,2006,1,Other,NOx,0.081475647,852.2352634
1/1/2006,2006,1,Other,PM10,0.065554049,128.4859353
1/1/2006,2006,1,Other,PM25,0.066661623,90.65980733
1/1/2006,2006,1,Other,SO2,0.073683435,180.5244163
1/1/2006,2006,1,Power,CO,0.073130909,246.4511626
1/1/2006,2006,1,Power,NOx,0.073130877,3054.676723
1/1/2006,2006,1,Power,PM10,0.07313088,136.0234371
1/1/2006,2006,1,Power,PM25,0.073130888,61.42994622
1/1/2006,2006,1,Power,SO2,0.073130882,4828.832112
1/1/2006,2006,1,Road-transport,CO,0.079058969,4640.761462
1/1/2006,2006,1,Road-transport,NOx,0.073094464,2602.162909
1/1/2006,2006,1,Road-transport,PM10,0.07412021,126.0043567
1/1/2006,2006,1,Road-transport,PM25,0.07412021,111.1803147
1/1/2006,2006,1,Road-transport,SO2,0.072213341,67.15840753
1/2/2006,2006,2,Non-road-transport,CO,0.083333333,1736.666667
1/2/2006,2006,2,Non-road-transport,NOx,0.083333333,3028.333333
1/2/2006,2006,2,Non-road-transport,PM10,0.083333333,199.1666667
1/2/2006,2006,2,Non-road-transport,PM25,0.083333333,185.8333333
1/2/2006,2006,2,Non-road-transport,SO2,0.083333333,1655
1/2/2006,2006,2,Other,CO,0.070951991,361.8551529
1/2/2006,2006,2,Other,NOx,0.073279405,766.5025742
1/2/2006,2006,2,Other,PM10,0.066073586,129.5042286
1/2/2006,2006,2,Other,PM25,0.06653862,90.49252351
1/2/2006,2006,2,Other,SO2,0.072893595,178.5893073
1/2/2006,2006,2,Power,CO,0.07002816,235.9948988
1/2/2006,2006,2,Power,NOx,0.07002816,2925.076262
1/2/2006,2006,2,Power,PM10,0.070028144,130.2523475
1/2/2006,2006,2,Power,PM25,0.070028145,58.82364203
1/2/2006,2006,2,Power,SO2,0.07002814,4623.958064
1/2/2006,2006,2,Road-transport,CO,0.077099029,4525.713014
1/2/2006,2006,2,Road-transport,NOx,0.067607414,2406.823933
1/2/2006,2006,2,Road-transport,PM10,0.070961048,120.6337808
1/2/2006,2006,2,Road-transport,PM25,0.070961048,106.4415713
1/2/2006,2006,2,Road-transport,SO2,0.070989165,66.01992352
1/3/2006,2006,3,Non-road-transport,CO,0.083333333,1736.666667
1/3/2006,2006,3,Non-road-transport,NOx,0.083333333,3028.333333
1/3/2006,2006,3,Non-road-transport,PM10,0.083333333,199.1666667
1/3/2006,2006,3,Non-road-transport,PM25,0.083333333,185.8333333
1/3/2006,2006,3,Non-road-transport,SO2,0.083333333,1655
1/3/2006,2006,3,Other,CO,0.074355374,379.2124059
1/3/2006,2006,3,Other,NOx,0.079051411,826.8777597
1/3/2006,2006,3,Other,PM10,0.0751261,147.247155
1/3/2006,2006,3,Other,PM25,0.074847858,101.7930869
1/3/2006,2006,3,Other,SO2,0.076445189,187.2907141
1/3/2006,2006,3,Power,CO,0.081591972,274.9649465
1/3/2006,2006,3,Power,NOx,0.081591989,3408.097401
1/3/2006,2006,3,Power,PM10,0.08159199,151.7611022
1/3/2006,2006,3,Power,PM25,0.081591979,68.53726255
1/3/2006,2006,3,Power,SO2,0.081591986,5387.518865
1/3/2006,2006,3,Road-transport,CO,0.075788928,4448.810093
1/3/2006,2006,3,Road-transport,NOx,0.077697913,2766.0457
1/3/2006,2006,3,Road-transport,PM10,0.076936443,130.7919534
1/3/2006,2006,3,Road-transport,PM25,0.076936443,115.4046647
1/3/2006,2006,3,Road-transport,SO2,0.076776037,71.40171404
1/4/2006,2006,4,Non-road-transport,CO,0.083333333,1736.666667
1/4/2006,2006,4,Non-road-transport,NOx,0.083333333,3028.333333
1/4/2006,2006,4,Non-road-transport,PM10,0.083333333,199.1666667
1/4/2006,2006,4,Non-road-transport,PM25,0.083333333,185.8333333
1/4/2006,2006,4,Non-road-transport,SO2,0.083333333,1655
1/4/2006,2006,4,Other,CO,0.084434868,430.6178293
1/4/2006,2006,4,Other,NOx,0.079737795,834.0573319
1/4/2006,2006,4,Other,PM10,0.080907804,158.5792962
1/4/2006,2006,4,Other,PM25,0.080818544,109.9132197
1/4/2006,2006,4,Other,SO2,0.080946843,198.3197656
1/4/2006,2006,4,Power,CO,0.080055042,269.785493
1/4/2006,2006,4,Power,NOx,0.080054983,3343.896659
1/4/2006,2006,4,Power,PM10,0.080054975,148.9022544
1/4/2006,2006,4,Power,PM25,0.08005499,67.24619195
1/4/2006,2006,4,Power,SO2,0.080054986,5286.030694
1/4/2006,2006,4,Road-transport,CO,0.07042312,4133.83714
1/4/2006,2006,4,Road-transport,NOx,0.071298208,2538.216197
1/4/2006,2006,4,Road-transport,PM10,0.070771389,120.311361
1/4/2006,2006,4,Road-transport,PM25,0.070771389,106.1570832
1/4/2006,2006,4,Road-transport,SO2,0.070381589,65.45487806
1/5/2006,2006,5,Non-road-transport,CO,0.083333333,1736.666667
1/5/2006,2006,5,Non-road-transport,NOx,0.083333333,3028.333333
1/5/2006,2006,5,Non-road-transport,PM10,0.083333333,199.1666667
1/5/2006,2006,5,Non-road-transport,PM25,0.083333333,185.8333333
1/5/2006,2006,5,Non-road-transport,SO2,0.083333333,1655
1/5/2006,2006,5,Other,CO,0.081566132,415.9872721
1/5/2006,2006,5,Other,NOx,0.072923481,762.7796077
1/5/2006,2006,5,Other,PM10,0.078507714,153.8751188
1/5/2006,2006,5,Other,PM25,0.078470504,106.7198859
1/5/2006,2006,5,Other,SO2,0.076382116,187.1361833
1/5/2006,2006,5,Power,CO,0.078991269,266.2005771
1/5/2006,2006,5,Power,NOx,0.078991269,3299.465319
1/5/2006,2006,5,Power,PM10,0.078991287,146.9237942
1/5/2006,2006,5,Power,PM25,0.078991273,66.35266893
1/5/2006,2006,5,Power,SO2,0.0789913,5215.795519
1/5/2006,2006,5,Road-transport,CO,0.081161912,4764.204246
1/5/2006,2006,5,Road-transport,NOx,0.079158526,2818.043535
1/5/2006,2006,5,Road-transport,PM10,0.079933632,135.8871739
1/5/2006,2006,5,Road-transport,PM25,0.079933632,119.9004476
1/5/2006,2006,5,Road-transport,SO2,0.080059209,74.45506461
1/6/2006,2006,6,Non-road-transport,CO,0.083333333,1736.666667
1/6/2006,2006,6,Non-road-transport,NOx,0.083333333,3028.333333
1/6/2006,2006,6,Non-road-transport,PM10,0.083333333,199.1666667
1/6/2006,2006,6,Non-road-transport,PM25,0.083333333,185.8333333
1/6/2006,2006,6,Non-road-transport,SO2,0.083333333,1655
1/6/2006,2006,6,Other,CO,0.087358743,445.5295903
1/6/2006,2006,6,Other,NOx,0.078782885,824.068981
1/6/2006,2006,6,Other,PM10,0.085971634,168.504402
1/6/2006,2006,6,Other,PM25,0.085882605,116.8003433
1/6/2006,2006,6,Other,SO2,0.081291688,199.1646368
1/6/2006,2006,6,Power,CO,0.07416729,249.9437671
1/6/2006,2006,6,Power,NOx,0.07416728,3097.967292
1/6/2006,2006,6,Power,PM10,0.074167268,137.9511192
1/6/2006,2006,6,Power,PM25,0.074167286,62.30052053
1/6/2006,2006,6,Power,SO2,0.074167278,4897.265334
1/6/2006,2006,6,Road-transport,CO,0.081255904,4769.72157
1/6/2006,2006,6,Road-transport,NOx,0.080289912,2858.320884
1/6/2006,2006,6,Road-transport,PM10,0.080695927,137.1830752
1/6/2006,2006,6,Road-transport,PM25,0.080695927,121.0438899
1/6/2006,2006,6,Road-transport,SO2,0.080813933,75.15695758
1/7/2006,2006,7,Non-road-transport,CO,0.083333333,1736.666667
1/7/2006,2006,7,Non-road-transport,NOx,0.083333333,3028.333333
1/7/2006,2006,7,Non-road-transport,PM10,0.083333333,199.1666667
1/7/2006,2006,7,Non-road-transport,PM25,0.083333333,185.8333333
1/7/2006,2006,7,Non-road-transport,SO2,0.083333333,1655
1/7/2006,2006,7,Other,CO,0.079979491,407.8954016
1/7/2006,2006,7,Other,NOx,0.077905317,814.8896112
1/7/2006,2006,7,Other,PM10,0.082211212,161.1339759
1/7/2006,2006,7,Other,PM25,0.082057456,111.5981399
1/7/2006,2006,7,Other,SO2,0.082653067,202.5000148
1/7/2006,2006,7,Power,CO,0.083040827,279.8475873
1/7/2006,2006,7,Power,NOx,0.083040867,3468.617015
1/7/2006,2006,7,Power,PM10,0.083040834,154.4559507
1/7/2006,2006,7,Power,PM25,0.083040819,69.75428795
1/7/2006,2006,7,Power,SO2,0.083040821,5483.18538
1/7/2006,2006,7,Road-transport,CO,0.083246613,4886.576172
1/7/2006,2006,7,Road-transport,NOx,0.081339052,2895.670236
1/7/2006,2006,7,Road-transport,PM10,0.082013997,139.4237956
1/7/2006,2006,7,Road-transport,PM25,0.082013997,123.0209961
1/7/2006,2006,7,Road-transport,SO2,0.082021365,76.27986943
1/8/2006,2006,8,Non-road-transport,CO,0.083333333,1736.666667
1/8/2006,2006,8,Non-road-transport,NOx,0.083333333,3028.333333
1/8/2006,2006,8,Non-road-transport,PM10,0.083333333,199.1666667
1/8/2006,2006,8,Non-road-transport,PM25,0.083333333,185.8333333
1/8/2006,2006,8,Non-road-transport,SO2,0.083333333,1655
1/8/2006,2006,8,Other,CO,0.084281227,429.8342569
1/8/2006,2006,8,Other,NOx,0.080680811,843.9212859
1/8/2006,2006,8,Other,PM10,0.083212176,163.0958644
1/8/2006,2006,8,Other,PM25,0.083459278,113.5046177
1/8/2006,2006,8,Other,SO2,0.081375387,199.3696986
1/8/2006,2006,8,Power,CO,0.087615784,295.2651911
1/8/2006,2006,8,Power,NOx,0.087615763,3659.710403
1/8/2006,2006,8,Power,PM10,0.087615764,162.9653204
1/8/2006,2006,8,Power,PM25,0.087615769,73.59724559
1/8/2006,2006,8,Power,SO2,0.087615777,5785.269751
1/8/2006,2006,8,Road-transport,CO,0.085431277,5014.815972
1/8/2006,2006,8,Road-transport,NOx,0.082841671,2949.16349
1/8/2006,2006,8,Road-transport,PM10,0.08381598,142.4871661
1/8/2006,2006,8,Road-transport,PM25,0.08381598,125.7239701
1/8/2006,2006,8,Road-transport,SO2,0.083929292,78.05424173
1/9/2006,2006,9,Non-road-transport,CO,0.083333333,1736.666667
1/9/2006,2006,9,Non-road-transport,NOx,0.083333333,3028.333333
1/9/2006,2006,9,Non-road-transport,PM10,0.083333333,199.1666667
1/9/2006,2006,9,Non-road-transport,PM25,0.083333333,185.8333333
1/9/2006,2006,9,Non-road-transport,SO2,0.083333333,1655
1/9/2006,2006,9,Other,CO,0.08872378,452.4912775
1/9/2006,2006,9,Other,NOx,0.081548222,852.9944056
1/9/2006,2006,9,Other,PM10,0.089033104,174.5048844
1/9/2006,2006,9,Other,PM25,0.088856049,120.8442261
1/9/2006,2006,9,Other,SO2,0.087214254,213.6749212
1/9/2006,2006,9,Power,CO,0.103180526,347.7183739
1/9/2006,2006,9,Power,NOx,0.103180552,4309.851654
1/9/2006,2006,9,Power,PM10,0.103180544,191.915811
1/9/2006,2006,9,Power,PM25,0.103180558,86.6716686
1/9/2006,2006,9,Power,SO2,0.10318054,6813.011032
1/9/2006,2006,9,Road-transport,CO,0.089195103,5235.752568
1/9/2006,2006,9,Road-transport,NOx,0.089756009,3195.313925
1/9/2006,2006,9,Road-transport,PM10,0.089815876,152.6869885
1/9/2006,2006,9,Road-transport,PM25,0.089815876,134.7238134
1/9/2006,2006,9,Road-transport,SO2,0.090273322,83.95418972
1/10/2006,2006,10,Non-road-transport,CO,0.083333333,1736.666667
1/10/2006,2006,10,Non-road-transport,NOx,0.083333333,3028.333333
1/10/2006,2006,10,Non-road-transport,PM10,0.083333333,199.1666667
1/10/2006,2006,10,Non-road-transport,PM25,0.083333333,185.8333333
1/10/2006,2006,10,Non-road-transport,SO2,0.083333333,1655
1/10/2006,2006,10,Other,CO,0.091470336,466.4987158
1/10/2006,2006,10,Other,NOx,0.090356524,945.1292432
1/10/2006,2006,10,Other,PM10,0.092030502,180.3797849
1/10/2006,2006,10,Other,PM25,0.091841047,124.9038239
1/10/2006,2006,10,Other,SO2,0.088312899,216.3666026
1/10/2006,2006,10,Power,CO,0.09118,307.2765985
1/10/2006,2006,10,Power,NOx,0.091180081,3808.591989
1/10/2006,2006,10,Power,PM10,0.091180061,169.594913
1/10/2006,2006,10,Power,PM25,0.091180051,76.59124309
1/10/2006,2006,10,Power,SO2,0.091180056,6020.619078
1/10/2006,2006,10,Road-transport,CO,0.092867325,5451.311961
1/10/2006,2006,10,Road-transport,NOx,0.094801336,3374.927555
1/10/2006,2006,10,Road-transport,PM10,0.094462316,160.5859375
1/10/2006,2006,10,Road-transport,PM25,0.094462316,141.6934743
1/10/2006,2006,10,Road-transport,SO2,0.095069209,88.4143641
1/11/2006,2006,11,Non-road-transport,CO,0.083333333,1736.666667
1/11/2006,2006,11,Non-road-transport,NOx,0.083333333,3028.333333
1/11/2006,2006,11,Non-road-transport,PM10,0.083333333,199.1666667
1/11/2006,2006,11,Non-road-transport,PM25,0.083333333,185.8333333
1/11/2006,2006,11,Non-road-transport,SO2,0.083333333,1655
1/11/2006,2006,11,Other,CO,0.091732911,467.8378459
1/11/2006,2006,11,Other,NOx,0.09339531,976.9149383
1/11/2006,2006,11,Other,PM10,0.093808225,183.8641203
1/11/2006,2006,11,Other,PM25,0.093846366,127.6310581
1/11/2006,2006,11,Other,SO2,0.092427433,226.4472118
1/11/2006,2006,11,Power,CO,0.090140123,303.772213
1/11/2006,2006,11,Power,NOx,0.090140156,3765.154317
1/11/2006,2006,11,Power,PM10,0.090140145,167.6606699
1/11/2006,2006,11,Power,PM25,0.090140133,75.71771209
1/11/2006,2006,11,Power,SO2,0.09014012,5951.952151
1/11/2006,2006,11,Road-transport,CO,0.094068859,5521.842028
1/11/2006,2006,11,Road-transport,NOx,0.099086625,3527.483849
1/11/2006,2006,11,Road-transport,PM10,0.097673812,166.0454805
1/11/2006,2006,11,Road-transport,PM25,0.097673812,146.5107181
1/11/2006,2006,11,Road-transport,SO2,0.098299635,91.41866097
1/12/2006,2006,12,Non-road-transport,CO,0.083333333,1736.666667
1/12/2006,2006,12,Non-road-transport,NOx,0.083333333,3028.333333
1/12/2006,2006,12,Non-road-transport,PM10,0.083333333,199.1666667
1/12/2006,2006,12,Non-road-transport,PM25,0.083333333,185.8333333
1/12/2006,2006,12,Non-road-transport,SO2,0.083333333,1655
1/12/2006,2006,12,Other,CO,0.101442565,517.3570831
1/12/2006,2006,12,Other,NOx,0.110863193,1159.628998
1/12/2006,2006,12,Other,PM10,0.107563895,210.8252342
1/12/2006,2006,12,Other,PM25,0.10672005,145.1392677
1/12/2006,2006,12,Other,SO2,0.106374093,260.6165277
1/12/2006,2006,12,Power,CO,0.086878098,292.7791912
1/12/2006,2006,12,Power,NOx,0.086878022,3628.894967
1/12/2006,2006,12,Power,PM10,0.086878108,161.5932804
1/12/2006,2006,12,Power,PM25,0.086878108,72.97761047
1/12/2006,2006,12,Power,SO2,0.086878116,5736.56202
1/12/2006,2006,12,Road-transport,CO,0.09040296,5306.653773
1/12/2006,2006,12,Road-transport,NOx,0.10302887,3667.827786
1/12/2006,2006,12,Road-transport,PM10,0.098799371,167.9589309
1/12/2006,2006,12,Road-transport,PM25,0.098799371,148.1990566
1/12/2006,2006,12,Road-transport,SO2,0.099173902,92.23172871
1/1/2007,2007,1,Non-road-transport,CO,0.083333333,1510.833333
1/1/2007,2007,1,Non-road-transport,NOx,0.083333333,3092.5
1/1/2007,2007,1,Non-road-transport,PM10,0.083333333,190.8333333
1/1/2007,2007,1,Non-road-transport,PM25,0.083333333,176.6666667
1/1/2007,2007,1,Non-road-transport,SO2,0.083333333,1502.5
1/1/2007,2007,1,Other,CO,0.066769941,330.5112062
1/1/2007,2007,1,Other,NOx,0.075595083,724.9568486
1/1/2007,2007,1,Other,PM10,0.067812675,126.8097025
1/1/2007,2007,1,Other,PM25,0.06822441,89.37397675
1/1/2007,2007,1,Other,SO2,0.076722046,182.5984705
1/1/2007,2007,1,Power,CO,0.070182381,248.4456281
1/1/2007,2007,1,Power,NOx,0.07018236,3147.678849
1/1/2007,2007,1,Power,PM10,0.070182399,112.2918377
1/1/2007,2007,1,Power,PM25,0.070182368,50.53130491
1/1/2007,2007,1,Power,SO2,0.070182393,4236.911093
1/1/2007,2007,1,Road-transport,CO,0.078834426,4674.881454
1/1/2007,2007,1,Road-transport,NOx,0.072927545,2581.635104
1/1/2007,2007,1,Road-transport,PM10,0.073598457,110.3976855
1/1/2007,2007,1,Road-transport,PM25,0.073598457,103.0378398
1/1/2007,2007,1,Road-transport,SO2,0.072209673,33.93854608
1/2/2007,2007,2,Non-road-transport,CO,0.083333333,1510.833333
1/2/2007,2007,2,Non-road-transport,NOx,0.083333333,3092.5
1/2/2007,2007,2,Non-road-transport,PM10,0.083333333,190.8333333
1/2/2007,2007,2,Non-road-transport,PM25,0.083333333,176.6666667
1/2/2007,2007,2,Non-road-transport,SO2,0.083333333,1502.5
1/2/2007,2007,2,Other,CO,0.06033523,298.6593863
1/2/2007,2007,2,Other,NOx,0.067478818,647.1218638
1/2/2007,2007,2,Other,PM10,0.060577084,113.2791464
1/2/2007,2007,2,Other,PM25,0.061065721,79.99609459
1/2/2007,2007,2,Other,SO2,0.067941333,161.7003734
1/2/2007,2007,2,Power,CO,0.051342317,181.751802
1/2/2007,2007,2,Power,NOx,0.051342322,2302.703154
1/2/2007,2007,2,Power,PM10,0.05134234,82.14774339
1/2/2007,2007,2,Power,PM25,0.051342336,36.96648182
1/2/2007,2007,2,Power,SO2,0.051342326,3099.536218
1/2/2007,2007,2,Road-transport,CO,0.077373473,4588.246943
1/2/2007,2007,2,Road-transport,NOx,0.067533997,2390.703491
1/2/2007,2007,2,Road-transport,PM10,0.070034863,105.052294
1/2/2007,2007,2,Road-transport,PM25,0.070034863,98.04880773
1/2/2007,2007,2,Road-transport,SO2,0.07131319,33.51719911
1/3/2007,2007,3,Non-road-transport,CO,0.083333333,1510.833333
1/3/2007,2007,3,Non-road-transport,NOx,0.083333333,3092.5
1/3/2007,2007,3,Non-road-transport,PM10,0.083333333,190.8333333
1/3/2007,2007,3,Non-road-transport,PM25,0.083333333,176.6666667
1/3/2007,2007,3,Non-road-transport,SO2,0.083333333,1502.5
1/3/2007,2007,3,Other,CO,0.079378351,392.9228366
1/3/2007,2007,3,Other,NOx,0.081893023,785.3540873
1/3/2007,2007,3,Other,PM10,0.078943357,147.624077
1/3/2007,2007,3,Other,PM25,0.078992942,103.4807544
1/3/2007,2007,3,Other,SO2,0.08259395,196.5736
1/3/2007,2007,3,Power,CO,0.080199657,283.9067858
1/3/2007,2007,3,Power,NOx,0.080199628,3596.953312
1/3/2007,2007,3,Power,PM10,0.08019964,128.3194246
1/3/2007,2007,3,Power,PM25,0.080199657,57.74375328
1/3/2007,2007,3,Power,SO2,0.080199648,4841.652763
1/3/2007,2007,3,Road-transport,CO,0.075701795,4489.116459
1/3/2007,2007,3,Road-transport,NOx,0.077702987,2750.685726
1/3/2007,2007,3,Road-transport,PM10,0.077127545,115.6913169
1/3/2007,2007,3,Road-transport,PM25,0.077127545,107.9785624
1/3/2007,2007,3,Road-transport,SO2,0.076694196,36.04627209
1/4/2007,2007,4,Non-road-transport,CO,0.083333333,1510.833333
1/4/2007,2007,4,Non-road-transport,NOx,0.083333333,3092.5
1/4/2007,2007,4,Non-road-transport,PM10,0.083333333,190.8333333
1/4/2007,2007,4,Non-road-transport,PM25,0.083333333,176.6666667
1/4/2007,2007,4,Non-road-transport,SO2,0.083333333,1502.5
1/4/2007,2007,4,Other,CO,0.08716232,431.453486
1/4/2007,2007,4,Other,NOx,0.081808788,784.5462792
1/4/2007,2007,4,Other,PM10,0.08214294,153.607297
1/4/2007,2007,4,Other,PM25,0.082580081,108.1799066
1/4/2007,2007,4,Other,SO2,0.081418315,193.7755909
1/4/2007,2007,4,Power,CO,0.083281865,294.8178031
1/4/2007,2007,4,Power,NOx,0.083281891,3735.192806
1/4/2007,2007,4,Power,PM10,0.083281878,133.2510044
1/4/2007,2007,4,Power,PM25,0.083281861,59.96294
1/4/2007,2007,4,Power,SO2,0.083281864,5027.726159
1/4/2007,2007,4,Road-transport,CO,0.070317937,4169.853663
1/4/2007,2007,4,Road-transport,NOx,0.07128066,2523.335348
1/4/2007,2007,4,Road-transport,PM10,0.070868905,106.3033578
1/4/2007,2007,4,Road-transport,PM25,0.070868905,99.21646728
1/4/2007,2007,4,Road-transport,SO2,0.070310009,33.04570413
1/5/2007,2007,5,Non-road-transport,CO,0.083333333,1510.833333
1/5/2007,2007,5,Non-road-transport,NOx,0.083333333,3092.5
1/5/2007,2007,5,Non-road-transport,PM10,0.083333333,190.8333333
1/5/2007,2007,5,Non-road-transport,PM25,0.083333333,176.6666667
1/5/2007,2007,5,Non-road-transport,SO2,0.083333333,1502.5
1/5/2007,2007,5,Other,CO,0.082695157,409.3410253
1/5/2007,2007,5,Other,NOx,0.077843989,746.5238549
1/5/2007,2007,5,Other,PM10,0.080272099,150.1088243
1/5/2007,2007,5,Other,PM25,0.080653727,105.6563825
1/5/2007,2007,5,Other,SO2,0.07724641,183.8464557
1/5/2007,2007,5,Power,CO,0.089546079,316.9931179
1/5/2007,2007,5,Power,NOx,0.089546053,4016.140467
1/5/2007,2007,5,Power,PM10,0.089546075,143.2737196
1/5/2007,2007,5,Power,PM25,0.089546076,64.47317447
1/5/2007,2007,5,Power,SO2,0.089546093,5405.897609
1/5/2007,2007,5,Road-transport,CO,0.081244525,4817.800344
1/5/2007,2007,5,Road-transport,NOx,0.079150559,2801.929784
1/5/2007,2007,5,Road-transport,PM10,0.079734417,119.6016254
1/5/2007,2007,5,Road-transport,PM25,0.079734417,111.6281837
1/5/2007,2007,5,Road-transport,SO2,0.080140486,37.66602859
1/6/2007,2007,6,Non-road-transport,CO,0.083333333,1510.833333
1/6/2007,2007,6,Non-road-transport,NOx,0.083333333,3092.5
1/6/2007,2007,6,Non-road-transport,PM10,0.083333333,190.8333333
1/6/2007,2007,6,Non-road-transport,PM25,0.083333333,176.6666667
1/6/2007,2007,6,Non-road-transport,SO2,0.083333333,1502.5
1/6/2007,2007,6,Other,CO,0.088717618,439.1522084
1/6/2007,2007,6,Other,NOx,0.088465926,848.3882282
1/6/2007,2007,6,Other,PM10,0.088884149,166.213359
1/6/2007,2007,6,Other,PM25,0.08914865,116.7847316
1/6/2007,2007,6,Other,SO2,0.085257244,202.9122397
1/6/2007,2007,6,Power,CO,0.088444707,313.0942611
1/6/2007,2007,6,Power,NOx,0.088444704,3966.744978
1/6/2007,2007,6,Power,PM10,0.088444717,141.5115464
1/6/2007,2007,6,Power,PM25,0.088444727,63.68020341
1/6/2007,2007,6,Power,SO2,0.088444714,5339.407359
1/6/2007,2007,6,Road-transport,CO,0.081307598,4821.540577
1/6/2007,2007,6,Road-transport,NOx,0.080289673,2842.254408
1/6/2007,2007,6,Road-transport,PM10,0.080598078,120.8971177
1/6/2007,2007,6,Road-transport,PM25,0.080598078,112.8373098
1/6/2007,2007,6,Road-transport,SO2,0.080859288,38.0038655
1/7/2007,2007,7,Non-road-transport,CO,0.083333333,1510.833333
1/7/2007,2007,7,Non-road-transport,NOx,0.083333333,3092.5
1/7/2007,2007,7,Non-road-transport,PM10,0.083333333,190.8333333
1/7/2007,2007,7,Non-road-transport,PM25,0.083333333,176.6666667
1/7/2007,2007,7,Non-road-transport,SO2,0.083333333,1502.5
1/7/2007,2007,7,Other,CO,0.079203577,392.0577076
1/7/2007,2007,7,Other,NOx,0.079623402,763.5884284
1/7/2007,2007,7,Other,PM10,0.08172471,152.8252079
1/7/2007,2007,7,Other,PM25,0.081740332,107.0798355
1/7/2007,2007,7,Other,SO2,0.07765056,184.8083331
1/7/2007,2007,7,Power,CO,0.09871885,349.4647286
1/7/2007,2007,7,Power,NOx,0.098718919,4427.543537
1/7/2007,2007,7,Power,PM10,0.098718861,157.9501783
1/7/2007,2007,7,Power,PM25,0.098718859,71.07757859
1/7/2007,2007,7,Power,SO2,0.098718877,5959.658599
1/7/2007,2007,7,Road-transport,CO,0.083302142,4939.81704
1/7/2007,2007,7,Road-transport,NOx,0.081324386,2878.883275
1/7/2007,2007,7,Road-transport,PM10,0.081827811,122.7417158
1/7/2007,2007,7,Road-transport,PM25,0.081827811,114.5589347
1/7/2007,2007,7,Road-transport,SO2,0.082086666,38.58073313
1/8/2007,2007,8,Non-road-transport,CO,0.083333333,1510.833333
1/8/2007,2007,8,Non-road-transport,NOx,0.083333333,3092.5
1/8/2007,2007,8,Non-road-transport,PM10,0.083333333,190.8333333
1/8/2007,2007,8,Non-road-transport,PM25,0.083333333,176.6666667
1/8/2007,2007,8,Non-road-transport,SO2,0.083333333,1502.5
1/8/2007,2007,8,Other,CO,0.079981596,395.9088979
1/8/2007,2007,8,Other,NOx,0.079259044,760.0942309
1/8/2007,2007,8,Other,PM10,0.080689086,150.8885901
1/8/2007,2007,8,Other,PM25,0.080683502,105.695387
1/8/2007,2007,8,Other,SO2,0.077304887,183.9856305
1/8/2007,2007,8,Power,CO,0.094297321,333.8125176
1/8/2007,2007,8,Power,NOx,0.094297284,4229.233185
1/8/2007,2007,8,Power,PM10,0.094297284,150.8756547
1/8/2007,2007,8,Power,PM25,0.094297284,67.89404477
1/8/2007,2007,8,Power,SO2,0.094297307,5692.728409
1/8/2007,2007,8,Road-transport,CO,0.085527971,5071.808666
1/8/2007,2007,8,Road-transport,NOx,0.082828235,2932.119522
1/8/2007,2007,8,Road-transport,PM10,0.083560014,125.3400214
1/8/2007,2007,8,Road-transport,PM25,0.083560014,116.98402
1/8/2007,2007,8,Road-transport,SO2,0.084029081,39.49366816
1/9/2007,2007,9,Non-road-transport,CO,0.083333333,1510.833333
1/9/2007,2007,9,Non-road-transport,NOx,0.083333333,3092.5
1/9/2007,2007,9,Non-road-transport,PM10,0.083333333,190.8333333
1/9/2007,2007,9,Non-road-transport,PM25,0.083333333,176.6666667
1/9/2007,2007,9,Non-road-transport,SO2,0.083333333,1502.5
1/9/2007,2007,9,Other,CO,0.089891175,444.9613175
1/9/2007,2007,9,Other,NOx,0.079183781,759.372462
1/9/2007,2007,9,Other,PM10,0.088893296,166.2304629
1/9/2007,2007,9,Other,PM25,0.088253113,115.6115778
1/9/2007,2007,9,Other,SO2,0.082444578,196.2180968
1/9/2007,2007,9,Power,CO,0.087291075,309.0104043
1/9/2007,2007,9,Power,NOx,0.087291067,3915.004343
1/9/2007,2007,9,Power,PM10,0.087291084,139.6657336
1/9/2007,2007,9,Power,PM25,0.087291085,62.84958152
1/9/2007,2007,9,Power,SO2,0.087291085,5269.762781
1/9/2007,2007,9,Road-transport,CO,0.089273617,5293.925481
1/9/2007,2007,9,Road-transport,NOx,0.089789161,3178.536304
1/9/2007,2007,9,Road-transport,PM10,0.089856216,134.7843241
1/9/2007,2007,9,Road-transport,PM25,0.089856216,125.7987025
1/9/2007,2007,9,Road-transport,SO2,0.090303632,42.44270695
1/10/2007,2007,10,Non-road-transport,CO,0.083333333,1510.833333
1/10/2007,2007,10,Non-road-transport,NOx,0.083333333,3092.5
1/10/2007,2007,10,Non-road-transport,PM10,0.083333333,190.8333333
1/10/2007,2007,10,Non-road-transport,PM25,0.083333333,176.6666667
1/10/2007,2007,10,Non-road-transport,SO2,0.083333333,1502.5
1/10/2007,2007,10,Other,CO,0.09011542,446.0713315
1/10/2007,2007,10,Other,NOx,0.092303107,885.186794
1/10/2007,2007,10,Other,PM10,0.092058483,172.1493631
1/10/2007,2007,10,Other,PM25,0.091777762,120.2288689
1/10/2007,2007,10,Other,SO2,0.092773686,220.8013717
1/10/2007,2007,10,Power,CO,0.08343905,295.3742377
1/10/2007,2007,10,Power,NOx,0.083439102,3742.243746
1/10/2007,2007,10,Power,PM10,0.083439052,133.5024836
1/10/2007,2007,10,Power,PM25,0.083439047,60.07611386
1/10/2007,2007,10,Power,SO2,0.083439028,5037.214099
1/10/2007,2007,10,Road-transport,CO,0.092937754,5511.208806
1/10/2007,2007,10,Road-transport,NOx,0.094854739,3357.857773
1/10/2007,2007,10,Road-transport,PM10,0.094631857,141.947786
1/10/2007,2007,10,Road-transport,PM25,0.094631857,132.4846002
1/10/2007,2007,10,Road-transport,SO2,0.095069179,44.68251415
1/11/2007,2007,11,Non-road-transport,CO,0.083333333,1510.833333
1/11/2007,2007,11,Non-road-transport,NOx,0.083333333,3092.5
1/11/2007,2007,11,Non-road-transport,PM10,0.083333333,190.8333333
1/11/2007,2007,11,Non-road-transport,PM25,0.083333333,176.6666667
1/11/2007,2007,11,Non-road-transport,SO2,0.083333333,1502.5
1/11/2007,2007,11,Other,CO,0.091896642,454.8883776
1/11/2007,2007,11,Other,NOx,0.095470925,915.566168
1/11/2007,2007,11,Other,PM10,0.093030206,173.9664859
1/11/2007,2007,11,Other,PM25,0.09282162,121.5963221
1/11/2007,2007,11,Other,SO2,0.095490234,227.2667565
1/11/2007,2007,11,Power,CO,0.081778758,289.4968043
1/11/2007,2007,11,Power,NOx,0.081778781,3667.778335
1/11/2007,2007,11,Power,PM10,0.081778754,130.846006
1/11/2007,2007,11,Power,PM25,0.081778762,58.88070897
1/11/2007,2007,11,Power,SO2,0.08177875,4936.983135
1/11/2007,2007,11,Road-transport,CO,0.094055918,5577.515914
1/11/2007,2007,11,Road-transport,NOx,0.099165652,3510.464072
1/11/2007,2007,11,Road-transport,PM10,0.098143365,147.2150468
1/11/2007,2007,11,Road-transport,PM25,0.098143365,137.4007103
1/11/2007,2007,11,Road-transport,SO2,0.098197345,46.15275193
1/12/2007,2007,12,Non-road-transport,CO,0.083333333,1510.833333
1/12/2007,2007,12,Non-road-transport,NOx,0.083333333,3092.5
1/12/2007,2007,12,Non-road-transport,PM10,0.083333333,190.8333333
1/12/2007,2007,12,Non-road-transport,PM25,0.083333333,176.6666667
1/12/2007,2007,12,Non-road-transport,SO2,0.083333333,1502.5
1/12/2007,2007,12,Other,CO,0.103852974,514.0722191
1/12/2007,2007,12,Other,NOx,0.101074114,969.3007548
1/12/2007,2007,12,Other,PM10,0.104971917,196.2974839
1/12/2007,2007,12,Other,PM25,0.104058139,136.3161623
1/12/2007,2007,12,Other,SO2,0.103156757,245.5130814
1/12/2007,2007,12,Power,CO,0.091477941,323.8319096
1/12/2007,2007,12,Power,NOx,0.091477888,4102.783289
1/12/2007,2007,12,Power,PM10,0.091477917,146.3646676
1/12/2007,2007,12,Power,PM25,0.091477937,65.86411439
1/12/2007,2007,12,Power,SO2,0.091477916,5522.521776
1/12/2007,2007,12,Road-transport,CO,0.090122844,5344.284653
1/12/2007,2007,12,Road-transport,NOx,0.103152407,3651.595193
1/12/2007,2007,12,Road-transport,PM10,0.100018472,150.0277087
1/12/2007,2007,12,Road-transport,PM25,0.100018472,140.0258615
1/12/2007,2007,12,Road-transport,SO2,0.098787256,46.43001017
1/1/2008,2008,1,Non-road-transport,CO,0.083333333,1498.333333
1/1/2008,2008,1,Non-road-transport,NOx,0.083333333,3062.5
1/1/2008,2008,1,Non-road-transport,PM10,0.083333333,190
1/1/2008,2008,1,Non-road-transport,PM25,0.083333333,178.3333333
1/1/2008,2008,1,Non-road-transport,SO2,0.083333333,1553.333333
1/1/2008,2008,1,Other,CO,0.074708061,402.6764489
1/1/2008,2008,1,Other,NOx,0.084796274,813.1962666
1/1/2008,2008,1,Other,PM10,0.072972978,137.189198
1/1/2008,2008,1,Other,PM25,0.073217783,93.71876209
1/1/2008,2008,1,Other,SO2,0.085852882,143.3743122
1/1/2008,2008,1,Power,CO,0.084334989,288.4256636
1/1/2008,2008,1,Power,NOx,0.084334952,3249.425685
1/1/2008,2008,1,Power,PM10,0.084334955,124.8157333
1/1/2008,2008,1,Power,PM25,0.084334969,57.34777879
1/1/2008,2008,1,Power,SO2,0.084334968,4265.662667
1/1/2008,2008,1,Road-transport,CO,0.077849343,4670.960555
1/1/2008,2008,1,Road-transport,NOx,0.072804204,2555.427578
1/1/2008,2008,1,Road-transport,PM10,0.073515675,102.9219456
1/1/2008,2008,1,Road-transport,PM25,0.073515675,88.21881049
1/1/2008,2008,1,Road-transport,SO2,0.072095556,17.30293355
1/2/2008,2008,2,Non-road-transport,CO,0.083333333,1498.333333
1/2/2008,2008,2,Non-road-transport,NOx,0.083333333,3062.5
1/2/2008,2008,2,Non-road-transport,PM10,0.083333333,190
1/2/2008,2008,2,Non-road-transport,PM25,0.083333333,178.3333333
1/2/2008,2008,2,Non-road-transport,SO2,0.083333333,1553.333333
1/2/2008,2008,2,Other,CO,0.070499303,379.9912424
1/2/2008,2008,2,Other,NOx,0.075503651,724.0800094
1/2/2008,2008,2,Other,PM10,0.066103039,124.2737124
1/2/2008,2008,2,Other,PM25,0.066520532,85.14628102
1/2/2008,2008,2,Other,SO2,0.076473763,127.7111835
1/2/2008,2008,2,Power,CO,0.07282306,249.0548654
1/2/2008,2008,2,Power,NOx,0.072823032,2805.871412
1/2/2008,2008,2,Power,PM10,0.072823049,107.7781122
1/2/2008,2008,2,Power,PM25,0.072823042,49.51966835
1/2/2008,2008,2,Power,SO2,0.07282306,3683.390379
1/2/2008,2008,2,Road-transport,CO,0.07805412,4683.247205
1/2/2008,2008,2,Road-transport,NOx,0.067505647,2369.448193
1/2/2008,2008,2,Road-transport,PM10,0.070229934,98.3219081
1/2/2008,2008,2,Road-transport,PM25,0.070229934,84.27592122
1/2/2008,2008,2,Road-transport,SO2,0.071678743,17.20289838
1/3/2008,2008,3,Non-road-transport,CO,0.083333333,1498.333333
1/3/2008,2008,3,Non-road-transport,NOx,0.083333333,3062.5
1/3/2008,2008,3,Non-road-transport,PM10,0.083333333,190
1/3/2008,2008,3,Non-road-transport,PM25,0.083333333,178.3333333
1/3/2008,2008,3,Non-road-transport,SO2,0.083333333,1553.333333
1/3/2008,2008,3,Other,CO,0.089445472,482.1110961
1/3/2008,2008,3,Other,NOx,0.097433489,934.3871577
1/3/2008,2008,3,Other,PM10,0.087233498,163.9989766
1/3/2008,2008,3,Other,PM25,0.087111983,111.5033382
1/3/2008,2008,3,Other,SO2,0.099320331,165.8649528
1/3/2008,2008,3,Power,CO,0.094710967,323.9115057
1/3/2008,2008,3,Power,NOx,0.094710972,3649.21376
1/3/2008,2008,3,Power,PM10,0.094710986,140.1722596
1/3/2008,2008,3,Power,PM25,0.094710986,64.40347076
1/3/2008,2008,3,Power,SO2,0.094710964,4790.480577
1/3/2008,2008,3,Road-transport,CO,0.075451304,4527.078238
1/3/2008,2008,3,Road-transport,NOx,0.0777002,2727.277003
1/3/2008,2008,3,Road-transport,PM10,0.077071818,107.9005446
1/3/2008,2008,3,Road-transport,PM25,0.077071818,92.48618108
1/3/2008,2008,3,Road-transport,SO2,0.076593045,18.38233079
1/4/2008,2008,4,Non-road-transport,CO,0.083333333,1498.333333
1/4/2008,2008,4,Non-road-transport,NOx,0.083333333,3062.5
1/4/2008,2008,4,Non-road-transport,PM10,0.083333333,190
1/4/2008,2008,4,Non-road-transport,PM25,0.083333333,178.3333333
1/4/2008,2008,4,Non-road-transport,SO2,0.083333333,1553.333333
1/4/2008,2008,4,Other,CO,0.086260124,464.9420671
1/4/2008,2008,4,Other,NOx,0.082040531,786.7686953
1/4/2008,2008,4,Other,PM10,0.08143357,153.0951125
1/4/2008,2008,4,Other,PM25,0.081554573,104.3898533
1/4/2008,2008,4,Other,SO2,0.082325064,137.4828575
1/4/2008,2008,4,Power,CO,0.091973103,314.5480122
1/4/2008,2008,4,Power,NOx,0.091973124,3543.724459
1/4/2008,2008,4,Power,PM10,0.091973109,136.1202008
1/4/2008,2008,4,Power,PM25,0.0919731,62.54170815
1/4/2008,2008,4,Power,SO2,0.091973116,4652.000194
1/4/2008,2008,4,Road-transport,CO,0.069970931,4198.255848
1/4/2008,2008,4,Road-transport,NOx,0.071262064,2501.298452
1/4/2008,2008,4,Road-transport,PM10,0.0708096,99.13344
1/4/2008,2008,4,Road-transport,PM25,0.0708096,84.97152
1/4/2008,2008,4,Road-transport,SO2,0.07020712,16.84970883
1/5/2008,2008,5,Non-road-transport,CO,0.083333333,1498.333333
1/5/2008,2008,5,Non-road-transport,NOx,0.083333333,3062.5
1/5/2008,2008,5,Non-road-transport,PM10,0.083333333,190
1/5/2008,2008,5,Non-road-transport,PM25,0.083333333,178.3333333
1/5/2008,2008,5,Non-road-transport,SO2,0.083333333,1553.333333
1/5/2008,2008,5,Other,CO,0.085105004,458.715969
1/5/2008,2008,5,Other,NOx,0.078502564,752.8395902
1/5/2008,2008,5,Other,PM10,0.08151082,153.2403415
1/5/2008,2008,5,Other,PM25,0.082061699,105.0389741
1/5/2008,2008,5,Other,SO2,0.077779503,129.8917704
1/5/2008,2008,5,Power,CO,0.085952411,293.957244
1/5/2008,2008,5,Power,NOx,0.085952444,3311.747671
1/5/2008,2008,5,Power,PM10,0.085952428,127.2095933
1/5/2008,2008,5,Power,PM25,0.085952437,58.44765744
1/5/2008,2008,5,Power,SO2,0.085952425,4347.473659
1/5/2008,2008,5,Road-transport,CO,0.081476013,4888.56081
1/5/2008,2008,5,Road-transport,NOx,0.079151138,2778.204954
1/5/2008,2008,5,Road-transport,PM10,0.079788327,111.7036573
1/5/2008,2008,5,Road-transport,PM25,0.079788327,95.74599195
1/5/2008,2008,5,Road-transport,SO2,0.080238995,19.25735875
1/6/2008,2008,6,Non-road-transport,CO,0.083333333,1498.333333
1/6/2008,2008,6,Non-road-transport,NOx,0.083333333,3062.5
1/6/2008,2008,6,Non-road-transport,PM10,0.083333333,190
1/6/2008,2008,6,Non-road-transport,PM25,0.083333333,178.3333333
1/6/2008,2008,6,Non-road-transport,SO2,0.083333333,1553.333333
1/6/2008,2008,6,Other,CO,0.089075371,480.1162506
1/6/2008,2008,6,Other,NOx,0.082930593,795.3043904
1/6/2008,2008,6,Other,PM10,0.087467352,164.438622
1/6/2008,2008,6,Other,PM25,0.087283685,111.7231172
1/6/2008,2008,6,Other,SO2,0.083560106,139.5453776
1/6/2008,2008,6,Power,CO,0.080798689,276.3315172
1/6/2008,2008,6,Power,NOx,0.080798678,3113.173057
1/6/2008,2008,6,Power,PM10,0.080798674,119.5820368
1/6/2008,2008,6,Power,PM25,0.080798691,54.94310974
1/6/2008,2008,6,Power,SO2,0.080798675,4086.79698
1/6/2008,2008,6,Road-transport,CO,0.081461377,4887.682632
1/6/2008,2008,6,Road-transport,NOx,0.08029307,2818.286756
1/6/2008,2008,6,Road-transport,PM10,0.080630202,112.8822828
1/6/2008,2008,6,Road-transport,PM25,0.080630202,96.75624239
1/6/2008,2008,6,Road-transport,SO2,0.080917082,19.42009958
1/7/2008,2008,7,Non-road-transport,CO,0.083333333,1498.333333
1/7/2008,2008,7,Non-road-transport,NOx,0.083333333,3062.5
1/7/2008,2008,7,Non-road-transport,PM10,0.083333333,190
1/7/2008,2008,7,Non-road-transport,PM25,0.083333333,178.3333333
1/7/2008,2008,7,Non-road-transport,SO2,0.083333333,1553.333333
1/7/2008,2008,7,Other,CO,0.084375805,454.7855903
1/7/2008,2008,7,Other,NOx,0.078198343,749.9221062
1/7/2008,2008,7,Other,PM10,0.082950809,155.9475208
1/7/2008,2008,7,Other,PM25,0.08319813,106.493607
1/7/2008,2008,7,Other,SO2,0.077634493,129.6496037
1/7/2008,2008,7,Power,CO,0.08876991,303.5930929
1/7/2008,2008,7,Power,NOx,0.08876997,3420.306933
1/7/2008,2008,7,Power,PM10,0.088769891,131.3794386
1/7/2008,2008,7,Power,PM25,0.088769876,60.3635154
1/7/2008,2008,7,Power,SO2,0.088769908,4489.981934
1/7/2008,2008,7,Road-transport,CO,0.083440203,5006.412175
1/7/2008,2008,7,Road-transport,NOx,0.081318788,2854.289473
1/7/2008,2008,7,Road-transport,PM10,0.081867179,114.6140505
1/7/2008,2008,7,Road-transport,PM25,0.081867179,98.24061475
1/7/2008,2008,7,Road-transport,SO2,0.082160455,19.71850917
1/8/2008,2008,8,Non-road-transport,CO,0.083333333,1498.333333
1/8/2008,2008,8,Non-road-transport,NOx,0.083333333,3062.5
1/8/2008,2008,8,Non-road-transport,PM10,0.083333333,190
1/8/2008,2008,8,Non-road-transport,PM25,0.083333333,178.3333333
1/8/2008,2008,8,Non-road-transport,SO2,0.083333333,1553.333333
1/8/2008,2008,8,Other,CO,0.08339486,449.4982967
1/8/2008,2008,8,Other,NOx,0.078410778,751.9593577
1/8/2008,2008,8,Other,PM10,0.082357742,154.8325554
1/8/2008,2008,8,Other,PM25,0.082549175,105.6629441
1/8/2008,2008,8,Other,SO2,0.078481034,131.0633263
1/8/2008,2008,8,Power,CO,0.089515045,306.1414535
1/8/2008,2008,8,Power,NOx,0.089515,3449.012944
1/8/2008,2008,8,Power,PM10,0.089515042,132.4822629
1/8/2008,2008,8,Power,PM25,0.089515028,60.87021882
1/8/2008,2008,8,Power,SO2,0.089515022,4527.669836
1/8/2008,2008,8,Road-transport,CO,0.085791201,5147.472061
1/8/2008,2008,8,Road-transport,NOx,0.082826302,2907.203212
1/8/2008,2008,8,Road-transport,PM10,0.083624472,117.0742612
1/8/2008,2008,8,Road-transport,PM25,0.083624472,100.3493668
1/8/2008,2008,8,Road-transport,SO2,0.084147689,20.19544542
1/9/2008,2008,9,Non-road-transport,CO,0.083333333,1498.333333
1/9/2008,2008,9,Non-road-transport,NOx,0.083333333,3062.5
1/9/2008,2008,9,Non-road-transport,PM10,0.083333333,190
1/9/2008,2008,9,Non-road-transport,PM25,0.083333333,178.3333333
1/9/2008,2008,9,Non-road-transport,SO2,0.083333333,1553.333333
1/9/2008,2008,9,Other,CO,0.083474205,449.9259662
1/9/2008,2008,9,Other,NOx,0.080857778,775.426089
1/9/2008,2008,9,Other,PM10,0.087405638,164.3225997
1/9/2008,2008,9,Other,PM25,0.087237501,111.6640019
1/9/2008,2008,9,Other,SO2,0.081322559,135.8086733
1/9/2008,2008,9,Power,CO,0.090829881,310.6381916
1/9/2008,2008,9,Power,NOx,0.090829902,3499.676139
1/9/2008,2008,9,Power,PM10,0.090829905,134.4282597
1/9/2008,2008,9,Power,PM25,0.090829917,61.76434343
1/9/2008,2008,9,Power,SO2,0.090829922,4594.177466
1/9/2008,2008,9,Road-transport,CO,0.089570404,5374.224241
1/9/2008,2008,9,Road-transport,NOx,0.089815995,3152.54143
1/9/2008,2008,9,Road-transport,PM10,0.089893687,125.8511618
1/9/2008,2008,9,Road-transport,PM25,0.089893687,107.8724244
1/9/2008,2008,9,Road-transport,SO2,0.090364042,21.68737005
1/10/2008,2008,10,Non-road-transport,CO,0.083333333,1498.333333
1/10/2008,2008,10,Non-road-transport,NOx,0.083333333,3062.5
1/10/2008,2008,10,Non-road-transport,PM10,0.083333333,190
1/10/2008,2008,10,Non-road-transport,PM25,0.083333333,178.3333333
1/10/2008,2008,10,Non-road-transport,SO2,0.083333333,1553.333333
1/10/2008,2008,10,Other,CO,0.082665941,445.5694202
1/10/2008,2008,10,Other,NOx,0.083799923,803.6412641
1/10/2008,2008,10,Other,PM10,0.086264275,162.1768376
1/10/2008,2008,10,Other,PM25,0.086100193,110.2082465
1/10/2008,2008,10,Other,SO2,0.081015333,135.2956067
1/10/2008,2008,10,Power,CO,0.08016339,274.1587946
1/10/2008,2008,10,Power,NOx,0.080163382,3088.695112
1/10/2008,2008,10,Power,PM10,0.080163378,118.6417989
1/10/2008,2008,10,Power,PM25,0.080163361,54.51108523
1/10/2008,2008,10,Power,SO2,0.080163388,4054.664166
1/10/2008,2008,10,Road-transport,CO,0.093248817,5594.929025
1/10/2008,2008,10,Road-transport,NOx,0.09489412,3330.783611
1/10/2008,2008,10,Road-transport,PM10,0.094657488,132.5204833
1/10/2008,2008,10,Road-transport,PM25,0.094657488,113.5889857
1/10/2008,2008,10,Road-transport,SO2,0.095104127,22.82499042
1/11/2008,2008,11,Non-road-transport,CO,0.083333333,1498.333333
1/11/2008,2008,11,Non-road-transport,NOx,0.083333333,3062.5
1/11/2008,2008,11,Non-road-transport,PM10,0.083333333,190
1/11/2008,2008,11,Non-road-transport,PM25,0.083333333,178.3333333
1/11/2008,2008,11,Non-road-transport,SO2,0.083333333,1553.333333
1/11/2008,2008,11,Other,CO,0.079369676,427.8025525
1/11/2008,2008,11,Other,NOx,0.083709292,802.7721079
1/11/2008,2008,11,Other,PM10,0.084900186,159.6123504
1/11/2008,2008,11,Other,PM25,0.084686529,108.3987575
1/11/2008,2008,11,Other,SO2,0.080391094,134.2531266
1/11/2008,2008,11,Power,CO,0.066981473,229.0766377
1/11/2008,2008,11,Power,NOx,0.066981447,2580.795161
1/11/2008,2008,11,Power,PM10,0.066981469,99.13257426
1/11/2008,2008,11,Power,PM25,0.066981496,45.54741717
1/11/2008,2008,11,Power,SO2,0.066981456,3387.922055
1/11/2008,2008,11,Road-transport,CO,0.094166428,5649.985707
1/11/2008,2008,11,Road-transport,NOx,0.099215754,3482.472972
1/11/2008,2008,11,Road-transport,PM10,0.098108639,137.3520945
1/11/2008,2008,11,Road-transport,PM25,0.098108639,117.7303667
1/11/2008,2008,11,Road-transport,SO2,0.098118551,23.54845225
1/12/2008,2008,12,Non-road-transport,CO,0.083333333,1498.333333
1/12/2008,2008,12,Non-road-transport,NOx,0.083333333,3062.5
1/12/2008,2008,12,Non-road-transport,PM10,0.083333333,190
1/12/2008,2008,12,Non-road-transport,PM25,0.083333333,178.3333333
1/12/2008,2008,12,Non-road-transport,SO2,0.083333333,1553.333333
1/12/2008,2008,12,Other,CO,0.091626178,493.8650999
1/12/2008,2008,12,Other,NOx,0.093816785,899.7029655
1/12/2008,2008,12,Other,PM10,0.099400092,186.8721729
1/12/2008,2008,12,Other,PM25,0.098478217,126.0521172
1/12/2008,2008,12,Other,SO2,0.095843838,160.0592093
1/12/2008,2008,12,Power,CO,0.073147082,250.1630215
1/12/2008,2008,12,Power,NOx,0.073147097,2818.357666
1/12/2008,2008,12,Power,PM10,0.073147115,108.2577297
1/12/2008,2008,12,Power,PM25,0.073147098,49.74002673
1/12/2008,2008,12,Power,SO2,0.073147095,3699.780088
1/12/2008,2008,12,Road-transport,CO,0.089519858,5371.191503
1/12/2008,2008,12,Road-transport,NOx,0.103212717,3622.766367
1/12/2008,2008,12,Road-transport,PM10,0.099802979,139.7241702
1/12/2008,2008,12,Road-transport,PM25,0.099802979,119.7635745
1/12/2008,2008,12,Road-transport,SO2,0.098374595,23.60990282
1/1/2009,2009,1,Non-road-transport,CO,0.083333333,1709.166667
1/1/2009,2009,1,Non-road-transport,NOx,0.083333333,2975
1/1/2009,2009,1,Non-road-transport,PM10,0.083333333,184.1666667
1/1/2009,2009,1,Non-road-transport,PM25,0.083333333,170.8333333
1/1/2009,2009,1,Non-road-transport,SO2,0.083333333,1520
1/1/2009,2009,1,Other,CO,0.062050146,296.5996972
1/1/2009,2009,1,Other,NOx,0.066559052,551.10895
1/1/2009,2009,1,Other,PM10,0.062052733,104.2485914
1/1/2009,2009,1,Other,PM25,0.062486479,72.4843162
1/1/2009,2009,1,Other,SO2,0.067727782,23.02744587
1/1/2009,2009,1,Power,CO,0.049045065,172.6386286
1/1/2009,2009,1,Power,NOx,0.049045082,1868.617632
1/1/2009,2009,1,Power,PM10,0.049045077,75.03896826
1/1/2009,2009,1,Power,PM25,0.049045078,34.33155434
1/1/2009,2009,1,Power,SO2,0.049045074,2271.277391
1/1/2009,2009,1,Road-transport,CO,0.076667187,4646.031531
1/1/2009,2009,1,Road-transport,NOx,0.072768517,2539.621248
1/1/2009,2009,1,Road-transport,PM10,0.073574597,88.28951597
1/1/2009,2009,1,Road-transport,PM25,0.073574597,80.9320563
1/1/2009,2009,1,Road-transport,SO2,0.071991416,5.759313278
1/2/2009,2009,2,Non-road-transport,CO,0.083333333,1709.166667
1/2/2009,2009,2,Non-road-transport,NOx,0.083333333,2975
1/2/2009,2009,2,Non-road-transport,PM10,0.083333333,184.1666667
1/2/2009,2009,2,Non-road-transport,PM25,0.083333333,170.8333333
1/2/2009,2009,2,Non-road-transport,SO2,0.083333333,1520
1/2/2009,2009,2,Other,CO,0.067618844,323.2180741
1/2/2009,2009,2,Other,NOx,0.072619632,601.2905529
1/2/2009,2009,2,Other,PM10,0.065099048,109.3663999
1/2/2009,2009,2,Other,PM25,0.065724383,76.24028441
1/2/2009,2009,2,Other,SO2,0.072604389,24.68549243
1/2/2009,2009,2,Power,CO,0.055410611,195.0453506
1/2/2009,2009,2,Power,NOx,0.055410633,2111.14512
1/2/2009,2009,2,Power,PM10,0.055410615,84.77824102
1/2/2009,2009,2,Power,PM25,0.055410619,38.78743321
1/2/2009,2009,2,Power,SO2,0.055410631,2566.066342
1/2/2009,2009,2,Road-transport,CO,0.078559606,4760.712139
1/2/2009,2009,2,Road-transport,NOx,0.066590186,2323.997488
1/2/2009,2009,2,Road-transport,PM10,0.069940745,83.92889388
1/2/2009,2009,2,Road-transport,PM25,0.069940745,76.93481939
1/2/2009,2009,2,Road-transport,SO2,0.071489684,5.719174705
1/3/2009,2009,3,Non-road-transport,CO,0.083333333,1709.166667
1/3/2009,2009,3,Non-road-transport,NOx,0.083333333,2975
1/3/2009,2009,3,Non-road-transport,PM10,0.083333333,184.1666667
1/3/2009,2009,3,Non-road-transport,PM25,0.083333333,170.8333333
1/3/2009,2009,3,Non-road-transport,SO2,0.083333333,1520
1/3/2009,2009,3,Other,CO,0.078038531,373.0241771
1/3/2009,2009,3,Other,NOx,0.084018222,695.6708765
1/3/2009,2009,3,Other,PM10,0.079237875,133.1196292
1/3/2009,2009,3,Other,PM25,0.079466276,92.18088054
1/3/2009,2009,3,Other,SO2,0.083002321,28.22078929
1/3/2009,2009,3,Power,CO,0.071228906,250.7257505
1/3/2009,2009,3,Power,NOx,0.071228898,2713.821025
1/3/2009,2009,3,Power,PM10,0.071228909,108.9802303
1/3/2009,2009,3,Power,PM25,0.071228929,49.86025043
1/3/2009,2009,3,Power,SO2,0.071228898,3298.610255
1/3/2009,2009,3,Road-transport,CO,0.075229042,4558.879919
1/3/2009,2009,3,Road-transport,NOx,0.0779277,2719.676726
1/3/2009,2009,3,Road-transport,PM10,0.077149331,92.57919759
1/3/2009,2009,3,Road-transport,PM25,0.077149331,84.86426446
1/3/2009,2009,3,Road-transport,SO2,0.076632236,6.130578844
1/4/2009,2009,4,Non-road-transport,CO,0.083333333,1709.166667
1/4/2009,2009,4,Non-road-transport,NOx,0.083333333,2975
1/4/2009,2009,4,Non-road-transport,PM10,0.083333333,184.1666667
1/4/2009,2009,4,Non-road-transport,PM25,0.083333333,170.8333333
1/4/2009,2009,4,Non-road-transport,SO2,0.083333333,1520
1/4/2009,2009,4,Other,CO,0.076016941,363.3609771
1/4/2009,2009,4,Other,NOx,0.085699698,709.5934991
1/4/2009,2009,4,Other,PM10,0.077220366,129.7302147
1/4/2009,2009,4,Other,PM25,0.077498133,89.89783475
1/4/2009,2009,4,Other,SO2,0.081444237,27.69104046
1/4/2009,2009,4,Power,CO,0.06884951,242.3502764
1/4/2009,2009,4,Power,NOx,0.068849477,2623.165089
1/4/2009,2009,4,Power,PM10,0.068849505,105.339743
1/4/2009,2009,4,Power,PM25,0.068849519,48.19466351
1/4/2009,2009,4,Power,SO2,0.068849508,3188.420724
1/4/2009,2009,4,Road-transport,CO,0.069622573,4219.127951
1/4/2009,2009,4,Road-transport,NOx,0.071455007,2493.779749
1/4/2009,2009,4,Road-transport,PM10,0.070884683,85.06161981
1/4/2009,2009,4,Road-transport,PM25,0.070884683,77.97315149
1/4/2009,2009,4,Road-transport,SO2,0.070227506,5.618200504
1/5/2009,2009,5,Non-road-transport,CO,0.083333333,1709.166667
1/5/2009,2009,5,Non-road-transport,NOx,0.083333333,2975
1/5/2009,2009,5,Non-road-transport,PM10,0.083333333,184.1666667
1/5/2009,2009,5,Non-road-transport,PM25,0.083333333,170.8333333
1/5/2009,2009,5,Non-road-transport,SO2,0.083333333,1520
1/5/2009,2009,5,Other,CO,0.082625624,394.9504845
1/5/2009,2009,5,Other,NOx,0.083452244,690.9845808
1/5/2009,2009,5,Other,PM10,0.081162547,136.3530786
1/5/2009,2009,5,Other,PM25,0.081429745,94.45850412
1/5/2009,2009,5,Other,SO2,0.082256964,27.96736789
1/5/2009,2009,5,Power,CO,0.075221013,264.7779653
1/5/2009,2009,5,Power,NOx,0.075220955,2865.918389
1/5/2009,2009,5,Power,PM10,0.07522098,115.0880987
1/5/2009,2009,5,Power,PM25,0.075220925,52.65464763
1/5/2009,2009,5,Power,SO2,0.075220968,3483.483037
1/5/2009,2009,5,Road-transport,CO,0.081675936,4949.561726
1/5/2009,2009,5,Road-transport,NOx,0.078924371,2754.460565
1/5/2009,2009,5,Road-transport,PM10,0.079712341,95.65480958
1/5/2009,2009,5,Road-transport,PM25,0.079712341,87.68357545
1/5/2009,2009,5,Road-transport,SO2,0.080198198,6.415855851
1/6/2009,2009,6,Non-road-transport,CO,0.083333333,1709.166667
1/6/2009,2009,6,Non-road-transport,NOx,0.083333333,2975
1/6/2009,2009,6,Non-road-transport,PM10,0.083333333,184.1666667
1/6/2009,2009,6,Non-road-transport,PM25,0.083333333,170.8333333
1/6/2009,2009,6,Non-road-transport,SO2,0.083333333,1520
1/6/2009,2009,6,Other,CO,0.087244558,417.0289878
1/6/2009,2009,6,Other,NOx,0.081755291,676.9338054
1/6/2009,2009,6,Other,PM10,0.08626025,144.9172197
1/6/2009,2009,6,Other,PM25,0.086215981,100.0105375
1/6/2009,2009,6,Other,SO2,0.081232323,27.6189897
1/6/2009,2009,6,Power,CO,0.086565078,304.7090735
1/6/2009,2009,6,Power,NOx,0.086565112,3298.130757
1/6/2009,2009,6,Power,PM10,0.086565051,132.4445286
1/6/2009,2009,6,Power,PM25,0.086565071,60.59554949
1/6/2009,2009,6,Power,SO2,0.086565092,4008.829389
1/6/2009,2009,6,Road-transport,CO,0.08160254,4945.113939
1/6/2009,2009,6,Road-transport,NOx,0.08016763,2797.850297
1/6/2009,2009,6,Road-transport,PM10,0.080586367,96.70364015
1/6/2009,2009,6,Road-transport,PM25,0.080586367,88.64500347
1/6/2009,2009,6,Road-transport,SO2,0.080896978,6.471758239
1/7/2009,2009,7,Non-road-transport,CO,0.083333333,1709.166667
1/7/2009,2009,7,Non-road-transport,NOx,0.083333333,2975
1/7/2009,2009,7,Non-road-transport,PM10,0.083333333,184.1666667
1/7/2009,2009,7,Non-road-transport,PM25,0.083333333,170.8333333
1/7/2009,2009,7,Non-road-transport,SO2,0.083333333,1520
1/7/2009,2009,7,Other,CO,0.086139321,411.7459531
1/7/2009,2009,7,Other,NOx,0.081374442,673.780378
1/7/2009,2009,7,Other,PM10,0.084667995,142.2422319
1/7/2009,2009,7,Other,PM25,0.084948711,98.54050473
1/7/2009,2009,7,Other,SO2,0.081651265,27.76143004
1/7/2009,2009,7,Power,CO,0.093077358,327.6322999
1/7/2009,2009,7,Power,NOx,0.093077446,3546.250681
1/7/2009,2009,7,Power,PM10,0.09307742,142.4084524
1/7/2009,2009,7,Power,PM25,0.093077374,65.15416208
1/7/2009,2009,7,Power,SO2,0.09307734,4310.411638
1/7/2009,2009,7,Road-transport,CO,0.083543126,5062.713406
1/7/2009,2009,7,Road-transport,NOx,0.08113433,2831.588118
1/7/2009,2009,7,Road-transport,PM10,0.08180886,98.17063235
1/7/2009,2009,7,Road-transport,PM25,0.08180886,89.98974632
1/7/2009,2009,7,Road-transport,SO2,0.08212243,6.569794421
1/8/2009,2009,8,Non-road-transport,CO,0.083333333,1709.166667
1/8/2009,2009,8,Non-road-transport,NOx,0.083333333,2975
1/8/2009,2009,8,Non-road-transport,PM10,0.083333333,184.1666667
1/8/2009,2009,8,Non-road-transport,PM25,0.083333333,170.8333333
1/8/2009,2009,8,Non-road-transport,SO2,0.083333333,1520
1/8/2009,2009,8,Other,CO,0.084295247,402.9312787
1/8/2009,2009,8,Other,NOx,0.07921152,655.8713834
1/8/2009,2009,8,Other,PM10,0.083112142,139.6283984
1/8/2009,2009,8,Other,PM25,0.083534321,96.89981267
1/8/2009,2009,8,Other,SO2,0.078918049,26.83213659
1/8/2009,2009,8,Power,CO,0.102952924,362.3942932
1/8/2009,2009,8,Power,NOx,0.102952948,3922.507309
1/8/2009,2009,8,Power,PM10,0.102952876,157.5178999
1/8/2009,2009,8,Power,PM25,0.102952891,72.06702382
1/8/2009,2009,8,Power,SO2,0.102952872,4767.74748
1/8/2009,2009,8,Road-transport,CO,0.086011443,5212.293458
1/8/2009,2009,8,Road-transport,NOx,0.082546921,2880.887526
1/8/2009,2009,8,Road-transport,PM10,0.083532378,100.2388541
1/8/2009,2009,8,Road-transport,PM25,0.083532378,91.88561622
1/8/2009,2009,8,Road-transport,SO2,0.084095306,6.727624469
1/9/2009,2009,9,Non-road-transport,CO,0.083333333,1709.166667
1/9/2009,2009,9,Non-road-transport,NOx,0.083333333,2975
1/9/2009,2009,9,Non-road-transport,PM10,0.083333333,184.1666667
1/9/2009,2009,9,Non-road-transport,PM25,0.083333333,170.8333333
1/9/2009,2009,9,Non-road-transport,SO2,0.083333333,1520
1/9/2009,2009,9,Other,CO,0.088134089,421.2809433
1/9/2009,2009,9,Other,NOx,0.083771985,693.6320371
1/9/2009,2009,9,Other,PM10,0.088824175,149.2246146
1/9/2009,2009,9,Other,PM25,0.08833251,102.4657112
1/9/2009,2009,9,Other,SO2,0.084085385,28.58903099
1/9/2009,2009,9,Power,CO,0.105491428,371.3298282
1/9/2009,2009,9,Power,NOx,0.105491381,4019.221617
1/9/2009,2009,9,Power,PM10,0.105491401,161.4018432
1/9/2009,2009,9,Power,PM25,0.105491439,73.84400723
1/9/2009,2009,9,Power,SO2,0.105491427,4885.307998
1/9/2009,2009,9,Road-transport,CO,0.089898332,5447.838897
1/9/2009,2009,9,Road-transport,NOx,0.089741389,3131.974484
1/9/2009,2009,9,Road-transport,PM10,0.089853373,107.8240474
1/9/2009,2009,9,Road-transport,PM25,0.089853373,98.83871013
1/9/2009,2009,9,Road-transport,SO2,0.090371721,7.229737665
1/10/2009,2009,10,Non-road-transport,CO,0.083333333,1709.166667
1/10/2009,2009,10,Non-road-transport,NOx,0.083333333,2975
1/10/2009,2009,10,Non-road-transport,PM10,0.083333333,184.1666667
1/10/2009,2009,10,Non-road-transport,PM25,0.083333333,170.8333333
1/10/2009,2009,10,Non-road-transport,SO2,0.083333333,1520
1/10/2009,2009,10,Other,CO,0.085693558,409.6152076
1/10/2009,2009,10,Other,NOx,0.08639929,715.3861187
1/10/2009,2009,10,Other,PM10,0.088522717,148.7181642
1/10/2009,2009,10,Other,PM25,0.088035196,102.1208273
1/10/2009,2009,10,Other,SO2,0.086229466,29.31801848
1/10/2009,2009,10,Power,CO,0.096374399,339.2378829
1/10/2009,2009,10,Power,NOx,0.096374371,3671.863521
1/10/2009,2009,10,Power,PM10,0.096374397,147.4528269
1/10/2009,2009,10,Power,PM25,0.096374393,67.46207535
1/10/2009,2009,10,Power,SO2,0.096374414,4463.099091
1/10/2009,2009,10,Road-transport,CO,0.093623236,5673.568084
1/10/2009,2009,10,Road-transport,NOx,0.094908899,3312.320592
1/10/2009,2009,10,Road-transport,PM10,0.094639824,113.5677886
1/10/2009,2009,10,Road-transport,PM25,0.094639824,104.1038062
1/10/2009,2009,10,Road-transport,SO2,0.095137987,7.611038949
1/11/2009,2009,11,Non-road-transport,CO,0.083333333,1709.166667
1/11/2009,2009,11,Non-road-transport,NOx,0.083333333,2975
1/11/2009,2009,11,Non-road-transport,PM10,0.083333333,184.1666667
1/11/2009,2009,11,Non-road-transport,PM25,0.083333333,170.8333333
1/11/2009,2009,11,Non-road-transport,SO2,0.083333333,1520
1/11/2009,2009,11,Other,CO,0.089788118,429.1872024
1/11/2009,2009,11,Other,NOx,0.08946122,740.7388993
1/11/2009,2009,11,Other,PM10,0.092122772,154.7662576
1/11/2009,2009,11,Other,PM25,0.091659202,106.3246742
1/11/2009,2009,11,Other,SO2,0.089419422,30.4026034
1/11/2009,2009,11,Power,CO,0.093960319,330.7403218
1/11/2009,2009,11,Power,NOx,0.093960308,3579.887727
1/11/2009,2009,11,Power,PM10,0.093960367,143.7593616
1/11/2009,2009,11,Power,PM25,0.093960356,65.77224938
1/11/2009,2009,11,Power,SO2,0.093960358,4351.304174
1/11/2009,2009,11,Road-transport,CO,0.09439849,5720.548498
1/11/2009,2009,11,Road-transport,NOx,0.099520097,3473.2514
1/11/2009,2009,11,Road-transport,PM10,0.098181377,117.8176529
1/11/2009,2009,11,Road-transport,PM25,0.098181377,107.9995151
1/11/2009,2009,11,Road-transport,SO2,0.098213612,7.857088998
1/12/2009,2009,12,Non-road-transport,CO,0.083333333,1709.166667
1/12/2009,2009,12,Non-road-transport,NOx,0.083333333,2975
1/12/2009,2009,12,Non-road-transport,PM10,0.083333333,184.1666667
1/12/2009,2009,12,Non-road-transport,PM25,0.083333333,170.8333333
1/12/2009,2009,12,Non-road-transport,SO2,0.083333333,1520
1/12/2009,2009,12,Other,CO,0.112355025,537.0570172
1/12/2009,2009,12,Other,NOx,0.105677406,875.0089188
1/12/2009,2009,12,Other,PM10,0.111717381,187.6851998
1/12/2009,2009,12,Other,PM25,0.110669062,128.3761124
1/12/2009,2009,12,Other,SO2,0.111428397,37.88565487
1/12/2009,2009,12,Power,CO,0.101823389,358.4183291
1/12/2009,2009,12,Power,NOx,0.101823389,3879.471133
1/12/2009,2009,12,Power,PM10,0.101823403,155.7898062
1/12/2009,2009,12,Power,PM25,0.101823405,71.27638352
1/12/2009,2009,12,Power,SO2,0.101823418,4715.442479
1/12/2009,2009,12,Road-transport,CO,0.089168489,5403.610452
1/12/2009,2009,12,Road-transport,NOx,0.104314951,3640.591807
1/12/2009,2009,12,Road-transport,PM10,0.100136123,120.1633477
1/12/2009,2009,12,Road-transport,PM25,0.100136123,110.1497354
1/12/2009,2009,12,Road-transport,SO2,0.098622926,7.889834076
1/1/2010,2010,1,Non-road-transport,CO,0.083333333,1456.666667
1/1/2010,2010,1,Non-road-transport,NOx,0.083333333,3255
1/1/2010,2010,1,Non-road-transport,PM10,0.083333333,195.8333333
1/1/2010,2010,1,Non-road-transport,PM25,0.083333333,180.8333333
1/1/2010,2010,1,Non-road-transport,SO2,0.083333333,1520
1/1/2010,2010,1,Other,CO,0.074438779,409.4132852
1/1/2010,2010,1,Other,NOx,0.084096349,743.4117219
1/1/2010,2010,1,Other,PM10,0.073059414,126.3927868
1/1/2010,2010,1,Other,PM25,0.073779493,90.01098156
1/1/2010,2010,1,Other,SO2,0.085894578,22.33259017
1/1/2010,2010,1,Power,CO,0.074691653,247.2293701
1/1/2010,2010,1,Power,NOx,0.074691607,2019.661061
1/1/2010,2010,1,Power,PM10,0.07469166,75.4385763
1/1/2010,2010,1,Power,PM25,0.074691588,36.59887834
1/1/2010,2010,1,Power,SO2,0.074691625,1327.270175
1/1/2010,2010,1,Road-transport,CO,0.075333844,4489.897105
1/1/2010,2010,1,Road-transport,NOx,0.072686013,2485.861652
1/1/2010,2010,1,Road-transport,PM10,0.073273525,87.92823057
1/1/2010,2010,1,Road-transport,PM25,0.073273525,80.60087802
1/1/2010,2010,1,Road-transport,SO2,0.071944063,3.59720315
1/2/2010,2010,2,Non-road-transport,CO,0.083333333,1456.666667
1/2/2010,2010,2,Non-road-transport,NOx,0.083333333,3255
1/2/2010,2010,2,Non-road-transport,PM10,0.083333333,195.8333333
1/2/2010,2010,2,Non-road-transport,PM25,0.083333333,180.8333333
1/2/2010,2010,2,Non-road-transport,SO2,0.083333333,1520
1/2/2010,2010,2,Other,CO,0.063003706,346.5203826
1/2/2010,2010,2,Other,NOx,0.071858133,635.2258939
1/2/2010,2010,2,Other,PM10,0.062652694,108.3891606
1/2/2010,2010,2,Other,PM25,0.063438716,77.3952339
1/2/2010,2010,2,Other,SO2,0.073104161,19.00708183
1/2/2010,2010,2,Power,CO,0.06193455,205.0033598
1/2/2010,2010,2,Power,NOx,0.061934558,1674.710448
1/2/2010,2010,2,Power,PM10,0.061934553,62.55389846
1/2/2010,2010,2,Power,PM25,0.061934566,30.34793758
1/2/2010,2010,2,Power,SO2,0.061934557,1100.577073
1/2/2010,2010,2,Road-transport,CO,0.079126182,4715.920474
1/2/2010,2010,2,Road-transport,NOx,0.06572601,2247.829557
1/2/2010,2010,2,Road-transport,PM10,0.070031977,84.03837264
1/2/2010,2010,2,Road-transport,PM25,0.070031977,77.03517492
1/2/2010,2010,2,Road-transport,SO2,0.070856665,3.542833228
1/3/2010,2010,3,Non-road-transport,CO,0.083333333,1456.666667
1/3/2010,2010,3,Non-road-transport,NOx,0.083333333,3255
1/3/2010,2010,3,Non-road-transport,PM10,0.083333333,195.8333333
1/3/2010,2010,3,Non-road-transport,PM25,0.083333333,180.8333333
1/3/2010,2010,3,Non-road-transport,SO2,0.083333333,1520
1/3/2010,2010,3,Other,CO,0.076770809,422.2394484
1/3/2010,2010,3,Other,NOx,0.076909955,679.8840064
1/3/2010,2010,3,Other,PM10,0.077444579,133.9791221
1/3/2010,2010,3,Other,PM25,0.077649577,94.73248386
1/3/2010,2010,3,Other,SO2,0.079562397,20.68622324
1/3/2010,2010,3,Power,CO,0.081595486,270.0810588
1/3/2010,2010,3,Power,NOx,0.081595428,2206.340384
1/3/2010,2010,3,Power,PM10,0.081595449,82.41140395
1/3/2010,2010,3,Power,PM25,0.081595415,39.98175335
1/3/2010,2010,3,Power,SO2,0.081595409,1449.950425
1/3/2010,2010,3,Road-transport,CO,0.074979246,4468.763083
1/3/2010,2010,3,Road-transport,NOx,0.078138528,2672.337645
1/3/2010,2010,3,Road-transport,PM10,0.077102167,92.52260073
1/3/2010,2010,3,Road-transport,PM25,0.077102167,84.812384
1/3/2010,2010,3,Road-transport,SO2,0.076787748,3.839387387
1/4/2010,2010,4,Non-road-transport,CO,0.083333333,1456.666667
1/4/2010,2010,4,Non-road-transport,NOx,0.083333333,3255
1/4/2010,2010,4,Non-road-transport,PM10,0.083333333,195.8333333
1/4/2010,2010,4,Non-road-transport,PM25,0.083333333,180.8333333
1/4/2010,2010,4,Non-road-transport,SO2,0.083333333,1520
1/4/2010,2010,4,Other,CO,0.081025428,445.6398515
1/4/2010,2010,4,Other,NOx,0.072489938,640.8110517
1/4/2010,2010,4,Other,PM10,0.077324339,133.7711065
1/4/2010,2010,4,Other,PM25,0.077810255,94.92851056
1/4/2010,2010,4,Other,SO2,0.073254583,19.04619161
1/4/2010,2010,4,Power,CO,0.082731499,273.841263
1/4/2010,2010,4,Power,NOx,0.082731485,2237.059341
1/4/2010,2010,4,Power,PM10,0.082731464,83.55877913
1/4/2010,2010,4,Power,PM25,0.082731538,40.53845372
1/4/2010,2010,4,Power,SO2,0.082731498,1470.138726
1/4/2010,2010,4,Road-transport,CO,0.069230446,4126.134599
1/4/2010,2010,4,Road-transport,NOx,0.071627338,2449.654944
1/4/2010,2010,4,Road-transport,PM10,0.070804168,84.96500129
1/4/2010,2010,4,Road-transport,PM25,0.070804168,77.88458451
1/4/2010,2010,4,Road-transport,SO2,0.070356379,3.517818941
1/5/2010,2010,5,Non-road-transport,CO,0.083333333,1456.666667
1/5/2010,2010,5,Non-road-transport,NOx,0.083333333,3255
1/5/2010,2010,5,Non-road-transport,PM10,0.083333333,195.8333333
1/5/2010,2010,5,Non-road-transport,PM25,0.083333333,180.8333333
1/5/2010,2010,5,Non-road-transport,SO2,0.083333333,1520
1/5/2010,2010,5,Other,CO,0.082716474,454.9406049
1/5/2010,2010,5,Other,NOx,0.074744695,660.743101
1/5/2010,2010,5,Other,PM10,0.080433514,139.14998
1/5/2010,2010,5,Other,PM25,0.080973881,98.78813517
1/5/2010,2010,5,Other,SO2,0.076363191,19.85442965
1/5/2010,2010,5,Power,CO,0.083375278,275.9721706
1/5/2010,2010,5,Power,NOx,0.083375252,2254.466824
1/5/2010,2010,5,Power,PM10,0.083375266,84.20901823
1/5/2010,2010,5,Power,PM25,0.083375346,40.85391945
1/5/2010,2010,5,Power,SO2,0.083375327,1481.579552
1/5/2010,2010,5,Road-transport,CO,0.081900556,4881.273161
1/5/2010,2010,5,Road-transport,NOx,0.078713347,2691.996477
1/5/2010,2010,5,Road-transport,PM10,0.079753856,95.70462754
1/5/2010,2010,5,Road-transport,PM25,0.079753856,87.72924191
1/5/2010,2010,5,Road-transport,SO2,0.080042793,4.002139628
1/6/2010,2010,6,Non-road-transport,CO,0.083333333,1456.666667
1/6/2010,2010,6,Non-road-transport,NOx,0.083333333,3255
1/6/2010,2010,6,Non-road-transport,PM10,0.083333333,195.8333333
1/6/2010,2010,6,Non-road-transport,PM25,0.083333333,180.8333333
1/6/2010,2010,6,Non-road-transport,SO2,0.083333333,1520
1/6/2010,2010,6,Other,CO,0.086368744,475.0280913
1/6/2010,2010,6,Other,NOx,0.076733711,678.3260044
1/6/2010,2010,6,Other,PM10,0.086216765,149.1550039
1/6/2010,2010,6,Other,PM25,0.086072856,105.0088844
1/6/2010,2010,6,Other,SO2,0.079522396,20.67582301
1/6/2010,2010,6,Power,CO,0.081820341,270.8253281
1/6/2010,2010,6,Power,NOx,0.081820305,2212.421056
1/6/2010,2010,6,Power,PM10,0.081820336,82.63853983
1/6/2010,2010,6,Power,PM25,0.081820307,40.09195042
1/6/2010,2010,6,Power,SO2,0.081820362,1453.947838
1/6/2010,2010,6,Road-transport,CO,0.081761304,4872.973721
1/6/2010,2010,6,Road-transport,NOx,0.080052149,2737.783489
1/6/2010,2010,6,Road-transport,PM10,0.080617102,96.74052228
1/6/2010,2010,6,Road-transport,PM25,0.080617102,88.67881209
1/6/2010,2010,6,Road-transport,SO2,0.080811574,4.040578702
1/7/2010,2010,7,Non-road-transport,CO,0.083333333,1456.666667
1/7/2010,2010,7,Non-road-transport,NOx,0.083333333,3255
1/7/2010,2010,7,Non-road-transport,PM10,0.083333333,195.8333333
1/7/2010,2010,7,Non-road-transport,PM25,0.083333333,180.8333333
1/7/2010,2010,7,Non-road-transport,SO2,0.083333333,1520
1/7/2010,2010,7,Other,CO,0.080589181,443.2404966
1/7/2010,2010,7,Other,NOx,0.071759697,634.3557188
1/7/2010,2010,7,Other,PM10,0.079693474,137.8697098
1/7/2010,2010,7,Other,PM25,0.079547453,97.04789273
1/7/2010,2010,7,Other,SO2,0.074726277,19.42883192
1/7/2010,2010,7,Power,CO,0.091037612,301.3344966
1/7/2010,2010,7,Power,NOx,0.091037647,2461.657978
1/7/2010,2010,7,Power,PM10,0.091037547,91.94792251
1/7/2010,2010,7,Power,PM25,0.091037582,44.60841538
1/7/2010,2010,7,Power,SO2,0.091037567,1617.737567
1/7/2010,2010,7,Road-transport,CO,0.083658472,4986.04491
1/7/2010,2010,7,Road-transport,NOx,0.080960228,2768.839784
1/7/2010,2010,7,Road-transport,PM10,0.081827506,98.19300763
1/7/2010,2010,7,Road-transport,PM25,0.081827506,90.01025699
1/7/2010,2010,7,Road-transport,SO2,0.081994899,4.099744939
1/8/2010,2010,8,Non-road-transport,CO,0.083333333,1456.666667
1/8/2010,2010,8,Non-road-transport,NOx,0.083333333,3255
1/8/2010,2010,8,Non-road-transport,PM10,0.083333333,195.8333333
1/8/2010,2010,8,Non-road-transport,PM25,0.083333333,180.8333333
1/8/2010,2010,8,Non-road-transport,SO2,0.083333333,1520
1/8/2010,2010,8,Other,CO,0.083145202,457.2986117
1/8/2010,2010,8,Other,NOx,0.072852271,644.0140794
1/8/2010,2010,8,Other,PM10,0.080883676,139.9287591
1/8/2010,2010,8,Other,PM25,0.081014708,98.83794424
1/8/2010,2010,8,Other,SO2,0.075524928,19.6364813
1/8/2010,2010,8,Power,CO,0.096159868,318.2891624
1/8/2010,2010,8,Power,NOx,0.096159899,2600.163657
1/8/2010,2010,8,Power,PM10,0.096159887,97.1214858
1/8/2010,2010,8,Power,PM25,0.096159841,47.11832185
1/8/2010,2010,8,Power,SO2,0.096159923,1708.761837
1/8/2010,2010,8,Road-transport,CO,0.086258741,5141.020975
1/8/2010,2010,8,Road-transport,NOx,0.082285849,2814.176048
1/8/2010,2010,8,Road-transport,PM10,0.083576947,100.2923365
1/8/2010,2010,8,Road-transport,PM25,0.083576947,91.9346418
1/8/2010,2010,8,Road-transport,SO2,0.083903361,4.195168031
1/9/2010,2010,9,Non-road-transport,CO,0.083333333,1456.666667
1/9/2010,2010,9,Non-road-transport,NOx,0.083333333,3255
1/9/2010,2010,9,Non-road-transport,PM10,0.083333333,195.8333333
1/9/2010,2010,9,Non-road-transport,PM25,0.083333333,180.8333333
1/9/2010,2010,9,Non-road-transport,SO2,0.083333333,1520
1/9/2010,2010,9,Other,CO,0.093368715,513.5279317
1/9/2010,2010,9,Other,NOx,0.081831101,723.3869356
1/9/2010,2010,9,Other,PM10,0.091862604,158.9223049
1/9/2010,2010,9,Other,PM25,0.0917891,111.9827022
1/9/2010,2010,9,Other,SO2,0.084958948,22.08932654
1/9/2010,2010,9,Power,CO,0.095970273,317.661604
1/9/2010,2010,9,Power,NOx,0.095970338,2595.037938
1/9/2010,2010,9,Power,PM10,0.095970377,96.93008055
1/9/2010,2010,9,Power,PM25,0.095970408,47.02549976
1/9/2010,2010,9,Power,SO2,0.095970355,1705.393213
1/9/2010,2010,9,Road-transport,CO,0.09026787,5379.965074
1/9/2010,2010,9,Road-transport,NOx,0.089682573,3067.144
1/9/2010,2010,9,Road-transport,PM10,0.089933471,107.9201654
1/9/2010,2010,9,Road-transport,PM25,0.089933471,98.92681824
1/9/2010,2010,9,Road-transport,SO2,0.090325541,4.516277065
1/10/2010,2010,10,Non-road-transport,CO,0.083333333,1456.666667
1/10/2010,2010,10,Non-road-transport,NOx,0.083333333,3255
1/10/2010,2010,10,Non-road-transport,PM10,0.083333333,195.8333333
1/10/2010,2010,10,Non-road-transport,PM25,0.083333333,180.8333333
1/10/2010,2010,10,Non-road-transport,SO2,0.083333333,1520
1/10/2010,2010,10,Other,CO,0.086495329,475.7243105
1/10/2010,2010,10,Other,NOx,0.094761343,837.6902696
1/10/2010,2010,10,Other,PM10,0.089095718,154.1355915
1/10/2010,2010,10,Other,PM25,0.088955503,108.5257133
1/10/2010,2010,10,Other,SO2,0.08781573,22.8320899
1/10/2010,2010,10,Power,CO,0.08487828,280.9471076
1/10/2010,2010,10,Power,NOx,0.084878306,2295.109382
1/10/2010,2010,10,Power,PM10,0.084878242,85.72702424
1/10/2010,2010,10,Power,PM25,0.084878286,41.59036026
1/10/2010,2010,10,Power,SO2,0.084878289,1508.287204
1/10/2010,2010,10,Road-transport,CO,0.094045554,5605.115012
1/10/2010,2010,10,Road-transport,NOx,0.094938386,3246.892788
1/10/2010,2010,10,Road-transport,PM10,0.094735296,113.6823558
1/10/2010,2010,10,Road-transport,PM25,0.094735296,104.2088261
1/10/2010,2010,10,Road-transport,SO2,0.095155405,4.757770229
1/11/2010,2010,11,Non-road-transport,CO,0.083333333,1456.666667
1/11/2010,2010,11,Non-road-transport,NOx,0.083333333,3255
1/11/2010,2010,11,Non-road-transport,PM10,0.083333333,195.8333333
1/11/2010,2010,11,Non-road-transport,PM25,0.083333333,180.8333333
1/11/2010,2010,11,Non-road-transport,SO2,0.083333333,1520
1/11/2010,2010,11,Other,CO,0.087186121,479.5236655
1/11/2010,2010,11,Other,NOx,0.107184951,947.5149632
1/11/2010,2010,11,Other,PM10,0.092384366,159.8249532
1/11/2010,2010,11,Other,PM25,0.091679817,111.8493764
1/11/2010,2010,11,Other,SO2,0.097281014,25.29306366
1/11/2010,2010,11,Power,CO,0.080917463,267.8368018
1/11/2010,2010,11,Power,NOx,0.080917459,2188.008095
1/11/2010,2010,11,Power,PM10,0.080917455,81.72662915
1/11/2010,2010,11,Power,PM25,0.080917414,39.64953298
1/11/2010,2010,11,Power,SO2,0.080917421,1437.902575
1/11/2010,2010,11,Road-transport,CO,0.094661377,5641.818058
1/11/2010,2010,11,Road-transport,NOx,0.099823622,3413.967856
1/11/2010,2010,11,Road-transport,PM10,0.098252477,117.9029722
1/11/2010,2010,11,Road-transport,PM25,0.098252477,108.0777245
1/11/2010,2010,11,Road-transport,SO2,0.098431588,4.921579388
1/12/2010,2010,12,Non-road-transport,CO,0.083333333,1456.666667
1/12/2010,2010,12,Non-road-transport,NOx,0.083333333,3255
1/12/2010,2010,12,Non-road-transport,PM10,0.083333333,195.8333333
1/12/2010,2010,12,Non-road-transport,PM25,0.083333333,180.8333333
1/12/2010,2010,12,Non-road-transport,SO2,0.083333333,1520
1/12/2010,2010,12,Other,CO,0.104891513,576.9033201
1/12/2010,2010,12,Other,NOx,0.114777857,1014.636254
1/12/2010,2010,12,Other,PM10,0.108948856,188.4815217
1/12/2010,2010,12,Other,PM25,0.107288641,130.8921416
1/12/2010,2010,12,Other,SO2,0.111991797,29.11786718
1/12/2010,2010,12,Power,CO,0.084887697,280.9782772
1/12/2010,2010,12,Power,NOx,0.084887716,2295.363835
1/12/2010,2010,12,Power,PM10,0.084887764,85.73664186
1/12/2010,2010,12,Power,PM25,0.084887708,41.59497691
1/12/2010,2010,12,Power,SO2,0.084887665,1508.453816
1/12/2010,2010,12,Road-transport,CO,0.088776407,5291.07383
1/12/2010,2010,12,Road-transport,NOx,0.105365958,3603.51576
1/12/2010,2010,12,Road-transport,PM10,0.100091506,120.1098075
1/12/2010,2010,12,Road-transport,PM25,0.100091506,110.1006569
1/12/2010,2010,12,Road-transport,SO2,0.099389986,4.969499312
1/1/2011,2011,1,Non-road-transport,CO,0.083333333,1605
1/1/2011,2011,1,Non-road-transport,NOx,0.083333333,3594.166667
1/1/2011,2011,1,Non-road-transport,PM10,0.083333333,207.5
1/1/2011,2011,1,Non-road-transport,PM25,0.083333333,192.5
1/1/2011,2011,1,Non-road-transport,SO2,0.083333333,1582.5
1/1/2011,2011,1,Other,CO,0.073391926,355.2169239
1/1/2011,2011,1,Other,NOx,0.083944993,743.752638
1/1/2011,2011,1,Other,PM10,0.072421212,128.9097568
1/1/2011,2011,1,Other,PM25,0.073608966,93.48338728
1/1/2011,2011,1,Other,SO2,0.084121059,15.98300119
1/1/2011,2011,1,Power,CO,0.070665119,262.8742433
1/1/2011,2011,1,Power,NOx,0.070665117,2120.660176
1/1/2011,2011,1,Power,PM10,0.070665112,70.66511173
1/1/2011,2011,1,Power,PM25,0.070665126,33.21260928
1/1/2011,2011,1,Power,SO2,0.070665108,990.0181661
1/1/2011,2011,1,Road-transport,CO,0.074528205,4620.748699
1/1/2011,2011,1,Road-transport,NOx,0.072547705,2408.583803
1/1/2011,2011,1,Road-transport,PM10,0.072777857,69.13896399
1/1/2011,2011,1,Road-transport,PM25,0.072777857,63.31673544
1/1/2011,2011,1,Road-transport,SO2,0.071949102,3.597455102
1/2/2011,2011,2,Non-road-transport,CO,0.083333333,1605
1/2/2011,2011,2,Non-road-transport,NOx,0.083333333,3594.166667
1/2/2011,2011,2,Non-road-transport,PM10,0.083333333,207.5
1/2/2011,2011,2,Non-road-transport,PM25,0.083333333,192.5
1/2/2011,2011,2,Non-road-transport,SO2,0.083333333,1582.5
1/2/2011,2011,2,Other,CO,0.067153443,325.0226636
1/2/2011,2011,2,Other,NOx,0.075702134,670.7209083
1/2/2011,2011,2,Other,PM10,0.065570222,116.7149945
1/2/2011,2011,2,Other,PM25,0.066785475,84.81755373
1/2/2011,2011,2,Other,SO2,0.07622665,14.48306349
1/2/2011,2011,2,Power,CO,0.057220147,212.8589471
1/2/2011,2011,2,Power,NOx,0.057220133,1717.176188
1/2/2011,2011,2,Power,PM10,0.057220168,57.22016845
1/2/2011,2011,2,Power,PM25,0.057220191,26.89348976
1/2/2011,2011,2,Power,SO2,0.057220198,801.6549795
1/2/2011,2011,2,Road-transport,CO,0.079093666,4903.807297
1/2/2011,2011,2,Road-transport,NOx,0.065218419,2165.251499
1/2/2011,2011,2,Road-transport,PM10,0.069971699,66.47311383
1/2/2011,2011,2,Road-transport,PM25,0.069971699,60.87537793
1/2/2011,2011,2,Road-transport,SO2,0.06992093,3.496046514
1/3/2011,2011,3,Non-road-transport,CO,0.083333333,1605
1/3/2011,2011,3,Non-road-transport,NOx,0.083333333,3594.166667
1/3/2011,2011,3,Non-road-transport,PM10,0.083333333,207.5
1/3/2011,2011,3,Non-road-transport,PM25,0.083333333,192.5
1/3/2011,2011,3,Non-road-transport,SO2,0.083333333,1582.5
1/3/2011,2011,3,Other,CO,0.078593706,380.3935356
1/3/2011,2011,3,Other,NOx,0.081024243,717.8747946
1/3/2011,2011,3,Other,PM10,0.078428847,139.6033481
1/3/2011,2011,3,Other,PM25,0.078497792,99.69219569
1/3/2011,2011,3,Other,SO2,0.081694052,15.52186981
1/3/2011,2011,3,Power,CO,0.07567707,281.5186992
1/3/2011,2011,3,Power,NOx,0.075677085,2271.06931
1/3/2011,2011,3,Power,PM10,0.075677052,75.67705186
1/3/2011,2011,3,Power,PM25,0.075677021,35.56819976
1/3/2011,2011,3,Power,SO2,0.075677025,1060.235113
1/3/2011,2011,3,Road-transport,CO,0.074922657,4645.204764
1/3/2011,2011,3,Road-transport,NOx,0.078255147,2598.070875
1/3/2011,2011,3,Road-transport,PM10,0.077077467,73.2235938
1/3/2011,2011,3,Road-transport,PM25,0.077077467,67.05739643
1/3/2011,2011,3,Road-transport,SO2,0.077023633,3.851181672
1/4/2011,2011,4,Non-road-transport,CO,0.083333333,1605
1/4/2011,2011,4,Non-road-transport,NOx,0.083333333,3594.166667
1/4/2011,2011,4,Non-road-transport,PM10,0.083333333,207.5
1/4/2011,2011,4,Non-road-transport,PM25,0.083333333,192.5
1/4/2011,2011,4,Non-road-transport,SO2,0.083333333,1582.5
1/4/2011,2011,4,Other,CO,0.077722082,376.1748758
1/4/2011,2011,4,Other,NOx,0.075880077,672.2974795
1/4/2011,2011,4,Other,PM10,0.075984631,135.2526424
1/4/2011,2011,4,Other,PM25,0.076007727,96.52981355
1/4/2011,2011,4,Other,SO2,0.075734905,14.38963194
1/4/2011,2011,4,Power,CO,0.078749505,292.9481603
1/4/2011,2011,4,Power,NOx,0.078749551,2363.27404
1/4/2011,2011,4,Power,PM10,0.078749486,78.74948605
1/4/2011,2011,4,Power,PM25,0.078749484,37.01225753
1/4/2011,2011,4,Power,SO2,0.078749494,1103.280412
1/4/2011,2011,4,Road-transport,CO,0.069075489,4282.68032
1/4/2011,2011,4,Road-transport,NOx,0.071710505,2380.788768
1/4/2011,2011,4,Road-transport,PM10,0.070717608,67.18172779
1/4/2011,2011,4,Road-transport,PM25,0.070717608,61.52431914
1/4/2011,2011,4,Road-transport,SO2,0.070561976,3.528098793
1/5/2011,2011,5,Non-road-transport,CO,0.083333333,1605
1/5/2011,2011,5,Non-road-transport,NOx,0.083333333,3594.166667
1/5/2011,2011,5,Non-road-transport,PM10,0.083333333,207.5
1/5/2011,2011,5,Non-road-transport,PM25,0.083333333,192.5
1/5/2011,2011,5,Non-road-transport,SO2,0.083333333,1582.5
1/5/2011,2011,5,Other,CO,0.081170576,392.8655898
1/5/2011,2011,5,Other,NOx,0.076946869,681.749257
1/5/2011,2011,5,Other,PM10,0.079361387,141.2632684
1/5/2011,2011,5,Other,PM25,0.079322067,100.739025
1/5/2011,2011,5,Other,SO2,0.078507676,14.91645835
1/5/2011,2011,5,Power,CO,0.076826778,285.7956149
1/5/2011,2011,5,Power,NOx,0.076826782,2305.571727
1/5/2011,2011,5,Power,PM10,0.076826774,76.82677425
1/5/2011,2011,5,Power,PM25,0.076826739,36.10856749
1/5/2011,2011,5,Power,SO2,0.076826794,1076.34338
1/5/2011,2011,5,Road-transport,CO,0.081942469,5080.433061
1/5/2011,2011,5,Road-transport,NOx,0.07859498,2609.353353
1/5/2011,2011,5,Road-transport,PM10,0.079769611,75.78113019
1/5/2011,2011,5,Road-transport,PM25,0.079769611,69.39956133
1/5/2011,2011,5,Road-transport,SO2,0.079808417,3.990420835
1/6/2011,2011,6,Non-road-transport,CO,0.083333333,1605
1/6/2011,2011,6,Non-road-transport,NOx,0.083333333,3594.166667
1/6/2011,2011,6,Non-road-transport,PM10,0.083333333,207.5
1/6/2011,2011,6,Non-road-transport,PM25,0.083333333,192.5
1/6/2011,2011,6,Non-road-transport,SO2,0.083333333,1582.5
1/6/2011,2011,6,Other,CO,0.087644614,424.1999317
1/6/2011,2011,6,Other,NOx,0.086394896,765.458777
1/6/2011,2011,6,Other,PM10,0.088385494,157.32618
1/6/2011,2011,6,Other,PM25,0.087987546,111.744184
1/6/2011,2011,6,Other,SO2,0.085817162,16.30526083
1/6/2011,2011,6,Power,CO,0.090834658,337.9049278
1/6/2011,2011,6,Power,NOx,0.09083459,2725.946042
1/6/2011,2011,6,Power,PM10,0.090834546,90.83454643
1/6/2011,2011,6,Power,PM25,0.090834634,42.69227806
1/6/2011,2011,6,Power,SO2,0.090834602,1272.59277
1/6/2011,2011,6,Road-transport,CO,0.081804959,5071.907438
1/6/2011,2011,6,Road-transport,NOx,0.079989679,2655.657328
1/6/2011,2011,6,Road-transport,PM10,0.080638349,76.60643127
1/6/2011,2011,6,Road-transport,PM25,0.080638349,70.15536337
1/6/2011,2011,6,Road-transport,SO2,0.080680875,4.034043739
1/7/2011,2011,7,Non-road-transport,CO,0.083333333,1605
1/7/2011,2011,7,Non-road-transport,NOx,0.083333333,3594.166667
1/7/2011,2011,7,Non-road-transport,PM10,0.083333333,207.5
1/7/2011,2011,7,Non-road-transport,PM25,0.083333333,192.5
1/7/2011,2011,7,Non-road-transport,SO2,0.083333333,1582.5
1/7/2011,2011,7,Other,CO,0.080290602,388.6065134
1/7/2011,2011,7,Other,NOx,0.079415917,703.6250261
1/7/2011,2011,7,Other,PM10,0.079851559,142.1357746
1/7/2011,2011,7,Other,PM25,0.079720108,101.2445368
1/7/2011,2011,7,Other,SO2,0.07788596,14.79833235
1/7/2011,2011,7,Power,CO,0.087678494,326.1639964
1/7/2011,2011,7,Power,NOx,0.087678523,2631.232488
1/7/2011,2011,7,Power,PM10,0.087678476,87.67847617
1/7/2011,2011,7,Power,PM25,0.087678493,41.20889167
1/7/2011,2011,7,Power,SO2,0.087678487,1228.375605
1/7/2011,2011,7,Road-transport,CO,0.083652653,5186.464504
1/7/2011,2011,7,Road-transport,NOx,0.08085805,2684.487259
1/7/2011,2011,7,Road-transport,PM10,0.081815815,77.72502416
1/7/2011,2011,7,Road-transport,PM25,0.081815815,71.17975897
1/7/2011,2011,7,Road-transport,SO2,0.081806303,4.090315149
1/8/2011,2011,8,Non-road-transport,CO,0.083333333,1605
1/8/2011,2011,8,Non-road-transport,NOx,0.083333333,3594.166667
1/8/2011,2011,8,Non-road-transport,PM10,0.083333333,207.5
1/8/2011,2011,8,Non-road-transport,PM25,0.083333333,192.5
1/8/2011,2011,8,Non-road-transport,SO2,0.083333333,1582.5
1/8/2011,2011,8,Other,CO,0.079801526,386.2393867
1/8/2011,2011,8,Other,NOx,0.078819826,698.3436593
1/8/2011,2011,8,Other,PM10,0.080059299,142.5055524
1/8/2011,2011,8,Other,PM25,0.080245873,101.9122587
1/8/2011,2011,8,Other,SO2,0.075584362,14.36102877
1/8/2011,2011,8,Power,CO,0.101169036,376.3488136
1/8/2011,2011,8,Power,NOx,0.101169075,3036.08394
1/8/2011,2011,8,Power,PM10,0.101169074,101.1690744
1/8/2011,2011,8,Power,PM25,0.101169129,47.5494906
1/8/2011,2011,8,Power,SO2,0.101169053,1417.378426
1/8/2011,2011,8,Road-transport,CO,0.086292969,5350.164067
1/8/2011,2011,8,Road-transport,NOx,0.082137463,2726.963767
1/8/2011,2011,8,Road-transport,PM10,0.083585641,79.40635937
1/8/2011,2011,8,Road-transport,PM25,0.083585641,72.71950806
1/8/2011,2011,8,Road-transport,SO2,0.083615516,4.180775817
1/9/2011,2011,9,Non-road-transport,CO,0.083333333,1605
1/9/2011,2011,9,Non-road-transport,NOx,0.083333333,3594.166667
1/9/2011,2011,9,Non-road-transport,PM10,0.083333333,207.5
1/9/2011,2011,9,Non-road-transport,PM25,0.083333333,192.5
1/9/2011,2011,9,Non-road-transport,SO2,0.083333333,1582.5
1/9/2011,2011,9,Other,CO,0.088583579,428.7445235
1/9/2011,2011,9,Other,NOx,0.082500368,730.9532647
1/9/2011,2011,9,Other,PM10,0.08936899,159.0768028
1/9/2011,2011,9,Other,PM25,0.088860665,112.8530448
1/9/2011,2011,9,Other,SO2,0.082783773,15.72891684
1/9/2011,2011,9,Power,CO,0.097180365,361.5109578
1/9/2011,2011,9,Power,NOx,0.097180286,2916.38037
1/9/2011,2011,9,Power,PM10,0.09718038,97.1803803
1/9/2011,2011,9,Power,PM25,0.097180282,45.67473275
1/9/2011,2011,9,Power,SO2,0.097180432,1361.497847
1/9/2011,2011,9,Road-transport,CO,0.090457114,5608.341057
1/9/2011,2011,9,Road-transport,NOx,0.089669467,2977.026308
1/9/2011,2011,9,Road-transport,PM10,0.09004626,85.5439474
1/9/2011,2011,9,Road-transport,PM25,0.09004626,78.34024656
1/9/2011,2011,9,Road-transport,SO2,0.090239352,4.511967601
1/10/2011,2011,10,Non-road-transport,CO,0.083333333,1605
1/10/2011,2011,10,Non-road-transport,NOx,0.083333333,3594.166667
1/10/2011,2011,10,Non-road-transport,PM10,0.083333333,207.5
1/10/2011,2011,10,Non-road-transport,PM25,0.083333333,192.5
1/10/2011,2011,10,Non-road-transport,SO2,0.083333333,1582.5
1/10/2011,2011,10,Other,CO,0.091008484,440.4810618
1/10/2011,2011,10,Other,NOx,0.086819518,769.220929
1/10/2011,2011,10,Other,PM10,0.090438889,160.981223
1/10/2011,2011,10,Other,PM25,0.090401578,114.8100043
1/10/2011,2011,10,Other,SO2,0.085638891,16.27138935
1/10/2011,2011,10,Power,CO,0.083172336,309.4010907
1/10/2011,2011,10,Power,NOx,0.083172319,2496.001306
1/10/2011,2011,10,Power,PM10,0.083172399,83.17239938
1/10/2011,2011,10,Power,PM25,0.083172377,39.09101706
1/10/2011,2011,10,Power,SO2,0.083172387,1165.245143
1/10/2011,2011,10,Road-transport,CO,0.094302112,5846.730926
1/10/2011,2011,10,Road-transport,NOx,0.094984298,3153.478709
1/10/2011,2011,10,Road-transport,PM10,0.094893292,90.14862757
1/10/2011,2011,10,Road-transport,PM25,0.094893292,82.5571642
1/10/2011,2011,10,Road-transport,SO2,0.095157294,4.757864686
1/11/2011,2011,11,Non-road-transport,CO,0.083333333,1605
1/11/2011,2011,11,Non-road-transport,NOx,0.083333333,3594.166667
1/11/2011,2011,11,Non-road-transport,PM10,0.083333333,207.5
1/11/2011,2011,11,Non-road-transport,PM25,0.083333333,192.5
1/11/2011,2011,11,Non-road-transport,SO2,0.083333333,1582.5
1/11/2011,2011,11,Other,CO,0.091352935,442.1482052
1/11/2011,2011,11,Other,NOx,0.091802937,813.3740246
1/11/2011,2011,11,Other,PM10,0.092853648,165.2794927
1/11/2011,2011,11,Other,PM25,0.092556996,117.5473852
1/11/2011,2011,11,Other,SO2,0.091146647,17.31786299
1/11/2011,2011,11,Power,CO,0.085053765,316.4000049
1/11/2011,2011,11,Power,NOx,0.085053799,2552.464501
1/11/2011,2011,11,Power,PM10,0.085053816,85.053816
1/11/2011,2011,11,Power,PM25,0.085053786,39.97527945
1/11/2011,2011,11,Power,SO2,0.085053727,1191.602715
1/11/2011,2011,11,Road-transport,CO,0.094939941,5886.276359
1/11/2011,2011,11,Road-transport,NOx,0.100031814,3321.056233
1/11/2011,2011,11,Road-transport,PM10,0.098436743,93.51490588
1/11/2011,2011,11,Road-transport,PM25,0.098436743,85.63996644
1/11/2011,2011,11,Road-transport,SO2,0.098728842,4.936442094
1/12/2011,2011,12,Non-road-transport,CO,0.083333333,1605
1/12/2011,2011,12,Non-road-transport,NOx,0.083333333,3594.166667
1/12/2011,2011,12,Non-road-transport,PM10,0.083333333,207.5
1/12/2011,2011,12,Non-road-transport,PM25,0.083333333,192.5
1/12/2011,2011,12,Non-road-transport,SO2,0.083333333,1582.5
1/12/2011,2011,12,Other,CO,0.103286527,499.9067889
1/12/2011,2011,12,Other,NOx,0.100748221,892.6292419
1/12/2011,2011,12,Other,PM10,0.107275823,190.9509643
1/12/2011,2011,12,Other,PM25,0.106005206,134.626611
1/12/2011,2011,12,Other,SO2,0.104858864,19.92318409
1/12/2011,2011,12,Power,CO,0.095772727,356.2745439
1/12/2011,2011,12,Power,NOx,0.09577274,2874.139913
1/12/2011,2011,12,Power,PM10,0.095772715,95.77271497
1/12/2011,2011,12,Power,PM25,0.095772737,45.01318658
1/12/2011,2011,12,Power,SO2,0.095772694,1341.775442
1/12/2011,2011,12,Road-transport,CO,0.088987766,5517.241507
1/12/2011,2011,12,Road-transport,NOx,0.106002473,3519.282098
1/12/2011,2011,12,Road-transport,PM10,0.100269658,95.25617474
1/12/2011,2011,12,Road-transport,PM25,0.100269658,87.23460213
1/12/2011,2011,12,Road-transport,SO2,0.10050776,5.025387998
1/1/2012,2012,1,Non-road-transport,CO,0.083333333,1740.833333
1/1/2012,2012,1,Non-road-transport,NOx,0.083333333,3418.333333
1/1/2012,2012,1,Non-road-transport,PM10,0.083333333,201.6666667
1/1/2012,2012,1,Non-road-transport,PM25,0.083333333,187.5
1/1/2012,2012,1,Non-road-transport,SO2,0.083333333,1600
1/1/2012,2012,1,Other,CO,0.062693232,353.5898276
1/1/2012,2012,1,Other,NOx,0.066117374,614.8915791
1/1/2012,2012,1,Other,PM10,0.058980288,104.9849123
1/1/2012,2012,1,Other,PM25,0.059986073,76.18231253
1/1/2012,2012,1,Other,SO2,0.065697166,14.45337652
1/1/2012,2012,1,Power,CO,0.060565208,235.5986579
1/1/2012,2012,1,Power,NOx,0.06056524,1939.29899
1/1/2012,2012,1,Power,PM10,0.060565215,58.14260605
1/1/2012,2012,1,Power,PM25,0.060565208,27.85999554
1/1/2012,2012,1,Power,SO2,0.060565214,938.1551649
1/1/2012,2012,1,Road-transport,CO,0.073696447,4606.027942
1/1/2012,2012,1,Road-transport,NOx,0.072408664,2259.150302
1/1/2012,2012,1,Road-transport,PM10,0.072208525,64.2655874
1/1/2012,2012,1,Road-transport,PM25,0.072208525,59.21099063
1/1/2012,2012,1,Road-transport,SO2,0.07199152,3.599576018
1/2/2012,2012,2,Non-road-transport,CO,0.083333333,1740.833333
1/2/2012,2012,2,Non-road-transport,NOx,0.083333333,3418.333333
1/2/2012,2012,2,Non-road-transport,PM10,0.083333333,201.6666667
1/2/2012,2012,2,Non-road-transport,PM25,0.083333333,187.5
1/2/2012,2012,2,Non-road-transport,SO2,0.083333333,1600
1/2/2012,2012,2,Other,CO,0.07173479,404.584215
1/2/2012,2012,2,Other,NOx,0.075121053,698.6257948
1/2/2012,2012,2,Other,PM10,0.06806244,121.151143
1/2/2012,2012,2,Other,PM25,0.069162924,87.83691327
1/2/2012,2012,2,Other,SO2,0.074840925,16.46500342
1/2/2012,2012,2,Power,CO,0.078778942,306.4500859
1/2/2012,2012,2,Power,NOx,0.07877889,2522.500057
1/2/2012,2012,2,Power,PM10,0.078778968,75.62780972
1/2/2012,2012,2,Power,PM25,0.078778915,36.23830077
1/2/2012,2012,2,Power,SO2,0.078778902,1220.285194
1/2/2012,2012,2,Road-transport,CO,0.078958359,4934.897415
1/2/2012,2012,2,Road-transport,NOx,0.064636132,2016.647324
1/2/2012,2012,2,Road-transport,PM10,0.069436801,61.79875304
1/2/2012,2012,2,Road-transport,PM25,0.069436801,56.93817696
1/2/2012,2012,2,Road-transport,SO2,0.068510254,3.425512719
1/3/2012,2012,3,Non-road-transport,CO,0.083333333,1740.833333
1/3/2012,2012,3,Non-road-transport,NOx,0.083333333,3418.333333
1/3/2012,2012,3,Non-road-transport,PM10,0.083333333,201.6666667
1/3/2012,2012,3,Non-road-transport,PM25,0.083333333,187.5
1/3/2012,2012,3,Non-road-transport,SO2,0.083333333,1600
1/3/2012,2012,3,Other,CO,0.081390721,459.0436652
1/3/2012,2012,3,Other,NOx,0.085113761,791.5579772
1/3/2012,2012,3,Other,PM10,0.080869051,143.94691
1/3/2012,2012,3,Other,PM25,0.080833694,102.6587918
1/3/2012,2012,3,Other,SO2,0.087260381,19.19728385
1/3/2012,2012,3,Power,CO,0.092895903,361.3650636
1/3/2012,2012,3,Power,NOx,0.092895955,2974.52848
1/3/2012,2012,3,Power,PM10,0.092895916,89.18007915
1/3/2012,2012,3,Power,PM25,0.092895905,42.7321163
1/3/2012,2012,3,Power,SO2,0.092896059,1438.959953
1/3/2012,2012,3,Road-transport,CO,0.074889828,4680.61422
1/3/2012,2012,3,Road-transport,NOx,0.078390509,2445.783866
1/3/2012,2012,3,Road-transport,PM10,0.077166311,68.6780168
1/3/2012,2012,3,Road-transport,PM25,0.077166311,63.27637503
1/3/2012,2012,3,Road-transport,SO2,0.077382032,3.869101606
1/4/2012,2012,4,Non-road-transport,CO,0.083333333,1740.833333
1/4/2012,2012,4,Non-road-transport,NOx,0.083333333,3418.333333
1/4/2012,2012,4,Non-road-transport,PM10,0.083333333,201.6666667
1/4/2012,2012,4,Non-road-transport,PM25,0.083333333,187.5
1/4/2012,2012,4,Non-road-transport,SO2,0.083333333,1600
1/4/2012,2012,4,Other,CO,0.076613658,432.1010303
1/4/2012,2012,4,Other,NOx,0.077903763,724.5049987
1/4/2012,2012,4,Other,PM10,0.075551977,134.4825199
1/4/2012,2012,4,Other,PM25,0.075619845,96.03720301
1/4/2012,2012,4,Other,SO2,0.077138339,16.97043463
1/4/2012,2012,4,Power,CO,0.088075709,342.6145068
1/4/2012,2012,4,Power,NOx,0.088075687,2820.183505
1/4/2012,2012,4,Power,PM10,0.088075718,84.55268961
1/4/2012,2012,4,Power,PM25,0.088075637,40.51479299
1/4/2012,2012,4,Power,SO2,0.088075665,1364.292045
1/4/2012,2012,4,Road-transport,CO,0.06893769,4308.605619
1/4/2012,2012,4,Road-transport,NOx,0.071809842,2240.467075
1/4/2012,2012,4,Road-transport,PM10,0.070720001,62.94080106
1/4/2012,2012,4,Road-transport,PM25,0.070720001,57.99040098
1/4/2012,2012,4,Road-transport,SO2,0.070878915,3.543945739
1/5/2012,2012,5,Non-road-transport,CO,0.083333333,1740.833333
1/5/2012,2012,5,Non-road-transport,NOx,0.083333333,3418.333333
1/5/2012,2012,5,Non-road-transport,PM10,0.083333333,201.6666667
1/5/2012,2012,5,Non-road-transport,PM25,0.083333333,187.5
1/5/2012,2012,5,Non-road-transport,SO2,0.083333333,1600
1/5/2012,2012,5,Other,CO,0.079305615,447.2836673
1/5/2012,2012,5,Other,NOx,0.078608787,731.0617161
1/5/2012,2012,5,Other,PM10,0.078228443,139.2466293
1/5/2012,2012,5,Other,PM25,0.078224544,99.34517033
1/5/2012,2012,5,Other,SO2,0.078796185,17.3351607
1/5/2012,2012,5,Power,CO,0.092445414,359.6126611
1/5/2012,2012,5,Power,NOx,0.092445378,2960.100996
1/5/2012,2012,5,Power,PM10,0.092445364,88.74754989
1/5/2012,2012,5,Power,PM25,0.09244546,42.52491141
1/5/2012,2012,5,Power,SO2,0.0924454,1431.979246
1/5/2012,2012,5,Road-transport,CO,0.081960351,5122.521953
1/5/2012,2012,5,Road-transport,NOx,0.078457951,2447.888085
1/5/2012,2012,5,Road-transport,PM10,0.079671203,70.90737095
1/5/2012,2012,5,Road-transport,PM25,0.079671203,65.33038672
1/5/2012,2012,5,Road-transport,SO2,0.07945293,3.972646499
1/6/2012,2012,6,Non-road-transport,CO,0.083333333,1740.833333
1/6/2012,2012,6,Non-road-transport,NOx,0.083333333,3418.333333
1/6/2012,2012,6,Non-road-transport,PM10,0.083333333,201.6666667
1/6/2012,2012,6,Non-road-transport,PM25,0.083333333,187.5
1/6/2012,2012,6,Non-road-transport,SO2,0.083333333,1600
1/6/2012,2012,6,Other,CO,0.085649548,483.0634517
1/6/2012,2012,6,Other,NOx,0.08681146,807.3465802
1/6/2012,2012,6,Other,PM10,0.08744247,155.6475965
1/6/2012,2012,6,Other,PM25,0.087034505,110.5338214
1/6/2012,2012,6,Other,SO2,0.08549379,18.80863375
1/6/2012,2012,6,Power,CO,0.086651142,337.0729438
1/6/2012,2012,6,Power,NOx,0.086651129,2774.569159
1/6/2012,2012,6,Power,PM10,0.086651148,83.1851024
1/6/2012,2012,6,Power,PM25,0.086651157,39.859532
1/6/2012,2012,6,Power,SO2,0.086651125,1342.225932
1/6/2012,2012,6,Road-transport,CO,0.08183587,5114.741854
1/6/2012,2012,6,Road-transport,NOx,0.079916817,2493.404704
1/6/2012,2012,6,Road-transport,PM10,0.080597861,71.73209591
1/6/2012,2012,6,Road-transport,PM25,0.080597861,66.09024567
1/6/2012,2012,6,Road-transport,SO2,0.080481728,4.024086376
1/7/2012,2012,7,Non-road-transport,CO,0.083333333,1740.833333
1/7/2012,2012,7,Non-road-transport,NOx,0.083333333,3418.333333
1/7/2012,2012,7,Non-road-transport,PM10,0.083333333,201.6666667
1/7/2012,2012,7,Non-road-transport,PM25,0.083333333,187.5
1/7/2012,2012,7,Non-road-transport,SO2,0.083333333,1600
1/7/2012,2012,7,Other,CO,0.079542198,448.6179948
1/7/2012,2012,7,Other,NOx,0.081042472,753.6949863
1/7/2012,2012,7,Other,PM10,0.080208962,142.7719518
1/7/2012,2012,7,Other,PM25,0.080262966,101.9339672
1/7/2012,2012,7,Other,SO2,0.078127614,17.18807505
1/7/2012,2012,7,Power,CO,0.083967,326.6316282
1/7/2012,2012,7,Power,NOx,0.083966992,2688.623094
1/7/2012,2012,7,Power,PM10,0.083966991,80.60831139
1/7/2012,2012,7,Power,PM25,0.08396697,38.62480608
1/7/2012,2012,7,Power,SO2,0.083966989,1300.648666
1/7/2012,2012,7,Road-transport,CO,0.083626109,5226.631811
1/7/2012,2012,7,Road-transport,NOx,0.08074084,2519.1142
1/7/2012,2012,7,Road-transport,PM10,0.081708511,72.72057471
1/7/2012,2012,7,Road-transport,PM25,0.081708511,67.00097895
1/7/2012,2012,7,Road-transport,SO2,0.081521987,4.076099356
1/8/2012,2012,8,Non-road-transport,CO,0.083333333,1740.833333
1/8/2012,2012,8,Non-road-transport,NOx,0.083333333,3418.333333
1/8/2012,2012,8,Non-road-transport,PM10,0.083333333,201.6666667
1/8/2012,2012,8,Non-road-transport,PM25,0.083333333,187.5
1/8/2012,2012,8,Non-road-transport,SO2,0.083333333,1600
1/8/2012,2012,8,Other,CO,0.081315847,458.6213782
1/8/2012,2012,8,Other,NOx,0.081088058,754.1189434
1/8/2012,2012,8,Other,PM10,0.080936452,144.0668851
1/8/2012,2012,8,Other,PM25,0.080988277,102.8551115
1/8/2012,2012,8,Other,SO2,0.078672657,17.3079846
1/8/2012,2012,8,Power,CO,0.089037328,346.3552078
1/8/2012,2012,8,Power,NOx,0.089037343,2850.975714
1/8/2012,2012,8,Power,PM10,0.089037367,85.47587226
1/8/2012,2012,8,Power,PM25,0.089037351,40.95718138
1/8/2012,2012,8,Power,SO2,0.089037327,1379.1882
1/8/2012,2012,8,Road-transport,CO,0.086297024,5393.563999
1/8/2012,2012,8,Road-transport,NOx,0.08196612,2557.342952
1/8/2012,2012,8,Road-transport,PM10,0.083452479,74.27270671
1/8/2012,2012,8,Road-transport,PM25,0.083452479,68.43103315
1/8/2012,2012,8,Road-transport,SO2,0.083179653,4.158982671
1/9/2012,2012,9,Non-road-transport,CO,0.083333333,1740.833333
1/9/2012,2012,9,Non-road-transport,NOx,0.083333333,3418.333333
1/9/2012,2012,9,Non-road-transport,PM10,0.083333333,201.6666667
1/9/2012,2012,9,Non-road-transport,PM25,0.083333333,187.5
1/9/2012,2012,9,Non-road-transport,SO2,0.083333333,1600
1/9/2012,2012,9,Other,CO,0.091351671,515.2234225
1/9/2012,2012,9,Other,NOx,0.086427086,803.7718986
1/9/2012,2012,9,Other,PM10,0.092735968,165.0700239
1/9/2012,2012,9,Other,PM25,0.092138852,117.0163421
1/9/2012,2012,9,Other,SO2,0.087726661,19.2998655
1/9/2012,2012,9,Power,CO,0.079944316,310.9833895
1/9/2012,2012,9,Power,NOx,0.079944323,2559.817216
1/9/2012,2012,9,Power,PM10,0.079944298,76.7465257
1/9/2012,2012,9,Power,PM25,0.07994433,36.77439163
1/9/2012,2012,9,Power,SO2,0.079944293,1238.337097
1/9/2012,2012,9,Road-transport,CO,0.09064326,5665.203724
1/9/2012,2012,9,Road-transport,NOx,0.089649771,2797.072863
1/9/2012,2012,9,Road-transport,PM10,0.090133504,80.21881873
1/9/2012,2012,9,Road-transport,PM25,0.090133504,73.90947343
1/9/2012,2012,9,Road-transport,SO2,0.090101113,4.505055643
1/10/2012,2012,10,Non-road-transport,CO,0.083333333,1740.833333
1/10/2012,2012,10,Non-road-transport,NOx,0.083333333,3418.333333
1/10/2012,2012,10,Non-road-transport,PM10,0.083333333,201.6666667
1/10/2012,2012,10,Non-road-transport,PM25,0.083333333,187.5
1/10/2012,2012,10,Non-road-transport,SO2,0.083333333,1600
1/10/2012,2012,10,Other,CO,0.090523374,510.5518308
1/10/2012,2012,10,Other,NOx,0.08578461,797.7968713
1/10/2012,2012,10,Other,PM10,0.090792088,161.609917
1/10/2012,2012,10,Other,PM25,0.090544003,114.9908844
1/10/2012,2012,10,Other,SO2,0.085275831,18.76068286
1/10/2012,2012,10,Power,CO,0.07893132,307.0428342
1/10/2012,2012,10,Power,NOx,0.078931334,2527.3813
1/10/2012,2012,10,Power,PM10,0.07893131,75.7740577
1/10/2012,2012,10,Power,PM25,0.078931376,36.30843286
1/10/2012,2012,10,Power,SO2,0.078931342,1222.646484
1/10/2012,2012,10,Road-transport,CO,0.094567383,5910.461435
1/10/2012,2012,10,Road-transport,NOx,0.095030732,2964.958849
1/10/2012,2012,10,Road-transport,PM10,0.09507654,84.61812026
1/10/2012,2012,10,Road-transport,PM25,0.09507654,77.96276248
1/10/2012,2012,10,Road-transport,SO2,0.09514904,4.757452005
1/11/2012,2012,11,Non-road-transport,CO,0.083333333,1740.833333
1/11/2012,2012,11,Non-road-transport,NOx,0.083333333,3418.333333
1/11/2012,2012,11,Non-road-transport,PM10,0.083333333,201.6666667
1/11/2012,2012,11,Non-road-transport,PM25,0.083333333,187.5
1/11/2012,2012,11,Non-road-transport,SO2,0.083333333,1600
1/11/2012,2012,11,Other,CO,0.094085497,530.6422016
1/11/2012,2012,11,Other,NOx,0.091154908,847.7406448
1/11/2012,2012,11,Other,PM10,0.094446996,168.1156521
1/11/2012,2012,11,Other,PM25,0.094217497,119.6562217
1/11/2012,2012,11,Other,SO2,0.091421209,20.11266604
1/11/2012,2012,11,Power,CO,0.08344715,324.6094128
1/11/2012,2012,11,Power,NOx,0.08344718,2671.978693
1/11/2012,2012,11,Power,PM10,0.083447157,80.10927047
1/11/2012,2012,11,Power,PM25,0.083447136,38.38568242
1/11/2012,2012,11,Power,SO2,0.083447146,1292.596296
1/11/2012,2012,11,Road-transport,CO,0.095260086,5953.75537
1/11/2012,2012,11,Road-transport,NOx,0.100264123,3128.24064
1/11/2012,2012,11,Road-transport,PM10,0.09879714,87.92945431
1/11/2012,2012,11,Road-transport,PM25,0.09879714,81.01365454
1/11/2012,2012,11,Road-transport,SO2,0.09916537,4.958268503
1/12/2012,2012,12,Non-road-transport,CO,0.083333333,1740.833333
1/12/2012,2012,12,Non-road-transport,NOx,0.083333333,3418.333333
1/12/2012,2012,12,Non-road-transport,PM10,0.083333333,201.6666667
1/12/2012,2012,12,Non-road-transport,PM25,0.083333333,187.5
1/12/2012,2012,12,Non-road-transport,SO2,0.083333333,1600
1/12/2012,2012,12,Other,CO,0.10579385,596.6773151
1/12/2012,2012,12,Other,NOx,0.104826668,974.8880093
1/12/2012,2012,12,Other,PM10,0.111744865,198.9058591
1/12/2012,2012,12,Other,PM25,0.110986819,140.9532608
1/12/2012,2012,12,Other,SO2,0.109549241,24.10083308
1/12/2012,2012,12,Power,CO,0.085260568,331.6636083
1/12/2012,2012,12,Power,NOx,0.08526055,2730.042795
1/12/2012,2012,12,Power,PM10,0.085260548,81.85012566
1/12/2012,2012,12,Power,PM25,0.085260558,39.21985663
1/12/2012,2012,12,Power,SO2,0.085260537,1320.685723
1/12/2012,2012,12,Road-transport,CO,0.089327595,5582.974658
1/12/2012,2012,12,Road-transport,NOx,0.106728498,3329.929141
1/12/2012,2012,12,Road-transport,PM10,0.101031124,89.91770013
1/12/2012,2012,12,Road-transport,PM25,0.101031124,82.84552146
1/12/2012,2012,12,Road-transport,SO2,0.102185457,5.109272866
1/1/2013,2013,1,Non-road-transport,CO,0.083333333,2042.5
1/1/2013,2013,1,Non-road-transport,NOx,0.083333333,3329.166667
1/1/2013,2013,1,Non-road-transport,PM10,0.083333333,197.5
1/1/2013,2013,1,Non-road-transport,PM25,0.083333333,183.3333333
1/1/2013,2013,1,Non-road-transport,SO2,0.083333333,1625.833333
1/1/2013,2013,1,Other,CO,0.066512357,413.0417385
1/1/2013,2013,1,Other,NOx,0.070455223,761.6209657
1/1/2013,2013,1,Other,PM10,0.062055223,118.5254751
1/1/2013,2013,1,Other,PM25,0.062810824,86.05082827
1/1/2013,2013,1,Other,SO2,0.070527927,21.8636574
1/1/2013,2013,1,Power,CO,0.066729726,262.2478217
1/1/2013,2013,1,Power,NOx,0.066729732,2307.514135
1/1/2013,2013,1,Power,PM10,0.06672972,62.72593651
1/1/2013,2013,1,Power,PM25,0.066729724,29.36107864
1/1/2013,2013,1,Power,SO2,0.066729721,979.592301
1/1/2013,2013,1,Road-transport,CO,0.072962198,3203.040501
1/1/2013,2013,1,Road-transport,NOx,0.072351239,1939.013195
1/1/2013,2013,1,Road-transport,PM10,0.071627542,63.74851207
1/1/2013,2013,1,Road-transport,PM25,0.071627542,58.73458415
1/1/2013,2013,1,Road-transport,SO2,0.072035979,3.601798935
1/2/2013,2013,2,Non-road-transport,CO,0.083333333,2042.5
1/2/2013,2013,2,Non-road-transport,NOx,0.083333333,3329.166667
1/2/2013,2013,2,Non-road-transport,PM10,0.083333333,197.5
1/2/2013,2013,2,Non-road-transport,PM25,0.083333333,183.3333333
1/2/2013,2013,2,Non-road-transport,SO2,0.083333333,1625.833333
1/2/2013,2013,2,Other,CO,0.066164106,410.8791004
1/2/2013,2013,2,Other,NOx,0.068926301,745.0933107
1/2/2013,2013,2,Other,PM10,0.060887498,116.2951212
1/2/2013,2013,2,Other,PM25,0.06165537,84.46785741
1/2/2013,2013,2,Other,SO2,0.069251394,21.46793227
1/2/2013,2013,2,Power,CO,0.058226864,228.8315771
1/2/2013,2013,2,Power,NOx,0.058226845,2013.484314
1/2/2013,2013,2,Power,PM10,0.058226835,54.73322487
1/2/2013,2013,2,Power,PM25,0.0582269,25.61983621
1/2/2013,2013,2,Power,SO2,0.058226847,854.7701166
1/2/2013,2013,2,Road-transport,CO,0.078961337,3466.402695
1/2/2013,2013,2,Road-transport,NOx,0.06401913,1715.712682
1/2/2013,2013,2,Road-transport,PM10,0.069418136,61.78214147
1/2/2013,2013,2,Road-transport,PM25,0.069418136,56.92287192
1/2/2013,2013,2,Road-transport,SO2,0.067703435,3.385171749
1/3/2013,2013,3,Non-road-transport,CO,0.083333333,2042.5
1/3/2013,2013,3,Non-road-transport,NOx,0.083333333,3329.166667
1/3/2013,2013,3,Non-road-transport,PM10,0.083333333,197.5
1/3/2013,2013,3,Non-road-transport,PM25,0.083333333,183.3333333
1/3/2013,2013,3,Non-road-transport,SO2,0.083333333,1625.833333
1/3/2013,2013,3,Other,CO,0.082490282,512.2646527
1/3/2013,2013,3,Other,NOx,0.088275128,954.2541335
1/3/2013,2013,3,Other,PM10,0.082172521,156.9495156
1/3/2013,2013,3,Other,PM25,0.082522039,113.055194
1/3/2013,2013,3,Other,SO2,0.087000478,26.97014807
1/3/2013,2013,3,Power,CO,0.085931517,337.7108629
1/3/2013,2013,3,Power,NOx,0.085931503,2971.511382
1/3/2013,2013,3,Power,PM10,0.08593152,80.7756289
1/3/2013,2013,3,Power,PM25,0.085931524,37.80987049
1/3/2013,2013,3,Power,SO2,0.085931491,1261.474292
1/3/2013,2013,3,Road-transport,CO,0.074830022,3285.037959
1/3/2013,2013,3,Road-transport,NOx,0.07854116,2104.903078
1/3/2013,2013,3,Road-transport,PM10,0.077124288,68.64061642
1/3/2013,2013,3,Road-transport,PM25,0.077124288,63.24191626
1/3/2013,2013,3,Road-transport,SO2,0.077588649,3.879432427
1/4/2013,2013,4,Non-road-transport,CO,0.083333333,2042.5
1/4/2013,2013,4,Non-road-transport,NOx,0.083333333,3329.166667
1/4/2013,2013,4,Non-road-transport,PM10,0.083333333,197.5
1/4/2013,2013,4,Non-road-transport,PM25,0.083333333,183.3333333
1/4/2013,2013,4,Non-road-transport,SO2,0.083333333,1625.833333
1/4/2013,2013,4,Other,CO,0.076310741,473.8896985
1/4/2013,2013,4,Other,NOx,0.079807119,862.7149558
1/4/2013,2013,4,Other,PM10,0.076709079,146.5143418
1/4/2013,2013,4,Other,PM25,0.077007198,105.4998608
1/4/2013,2013,4,Other,SO2,0.078824895,24.43571755
1/4/2013,2013,4,Power,CO,0.079803093,313.6261569
1/4/2013,2013,4,Power,NOx,0.079803126,2759.592101
1/4/2013,2013,4,Power,PM10,0.07980314,75.01495164
1/4/2013,2013,4,Power,PM25,0.079803144,35.11338336
1/4/2013,2013,4,Power,SO2,0.079803192,1171.510853
1/4/2013,2013,4,Road-transport,CO,0.068789334,3019.851768
1/4/2013,2013,4,Road-transport,NOx,0.071933169,1927.80894
1/4/2013,2013,4,Road-transport,PM10,0.07060718,62.84039017
1/4/2013,2013,4,Road-transport,PM25,0.07060718,57.89788757
1/4/2013,2013,4,Road-transport,SO2,0.071064239,3.553211959
1/5/2013,2013,5,Non-road-transport,CO,0.083333333,2042.5
1/5/2013,2013,5,Non-road-transport,NOx,0.083333333,3329.166667
1/5/2013,2013,5,Non-road-transport,PM10,0.083333333,197.5
1/5/2013,2013,5,Non-road-transport,PM25,0.083333333,183.3333333
1/5/2013,2013,5,Non-road-transport,SO2,0.083333333,1625.833333
1/5/2013,2013,5,Other,CO,0.08023281,498.2457503
1/5/2013,2013,5,Other,NOx,0.080240586,867.4007327
1/5/2013,2013,5,Other,PM10,0.079792222,152.4031445
1/5/2013,2013,5,Other,PM25,0.080066803,109.6915199
1/5/2013,2013,5,Other,SO2,0.08088155,25.07328043
1/5/2013,2013,5,Power,CO,0.091068489,357.8991599
1/5/2013,2013,5,Power,NOx,0.091068506,3149.148951
1/5/2013,2013,5,Power,PM10,0.091068471,85.60436289
1/5/2013,2013,5,Power,PM25,0.091068478,40.07013046
1/5/2013,2013,5,Power,SO2,0.091068468,1336.88511
1/5/2013,2013,5,Road-transport,CO,0.082006753,3600.096451
1/5/2013,2013,5,Road-transport,NOx,0.0783072,2098.63296
1/5/2013,2013,5,Road-transport,PM10,0.079702662,70.93536896
1/5/2013,2013,5,Road-transport,PM25,0.079702662,65.35618264
1/5/2013,2013,5,Road-transport,SO2,0.079248355,3.962417737
1/6/2013,2013,6,Non-road-transport,CO,0.083333333,2042.5
1/6/2013,2013,6,Non-road-transport,NOx,0.083333333,3329.166667
1/6/2013,2013,6,Non-road-transport,PM10,0.083333333,197.5
1/6/2013,2013,6,Non-road-transport,PM25,0.083333333,183.3333333
1/6/2013,2013,6,Non-road-transport,SO2,0.083333333,1625.833333
1/6/2013,2013,6,Other,CO,0.086121148,534.8123261
1/6/2013,2013,6,Other,NOx,0.083925982,907.2398629
1/6/2013,2013,6,Other,PM10,0.087624557,167.3629031
1/6/2013,2013,6,Other,PM25,0.08732249,119.6318109
1/6/2013,2013,6,Other,SO2,0.083616549,25.9211303
1/6/2013,2013,6,Power,CO,0.091987921,361.5125303
1/6/2013,2013,6,Power,NOx,0.091987915,3180.94209
1/6/2013,2013,6,Power,PM10,0.091987908,86.46863359
1/6/2013,2013,6,Power,PM25,0.091987912,40.47468139
1/6/2013,2013,6,Power,SO2,0.091987951,1350.383127
1/6/2013,2013,6,Road-transport,CO,0.081880193,3594.540454
1/6/2013,2013,6,Road-transport,NOx,0.07983429,2139.55898
1/6/2013,2013,6,Road-transport,PM10,0.080630023,71.76072046
1/6/2013,2013,6,Road-transport,PM25,0.080630023,66.11661885
1/6/2013,2013,6,Road-transport,SO2,0.080366612,4.018330579
1/7/2013,2013,7,Non-road-transport,CO,0.083333333,2042.5
1/7/2013,2013,7,Non-road-transport,NOx,0.083333333,3329.166667
1/7/2013,2013,7,Non-road-transport,PM10,0.083333333,197.5
1/7/2013,2013,7,Non-road-transport,PM25,0.083333333,183.3333333
1/7/2013,2013,7,Non-road-transport,SO2,0.083333333,1625.833333
1/7/2013,2013,7,Other,CO,0.080014554,496.8903812
1/7/2013,2013,7,Other,NOx,0.078609516,849.7688676
1/7/2013,2013,7,Other,PM10,0.079689747,152.2074166
1/7/2013,2013,7,Other,PM25,0.079679203,109.1605079
1/7/2013,2013,7,Other,SO2,0.077289852,23.95985406
1/7/2013,2013,7,Power,CO,0.091811242,360.8181808
1/7/2013,2013,7,Power,NOx,0.091811256,3174.833234
1/7/2013,2013,7,Power,PM10,0.09181129,86.30261296
1/7/2013,2013,7,Power,PM25,0.091811205,40.39693038
1/7/2013,2013,7,Power,SO2,0.091811199,1347.788409
1/7/2013,2013,7,Road-transport,CO,0.083627356,3671.240941
1/7/2013,2013,7,Road-transport,NOx,0.080616542,2160.523339
1/7/2013,2013,7,Road-transport,PM10,0.08170528,72.7176989
1/7/2013,2013,7,Road-transport,PM25,0.08170528,66.99832933
1/7/2013,2013,7,Road-transport,SO2,0.081359336,4.067966793
1/8/2013,2013,8,Non-road-transport,CO,0.083333333,2042.5
1/8/2013,2013,8,Non-road-transport,NOx,0.083333333,3329.166667
1/8/2013,2013,8,Non-road-transport,PM10,0.083333333,197.5
1/8/2013,2013,8,Non-road-transport,PM25,0.083333333,183.3333333
1/8/2013,2013,8,Non-road-transport,SO2,0.083333333,1625.833333
1/8/2013,2013,8,Other,CO,0.081155027,503.9727162
1/8/2013,2013,8,Other,NOx,0.080473783,869.921592
1/8/2013,2013,8,Other,PM10,0.079979526,152.7608954
1/8/2013,2013,8,Other,PM25,0.079987373,109.5827014
1/8/2013,2013,8,Other,SO2,0.078071032,24.20201989
1/8/2013,2013,8,Power,CO,0.096850027,380.6206042
1/8/2013,2013,8,Power,NOx,0.096850042,3349.074462
1/8/2013,2013,8,Power,PM10,0.096850013,91.03901192
1/8/2013,2013,8,Power,PM25,0.096850068,42.61402987
1/8/2013,2013,8,Power,SO2,0.096849996,1421.757948
1/8/2013,2013,8,Road-transport,CO,0.086338251,3790.24923
1/8/2013,2013,8,Road-transport,NOx,0.081779662,2191.694949
1/8/2013,2013,8,Road-transport,PM10,0.083478619,74.29597068
1/8/2013,2013,8,Road-transport,PM25,0.083478619,68.45246737
1/8/2013,2013,8,Road-transport,SO2,0.082929243,4.146462171
1/9/2013,2013,9,Non-road-transport,CO,0.083333333,2042.5
1/9/2013,2013,9,Non-road-transport,NOx,0.083333333,3329.166667
1/9/2013,2013,9,Non-road-transport,PM10,0.083333333,197.5
1/9/2013,2013,9,Non-road-transport,PM25,0.083333333,183.3333333
1/9/2013,2013,9,Non-road-transport,SO2,0.083333333,1625.833333
1/9/2013,2013,9,Other,CO,0.091417092,567.7001393
1/9/2013,2013,9,Other,NOx,0.087564833,946.5758471
1/9/2013,2013,9,Other,PM10,0.093529375,178.641106
1/9/2013,2013,9,Other,PM25,0.092991639,127.3985454
1/9/2013,2013,9,Other,SO2,0.088496466,27.43390443
1/9/2013,2013,9,Power,CO,0.085035005,334.1875703
1/9/2013,2013,9,Power,NOx,0.085034973,2940.509362
1/9/2013,2013,9,Power,PM10,0.085035022,79.93292051
1/9/2013,2013,9,Power,PM25,0.085035002,37.41540067
1/9/2013,2013,9,Power,SO2,0.085035079,1248.314967
1/9/2013,2013,9,Road-transport,CO,0.090818684,3986.940232
1/9/2013,2013,9,Road-transport,NOx,0.089607441,2401.479413
1/9/2013,2013,9,Road-transport,PM10,0.090270412,80.34066701
1/9/2013,2013,9,Road-transport,PM25,0.090270412,74.02173814
1/9/2013,2013,9,Road-transport,SO2,0.090017234,4.500861711
1/10/2013,2013,10,Non-road-transport,CO,0.083333333,2042.5
1/10/2013,2013,10,Non-road-transport,NOx,0.083333333,3329.166667
1/10/2013,2013,10,Non-road-transport,PM10,0.083333333,197.5
1/10/2013,2013,10,Non-road-transport,PM25,0.083333333,183.3333333
1/10/2013,2013,10,Non-road-transport,SO2,0.083333333,1625.833333
1/10/2013,2013,10,Other,CO,0.089928516,558.4560872
1/10/2013,2013,10,Other,NOx,0.087880558,949.9888345
1/10/2013,2013,10,Other,PM10,0.09153444,174.8307799
1/10/2013,2013,10,Other,PM25,0.091264381,125.0322014
1/10/2013,2013,10,Other,SO2,0.087679097,27.18051996
1/10/2013,2013,10,Power,CO,0.079305808,311.6718256
1/10/2013,2013,10,Power,NOx,0.07930574,2742.392503
1/10/2013,2013,10,Power,PM10,0.079305773,74.54742637
1/10/2013,2013,10,Power,PM25,0.079305785,34.89454532
1/10/2013,2013,10,Power,SO2,0.079305727,1164.208065
1/10/2013,2013,10,Road-transport,CO,0.094801107,4161.768577
1/10/2013,2013,10,Road-transport,NOx,0.095051289,2547.374536
1/10/2013,2013,10,Road-transport,PM10,0.095261544,84.78277391
1/10/2013,2013,10,Road-transport,PM25,0.095261544,78.11446585
1/10/2013,2013,10,Road-transport,SO2,0.095137926,4.7568963
1/11/2013,2013,11,Non-road-transport,CO,0.083333333,2042.5
1/11/2013,2013,11,Non-road-transport,NOx,0.083333333,3329.166667
1/11/2013,2013,11,Non-road-transport,PM10,0.083333333,197.5
1/11/2013,2013,11,Non-road-transport,PM25,0.083333333,183.3333333
1/11/2013,2013,11,Non-road-transport,SO2,0.083333333,1625.833333
1/11/2013,2013,11,Other,CO,0.090832238,564.0681966
1/11/2013,2013,11,Other,NOx,0.088184769,953.277349
1/11/2013,2013,11,Other,PM10,0.092510655,176.6953519
1/11/2013,2013,11,Other,PM25,0.092113587,126.1956147
1/11/2013,2013,11,Other,SO2,0.088191394,27.3393322
1/11/2013,2013,11,Power,CO,0.079155289,311.0802873
1/11/2013,2013,11,Power,NOx,0.079155293,2737.190032
1/11/2013,2013,11,Power,PM10,0.079155268,74.40595146
1/11/2013,2013,11,Power,PM25,0.079155277,34.82832188
1/11/2013,2013,11,Power,SO2,0.079155254,1161.999127
1/11/2013,2013,11,Road-transport,CO,0.095503564,4192.606438
1/11/2013,2013,11,Road-transport,NOx,0.100480359,2692.873633
1/11/2013,2013,11,Road-transport,PM10,0.098996515,88.10689875
1/11/2013,2013,11,Road-transport,PM25,0.098996515,81.17714267
1/11/2013,2013,11,Road-transport,SO2,0.099408323,4.970416131
1/12/2013,2013,12,Non-road-transport,CO,0.083333333,2042.5
1/12/2013,2013,12,Non-road-transport,NOx,0.083333333,3329.166667
1/12/2013,2013,12,Non-road-transport,PM10,0.083333333,197.5
1/12/2013,2013,12,Non-road-transport,PM25,0.083333333,183.3333333
1/12/2013,2013,12,Non-road-transport,SO2,0.083333333,1625.833333
1/12/2013,2013,12,Other,CO,0.108821129,675.7792131
1/12/2013,2013,12,Other,NOx,0.105656202,1142.143548
1/12/2013,2013,12,Other,PM10,0.113515156,216.8139488
1/12/2013,2013,12,Other,PM25,0.112579093,154.233358
1/12/2013,2013,12,Other,SO2,0.110169366,34.15250344
1/12/2013,2013,12,Power,CO,0.094095019,369.793423
1/12/2013,2013,12,Power,NOx,0.094095067,3253.807433
1/12/2013,2013,12,Power,PM10,0.094095041,88.44933839
1/12/2013,2013,12,Power,PM25,0.09409498,41.40179133
1/12/2013,2013,12,Power,SO2,0.094095074,1381.315685
1/12/2013,2013,12,Road-transport,CO,0.089481202,3928.224754
1/12/2013,2013,12,Road-transport,NOx,0.107478519,2880.424296
1/12/2013,2013,12,Road-transport,PM10,0.101177799,90.04824119
1/12/2013,2013,12,Road-transport,PM25,0.101177799,82.96579525
1/12/2013,2013,12,Road-transport,SO2,0.10314067,5.157033509
1/1/2014,2014,1,Non-road-transport,CO,0.083333333,1986.666667
1/1/2014,2014,1,Non-road-transport,NOx,0.083333333,3412.5
1/1/2014,2014,1,Non-road-transport,PM10,0.083333333,184.1666667
1/1/2014,2014,1,Non-road-transport,PM25,0.083333333,170
1/1/2014,2014,1,Non-road-transport,SO2,0.083333333,1341.666667
1/1/2014,2014,1,Other,CO,0.067658336,390.3885989
1/1/2014,2014,1,Other,NOx,0.07384974,752.5288526
1/1/2014,2014,1,Other,PM10,0.062550457,113.2163265
1/1/2014,2014,1,Other,PM25,0.063529913,83.8594858
1/1/2014,2014,1,Other,SO2,0.071062635,16.34440608
1/1/2014,2014,1,Power,CO,0.075294636,298.1667599
1/1/2014,2014,1,Power,NOx,0.075294632,2726.418613
1/1/2014,2014,1,Power,PM10,0.075294629,73.78873681
1/1/2014,2014,1,Power,PM25,0.07529467,34.63554799
1/1/2014,2014,1,Power,SO2,0.075294607,1270.972964
1/1/2014,2014,1,Road-transport,CO,0.079195569,2787.684033
1/1/2014,2014,1,Road-transport,NOx,0.084441701,1899.938283
1/1/2014,2014,1,Road-transport,PM10,0.081624278,59.58572326
1/1/2014,2014,1,Road-transport,PM25,0.081624278,54.68826655
1/1/2014,2014,1,Road-transport,SO2,0.082551735,3.302069388
1/2/2014,2014,2,Non-road-transport,CO,0.083333333,1986.666667
1/2/2014,2014,2,Non-road-transport,NOx,0.083333333,3412.5
1/2/2014,2014,2,Non-road-transport,PM10,0.083333333,184.1666667
1/2/2014,2014,2,Non-road-transport,PM25,0.083333333,170
1/2/2014,2014,2,Non-road-transport,SO2,0.083333333,1341.666667
1/2/2014,2014,2,Other,CO,0.067233422,387.9368445
1/2/2014,2014,2,Other,NOx,0.072379008,737.5420951
1/2/2014,2014,2,Other,PM10,0.061465647,111.2528211
1/2/2014,2014,2,Other,PM25,0.062453361,82.43843715
1/2/2014,2014,2,Other,SO2,0.069805288,16.05521614
1/2/2014,2014,2,Power,CO,0.066018516,261.4333221
1/2/2014,2014,2,Power,NOx,0.066018479,2390.529142
1/2/2014,2014,2,Power,PM10,0.066018491,64.69812115
1/2/2014,2014,2,Power,PM25,0.066018511,30.36851506
1/2/2014,2014,2,Power,SO2,0.066018532,1114.392824
1/2/2014,2014,2,Road-transport,CO,0.070598022,2485.050361
1/2/2014,2014,2,Road-transport,NOx,0.057623804,1296.5356
1/2/2014,2014,2,Road-transport,PM10,0.0625532,45.66383603
1/2/2014,2014,2,Road-transport,PM25,0.0625532,41.91064403
1/2/2014,2014,2,Road-transport,SO2,0.061228001,2.449120049
1/3/2014,2014,3,Non-road-transport,CO,0.083333333,1986.666667
1/3/2014,2014,3,Non-road-transport,NOx,0.083333333,3412.5
1/3/2014,2014,3,Non-road-transport,PM10,0.083333333,184.1666667
1/3/2014,2014,3,Non-road-transport,PM25,0.083333333,170
1/3/2014,2014,3,Non-road-transport,SO2,0.083333333,1341.666667
1/3/2014,2014,3,Other,CO,0.083951814,484.4019692
1/3/2014,2014,3,Other,NOx,0.087659665,893.2519911
1/3/2014,2014,3,Other,PM10,0.081824736,148.1027716
1/3/2014,2014,3,Other,PM25,0.082205396,108.5111221
1/3/2014,2014,3,Other,SO2,0.08635564,19.86179716
1/3/2014,2014,3,Power,CO,0.094114086,372.6917789
1/3/2014,2014,3,Power,NOx,0.094114075,3407.870648
1/3/2014,2014,3,Power,PM10,0.094114025,92.23174494
1/3/2014,2014,3,Power,PM25,0.094114046,43.29246124
1/3/2014,2014,3,Power,SO2,0.09411406,1588.645331
1/3/2014,2014,3,Road-transport,CO,0.071348968,2511.483665
1/3/2014,2014,3,Road-transport,NOx,0.083764653,1884.704688
1/3/2014,2014,3,Road-transport,PM10,0.078777446,57.50753526
1/3/2014,2014,3,Road-transport,PM25,0.078777446,52.78088853
1/3/2014,2014,3,Road-transport,SO2,0.080173884,3.206955358
1/4/2014,2014,4,Non-road-transport,CO,0.083333333,1986.666667
1/4/2014,2014,4,Non-road-transport,NOx,0.083333333,3412.5
1/4/2014,2014,4,Non-road-transport,PM10,0.083333333,184.1666667
1/4/2014,2014,4,Non-road-transport,PM25,0.083333333,170
1/4/2014,2014,4,Non-road-transport,SO2,0.083333333,1341.666667
1/4/2014,2014,4,Other,CO,0.078900487,455.2558092
1/4/2014,2014,4,Other,NOx,0.0805537,820.8422079
1/4/2014,2014,4,Other,PM10,0.077146717,139.6355572
1/4/2014,2014,4,Other,PM25,0.077438057,102.2182359
1/4/2014,2014,4,Other,SO2,0.07874425,18.11117747
1/4/2014,2014,4,Power,CO,0.084421963,334.3109747
1/4/2014,2014,4,Power,NOx,0.084421982,3056.919976
1/4/2014,2014,4,Power,PM10,0.084422009,82.73356849
1/4/2014,2014,4,Power,PM25,0.084421946,38.83409511
1/4/2014,2014,4,Power,SO2,0.084421978,1425.042983
1/4/2014,2014,4,Road-transport,CO,0.07453205,2623.528176
1/4/2014,2014,4,Road-transport,NOx,0.085671058,1927.59881
1/4/2014,2014,4,Road-transport,PM10,0.081238785,59.30431298
1/4/2014,2014,4,Road-transport,PM25,0.081238785,54.42998588
1/4/2014,2014,4,Road-transport,SO2,0.082471608,3.298864303
1/5/2014,2014,5,Non-road-transport,CO,0.083333333,1986.666667
1/5/2014,2014,5,Non-road-transport,NOx,0.083333333,3412.5
1/5/2014,2014,5,Non-road-transport,PM10,0.083333333,184.1666667
1/5/2014,2014,5,Non-road-transport,PM25,0.083333333,170
1/5/2014,2014,5,Non-road-transport,SO2,0.083333333,1341.666667
1/5/2014,2014,5,Other,CO,0.079516135,458.8080965
1/5/2014,2014,5,Other,NOx,0.078254321,797.4115352
1/5/2014,2014,5,Other,PM10,0.078585477,142.2397138
1/5/2014,2014,5,Other,PM25,0.078703189,103.8882098
1/5/2014,2014,5,Other,SO2,0.07911679,18.19686168
1/5/2014,2014,5,Power,CO,0.082737865,327.6419464
1/5/2014,2014,5,Power,NOx,0.082737896,2995.93923
1/5/2014,2014,5,Power,PM10,0.082737846,81.08308929
1/5/2014,2014,5,Power,PM25,0.082737843,38.05940797
1/5/2014,2014,5,Power,SO2,0.082737827,1396.614524
1/5/2014,2014,5,Road-transport,CO,0.085375793,3005.227916
1/5/2014,2014,5,Road-transport,NOx,0.079885784,1797.430134
1/5/2014,2014,5,Road-transport,PM10,0.082146518,59.96695823
1/5/2014,2014,5,Road-transport,PM25,0.082146518,55.03816714
1/5/2014,2014,5,Road-transport,SO2,0.081502666,3.26010662
1/6/2014,2014,6,Non-road-transport,CO,0.083333333,1986.666667
1/6/2014,2014,6,Non-road-transport,NOx,0.083333333,3412.5
1/6/2014,2014,6,Non-road-transport,PM10,0.083333333,184.1666667
1/6/2014,2014,6,Non-road-transport,PM25,0.083333333,170
1/6/2014,2014,6,Non-road-transport,SO2,0.083333333,1341.666667
1/6/2014,2014,6,Other,CO,0.086461147,498.880818
1/6/2014,2014,6,Other,NOx,0.086279653,879.1896619
1/6/2014,2014,6,Other,PM10,0.088591398,160.3504303
1/6/2014,2014,6,Other,PM25,0.088289639,116.5423241
1/6/2014,2014,6,Other,SO2,0.08612309,19.8083108
1/6/2014,2014,6,Power,CO,0.096281756,381.2757545
1/6/2014,2014,6,Power,NOx,0.096281808,3486.364282
1/6/2014,2014,6,Power,PM10,0.096281772,94.35613695
1/6/2014,2014,6,Power,PM25,0.096281802,44.28962901
1/6/2014,2014,6,Power,SO2,0.09628176,1625.236115
1/6/2014,2014,6,Road-transport,CO,0.086097079,3030.617184
1/6/2014,2014,6,Road-transport,NOx,0.080093678,1802.107746
1/6/2014,2014,6,Road-transport,PM10,0.082567803,60.27449599
1/6/2014,2014,6,Road-transport,PM25,0.082567803,55.32042783
1/6/2014,2014,6,Road-transport,SO2,0.081862793,3.274511704
1/7/2014,2014,7,Non-road-transport,CO,0.083333333,1986.666667
1/7/2014,2014,7,Non-road-transport,NOx,0.083333333,3412.5
1/7/2014,2014,7,Non-road-transport,PM10,0.083333333,184.1666667
1/7/2014,2014,7,Non-road-transport,PM25,0.083333333,170
1/7/2014,2014,7,Non-road-transport,SO2,0.083333333,1341.666667
1/7/2014,2014,7,Other,CO,0.081560653,470.6049667
1/7/2014,2014,7,Other,NOx,0.08180176,833.559932
1/7/2014,2014,7,Other,PM10,0.081697138,147.8718202
1/7/2014,2014,7,Other,PM25,0.081697508,107.8407112
1/7/2014,2014,7,Other,SO2,0.081164579,18.66785323
1/7/2014,2014,7,Power,CO,0.096261464,381.1953981
1/7/2014,2014,7,Power,NOx,0.096261429,3485.626351
1/7/2014,2014,7,Power,PM10,0.096261498,94.33626829
1/7/2014,2014,7,Power,PM25,0.096261483,44.2802821
1/7/2014,2014,7,Power,SO2,0.096261496,1624.894053
1/7/2014,2014,7,Road-transport,CO,0.089165365,3138.620862
1/7/2014,2014,7,Road-transport,NOx,0.080648426,1814.589579
1/7/2014,2014,7,Road-transport,PM10,0.084077219,61.37636961
1/7/2014,2014,7,Road-transport,PM25,0.084077219,56.33173649
1/7/2014,2014,7,Road-transport,SO2,0.083115646,3.32462583
1/8/2014,2014,8,Non-road-transport,CO,0.083333333,1986.666667
1/8/2014,2014,8,Non-road-transport,NOx,0.083333333,3412.5
1/8/2014,2014,8,Non-road-transport,PM10,0.083333333,184.1666667
1/8/2014,2014,8,Non-road-transport,PM25,0.083333333,170
1/8/2014,2014,8,Non-road-transport,SO2,0.083333333,1341.666667
1/8/2014,2014,8,Other,CO,0.08065165,465.3600179
1/8/2014,2014,8,Other,NOx,0.080810633,823.460346
1/8/2014,2014,8,Other,PM10,0.080492245,145.690964
1/8/2014,2014,8,Other,PM25,0.080472228,106.223341
1/8/2014,2014,8,Other,SO2,0.079719215,18.33541956
1/8/2014,2014,8,Power,CO,0.088510517,350.5016465
1/8/2014,2014,8,Power,NOx,0.088510491,3204.964869
1/8/2014,2014,8,Power,PM10,0.088510524,86.74031327
1/8/2014,2014,8,Power,PM25,0.088510529,40.71484327
1/8/2014,2014,8,Power,SO2,0.088510511,1494.057427
1/8/2014,2014,8,Road-transport,CO,0.090219811,3175.737335
1/8/2014,2014,8,Road-transport,NOx,0.082286544,1851.447244
1/8/2014,2014,8,Road-transport,PM10,0.085505518,62.41902804
1/8/2014,2014,8,Road-transport,PM25,0.085505518,57.28869697
1/8/2014,2014,8,Road-transport,SO2,0.084597894,3.38391577
1/9/2014,2014,9,Non-road-transport,CO,0.083333333,1986.666667
1/9/2014,2014,9,Non-road-transport,NOx,0.083333333,3412.5
1/9/2014,2014,9,Non-road-transport,PM10,0.083333333,184.1666667
1/9/2014,2014,9,Non-road-transport,PM25,0.083333333,170
1/9/2014,2014,9,Non-road-transport,SO2,0.083333333,1341.666667
1/9/2014,2014,9,Other,CO,0.090079137,519.7566193
1/9/2014,2014,9,Other,NOx,0.08477643,863.8718198
1/9/2014,2014,9,Other,PM10,0.093168564,168.6351014
1/9/2014,2014,9,Other,PM25,0.092421301,121.9961174
1/9/2014,2014,9,Other,SO2,0.087835571,20.20218137
1/9/2014,2014,9,Power,CO,0.086555861,342.7612115
1/9/2014,2014,9,Power,NOx,0.086555841,3134.187002
1/9/2014,2014,9,Power,PM10,0.086555903,84.82478473
1/9/2014,2014,9,Power,PM25,0.086555846,39.81568915
1/9/2014,2014,9,Power,SO2,0.086555808,1461.062036
1/9/2014,2014,9,Road-transport,CO,0.09058676,3188.653949
1/9/2014,2014,9,Road-transport,NOx,0.087594582,1970.878084
1/9/2014,2014,9,Road-transport,PM10,0.088969539,64.94776372
1/9/2014,2014,9,Road-transport,PM25,0.088969539,59.60959136
1/9/2014,2014,9,Road-transport,SO2,0.088550797,3.54203187
1/10/2014,2014,10,Non-road-transport,CO,0.083333333,1986.666667
1/10/2014,2014,10,Non-road-transport,NOx,0.083333333,3412.5
1/10/2014,2014,10,Non-road-transport,PM10,0.083333333,184.1666667
1/10/2014,2014,10,Non-road-transport,PM25,0.083333333,170
1/10/2014,2014,10,Non-road-transport,SO2,0.083333333,1341.666667
1/10/2014,2014,10,Other,CO,0.088791041,512.3243088
1/10/2014,2014,10,Other,NOx,0.086506261,881.4988037
1/10/2014,2014,10,Other,PM10,0.091275419,165.2085081
1/10/2014,2014,10,Other,PM25,0.090926766,120.0233314
1/10/2014,2014,10,Other,SO2,0.087070477,20.0262096
1/10/2014,2014,10,Power,CO,0.072964575,288.9397163
1/10/2014,2014,10,Power,NOx,0.072964597,2642.048067
1/10/2014,2014,10,Power,PM10,0.072964491,71.50520107
1/10/2014,2014,10,Power,PM25,0.072964611,33.56372096
1/10/2014,2014,10,Power,SO2,0.072964703,1231.644186
1/10/2014,2014,10,Road-transport,CO,0.091567047,3223.160047
1/10/2014,2014,10,Road-transport,NOx,0.088177344,1983.990251
1/10/2014,2014,10,Road-transport,PM10,0.089724885,65.49916592
1/10/2014,2014,10,Road-transport,PM25,0.089724885,60.11567283
1/10/2014,2014,10,Road-transport,SO2,0.089255306,3.570212246
1/11/2014,2014,11,Non-road-transport,CO,0.083333333,1986.666667
1/11/2014,2014,11,Non-road-transport,NOx,0.083333333,3412.5
1/11/2014,2014,11,Non-road-transport,PM10,0.083333333,184.1666667
1/11/2014,2014,11,Non-road-transport,PM25,0.083333333,170
1/11/2014,2014,11,Non-road-transport,SO2,0.083333333,1341.666667
1/11/2014,2014,11,Other,CO,0.088667817,511.6133017
1/11/2014,2014,11,Other,NOx,0.085663675,872.912851
1/11/2014,2014,11,Other,PM10,0.091808644,166.1736448
1/11/2014,2014,11,Other,PM25,0.091315669,120.5366829
1/11/2014,2014,11,Other,SO2,0.086899103,19.98679366
1/11/2014,2014,11,Power,CO,0.075700465,299.7738424
1/11/2014,2014,11,Power,NOx,0.075700455,2741.113493
1/11/2014,2014,11,Power,PM10,0.075700487,74.18647722
1/11/2014,2014,11,Power,PM25,0.075700424,34.82219522
1/11/2014,2014,11,Power,SO2,0.075700444,1277.823499
1/11/2014,2014,11,Road-transport,CO,0.086105585,3030.916602
1/11/2014,2014,11,Road-transport,NOx,0.089647851,2017.076639
1/11/2014,2014,11,Road-transport,PM10,0.088388894,64.5238929
1/11/2014,2014,11,Road-transport,PM25,0.088388894,59.22055924
1/11/2014,2014,11,Road-transport,SO2,0.088709438,3.54837751
1/12/2014,2014,12,Non-road-transport,CO,0.083333333,1986.666667
1/12/2014,2014,12,Non-road-transport,NOx,0.083333333,3412.5
1/12/2014,2014,12,Non-road-transport,PM10,0.083333333,184.1666667
1/12/2014,2014,12,Non-road-transport,PM25,0.083333333,170
1/12/2014,2014,12,Non-road-transport,SO2,0.083333333,1341.666667
1/12/2014,2014,12,Other,CO,0.106528362,614.6686493
1/12/2014,2014,12,Other,NOx,0.101465152,1033.929904
1/12/2014,2014,12,Other,PM10,0.111393559,201.6223409
1/12/2014,2014,12,Other,PM25,0.110546971,145.9220013
1/12/2014,2014,12,Other,SO2,0.106103362,24.40377326
1/12/2014,2014,12,Power,CO,0.081138295,321.3076486
1/12/2014,2014,12,Power,NOx,0.081138313,2938.018325
1/12/2014,2014,12,Power,PM10,0.081138324,79.51555779
1/12/2014,2014,12,Power,PM25,0.081138289,37.32361292
1/12/2014,2014,12,Power,SO2,0.081138274,1369.614058
1/12/2014,2014,12,Road-transport,CO,0.085207951,2999.31987
1/12/2014,2014,12,Road-transport,NOx,0.100164575,2253.70294
1/12/2014,2014,12,Road-transport,PM10,0.094425915,68.93091806
1/12/2014,2014,12,Road-transport,PM25,0.094425915,63.26536315
1/12/2014,2014,12,Road-transport,SO2,0.095980234,3.839209352
1/1/2015,2015,1,Non-road-transport,CO,0.083333333,1907.5
1/1/2015,2015,1,Non-road-transport,NOx,0.083333333,3260
1/1/2015,2015,1,Non-road-transport,PM10,0.083333333,164.1666667
1/1/2015,2015,1,Non-road-transport,PM25,0.083333333,151.6666667
1/1/2015,2015,1,Non-road-transport,SO2,0.083333333,1087.5
1/1/2015,2015,1,Other,CO,0.060972763,370.104671
1/1/2015,2015,1,Other,NOx,0.073459427,694.9261754
1/1/2015,2015,1,Other,PM10,0.060967743,104.8645174
1/1/2015,2015,1,Other,PM25,0.061851713,76.69612443
1/1/2015,2015,1,Other,SO2,0.066513605,15.29812919
1/1/2015,2015,1,Power,CO,0.095845708,343.1276352
1/1/2015,2015,1,Power,NOx,0.095845661,2500.613303
1/1/2015,2015,1,Power,PM10,0.095845687,55.59049849
1/1/2015,2015,1,Power,PM25,0.095845709,28.75371271
1/1/2015,2015,1,Power,SO2,0.095845696,697.756667
1/1/2015,2015,1,Road-transport,CO,0.082581887,2551.780308
1/1/2015,2015,1,Road-transport,NOx,0.07834678,1574.770285
1/1/2015,2015,1,Road-transport,PM10,0.079391232,41.2834405
1/1/2015,2015,1,Road-transport,PM25,0.079391232,38.10779123
1/1/2015,2015,1,Road-transport,SO2,0.079315734,3.172629376
1/2/2015,2015,2,Non-road-transport,CO,0.083333333,1907.5
1/2/2015,2015,2,Non-road-transport,NOx,0.083333333,3260
1/2/2015,2015,2,Non-road-transport,PM10,0.083333333,164.1666667
1/2/2015,2015,2,Non-road-transport,PM25,0.083333333,151.6666667
1/2/2015,2015,2,Non-road-transport,SO2,0.083333333,1087.5
1/2/2015,2015,2,Other,CO,0.058841312,357.1667628
1/2/2015,2015,2,Other,NOx,0.067920341,642.5264257
1/2/2015,2015,2,Other,PM10,0.058454562,100.5418472
1/2/2015,2015,2,Other,PM25,0.0592368,73.45363183
1/2/2015,2015,2,Other,SO2,0.06273079,14.42808181
1/2/2015,2015,2,Power,CO,0.05216041,186.7342696
1/2/2015,2015,2,Power,NOx,0.052160402,1360.864888
1/2/2015,2015,2,Power,PM10,0.052160396,30.25302965
1/2/2015,2015,2,Power,PM25,0.052160406,15.6481218
1/2/2015,2015,2,Power,SO2,0.052160391,379.7276474
1/2/2015,2015,2,Road-transport,CO,0.088298608,2728.426978
1/2/2015,2015,2,Road-transport,NOx,0.07225866,1452.399064
1/2/2015,2015,2,Road-transport,PM10,0.079109525,41.13695279
1/2/2015,2015,2,Road-transport,PM25,0.079109525,37.9725718
1/2/2015,2015,2,Road-transport,SO2,0.077522808,3.100912302
1/3/2015,2015,3,Non-road-transport,CO,0.083333333,1907.5
1/3/2015,2015,3,Non-road-transport,NOx,0.083333333,3260
1/3/2015,2015,3,Non-road-transport,PM10,0.083333333,164.1666667
1/3/2015,2015,3,Non-road-transport,PM25,0.083333333,151.6666667
1/3/2015,2015,3,Non-road-transport,SO2,0.083333333,1087.5
1/3/2015,2015,3,Other,CO,0.078312192,475.3550031
1/3/2015,2015,3,Other,NOx,0.08231811,778.729318
1/3/2015,2015,3,Other,PM10,0.078708398,135.378445
1/3/2015,2015,3,Other,PM25,0.078985321,97.94179808
1/3/2015,2015,3,Other,SO2,0.079992903,18.39836758
1/3/2015,2015,3,Power,CO,0.076004577,272.0963856
1/3/2015,2015,3,Power,NOx,0.076004543,1982.95852
1/3/2015,2015,3,Power,PM10,0.076004585,44.08265917
1/3/2015,2015,3,Power,PM25,0.076004519,22.80135564
1/3/2015,2015,3,Power,SO2,0.076004553,553.3131492
1/3/2015,2015,3,Road-transport,CO,0.081642333,2522.748099
1/3/2015,2015,3,Road-transport,NOx,0.075981314,1527.224406
1/3/2015,2015,3,Road-transport,PM10,0.078389272,40.76242141
1/3/2015,2015,3,Road-transport,PM25,0.078389272,37.62685053
1/3/2015,2015,3,Road-transport,SO2,0.077833718,3.113348706
1/4/2015,2015,4,Non-road-transport,CO,0.083333333,1907.5
1/4/2015,2015,4,Non-road-transport,NOx,0.083333333,3260
1/4/2015,2015,4,Non-road-transport,PM10,0.083333333,164.1666667
1/4/2015,2015,4,Non-road-transport,PM25,0.083333333,151.6666667
1/4/2015,2015,4,Non-road-transport,SO2,0.083333333,1087.5
1/4/2015,2015,4,Other,CO,0.076385729,463.6613765
1/4/2015,2015,4,Other,NOx,0.07913208,748.5894804
1/4/2015,2015,4,Other,PM10,0.07604005,130.7888864
1/4/2015,2015,4,Other,PM25,0.076195873,94.48288235
1/4/2015,2015,4,Other,SO2,0.076907816,17.68879757
1/4/2015,2015,4,Power,CO,0.085094641,304.6388157
1/4/2015,2015,4,Power,NOx,0.085094659,2220.119658
1/4/2015,2015,4,Power,PM10,0.085094686,49.35491787
1/4/2015,2015,4,Power,PM25,0.08509469,25.52840691
1/4/2015,2015,4,Power,SO2,0.085094574,619.4885001
1/4/2015,2015,4,Road-transport,CO,0.079032601,2442.107375
1/4/2015,2015,4,Road-transport,NOx,0.076728475,1542.242346
1/4/2015,2015,4,Road-transport,PM10,0.077691281,40.39946593
1/4/2015,2015,4,Road-transport,PM25,0.077691281,37.2918147
1/4/2015,2015,4,Road-transport,SO2,0.077472934,3.098917353
1/5/2015,2015,5,Non-road-transport,CO,0.083333333,1907.5
1/5/2015,2015,5,Non-road-transport,NOx,0.083333333,3260
1/5/2015,2015,5,Non-road-transport,PM10,0.083333333,164.1666667
1/5/2015,2015,5,Non-road-transport,PM25,0.083333333,151.6666667
1/5/2015,2015,5,Non-road-transport,SO2,0.083333333,1087.5
1/5/2015,2015,5,Other,CO,0.079295665,481.3246842
1/5/2015,2015,5,Other,NOx,0.0807968,764.3377287
1/5/2015,2015,5,Other,PM10,0.079582251,136.881471
1/5/2015,2015,5,Other,PM25,0.079813605,98.96886958
1/5/2015,2015,5,Other,SO2,0.080356582,18.48201386
1/5/2015,2015,5,Power,CO,0.092149297,329.8944827
1/5/2015,2015,5,Power,NOx,0.092149277,2404.174637
1/5/2015,2015,5,Power,PM10,0.092149247,53.44656328
1/5/2015,2015,5,Power,PM25,0.092149272,27.64478155
1/5/2015,2015,5,Power,SO2,0.092149351,670.8472763
1/5/2015,2015,5,Road-transport,CO,0.080233264,2479.207846
1/5/2015,2015,5,Road-transport,NOx,0.079840152,1604.787061
1/5/2015,2015,5,Road-transport,PM10,0.080028146,41.61463612
1/5/2015,2015,5,Road-transport,PM25,0.080028146,38.41351027
1/5/2015,2015,5,Road-transport,SO2,0.079980229,3.19920916
1/6/2015,2015,6,Non-road-transport,CO,0.083333333,1907.5
1/6/2015,2015,6,Non-road-transport,NOx,0.083333333,3260
1/6/2015,2015,6,Non-road-transport,PM10,0.083333333,164.1666667
1/6/2015,2015,6,Non-road-transport,PM25,0.083333333,151.6666667
1/6/2015,2015,6,Non-road-transport,SO2,0.083333333,1087.5
1/6/2015,2015,6,Other,CO,0.088599958,537.8017456
1/6/2015,2015,6,Other,NOx,0.087300341,825.8612302
1/6/2015,2015,6,Other,PM10,0.089645584,154.1904046
1/6/2015,2015,6,Other,PM25,0.089499208,110.9790185
1/6/2015,2015,6,Other,SO2,0.088628274,20.38450308
1/6/2015,2015,6,Power,CO,0.096405069,345.1301463
1/6/2015,2015,6,Power,NOx,0.096405015,2515.206836
1/6/2015,2015,6,Power,PM10,0.096405036,55.91492065
1/6/2015,2015,6,Power,PM25,0.096405087,28.92152624
1/6/2015,2015,6,Power,SO2,0.096405081,701.8289861
1/6/2015,2015,6,Road-transport,CO,0.082085056,2536.428235
1/6/2015,2015,6,Road-transport,NOx,0.082804068,1664.361771
1/6/2015,2015,6,Road-transport,PM10,0.08256168,42.9320735
1/6/2015,2015,6,Road-transport,PM25,0.08256168,39.6296063
1/6/2015,2015,6,Road-transport,SO2,0.082603735,3.304149398
1/7/2015,2015,7,Non-road-transport,CO,0.083333333,1907.5
1/7/2015,2015,7,Non-road-transport,NOx,0.083333333,3260
1/7/2015,2015,7,Non-road-transport,PM10,0.083333333,164.1666667
1/7/2015,2015,7,Non-road-transport,PM25,0.083333333,151.6666667
1/7/2015,2015,7,Non-road-transport,SO2,0.083333333,1087.5
1/7/2015,2015,7,Other,CO,0.082819384,502.7136609
1/7/2015,2015,7,Other,NOx,0.083299122,788.0096958
1/7/2015,2015,7,Other,PM10,0.08269929,142.2427782
1/7/2015,2015,7,Other,PM25,0.082678785,102.521694
1/7/2015,2015,7,Other,SO2,0.083421933,19.18704456
1/7/2015,2015,7,Power,CO,0.095468601,341.77759
1/7/2015,2015,7,Power,NOx,0.095468613,2490.776114
1/7/2015,2015,7,Power,PM10,0.095468619,55.3717991
1/7/2015,2015,7,Power,PM25,0.095468628,28.64058827
1/7/2015,2015,7,Power,SO2,0.095468617,695.0115318
1/7/2015,2015,7,Road-transport,CO,0.08396622,2594.556201
1/7/2015,2015,7,Road-transport,NOx,0.081489929,1637.947578
1/7/2015,2015,7,Road-transport,PM10,0.082528795,42.91497335
1/7/2015,2015,7,Road-transport,PM25,0.082528795,39.61382156
1/7/2015,2015,7,Road-transport,SO2,0.082292287,3.291691497
1/8/2015,2015,8,Non-road-transport,CO,0.083333333,1907.5
1/8/2015,2015,8,Non-road-transport,NOx,0.083333333,3260
1/8/2015,2015,8,Non-road-transport,PM10,0.083333333,164.1666667
1/8/2015,2015,8,Non-road-transport,PM25,0.083333333,151.6666667
1/8/2015,2015,8,Non-road-transport,SO2,0.083333333,1087.5
1/8/2015,2015,8,Other,CO,0.083016692,503.91132
1/8/2015,2015,8,Other,NOx,0.08384308,793.1555362
1/8/2015,2015,8,Other,PM10,0.082321344,141.592712
1/8/2015,2015,8,Other,PM25,0.08232779,102.08646
1/8/2015,2015,8,Other,SO2,0.082896028,19.06608642
1/8/2015,2015,8,Power,CO,0.099648789,356.7426648
1/8/2015,2015,8,Power,NOx,0.099648775,2599.836534
1/8/2015,2015,8,Power,PM10,0.099648762,57.79628219
1/8/2015,2015,8,Power,PM25,0.099648786,29.89463576
1/8/2015,2015,8,Power,SO2,0.099648793,725.4432105
1/8/2015,2015,8,Road-transport,CO,0.085869746,2653.375158
1/8/2015,2015,8,Road-transport,NOx,0.083409061,1676.522131
1/8/2015,2015,8,Road-transport,PM10,0.084475347,43.92718055
1/8/2015,2015,8,Road-transport,PM25,0.084475347,40.54816666
1/8/2015,2015,8,Road-transport,SO2,0.084225069,3.369002766
1/9/2015,2015,9,Non-road-transport,CO,0.083333333,1907.5
1/9/2015,2015,9,Non-road-transport,NOx,0.083333333,3260
1/9/2015,2015,9,Non-road-transport,PM10,0.083333333,164.1666667
1/9/2015,2015,9,Non-road-transport,PM25,0.083333333,151.6666667
1/9/2015,2015,9,Non-road-transport,SO2,0.083333333,1087.5
1/9/2015,2015,9,Other,CO,0.093334863,566.542621
1/9/2015,2015,9,Other,NOx,0.089200818,843.8397408
1/9/2015,2015,9,Other,PM10,0.094471035,162.4901795
1/9/2015,2015,9,Other,PM25,0.094029025,116.5959911
1/9/2015,2015,9,Other,SO2,0.09183337,21.12167502
1/9/2015,2015,9,Power,CO,0.082752256,296.253077
1/9/2015,2015,9,Power,NOx,0.082752275,2159.006866
1/9/2015,2015,9,Power,PM10,0.082752259,47.99631019
1/9/2015,2015,9,Power,PM25,0.082752248,24.82567437
1/9/2015,2015,9,Power,SO2,0.082752323,602.4369102
1/9/2015,2015,9,Road-transport,CO,0.086322291,2667.358785
1/9/2015,2015,9,Road-transport,NOx,0.089144199,1791.798396
1/9/2015,2015,9,Road-transport,PM10,0.088101162,45.81260409
1/9/2015,2015,9,Road-transport,PM25,0.088101162,42.28855763
1/9/2015,2015,9,Road-transport,SO2,0.088307423,3.532296917
1/10/2015,2015,10,Non-road-transport,CO,0.083333333,1907.5
1/10/2015,2015,10,Non-road-transport,NOx,0.083333333,3260
1/10/2015,2015,10,Non-road-transport,PM10,0.083333333,164.1666667
1/10/2015,2015,10,Non-road-transport,PM25,0.083333333,151.6666667
1/10/2015,2015,10,Non-road-transport,SO2,0.083333333,1087.5
1/10/2015,2015,10,Other,CO,0.092892251,563.8559645
1/10/2015,2015,10,Other,NOx,0.086708734,820.2646246
1/10/2015,2015,10,Other,PM10,0.091918295,158.099468
1/10/2015,2015,10,Other,PM25,0.091486224,113.4429175
1/10/2015,2015,10,Other,SO2,0.08936996,20.55509079
1/10/2015,2015,10,Power,CO,0.070004731,250.6169384
1/10/2015,2015,10,Power,NOx,0.0700048,1826.425243
1/10/2015,2015,10,Power,PM10,0.070004759,40.60275999
1/10/2015,2015,10,Power,PM25,0.070004729,21.00141869
1/10/2015,2015,10,Power,SO2,0.070004738,509.6344932
1/10/2015,2015,10,Road-transport,CO,0.087953704,2717.769461
1/10/2015,2015,10,Road-transport,NOx,0.089276635,1794.460372
1/10/2015,2015,10,Road-transport,PM10,0.088887216,46.22135211
1/10/2015,2015,10,Road-transport,PM25,0.088887216,42.66586349
1/10/2015,2015,10,Road-transport,SO2,0.088939174,3.557566949
1/11/2015,2015,11,Non-road-transport,CO,0.083333333,1907.5
1/11/2015,2015,11,Non-road-transport,NOx,0.083333333,3260
1/11/2015,2015,11,Non-road-transport,PM10,0.083333333,164.1666667
1/11/2015,2015,11,Non-road-transport,PM25,0.083333333,151.6666667
1/11/2015,2015,11,Non-road-transport,SO2,0.083333333,1087.5
1/11/2015,2015,11,Other,CO,0.092432405,561.0646995
1/11/2015,2015,11,Other,NOx,0.084745318,801.6907042
1/11/2015,2015,11,Other,PM10,0.092224024,158.6253206
1/11/2015,2015,11,Other,PM25,0.091682047,113.6857383
1/11/2015,2015,11,Other,SO2,0.088773808,20.41797581
1/11/2015,2015,11,Power,CO,0.074432078,266.4668397
1/11/2015,2015,11,Power,NOx,0.074432136,1941.934431
1/11/2015,2015,11,Power,PM10,0.074432191,43.17067057
1/11/2015,2015,11,Power,PM25,0.074432083,22.32962483
1/11/2015,2015,11,Power,SO2,0.074432122,541.8658457
1/11/2015,2015,11,Road-transport,CO,0.080934342,2500.871155
1/11/2015,2015,11,Road-transport,NOx,0.089275952,1794.446644
1/11/2015,2015,11,Road-transport,PM10,0.08583717,44.63532817
1/11/2015,2015,11,Road-transport,PM25,0.08583717,41.20184139
1/11/2015,2015,11,Road-transport,SO2,0.086606609,3.464264358
1/12/2015,2015,12,Non-road-transport,CO,0.083333333,1907.5
1/12/2015,2015,12,Non-road-transport,NOx,0.083333333,3260
1/12/2015,2015,12,Non-road-transport,PM10,0.083333333,164.1666667
1/12/2015,2015,12,Non-road-transport,PM25,0.083333333,151.6666667
1/12/2015,2015,12,Non-road-transport,SO2,0.083333333,1087.5
1/12/2015,2015,12,Other,CO,0.113096786,686.4974909
1/12/2015,2015,12,Other,NOx,0.101275829,958.06934
1/12/2015,2015,12,Other,PM10,0.112967424,194.30397
1/12/2015,2015,12,Other,PM25,0.112213608,139.1448744
1/12/2015,2015,12,Other,SO2,0.108574932,24.9722343
1/12/2015,2015,12,Power,CO,0.080033842,286.521155
1/12/2015,2015,12,Power,NOx,0.080033843,2088.082971
1/12/2015,2015,12,Power,PM10,0.080033774,46.41958884
1/12/2015,2015,12,Power,PM25,0.080033844,24.01015323
1/12/2015,2015,12,Power,SO2,0.080033761,582.6457822
1/12/2015,2015,12,Road-transport,CO,0.081079948,2505.370399
1/12/2015,2015,12,Road-transport,NOx,0.101444773,2039.039944
1/12/2015,2015,12,Road-transport,PM10,0.092999176,48.35957147
1/12/2015,2015,12,Road-transport,PM25,0.092999176,44.63960443
1/12/2015,2015,12,Road-transport,SO2,0.09490028,3.796011217
1/1/2016,2016,1,Non-road-transport,CO,0.083333333,2007.5
1/1/2016,2016,1,Non-road-transport,NOx,0.083333333,3086.666667
1/1/2016,2016,1,Non-road-transport,PM10,0.083333333,135.8333333
1/1/2016,2016,1,Non-road-transport,PM25,0.083333333,126.6666667
1/1/2016,2016,1,Non-road-transport,SO2,0.083333333,792.5
1/1/2016,2016,1,Other,CO,0.061330022,351.4210255
1/1/2016,2016,1,Other,NOx,0.070941437,609.3869473
1/1/2016,2016,1,Other,PM10,0.06152086,99.66379276
1/1/2016,2016,1,Other,PM25,0.061869987,72.38788441
1/1/2016,2016,1,Other,SO2,0.066350673,11.27961439
1/1/2016,2016,1,Power,CO,0.062155177,229.3526016
1/1/2016,2016,1,Power,NOx,0.062155185,1592.415834
1/1/2016,2016,1,Power,PM10,0.062155162,37.91464874
1/1/2016,2016,1,Power,PM25,0.062155206,19.26811382
1/1/2016,2016,1,Power,SO2,0.062155147,498.4842779
1/1/2016,2016,1,Road-transport,CO,0.084336148,2622.8542
1/1/2016,2016,1,Road-transport,NOx,0.075467466,1388.601367
1/1/2016,2016,1,Road-transport,PM10,0.078975169,35.53882598
1/1/2016,2016,1,Road-transport,PM25,0.078975169,32.37981922
1/1/2016,2016,1,Road-transport,SO2,0.078324575,3.132983018
1/2/2016,2016,2,Non-road-transport,CO,0.083333333,2007.5
1/2/2016,2016,2,Non-road-transport,NOx,0.083333333,3086.666667
1/2/2016,2016,2,Non-road-transport,PM10,0.083333333,135.8333333
1/2/2016,2016,2,Non-road-transport,PM25,0.083333333,126.6666667
1/2/2016,2016,2,Non-road-transport,SO2,0.083333333,792.5
1/2/2016,2016,2,Other,CO,0.060878739,348.8351764
1/2/2016,2016,2,Other,NOx,0.069537239,597.3248789
1/2/2016,2016,2,Other,PM10,0.06048617,97.98759483
1/2/2016,2016,2,Other,PM25,0.060772058,71.1033073
1/2/2016,2016,2,Other,SO2,0.065085779,11.06458239
1/2/2016,2016,2,Power,CO,0.054235222,200.1279676
1/2/2016,2016,2,Power,NOx,0.054235227,1389.506521
1/2/2016,2016,2,Power,PM10,0.054235198,33.08347108
1/2/2016,2016,2,Power,PM25,0.054235217,16.81291715
1/2/2016,2016,2,Power,SO2,0.054235223,434.9664852
1/2/2016,2016,2,Road-transport,CO,0.085511996,2659.423088
1/2/2016,2016,2,Road-transport,NOx,0.069289081,1274.919091
1/2/2016,2016,2,Road-transport,PM10,0.077350369,34.80766615
1/2/2016,2016,2,Road-transport,PM25,0.077350369,31.71365138
1/2/2016,2016,2,Road-transport,SO2,0.075437335,3.017493394
1/3/2016,2016,3,Non-road-transport,CO,0.083333333,2007.5
1/3/2016,2016,3,Non-road-transport,NOx,0.083333333,3086.666667
1/3/2016,2016,3,Non-road-transport,PM10,0.083333333,135.8333333
1/3/2016,2016,3,Non-road-transport,PM25,0.083333333,126.6666667
1/3/2016,2016,3,Non-road-transport,SO2,0.083333333,792.5
1/3/2016,2016,3,Other,CO,0.08061014,461.896101
1/3/2016,2016,3,Other,NOx,0.085869813,737.6216904
1/3/2016,2016,3,Other,PM10,0.080871388,131.0116486
1/3/2016,2016,3,Other,PM25,0.081001458,94.7717058
1/3/2016,2016,3,Other,SO2,0.08371148,14.23095154
1/3/2016,2016,3,Power,CO,0.074899903,276.3806437
1/3/2016,2016,3,Power,NOx,0.074899941,1918.936501
1/3/2016,2016,3,Power,PM10,0.074899975,45.68898445
1/3/2016,2016,3,Power,PM25,0.074899899,23.21896881
1/3/2016,2016,3,Power,SO2,0.074899963,600.6977049
1/3/2016,2016,3,Road-transport,CO,0.080523185,2504.271055
1/3/2016,2016,3,Road-transport,NOx,0.075483851,1388.902868
1/3/2016,2016,3,Road-transport,PM10,0.077979143,35.09061419
1/3/2016,2016,3,Road-transport,PM25,0.077979143,31.97144848
1/3/2016,2016,3,Road-transport,SO2,0.077388752,3.095550065
1/4/2016,2016,4,Non-road-transport,CO,0.083333333,2007.5
1/4/2016,2016,4,Non-road-transport,NOx,0.083333333,3086.666667
1/4/2016,2016,4,Non-road-transport,PM10,0.083333333,135.8333333
1/4/2016,2016,4,Non-road-transport,PM25,0.083333333,126.6666667
1/4/2016,2016,4,Non-road-transport,SO2,0.083333333,792.5
1/4/2016,2016,4,Other,CO,0.076257368,436.9547195
1/4/2016,2016,4,Other,NOx,0.078142057,671.2402729
1/4/2016,2016,4,Other,PM10,0.075921386,122.9926455
1/4/2016,2016,4,Other,PM25,0.07597458,88.89025819
1/4/2016,2016,4,Other,SO2,0.077245227,13.13168867
1/4/2016,2016,4,Power,CO,0.077255552,285.0729887
1/4/2016,2016,4,Power,NOx,0.077255556,1979.287335
1/4/2016,2016,4,Power,PM10,0.077255551,47.12588593
1/4/2016,2016,4,Power,PM25,0.077255556,23.94922242
1/4/2016,2016,4,Power,SO2,0.077255598,619.5898995
1/4/2016,2016,4,Road-transport,CO,0.079017578,2457.446679
1/4/2016,2016,4,Road-transport,NOx,0.078280286,1440.357263
1/4/2016,2016,4,Road-transport,PM10,0.078643285,35.38947839
1/4/2016,2016,4,Road-transport,PM25,0.078643285,32.24374698
1/4/2016,2016,4,Road-transport,SO2,0.078557815,3.142312614
1/5/2016,2016,5,Non-road-transport,CO,0.083333333,2007.5
1/5/2016,2016,5,Non-road-transport,NOx,0.083333333,3086.666667
1/5/2016,2016,5,Non-road-transport,PM10,0.083333333,135.8333333
1/5/2016,2016,5,Non-road-transport,PM25,0.083333333,126.6666667
1/5/2016,2016,5,Non-road-transport,SO2,0.083333333,792.5
1/5/2016,2016,5,Other,CO,0.07937123,454.7971469
1/5/2016,2016,5,Other,NOx,0.080289952,689.6906885
1/5/2016,2016,5,Other,PM10,0.07920696,128.3152745
1/5/2016,2016,5,Other,PM25,0.079223991,92.69206945
1/5/2016,2016,5,Other,SO2,0.080115503,13.61963556
1/5/2016,2016,5,Power,CO,0.087149688,321.5823503
1/5/2016,2016,5,Power,NOx,0.087149701,2232.775345
1/5/2016,2016,5,Power,PM10,0.087149701,53.16131788
1/5/2016,2016,5,Power,PM25,0.087149684,27.01640206
1/5/2016,2016,5,Power,SO2,0.087149629,698.9400255
1/5/2016,2016,5,Road-transport,CO,0.081423959,2532.285136
1/5/2016,2016,5,Road-transport,NOx,0.081262722,1495.234076
1/5/2016,2016,5,Road-transport,PM10,0.081395638,36.62803706
1/5/2016,2016,5,Road-transport,PM25,0.081395638,33.37221154
1/5/2016,2016,5,Road-transport,SO2,0.081353411,3.254136455
1/6/2016,2016,6,Non-road-transport,CO,0.083333333,2007.5
1/6/2016,2016,6,Non-road-transport,NOx,0.083333333,3086.666667
1/6/2016,2016,6,Non-road-transport,PM10,0.083333333,135.8333333
1/6/2016,2016,6,Non-road-transport,PM25,0.083333333,126.6666667
1/6/2016,2016,6,Non-road-transport,SO2,0.083333333,792.5
1/6/2016,2016,6,Other,CO,0.086604255,496.2423832
1/6/2016,2016,6,Other,NOx,0.08523112,732.1353193
1/6/2016,2016,6,Other,PM10,0.087892112,142.3852212
1/6/2016,2016,6,Other,PM25,0.087866091,102.8033265
1/6/2016,2016,6,Other,SO2,0.086753595,14.74811118
1/6/2016,2016,6,Power,CO,0.097992573,361.5925936
1/6/2016,2016,6,Power,NOx,0.097992539,2510.568849
1/6/2016,2016,6,Power,PM10,0.09799251,59.77543118
1/6/2016,2016,6,Power,PM25,0.097992564,30.37769469
1/6/2016,2016,6,Power,SO2,0.097992558,785.9003164
1/6/2016,2016,6,Road-transport,CO,0.081681166,2540.284274
1/6/2016,2016,6,Road-transport,NOx,0.082551605,1518.949534
1/6/2016,2016,6,Road-transport,PM10,0.08218631,36.98383932
1/6/2016,2016,6,Road-transport,PM25,0.08218631,33.69638694
1/6/2016,2016,6,Road-transport,SO2,0.082259399,3.290375946
1/7/2016,2016,7,Non-road-transport,CO,0.083333333,2007.5
1/7/2016,2016,7,Non-road-transport,NOx,0.083333333,3086.666667
1/7/2016,2016,7,Non-road-transport,PM10,0.083333333,135.8333333
1/7/2016,2016,7,Non-road-transport,PM25,0.083333333,126.6666667
1/7/2016,2016,7,Non-road-transport,SO2,0.083333333,792.5
1/7/2016,2016,7,Other,CO,0.081321498,465.9721808
1/7/2016,2016,7,Other,NOx,0.080686627,693.0981236
1/7/2016,2016,7,Other,PM10,0.081485417,132.006376
1/7/2016,2016,7,Other,PM25,0.081520463,95.37894139
1/7/2016,2016,7,Other,SO2,0.080628669,13.70687367
1/7/2016,2016,7,Power,CO,0.10022887,369.8445286
1/7/2016,2016,7,Power,NOx,0.100228911,2567.864705
1/7/2016,2016,7,Power,PM10,0.100228967,61.13966968
1/7/2016,2016,7,Power,PM25,0.100228893,31.07095689
1/7/2016,2016,7,Power,SO2,0.100228888,803.8356779
1/7/2016,2016,7,Road-transport,CO,0.084251551,2620.22324
1/7/2016,2016,7,Road-transport,NOx,0.082318917,1514.668082
1/7/2016,2016,7,Road-transport,PM10,0.083277047,37.47467097
1/7/2016,2016,7,Road-transport,PM25,0.083277047,34.14358911
1/7/2016,2016,7,Road-transport,SO2,0.083050116,3.322004644
1/8/2016,2016,8,Non-road-transport,CO,0.083333333,2007.5
1/8/2016,2016,8,Non-road-transport,NOx,0.083333333,3086.666667
1/8/2016,2016,8,Non-road-transport,PM10,0.083333333,135.8333333
1/8/2016,2016,8,Non-road-transport,PM25,0.083333333,126.6666667
1/8/2016,2016,8,Non-road-transport,SO2,0.083333333,792.5
1/8/2016,2016,8,Other,CO,0.083360535,477.6558663
1/8/2016,2016,8,Other,NOx,0.081658047,701.4426261
1/8/2016,2016,8,Other,PM10,0.082513668,133.6721417
1/8/2016,2016,8,Other,PM25,0.082451054,96.4677327
1/8/2016,2016,8,Other,SO2,0.081981432,13.93684348
1/8/2016,2016,8,Power,CO,0.094671952,349.3395031
1/8/2016,2016,8,Power,NOx,0.094671871,2425.493335
1/8/2016,2016,8,Power,PM10,0.094671898,57.74985798
1/8/2016,2016,8,Power,PM25,0.094671947,29.34830363
1/8/2016,2016,8,Power,SO2,0.094671947,759.2690154
1/8/2016,2016,8,Road-transport,CO,0.08601378,2675.028572
1/8/2016,2016,8,Road-transport,NOx,0.084124891,1547.898001
1/8/2016,2016,8,Road-transport,PM10,0.085099139,38.29461249
1/8/2016,2016,8,Road-transport,PM25,0.085099139,34.89064694
1/8/2016,2016,8,Road-transport,SO2,0.084860736,3.394429452
1/9/2016,2016,9,Non-road-transport,CO,0.083333333,2007.5
1/9/2016,2016,9,Non-road-transport,NOx,0.083333333,3086.666667
1/9/2016,2016,9,Non-road-transport,PM10,0.083333333,135.8333333
1/9/2016,2016,9,Non-road-transport,PM25,0.083333333,126.6666667
1/9/2016,2016,9,Non-road-transport,SO2,0.083333333,792.5
1/9/2016,2016,9,Other,CO,0.094578944,541.9373491
1/9/2016,2016,9,Other,NOx,0.089291463,767.0136641
1/9/2016,2016,9,Other,PM10,0.094746314,153.4890292
1/9/2016,2016,9,Other,PM25,0.094552898,110.6268912
1/9/2016,2016,9,Other,SO2,0.091266712,15.51534097
1/9/2016,2016,9,Power,CO,0.086641404,319.7067818
1/9/2016,2016,9,Power,NOx,0.086641419,2219.753148
1/9/2016,2016,9,Power,PM10,0.086641367,52.85123403
1/9/2016,2016,9,Power,PM25,0.086641431,26.85884363
1/9/2016,2016,9,Power,SO2,0.086641404,694.8640603
1/9/2016,2016,9,Road-transport,CO,0.086696976,2696.275968
1/9/2016,2016,9,Road-transport,NOx,0.089248119,1642.165382
1/9/2016,2016,9,Road-transport,PM10,0.088168963,39.67603348
1/9/2016,2016,9,Road-transport,PM25,0.088168963,36.14927495
1/9/2016,2016,9,Road-transport,SO2,0.088386973,3.535478916
1/10/2016,2016,10,Non-road-transport,CO,0.083333333,2007.5
1/10/2016,2016,10,Non-road-transport,NOx,0.083333333,3086.666667
1/10/2016,2016,10,Non-road-transport,PM10,0.083333333,135.8333333
1/10/2016,2016,10,Non-road-transport,PM25,0.083333333,126.6666667
1/10/2016,2016,10,Non-road-transport,SO2,0.083333333,792.5
1/10/2016,2016,10,Other,CO,0.093231654,534.2173779
1/10/2016,2016,10,Other,NOx,0.088956645,764.1375843
1/10/2016,2016,10,Other,PM10,0.092438217,149.7499122
1/10/2016,2016,10,Other,PM25,0.09221199,107.8880284
1/10/2016,2016,10,Other,SO2,0.090731614,15.42437434
1/10/2016,2016,10,Power,CO,0.088606702,326.9587296
1/10/2016,2016,10,Power,NOx,0.088606691,2270.103413
1/10/2016,2016,10,Power,PM10,0.088606721,54.05009999
1/10/2016,2016,10,Power,PM25,0.088606676,27.46806941
1/10/2016,2016,10,Power,SO2,0.088606666,710.625458
1/10/2016,2016,10,Road-transport,CO,0.087332776,2716.049323
1/10/2016,2016,10,Road-transport,NOx,0.088936163,1636.425403
1/10/2016,2016,10,Road-transport,PM10,0.088333237,39.74995653
1/10/2016,2016,10,Road-transport,PM25,0.088333237,36.21662706
1/10/2016,2016,10,Road-transport,SO2,0.088437142,3.53748568
1/11/2016,2016,11,Non-road-transport,CO,0.083333333,2007.5
1/11/2016,2016,11,Non-road-transport,NOx,0.083333333,3086.666667
1/11/2016,2016,11,Non-road-transport,PM10,0.083333333,135.8333333
1/11/2016,2016,11,Non-road-transport,PM25,0.083333333,126.6666667
1/11/2016,2016,11,Non-road-transport,SO2,0.083333333,792.5
1/11/2016,2016,11,Other,CO,0.092478254,529.9003955
1/11/2016,2016,11,Other,NOx,0.087119269,748.3545184
1/11/2016,2016,11,Other,PM10,0.092027084,149.0838767
1/11/2016,2016,11,Other,PM25,0.091877067,107.4961684
1/11/2016,2016,11,Other,SO2,0.089441974,15.20513552
1/11/2016,2016,11,Power,CO,0.08199931,302.5774528
1/11/2016,2016,11,Power,NOx,0.081999321,2100.822599
1/11/2016,2016,11,Power,PM10,0.081999295,50.01957
1/11/2016,2016,11,Power,PM25,0.08199928,25.41977668
1/11/2016,2016,11,Power,SO2,0.081999297,657.6343628
1/11/2016,2016,11,Road-transport,CO,0.081738132,2542.055901
1/11/2016,2016,11,Road-transport,NOx,0.091084105,1675.947527
1/11/2016,2016,11,Road-transport,PM10,0.086582214,38.96199642
1/11/2016,2016,11,Road-transport,PM25,0.086582214,35.49870784
1/11/2016,2016,11,Road-transport,SO2,0.087621809,3.504872349
1/12/2016,2016,12,Non-road-transport,CO,0.083333333,2007.5
1/12/2016,2016,12,Non-road-transport,NOx,0.083333333,3086.666667
1/12/2016,2016,12,Non-road-transport,PM10,0.083333333,135.8333333
1/12/2016,2016,12,Non-road-transport,PM25,0.083333333,126.6666667
1/12/2016,2016,12,Non-road-transport,SO2,0.083333333,792.5
1/12/2016,2016,12,Other,CO,0.109977361,630.1702778
1/12/2016,2016,12,Other,NOx,0.102276331,878.5536862
1/12/2016,2016,12,Other,PM10,0.110890424,179.6424869
1/12/2016,2016,12,Other,PM25,0.110678364,129.4936863
1/12/2016,2016,12,Other,SO2,0.106687343,18.13684828
1/12/2016,2016,12,Power,CO,0.094163647,347.4638585
1/12/2016,2016,12,Power,NOx,0.094163638,2412.472413
1/12/2016,2016,12,Power,PM10,0.094163654,57.43982906
1/12/2016,2016,12,Power,PM25,0.094163648,29.1907308
1/12/2016,2016,12,Power,SO2,0.09416368,755.1927162
1/12/2016,2016,12,Road-transport,CO,0.081472751,2533.802562
1/12/2016,2016,12,Road-transport,NOx,0.101952794,1875.931407
1/12/2016,2016,12,Road-transport,PM10,0.092009487,41.40426902
1/12/2016,2016,12,Road-transport,PM25,0.092009487,37.72388955
1/12/2016,2016,12,Road-transport,SO2,0.094321937,3.772877465
1/1/2017,2017,1,Non-road-transport,CO,0.083333333,1943.333333
1/1/2017,2017,1,Non-road-transport,NOx,0.083333333,3041.666667
1/1/2017,2017,1,Non-road-transport,PM10,0.083333333,130
1/1/2017,2017,1,Non-road-transport,PM25,0.083333333,121.6666667
1/1/2017,2017,1,Non-road-transport,SO2,0.083333333,760.8333333
1/1/2017,2017,1,Other,CO,0.064023748,341.8868158
1/1/2017,2017,1,Other,NOx,0.078370412,557.9973359
1/1/2017,2017,1,Other,PM10,0.066207486,97.9870789
1/1/2017,2017,1,Other,PM25,0.066460457,69.78348001
1/1/2017,2017,1,Other,SO2,0.078791879,14.97045695
1/1/2017,2017,1,Power,CO,0.067367137,232.4166228
1/1/2017,2017,1,Power,NOx,0.067367126,1525.191739
1/1/2017,2017,1,Power,PM10,0.067367168,42.44131572
1/1/2017,2017,1,Power,PM25,0.067367102,21.55747267
1/1/2017,2017,1,Power,SO2,0.067367146,471.5700199
1/1/2017,2017,1,Road-transport,CO,0.084179028,2533.788732
1/1/2017,2017,1,Road-transport,NOx,0.068449091,1122.565098
1/1/2017,2017,1,Road-transport,PM10,0.076358789,32.07069126
1/1/2017,2017,1,Road-transport,PM25,0.076358789,29.7799276
1/1/2017,2017,1,Road-transport,SO2,0.074655435,2.986217398
1/2/2017,2017,2,Non-road-transport,CO,0.083333333,1943.333333
1/2/2017,2017,2,Non-road-transport,NOx,0.083333333,3041.666667
1/2/2017,2017,2,Non-road-transport,PM10,0.083333333,130
1/2/2017,2017,2,Non-road-transport,PM25,0.083333333,121.6666667
1/2/2017,2017,2,Non-road-transport,SO2,0.083333333,760.8333333
1/2/2017,2017,2,Other,CO,0.063397037,338.5401791
1/2/2017,2017,2,Other,NOx,0.075742303,539.2851993
1/2/2017,2017,2,Other,PM10,0.065024835,96.23675605
1/2/2017,2017,2,Other,PM25,0.065173529,68.43220584
1/2/2017,2017,2,Other,SO2,0.07682105,14.59599953
1/2/2017,2017,2,Power,CO,0.05878303,202.8014541
1/2/2017,2017,2,Power,NOx,0.058783042,1330.848076
1/2/2017,2017,2,Power,PM10,0.058783031,37.0333094
1/2/2017,2017,2,Power,PM25,0.058783094,18.81059008
1/2/2017,2017,2,Power,SO2,0.058782992,411.4809409
1/2/2017,2017,2,Road-transport,CO,0.086902039,2615.751363
1/2/2017,2017,2,Road-transport,NOx,0.076107667,1248.165735
1/2/2017,2017,2,Road-transport,PM10,0.082311955,34.57102116
1/2/2017,2017,2,Road-transport,PM25,0.082311955,32.10166251
1/2/2017,2017,2,Road-transport,SO2,0.080792372,3.231694876
1/3/2017,2017,3,Non-road-transport,CO,0.083333333,1943.333333
1/3/2017,2017,3,Non-road-transport,NOx,0.083333333,3041.666667
1/3/2017,2017,3,Non-road-transport,PM10,0.083333333,130
1/3/2017,2017,3,Non-road-transport,PM25,0.083333333,121.6666667
1/3/2017,2017,3,Non-road-transport,SO2,0.083333333,760.8333333
1/3/2017,2017,3,Other,CO,0.081676765,436.1539226
1/3/2017,2017,3,Other,NOx,0.087199782,620.862451
1/3/2017,2017,3,Other,PM10,0.082411538,121.9690761
1/3/2017,2017,3,Other,PM25,0.082650289,86.78280373
1/3/2017,2017,3,Other,SO2,0.086586989,16.45152794
1/3/2017,2017,3,Power,CO,0.08221188,283.6309862
1/3/2017,2017,3,Power,NOx,0.082211876,1861.276875
1/3/2017,2017,3,Power,PM10,0.082211887,51.79348906
1/3/2017,2017,3,Power,PM25,0.082211868,26.3077976
1/3/2017,2017,3,Power,SO2,0.082211923,575.4834589
1/3/2017,2017,3,Road-transport,CO,0.080288922,2416.696559
1/3/2017,2017,3,Road-transport,NOx,0.076561175,1255.603268
1/3/2017,2017,3,Road-transport,PM10,0.078673357,33.04280996
1/3/2017,2017,3,Road-transport,PM25,0.078673357,30.68260925
1/3/2017,2017,3,Road-transport,SO2,0.078162322,3.126492864
1/4/2017,2017,4,Non-road-transport,CO,0.083333333,1943.333333
1/4/2017,2017,4,Non-road-transport,NOx,0.083333333,3041.666667
1/4/2017,2017,4,Non-road-transport,PM10,0.083333333,130
1/4/2017,2017,4,Non-road-transport,PM25,0.083333333,121.6666667
1/4/2017,2017,4,Non-road-transport,SO2,0.083333333,760.8333333
1/4/2017,2017,4,Other,CO,0.077537502,414.050259
1/4/2017,2017,4,Other,NOx,0.082413723,586.7857081
1/4/2017,2017,4,Other,PM10,0.077710129,115.0109908
1/4/2017,2017,4,Other,PM25,0.077801096,81.69115116
1/4/2017,2017,4,Other,SO2,0.081363728,15.45910834
1/4/2017,2017,4,Power,CO,0.080803234,278.7711561
1/4/2017,2017,4,Power,NOx,0.080803226,1829.385038
1/4/2017,2017,4,Power,PM10,0.080803245,50.90604437
1/4/2017,2017,4,Power,PM25,0.080803248,25.85703921
1/4/2017,2017,4,Power,SO2,0.080803141,565.6219877
1/4/2017,2017,4,Road-transport,CO,0.07867621,2368.153926
1/4/2017,2017,4,Road-transport,NOx,0.077904811,1277.638893
1/4/2017,2017,4,Road-transport,PM10,0.078330888,32.89897292
1/4/2017,2017,4,Road-transport,PM25,0.078330888,30.54904628
1/4/2017,2017,4,Road-transport,SO2,0.078230115,3.129204597
1/5/2017,2017,5,Non-road-transport,CO,0.083333333,1943.333333
1/5/2017,2017,5,Non-road-transport,NOx,0.083333333,3041.666667
1/5/2017,2017,5,Non-road-transport,PM10,0.083333333,130
1/5/2017,2017,5,Non-road-transport,PM25,0.083333333,121.6666667
1/5/2017,2017,5,Non-road-transport,SO2,0.083333333,760.8333333
1/5/2017,2017,5,Other,CO,0.080868512,431.8378564
1/5/2017,2017,5,Other,NOx,0.081705322,581.7418898
1/5/2017,2017,5,Other,PM10,0.080674701,119.398558
1/5/2017,2017,5,Other,PM25,0.08067618,84.70998857
1/5/2017,2017,5,Other,SO2,0.083551015,15.8746928
1/5/2017,2017,5,Power,CO,0.080503531,277.7371818
1/5/2017,2017,5,Power,NOx,0.080503528,1822.599867
1/5/2017,2017,5,Power,PM10,0.080503532,50.71722495
1/5/2017,2017,5,Power,PM25,0.080503525,25.76112803
1/5/2017,2017,5,Power,SO2,0.080503495,563.5244671
1/5/2017,2017,5,Road-transport,CO,0.082480784,2482.671612
1/5/2017,2017,5,Road-transport,NOx,0.081714258,1340.113835
1/5/2017,2017,5,Road-transport,PM10,0.082222842,34.5335935
1/5/2017,2017,5,Road-transport,PM25,0.082222842,32.06690825
1/5/2017,2017,5,Road-transport,SO2,0.082084224,3.283368947
1/6/2017,2017,6,Non-road-transport,CO,0.083333333,1943.333333
1/6/2017,2017,6,Non-road-transport,NOx,0.083333333,3041.666667
1/6/2017,2017,6,Non-road-transport,PM10,0.083333333,130
1/6/2017,2017,6,Non-road-transport,PM25,0.083333333,121.6666667
1/6/2017,2017,6,Non-road-transport,SO2,0.083333333,760.8333333
1/6/2017,2017,6,Other,CO,0.089776411,479.4060336
1/6/2017,2017,6,Other,NOx,0.086103682,613.0582158
1/6/2017,2017,6,Other,PM10,0.08947861,132.4283433
1/6/2017,2017,6,Other,PM25,0.089517289,93.99315341
1/6/2017,2017,6,Other,SO2,0.085872956,16.31586172
1/6/2017,2017,6,Power,CO,0.094590124,326.3359269
1/6/2017,2017,6,Power,NOx,0.094590158,2141.521174
1/6/2017,2017,6,Power,PM10,0.094590165,59.59180382
1/6/2017,2017,6,Power,PM25,0.094590146,30.26884674
1/6/2017,2017,6,Power,SO2,0.09459012,662.130837
1/6/2017,2017,6,Road-transport,CO,0.082450264,2481.752943
1/6/2017,2017,6,Road-transport,NOx,0.083008728,1361.343141
1/6/2017,2017,6,Road-transport,PM10,0.082777149,34.76640262
1/6/2017,2017,6,Road-transport,PM25,0.082777149,32.28308814
1/6/2017,2017,6,Road-transport,SO2,0.08281538,3.312615194
1/7/2017,2017,7,Non-road-transport,CO,0.083333333,1943.333333
1/7/2017,2017,7,Non-road-transport,NOx,0.083333333,3041.666667
1/7/2017,2017,7,Non-road-transport,PM10,0.083333333,130
1/7/2017,2017,7,Non-road-transport,PM25,0.083333333,121.6666667
1/7/2017,2017,7,Non-road-transport,SO2,0.083333333,760.8333333
1/7/2017,2017,7,Other,CO,0.08248398,440.4644532
1/7/2017,2017,7,Other,NOx,0.080418302,572.5783134
1/7/2017,2017,7,Other,PM10,0.082084552,121.4851363
1/7/2017,2017,7,Other,PM25,0.081961044,86.05909568
1/7/2017,2017,7,Other,SO2,0.081626858,15.50910298
1/7/2017,2017,7,Power,CO,0.088445963,305.1385709
1/7/2017,2017,7,Power,NOx,0.088445958,2002.416491
1/7/2017,2017,7,Power,PM10,0.088446013,55.72098789
1/7/2017,2017,7,Power,PM25,0.088445958,28.30270666
1/7/2017,2017,7,Power,SO2,0.088445935,619.1215461
1/7/2017,2017,7,Road-transport,CO,0.082937052,2496.405275
1/7/2017,2017,7,Road-transport,NOx,0.082104441,1346.512834
1/7/2017,2017,7,Road-transport,PM10,0.082555057,34.67312386
1/7/2017,2017,7,Road-transport,PM25,0.082555057,32.19647216
1/7/2017,2017,7,Road-transport,SO2,0.082450457,3.298018266
1/8/2017,2017,8,Non-road-transport,CO,0.083333333,1943.333333
1/8/2017,2017,8,Non-road-transport,NOx,0.083333333,3041.666667
1/8/2017,2017,8,Non-road-transport,PM10,0.083333333,130
1/8/2017,2017,8,Non-road-transport,PM25,0.083333333,121.6666667
1/8/2017,2017,8,Non-road-transport,SO2,0.083333333,760.8333333
1/8/2017,2017,8,Other,CO,0.082113448,438.4858147
1/8/2017,2017,8,Other,NOx,0.082121175,584.7027628
1/8/2017,2017,8,Other,PM10,0.080694203,119.4274202
1/8/2017,2017,8,Other,PM25,0.080576049,84.60485197
1/8/2017,2017,8,Other,SO2,0.079742948,15.15116019
1/8/2017,2017,8,Power,CO,0.099565429,343.5007291
1/8/2017,2017,8,Power,NOx,0.099565414,2254.160974
1/8/2017,2017,8,Power,PM10,0.09956542,62.72621438
1/8/2017,2017,8,Power,PM25,0.099565457,31.86094636
1/8/2017,2017,8,Power,SO2,0.099565487,696.958411
1/8/2017,2017,8,Road-transport,CO,0.086376096,2599.920484
1/8/2017,2017,8,Road-transport,NOx,0.084561107,1386.802154
1/8/2017,2017,8,Road-transport,PM10,0.085637035,35.96755451
1/8/2017,2017,8,Road-transport,PM25,0.085637035,33.39844348
1/8/2017,2017,8,Road-transport,SO2,0.085366755,3.414670207
1/9/2017,2017,9,Non-road-transport,CO,0.083333333,1943.333333
1/9/2017,2017,9,Non-road-transport,NOx,0.083333333,3041.666667
1/9/2017,2017,9,Non-road-transport,PM10,0.083333333,130
1/9/2017,2017,9,Non-road-transport,PM25,0.083333333,121.6666667
1/9/2017,2017,9,Non-road-transport,SO2,0.083333333,760.8333333
1/9/2017,2017,9,Other,CO,0.092858771,495.8658398
1/9/2017,2017,9,Other,NOx,0.084439562,601.2096831
1/9/2017,2017,9,Other,PM10,0.092433778,136.801992
1/9/2017,2017,9,Other,PM25,0.092342425,96.95954643
1/9/2017,2017,9,Other,SO2,0.084377437,16.03171302
1/9/2017,2017,9,Power,CO,0.096718085,333.6773937
1/9/2017,2017,9,Power,NOx,0.096718119,2189.698211
1/9/2017,2017,9,Power,PM10,0.096718058,60.93237657
1/9/2017,2017,9,Power,PM25,0.096718109,30.94979498
1/9/2017,2017,9,Power,SO2,0.096718157,677.0270976
1/9/2017,2017,9,Road-transport,CO,0.086606752,2606.863226
1/9/2017,2017,9,Road-transport,NOx,0.088691584,1454.541977
1/9/2017,2017,9,Road-transport,PM10,0.087701189,36.83449926
1/9/2017,2017,9,Road-transport,PM25,0.087701189,34.2034636
1/9/2017,2017,9,Road-transport,SO2,0.087900771,3.516030832
1/10/2017,2017,10,Non-road-transport,CO,0.083333333,1943.333333
1/10/2017,2017,10,Non-road-transport,NOx,0.083333333,3041.666667
1/10/2017,2017,10,Non-road-transport,PM10,0.083333333,130
1/10/2017,2017,10,Non-road-transport,PM25,0.083333333,121.6666667
1/10/2017,2017,10,Non-road-transport,SO2,0.083333333,760.8333333
1/10/2017,2017,10,Other,CO,0.089748304,479.255945
1/10/2017,2017,10,Other,NOx,0.085627344,609.6666917
1/10/2017,2017,10,Other,PM10,0.089156939,131.952269
1/10/2017,2017,10,Other,PM25,0.089047011,93.49936135
1/10/2017,2017,10,Other,SO2,0.084630729,16.0798385
1/10/2017,2017,10,Power,CO,0.08502924,293.3508791
1/10/2017,2017,10,Power,NOx,0.085029239,1925.061982
1/10/2017,2017,10,Power,PM10,0.085029196,53.56839367
1/10/2017,2017,10,Power,PM25,0.085029185,27.20933906
1/10/2017,2017,10,Power,SO2,0.085029181,595.2042663
1/10/2017,2017,10,Road-transport,CO,0.086600322,2606.669678
1/10/2017,2017,10,Road-transport,NOx,0.088381959,1449.464122
1/10/2017,2017,10,Road-transport,PM10,0.087560622,36.77546115
1/10/2017,2017,10,Road-transport,PM25,0.087560622,34.1486425
1/10/2017,2017,10,Road-transport,SO2,0.087719863,3.508794536
1/11/2017,2017,11,Non-road-transport,CO,0.083333333,1943.333333
1/11/2017,2017,11,Non-road-transport,NOx,0.083333333,3041.666667
1/11/2017,2017,11,Non-road-transport,PM10,0.083333333,130
1/11/2017,2017,11,Non-road-transport,PM25,0.083333333,121.6666667
1/11/2017,2017,11,Non-road-transport,SO2,0.083333333,760.8333333
1/11/2017,2017,11,Other,CO,0.0908331,485.0487562
1/11/2017,2017,11,Other,NOx,0.084151401,599.1579757
1/11/2017,2017,11,Other,PM10,0.089890231,133.0375413
1/11/2017,2017,11,Other,PM25,0.089742575,94.22970378
1/11/2017,2017,11,Other,SO2,0.084225695,16.00288197
1/11/2017,2017,11,Power,CO,0.07822569,269.8786311
1/11/2017,2017,11,Power,NOx,0.078225677,1771.029339
1/11/2017,2017,11,Power,PM10,0.078225641,49.28215368
1/11/2017,2017,11,Power,PM25,0.078225715,25.03222895
1/11/2017,2017,11,Power,SO2,0.078225709,547.579965
1/11/2017,2017,11,Road-transport,CO,0.081360013,2448.936379
1/11/2017,2017,11,Road-transport,NOx,0.09098525,1492.158104
1/11/2017,2017,11,Road-transport,PM10,0.085668917,35.9809452
1/11/2017,2017,11,Road-transport,PM25,0.085668917,33.41087768
1/11/2017,2017,11,Road-transport,SO2,0.086926347,3.477053885
1/12/2017,2017,12,Non-road-transport,CO,0.083333333,1943.333333
1/12/2017,2017,12,Non-road-transport,NOx,0.083333333,3041.666667
1/12/2017,2017,12,Non-road-transport,PM10,0.083333333,130
1/12/2017,2017,12,Non-road-transport,PM25,0.083333333,121.6666667
1/12/2017,2017,12,Non-road-transport,SO2,0.083333333,760.8333333
1/12/2017,2017,12,Other,CO,0.10468242,559.0041245
1/12/2017,2017,12,Other,NOx,0.091706991,652.9537733
1/12/2017,2017,12,Other,PM10,0.104232999,154.264838
1/12/2017,2017,12,Other,PM25,0.104052055,109.2546581
1/12/2017,2017,12,Other,SO2,0.092408716,17.55765604
1/12/2017,2017,12,Power,CO,0.087756658,302.7604684
1/12/2017,2017,12,Power,NOx,0.087756636,1986.810235
1/12/2017,2017,12,Power,PM10,0.087756645,55.28668647
1/12/2017,2017,12,Power,PM25,0.087756593,28.08210966
1/12/2017,2017,12,Power,SO2,0.087756715,614.2970024
1/12/2017,2017,12,Road-transport,CO,0.081142519,2442.389823
1/12/2017,2017,12,Road-transport,NOx,0.101529929,1665.090838
1/12/2017,2017,12,Road-transport,PM10,0.090202201,37.8849246
1/12/2017,2017,12,Road-transport,PM25,0.090202201,35.17885855
1/12/2017,2017,12,Road-transport,SO2,0.09289596,3.715838397
1/1/2018,2018,1,Non-road-transport,CO,0.083333333,2065.833333
1/1/2018,2018,1,Non-road-transport,NOx,0.083333333,2828.333333
1/1/2018,2018,1,Non-road-transport,PM10,0.083333333,124.1666667
1/1/2018,2018,1,Non-road-transport,PM25,0.083333333,115.8333333
1/1/2018,2018,1,Non-road-transport,SO2,0.083333333,735
1/1/2018,2018,1,Other,CO,0.065324665,345.5674776
1/1/2018,2018,1,Other,NOx,0.077729088,585.3000297
1/1/2018,2018,1,Other,PM10,0.066020731,100.3515111
1/1/2018,2018,1,Other,PM25,0.066263949,70.90242528
1/1/2018,2018,1,Other,SO2,0.080131705,14.42370685
1/1/2018,2018,1,Power,CO,0.077117542,267.5978724
1/1/2018,2018,1,Power,NOx,0.07711754,1816.118077
1/1/2018,2018,1,Power,PM10,0.077117572,48.5840703
1/1/2018,2018,1,Power,PM25,0.077117549,24.67761573
1/1/2018,2018,1,Power,SO2,0.077117526,588.4067212
1/1/2018,2018,1,Road-transport,CO,0.083335558,2633.403641
1/1/2018,2018,1,Road-transport,NOx,0.071025358,1051.175292
1/1/2018,2018,1,Road-transport,PM10,0.078140739,29.69348096
1/1/2018,2018,1,Road-transport,PM25,0.078140739,27.34925878
1/1/2018,2018,1,Road-transport,SO2,0.076868133,3.074725326
1/2/2018,2018,2,Non-road-transport,CO,0.083333333,2065.833333
1/2/2018,2018,2,Non-road-transport,NOx,0.083333333,2828.333333
1/2/2018,2018,2,Non-road-transport,PM10,0.083333333,124.1666667
1/2/2018,2018,2,Non-road-transport,PM25,0.083333333,115.8333333
1/2/2018,2018,2,Non-road-transport,SO2,0.083333333,735
1/2/2018,2018,2,Other,CO,0.0649757,343.7214512
1/2/2018,2018,2,Other,NOx,0.075447495,568.1196378
1/2/2018,2018,2,Other,PM10,0.065153949,99.03400179
1/2/2018,2018,2,Other,PM25,0.065300169,69.87118093
1/2/2018,2018,2,Other,SO2,0.078659409,14.15869367
1/2/2018,2018,2,Power,CO,0.067291016,233.4998272
1/2/2018,2018,2,Power,NOx,0.067291009,1584.703262
1/2/2018,2018,2,Power,PM10,0.067291018,42.39334158
1/2/2018,2018,2,Power,PM25,0.067291023,21.53312727
1/2/2018,2018,2,Power,SO2,0.067291018,513.4304678
1/2/2018,2018,2,Road-transport,CO,0.087947029,2779.126101
1/2/2018,2018,2,Road-transport,NOx,0.068481602,1013.527711
1/2/2018,2018,2,Road-transport,PM10,0.081277459,30.88543458
1/2/2018,2018,2,Road-transport,PM25,0.081277459,28.4471108
1/2/2018,2018,2,Road-transport,SO2,0.078584631,3.143385243
1/3/2018,2018,3,Non-road-transport,CO,0.083333333,2065.833333
1/3/2018,2018,3,Non-road-transport,NOx,0.083333333,2828.333333
1/3/2018,2018,3,Non-road-transport,PM10,0.083333333,124.1666667
1/3/2018,2018,3,Non-road-transport,PM25,0.083333333,115.8333333
1/3/2018,2018,3,Non-road-transport,SO2,0.083333333,735
1/3/2018,2018,3,Other,CO,0.079208263,419.0117114
1/3/2018,2018,3,Other,NOx,0.085429273,643.2824262
1/3/2018,2018,3,Other,PM10,0.080094715,121.7439671
1/3/2018,2018,3,Other,PM25,0.080321396,85.94389321
1/3/2018,2018,3,Other,SO2,0.085947411,15.47053406
1/3/2018,2018,3,Power,CO,0.083494858,289.7271583
1/3/2018,2018,3,Power,NOx,0.08349486,1966.303954
1/3/2018,2018,3,Power,PM10,0.083494847,52.60175363
1/3/2018,2018,3,Power,PM25,0.083494804,26.71833723
1/3/2018,2018,3,Power,SO2,0.083494837,637.0656086
1/3/2018,2018,3,Road-transport,CO,0.081432465,2573.265906
1/3/2018,2018,3,Road-transport,NOx,0.074489278,1102.441308
1/3/2018,2018,3,Road-transport,PM10,0.079038873,30.03477159
1/3/2018,2018,3,Road-transport,PM25,0.079038873,27.66360541
1/3/2018,2018,3,Road-transport,SO2,0.078084791,3.12339163
1/4/2018,2018,4,Non-road-transport,CO,0.083333333,2065.833333
1/4/2018,2018,4,Non-road-transport,NOx,0.083333333,2828.333333
1/4/2018,2018,4,Non-road-transport,PM10,0.083333333,124.1666667
1/4/2018,2018,4,Non-road-transport,PM25,0.083333333,115.8333333
1/4/2018,2018,4,Non-road-transport,SO2,0.083333333,735
1/4/2018,2018,4,Other,CO,0.07661818,405.3101713
1/4/2018,2018,4,Other,NOx,0.080443961,605.7430242
1/4/2018,2018,4,Other,PM10,0.076651846,116.5108064
1/4/2018,2018,4,Other,PM25,0.076754779,82.12761376
1/4/2018,2018,4,Other,SO2,0.080275143,14.44952581
1/4/2018,2018,4,Power,CO,0.088232595,306.1671049
1/4/2018,2018,4,Power,NOx,0.088232555,2077.876666
1/4/2018,2018,4,Power,PM10,0.088232568,55.58651762
1/4/2018,2018,4,Power,PM25,0.088232561,28.23441963
1/4/2018,2018,4,Power,SO2,0.088232586,673.2146293
1/4/2018,2018,4,Road-transport,CO,0.078531556,2481.597161
1/4/2018,2018,4,Road-transport,NOx,0.078091186,1155.749552
1/4/2018,2018,4,Road-transport,PM10,0.078368851,29.78016348
1/4/2018,2018,4,Road-transport,PM25,0.078368851,27.42909794
1/4/2018,2018,4,Road-transport,SO2,0.07831314,3.132525606
1/5/2018,2018,5,Non-road-transport,CO,0.083333333,2065.833333
1/5/2018,2018,5,Non-road-transport,NOx,0.083333333,2828.333333
1/5/2018,2018,5,Non-road-transport,PM10,0.083333333,124.1666667
1/5/2018,2018,5,Non-road-transport,PM25,0.083333333,115.8333333
1/5/2018,2018,5,Non-road-transport,SO2,0.083333333,735
1/5/2018,2018,5,Other,CO,0.080152144,424.004843
1/5/2018,2018,5,Other,NOx,0.081398851,612.9333443
1/5/2018,2018,5,Other,PM10,0.079855018,121.3796281
1/5/2018,2018,5,Other,PM25,0.079754876,85.33771692
1/5/2018,2018,5,Other,SO2,0.083181323,14.97263806
1/5/2018,2018,5,Power,CO,0.10653746,369.6849858
1/5/2018,2018,5,Power,NOx,0.106537438,2508.956667
1/5/2018,2018,5,Power,PM10,0.106537467,67.11860406
1/5/2018,2018,5,Power,PM25,0.106537443,34.09198179
1/5/2018,2018,5,Power,SO2,0.106537483,812.8809967
1/5/2018,2018,5,Road-transport,CO,0.082354775,2602.410878
1/5/2018,2018,5,Road-transport,NOx,0.084600034,1252.080507
1/5/2018,2018,5,Road-transport,PM10,0.083221472,31.62415922
1/5/2018,2018,5,Road-transport,PM25,0.083221472,29.12751507
1/5/2018,2018,5,Road-transport,SO2,0.083489184,3.339567348
1/6/2018,2018,6,Non-road-transport,CO,0.083333333,2065.833333
1/6/2018,2018,6,Non-road-transport,NOx,0.083333333,2828.333333
1/6/2018,2018,6,Non-road-transport,PM10,0.083333333,124.1666667
1/6/2018,2018,6,Non-road-transport,PM25,0.083333333,115.8333333
1/6/2018,2018,6,Non-road-transport,SO2,0.083333333,735
1/6/2018,2018,6,Other,CO,0.087622415,463.5225758
1/6/2018,2018,6,Other,NOx,0.083413683,628.1050325
1/6/2018,2018,6,Other,PM10,0.086972795,132.1986486
1/6/2018,2018,6,Other,PM25,0.086840244,92.91906065
1/6/2018,2018,6,Other,SO2,0.08196758,14.75416446
1/6/2018,2018,6,Power,CO,0.091309045,316.8423874
1/6/2018,2018,6,Power,NOx,0.09130903,2150.327659
1/6/2018,2018,6,Power,PM10,0.09130903,57.52468875
1/6/2018,2018,6,Power,PM25,0.091309045,29.21889431
1/6/2018,2018,6,Power,SO2,0.091309009,696.6877411
1/6/2018,2018,6,Road-transport,CO,0.082221302,2598.193142
1/6/2018,2018,6,Road-transport,NOx,0.08348717,1235.610117
1/6/2018,2018,6,Road-transport,PM10,0.082739723,31.44109477
1/6/2018,2018,6,Road-transport,PM25,0.082739723,28.95890308
1/6/2018,2018,6,Road-transport,SO2,0.082877547,3.315101867
1/7/2018,2018,7,Non-road-transport,CO,0.083333333,2065.833333
1/7/2018,2018,7,Non-road-transport,NOx,0.083333333,2828.333333
1/7/2018,2018,7,Non-road-transport,PM10,0.083333333,124.1666667
1/7/2018,2018,7,Non-road-transport,PM25,0.083333333,115.8333333
1/7/2018,2018,7,Non-road-transport,SO2,0.083333333,735
1/7/2018,2018,7,Other,CO,0.081385974,430.5318022
1/7/2018,2018,7,Other,NOx,0.078110451,588.1716949
1/7/2018,2018,7,Other,PM10,0.08045201,122.2870553
1/7/2018,2018,7,Other,PM25,0.080247087,85.86438269
1/7/2018,2018,7,Other,SO2,0.080373969,14.46731446
1/7/2018,2018,7,Power,CO,0.090939841,315.5612499
1/7/2018,2018,7,Power,NOx,0.090939867,2141.633872
1/7/2018,2018,7,Power,PM10,0.090939845,57.29210239
1/7/2018,2018,7,Power,PM25,0.090939871,29.1007587
1/7/2018,2018,7,Power,SO2,0.090939908,693.8714971
1/7/2018,2018,7,Road-transport,CO,0.082153083,2596.037411
1/7/2018,2018,7,Road-transport,NOx,0.082607275,1222.587665
1/7/2018,2018,7,Road-transport,PM10,0.082282868,31.26748993
1/7/2018,2018,7,Road-transport,PM25,0.082282868,28.79900388
1/7/2018,2018,7,Road-transport,SO2,0.08235706,3.294282387
1/8/2018,2018,8,Non-road-transport,CO,0.083333333,2065.833333
1/8/2018,2018,8,Non-road-transport,NOx,0.083333333,2828.333333
1/8/2018,2018,8,Non-road-transport,PM10,0.083333333,124.1666667
1/8/2018,2018,8,Non-road-transport,PM25,0.083333333,115.8333333
1/8/2018,2018,8,Non-road-transport,SO2,0.083333333,735
1/8/2018,2018,8,Other,CO,0.082727197,437.6268719
1/8/2018,2018,8,Other,NOx,0.081383441,612.8173101
1/8/2018,2018,8,Other,PM10,0.081291045,123.5623878
1/8/2018,2018,8,Other,PM25,0.081098947,86.77587296
1/8/2018,2018,8,Other,SO2,0.079960122,14.39282201
1/8/2018,2018,8,Power,CO,0.089186243,309.4762638
1/8/2018,2018,8,Power,NOx,0.089186293,2100.337199
1/8/2018,2018,8,Power,PM10,0.089186251,56.18733782
1/8/2018,2018,8,Power,PM25,0.089186285,28.53961134
1/8/2018,2018,8,Power,SO2,0.089186271,680.4912514
1/8/2018,2018,8,Road-transport,CO,0.084516133,2670.709809
1/8/2018,2018,8,Road-transport,NOx,0.084262927,1247.091326
1/8/2018,2018,8,Road-transport,PM10,0.084447277,32.08996522
1/8/2018,2018,8,Road-transport,PM25,0.084447277,29.55654691
1/8/2018,2018,8,Road-transport,SO2,0.084404381,3.37617524
1/9/2018,2018,9,Non-road-transport,CO,0.083333333,2065.833333
1/9/2018,2018,9,Non-road-transport,NOx,0.083333333,2828.333333
1/9/2018,2018,9,Non-road-transport,PM10,0.083333333,124.1666667
1/9/2018,2018,9,Non-road-transport,PM25,0.083333333,115.8333333
1/9/2018,2018,9,Non-road-transport,SO2,0.083333333,735
1/9/2018,2018,9,Other,CO,0.092152183,487.4850496
1/9/2018,2018,9,Other,NOx,0.085496999,643.7924027
1/9/2018,2018,9,Other,PM10,0.092288312,140.2782341
1/9/2018,2018,9,Other,PM25,0.092238394,98.69508121
1/9/2018,2018,9,Other,SO2,0.083822062,15.08797111
1/9/2018,2018,9,Power,CO,0.077434222,268.6967494
1/9/2018,2018,9,Power,NOx,0.077434254,1823.576674
1/9/2018,2018,9,Power,PM10,0.077434273,48.78359206
1/9/2018,2018,9,Power,PM25,0.077434256,24.7789619
1/9/2018,2018,9,Power,SO2,0.077434238,590.8232358
1/9/2018,2018,9,Road-transport,CO,0.086069921,2719.809511
1/9/2018,2018,9,Road-transport,NOx,0.085796316,1269.785474
1/9/2018,2018,9,Road-transport,PM10,0.086128271,32.72874283
1/9/2018,2018,9,Road-transport,PM25,0.086128271,30.14489471
1/9/2018,2018,9,Road-transport,SO2,0.086023409,3.440936358
1/10/2018,2018,10,Non-road-transport,CO,0.083333333,2065.833333
1/10/2018,2018,10,Non-road-transport,NOx,0.083333333,2828.333333
1/10/2018,2018,10,Non-road-transport,PM10,0.083333333,124.1666667
1/10/2018,2018,10,Non-road-transport,PM25,0.083333333,115.8333333
1/10/2018,2018,10,Non-road-transport,SO2,0.083333333,735
1/10/2018,2018,10,Other,CO,0.092338256,488.4693724
1/10/2018,2018,10,Other,NOx,0.087734455,660.6404484
1/10/2018,2018,10,Other,PM10,0.092232008,140.1926517
1/10/2018,2018,10,Other,PM25,0.092174749,98.62698184
1/10/2018,2018,10,Other,SO2,0.085420129,15.3756232
1/10/2018,2018,10,Power,CO,0.064636196,224.2876002
1/10/2018,2018,10,Power,NOx,0.064636188,1522.182224
1/10/2018,2018,10,Power,PM10,0.06463621,40.7208124
1/10/2018,2018,10,Power,PM25,0.064636194,20.68358212
1/10/2018,2018,10,Power,SO2,0.064636207,493.1742566
1/10/2018,2018,10,Road-transport,CO,0.087642207,2769.493732
1/10/2018,2018,10,Road-transport,NOx,0.092484163,1368.765618
1/10/2018,2018,10,Road-transport,PM10,0.089538473,34.02461959
1/10/2018,2018,10,Road-transport,PM25,0.089538473,31.33846541
1/10/2018,2018,10,Road-transport,SO2,0.090103787,3.604151477
1/11/2018,2018,11,Non-road-transport,CO,0.083333333,2065.833333
1/11/2018,2018,11,Non-road-transport,NOx,0.083333333,2828.333333
1/11/2018,2018,11,Non-road-transport,PM10,0.083333333,124.1666667
1/11/2018,2018,11,Non-road-transport,PM25,0.083333333,115.8333333
1/11/2018,2018,11,Non-road-transport,SO2,0.083333333,735
1/11/2018,2018,11,Other,CO,0.091735328,485.2798856
1/11/2018,2018,11,Other,NOx,0.08735986,657.8197462
1/11/2018,2018,11,Other,PM10,0.091952832,139.7683052
1/11/2018,2018,11,Other,PM25,0.091974166,98.41235801
1/11/2018,2018,11,Other,SO2,0.085810495,15.4458891
1/11/2018,2018,11,Power,CO,0.074511623,258.5553333
1/11/2018,2018,11,Power,NOx,0.07451163,1754.748895
1/11/2018,2018,11,Power,PM10,0.074511599,46.94230729
1/11/2018,2018,11,Power,PM25,0.074511615,23.8437168
1/11/2018,2018,11,Power,SO2,0.074511593,568.5234558
1/11/2018,2018,11,Road-transport,CO,0.082163326,2596.361095
1/11/2018,2018,11,Road-transport,NOx,0.092117203,1363.334609
1/11/2018,2018,11,Road-transport,PM10,0.085744507,32.58291269
1/11/2018,2018,11,Road-transport,PM25,0.085744507,30.01057747
1/11/2018,2018,11,Road-transport,SO2,0.087046332,3.481853289
1/12/2018,2018,12,Non-road-transport,CO,0.083333333,2065.833333
1/12/2018,2018,12,Non-road-transport,NOx,0.083333333,2828.333333
1/12/2018,2018,12,Non-road-transport,PM10,0.083333333,124.1666667
1/12/2018,2018,12,Non-road-transport,PM25,0.083333333,115.8333333
1/12/2018,2018,12,Non-road-transport,SO2,0.083333333,735
1/12/2018,2018,12,Other,CO,0.105759695,559.4687881
1/12/2018,2018,12,Other,NOx,0.096052444,723.2749031
1/12/2018,2018,12,Other,PM10,0.107034739,162.6928027
1/12/2018,2018,12,Other,PM25,0.107031245,114.5234325
1/12/2018,2018,12,Other,SO2,0.094450651,17.00111721
1/12/2018,2018,12,Power,CO,0.089309357,309.9034672
1/12/2018,2018,12,Power,NOx,0.089309335,2103.23485
1/12/2018,2018,12,Power,PM10,0.089309321,56.2648721
1/12/2018,2018,12,Power,PM25,0.089309354,28.57899319
1/12/2018,2018,12,Power,SO2,0.089309324,681.4301386
1/12/2018,2018,12,Road-transport,CO,0.081632646,2579.591614
1/12/2018,2018,12,Road-transport,NOx,0.102557488,1517.850821
1/12/2018,2018,12,Road-transport,PM10,0.089071487,33.84716515
1/12/2018,2018,12,Road-transport,PM25,0.089071487,31.17502053
1/12/2018,2018,12,Road-transport,SO2,0.091847606,3.673904229
1/1/2019,2019,1,Non-road-transport,CO,0.083333333,2190.833333
1/1/2019,2019,1,Non-road-transport,NOx,0.083333333,2676.666667
1/1/2019,2019,1,Non-road-transport,PM10,0.083333333,91.66666667
1/1/2019,2019,1,Non-road-transport,PM25,0.083333333,85.83333333
1/1/2019,2019,1,Non-road-transport,SO2,0.083333333,255.8333333
1/1/2019,2019,1,Other,CO,0.065685985,337.6259627
1/1/2019,2019,1,Other,NOx,0.076934792,565.4707196
1/1/2019,2019,1,Other,PM10,0.065707254,97.90380896
1/1/2019,2019,1,Other,PM25,0.065844239,67.81956603
1/1/2019,2019,1,Other,SO2,0.079428664,12.7085862
1/1/2019,2019,1,Power,CO,0.064036388,214.5218997
1/1/2019,2019,1,Power,NOx,0.064036382,1483.082615
1/1/2019,2019,1,Power,PM10,0.064036426,36.50076265
1/1/2019,2019,1,Power,PM25,0.064036421,19.21092622
1/1/2019,2019,1,Power,SO2,0.064036413,341.9544433
1/1/2019,2019,1,Road-transport,CO,0.083203614,2504.428796
1/1/2019,2019,1,Road-transport,NOx,0.071138439,903.4581719
1/1/2019,2019,1,Road-transport,PM10,0.078831598,26.0144274
1/1/2019,2019,1,Road-transport,PM25,0.078831598,23.64947945
1/1/2019,2019,1,Road-transport,SO2,0.078085563,3.12342252
1/2/2019,2019,2,Non-road-transport,CO,0.083333333,2190.833333
1/2/2019,2019,2,Non-road-transport,NOx,0.083333333,2676.666667
1/2/2019,2019,2,Non-road-transport,PM10,0.083333333,91.66666667
1/2/2019,2019,2,Non-road-transport,PM25,0.083333333,85.83333333
1/2/2019,2019,2,Non-road-transport,SO2,0.083333333,255.8333333
1/2/2019,2019,2,Other,CO,0.065270446,335.490091
1/2/2019,2019,2,Other,NOx,0.075065122,551.7286435
1/2/2019,2019,2,Other,PM10,0.064883939,96.67706984
1/2/2019,2019,2,Other,PM25,0.064926423,66.87421619
1/2/2019,2019,2,Other,SO2,0.078578471,12.57255533
1/2/2019,2019,2,Power,CO,0.055876725,187.1870288
1/2/2019,2019,2,Power,NOx,0.055876724,1294.104926
1/2/2019,2019,2,Power,PM10,0.055876729,31.84973546
1/2/2019,2019,2,Power,PM25,0.055876705,16.76301141
1/2/2019,2019,2,Power,SO2,0.055876709,298.3816239
1/2/2019,2019,2,Road-transport,CO,0.0867072,2609.886721
1/2/2019,2019,2,Road-transport,NOx,0.067687492,859.6311429
1/2/2019,2019,2,Road-transport,PM10,0.081032462,26.74071258
1/2/2019,2019,2,Road-transport,PM25,0.081032462,24.30973871
1/2/2019,2019,2,Road-transport,SO2,0.079361676,3.17446703
1/3/2019,2019,3,Non-road-transport,CO,0.083333333,2190.833333
1/3/2019,2019,3,Non-road-transport,NOx,0.083333333,2676.666667
1/3/2019,2019,3,Non-road-transport,PM10,0.083333333,91.66666667
1/3/2019,2019,3,Non-road-transport,PM25,0.083333333,85.83333333
1/3/2019,2019,3,Non-road-transport,SO2,0.083333333,255.8333333
1/3/2019,2019,3,Other,CO,0.084152434,432.5435131
1/3/2019,2019,3,Other,NOx,0.087238053,641.1996923
1/3/2019,2019,3,Other,PM10,0.084811194,126.3686784
1/3/2019,2019,3,Other,PM25,0.084917425,87.46494804
1/3/2019,2019,3,Other,SO2,0.0878673,14.05876803
1/3/2019,2019,3,Power,CO,0.077196887,258.6095699
1/3/2019,2019,3,Power,NOx,0.077196888,1787.87992
1/3/2019,2019,3,Power,PM10,0.077196877,44.0022197
1/3/2019,2019,3,Power,PM25,0.077196919,23.15907574
1/3/2019,2019,3,Power,SO2,0.077196885,412.2313652
1/3/2019,2019,3,Road-transport,CO,0.079497113,2392.863096
1/3/2019,2019,3,Road-transport,NOx,0.075228913,955.4072001
1/3/2019,2019,3,Road-transport,PM10,0.078204048,25.80733593
1/3/2019,2019,3,Road-transport,PM25,0.078204048,23.46121448
1/3/2019,2019,3,Road-transport,SO2,0.077837068,3.113482709
1/4/2019,2019,4,Non-road-transport,CO,0.083333333,2190.833333
1/4/2019,2019,4,Non-road-transport,NOx,0.083333333,2676.666667
1/4/2019,2019,4,Non-road-transport,PM10,0.083333333,91.66666667
1/4/2019,2019,4,Non-road-transport,PM25,0.083333333,85.83333333
1/4/2019,2019,4,Non-road-transport,SO2,0.083333333,255.8333333
1/4/2019,2019,4,Other,CO,0.076986623,395.7112421
1/4/2019,2019,4,Other,NOx,0.080070178,588.5158115
1/4/2019,2019,4,Other,PM10,0.076574561,114.0960962
1/4/2019,2019,4,Other,PM25,0.076524893,78.82064022
1/4/2019,2019,4,Other,SO2,0.08035618,12.85698883
1/4/2019,2019,4,Power,CO,0.076171243,255.1736656
1/4/2019,2019,4,Power,NOx,0.076171238,1764.125863
1/4/2019,2019,4,Power,PM10,0.076171238,43.41760562
1/4/2019,2019,4,Power,PM25,0.07617125,22.85137488
1/4/2019,2019,4,Power,SO2,0.076171221,406.7543204
1/4/2019,2019,4,Road-transport,CO,0.079045685,2379.275109
1/4/2019,2019,4,Road-transport,NOx,0.07818788,992.9860724
1/4/2019,2019,4,Road-transport,PM10,0.078786609,25.99958087
1/4/2019,2019,4,Road-transport,PM25,0.078786609,23.63598261
1/4/2019,2019,4,Road-transport,SO2,0.078712514,3.148500579
1/5/2019,2019,5,Non-road-transport,CO,0.083333333,2190.833333
1/5/2019,2019,5,Non-road-transport,NOx,0.083333333,2676.666667
1/5/2019,2019,5,Non-road-transport,PM10,0.083333333,91.66666667
1/5/2019,2019,5,Non-road-transport,PM25,0.083333333,85.83333333
1/5/2019,2019,5,Non-road-transport,SO2,0.083333333,255.8333333
1/5/2019,2019,5,Other,CO,0.079227489,407.2292947
1/5/2019,2019,5,Other,NOx,0.080970723,595.1348173
1/5/2019,2019,5,Other,PM10,0.079148281,117.9309387
1/5/2019,2019,5,Other,PM25,0.079146392,81.52078388
1/5/2019,2019,5,Other,SO2,0.084432677,13.50922833
1/5/2019,2019,5,Power,CO,0.075929876,254.3650858
1/5/2019,2019,5,Power,NOx,0.075929881,1758.536049
1/5/2019,2019,5,Power,PM10,0.075929897,43.28004108
1/5/2019,2019,5,Power,PM25,0.075929919,22.77897568
1/5/2019,2019,5,Power,SO2,0.075929913,405.4657336
1/5/2019,2019,5,Road-transport,CO,0.083529327,2514.232754
1/5/2019,2019,5,Road-transport,NOx,0.083723679,1063.290725
1/5/2019,2019,5,Road-transport,PM10,0.083669015,27.61077481
1/5/2019,2019,5,Road-transport,PM25,0.083669015,25.10070437
1/5/2019,2019,5,Road-transport,SO2,0.083652897,3.346115863
1/6/2019,2019,6,Non-road-transport,CO,0.083333333,2190.833333
1/6/2019,2019,6,Non-road-transport,NOx,0.083333333,2676.666667
1/6/2019,2019,6,Non-road-transport,PM10,0.083333333,91.66666667
1/6/2019,2019,6,Non-road-transport,PM25,0.083333333,85.83333333
1/6/2019,2019,6,Non-road-transport,SO2,0.083333333,255.8333333
1/6/2019,2019,6,Other,CO,0.088501943,454.8999895
1/6/2019,2019,6,Other,NOx,0.087795195,645.2946804
1/6/2019,2019,6,Other,PM10,0.088639729,132.0731957
1/6/2019,2019,6,Other,PM25,0.088688602,91.3492605
1/6/2019,2019,6,Other,SO2,0.086214648,13.79434376
1/6/2019,2019,6,Power,CO,0.094331667,316.0110852
1/6/2019,2019,6,Power,NOx,0.094331688,2184.721887
1/6/2019,2019,6,Power,PM10,0.09433166,53.76904592
1/6/2019,2019,6,Power,PM25,0.094331643,28.29949285
1/6/2019,2019,6,Power,SO2,0.094331652,503.731021
1/6/2019,2019,6,Road-transport,CO,0.083616245,2516.848973
1/6/2019,2019,6,Road-transport,NOx,0.084181765,1069.108413
1/6/2019,2019,6,Road-transport,PM10,0.083870789,27.67736036
1/6/2019,2019,6,Road-transport,PM25,0.083870789,25.16123669
1/6/2019,2019,6,Road-transport,SO2,0.083885595,3.355423785
1/7/2019,2019,7,Non-road-transport,CO,0.083333333,2190.833333
1/7/2019,2019,7,Non-road-transport,NOx,0.083333333,2676.666667
1/7/2019,2019,7,Non-road-transport,PM10,0.083333333,91.66666667
1/7/2019,2019,7,Non-road-transport,PM25,0.083333333,85.83333333
1/7/2019,2019,7,Non-road-transport,SO2,0.083333333,255.8333333
1/7/2019,2019,7,Other,CO,0.079945972,410.9222969
1/7/2019,2019,7,Other,NOx,0.077847784,572.1812119
1/7/2019,2019,7,Other,PM10,0.079516767,118.4799826
1/7/2019,2019,7,Other,PM25,0.079433345,81.81634512
1/7/2019,2019,7,Other,SO2,0.080582433,12.8931893
1/7/2019,2019,7,Power,CO,0.098524832,330.0581865
1/7/2019,2019,7,Power,NOx,0.098524847,2281.835446
1/7/2019,2019,7,Power,PM10,0.098524802,56.15913731
1/7/2019,2019,7,Power,PM25,0.098524792,29.55743762
1/7/2019,2019,7,Power,SO2,0.098524783,526.1223393
1/7/2019,2019,7,Road-transport,CO,0.084160371,2533.227174
1/7/2019,2019,7,Road-transport,NOx,0.083184305,1056.440672
1/7/2019,2019,7,Road-transport,PM10,0.083872464,27.67791315
1/7/2019,2019,7,Road-transport,PM25,0.083872464,25.16173923
1/7/2019,2019,7,Road-transport,SO2,0.083785382,3.351415279
1/8/2019,2019,8,Non-road-transport,CO,0.083333333,2190.833333
1/8/2019,2019,8,Non-road-transport,NOx,0.083333333,2676.666667
1/8/2019,2019,8,Non-road-transport,PM10,0.083333333,91.66666667
1/8/2019,2019,8,Non-road-transport,PM25,0.083333333,85.83333333
1/8/2019,2019,8,Non-road-transport,SO2,0.083333333,255.8333333
1/8/2019,2019,8,Other,CO,0.079859461,410.4776301
1/8/2019,2019,8,Other,NOx,0.079160866,581.8323636
1/8/2019,2019,8,Other,PM10,0.078911321,117.5778681
1/8/2019,2019,8,Other,PM25,0.078735397,81.09745937
1/8/2019,2019,8,Other,SO2,0.07817564,12.50810248
1/8/2019,2019,8,Power,CO,0.100998537,338.3450997
1/8/2019,2019,8,Power,NOx,0.100998531,2339.125969
1/8/2019,2019,8,Power,PM10,0.100998521,57.56915687
1/8/2019,2019,8,Power,PM25,0.100998521,30.29955633
1/8/2019,2019,8,Power,SO2,0.100998521,539.3321014
1/8/2019,2019,8,Road-transport,CO,0.084399243,2540.4172
1/8/2019,2019,8,Road-transport,NOx,0.084790978,1076.845421
1/8/2019,2019,8,Road-transport,PM10,0.0845333,27.89598908
1/8/2019,2019,8,Road-transport,PM25,0.0845333,25.35999007
1/8/2019,2019,8,Road-transport,SO2,0.084560725,3.382428989
1/9/2019,2019,9,Non-road-transport,CO,0.083333333,2190.833333
1/9/2019,2019,9,Non-road-transport,NOx,0.083333333,2676.666667
1/9/2019,2019,9,Non-road-transport,PM10,0.083333333,91.66666667
1/9/2019,2019,9,Non-road-transport,PM25,0.083333333,85.83333333
1/9/2019,2019,9,Non-road-transport,SO2,0.083333333,255.8333333
1/9/2019,2019,9,Other,CO,0.092832244,477.1577317
1/9/2019,2019,9,Other,NOx,0.086069489,632.6107409
1/9/2019,2019,9,Other,PM10,0.093282763,138.9913164
1/9/2019,2019,9,Other,PM25,0.093239081,96.03625325
1/9/2019,2019,9,Other,SO2,0.084096948,13.45551167
1/9/2019,2019,9,Power,CO,0.093788656,314.1919992
1/9/2019,2019,9,Power,NOx,0.093788653,2172.145212
1/9/2019,2019,9,Power,PM10,0.093788662,53.45953722
1/9/2019,2019,9,Power,PM25,0.093788652,28.1365957
1/9/2019,2019,9,Power,SO2,0.093788707,500.8316953
1/9/2019,2019,9,Road-transport,CO,0.08659315,2606.453812
1/9/2019,2019,9,Road-transport,NOx,0.087027196,1105.245395
1/9/2019,2019,9,Road-transport,PM10,0.086858891,28.66343405
1/9/2019,2019,9,Road-transport,PM25,0.086858891,26.05766732
1/9/2019,2019,9,Road-transport,SO2,0.086841662,3.473666492
1/10/2019,2019,10,Non-road-transport,CO,0.083333333,2190.833333
1/10/2019,2019,10,Non-road-transport,NOx,0.083333333,2676.666667
1/10/2019,2019,10,Non-road-transport,PM10,0.083333333,91.66666667
1/10/2019,2019,10,Non-road-transport,PM25,0.083333333,85.83333333
1/10/2019,2019,10,Non-road-transport,SO2,0.083333333,255.8333333
1/10/2019,2019,10,Other,CO,0.089875006,461.9575287
1/10/2019,2019,10,Other,NOx,0.083826672,616.1260362
1/10/2019,2019,10,Other,PM10,0.089545015,133.422072
1/10/2019,2019,10,Other,PM25,0.089404356,92.08648719
1/10/2019,2019,10,Other,SO2,0.082434877,13.18958038
1/10/2019,2019,10,Power,CO,0.091284808,305.8041063
1/10/2019,2019,10,Power,NOx,0.091284776,2114.155419
1/10/2019,2019,10,Power,PM10,0.091284788,52.03232925
1/10/2019,2019,10,Power,PM25,0.091284829,27.38544878
1/10/2019,2019,10,Power,SO2,0.091284834,487.4610153
1/10/2019,2019,10,Road-transport,CO,0.087111644,2622.060489
1/10/2019,2019,10,Road-transport,NOx,0.091912681,1167.291043
1/10/2019,2019,10,Road-transport,PM10,0.088720296,29.27769778
1/10/2019,2019,10,Road-transport,PM25,0.088720296,26.61608889
1/10/2019,2019,10,Road-transport,SO2,0.089070433,3.562817333
1/11/2019,2019,11,Non-road-transport,CO,0.083333333,2190.833333
1/11/2019,2019,11,Non-road-transport,NOx,0.083333333,2676.666667
1/11/2019,2019,11,Non-road-transport,PM10,0.083333333,91.66666667
1/11/2019,2019,11,Non-road-transport,PM25,0.083333333,85.83333333
1/11/2019,2019,11,Non-road-transport,SO2,0.083333333,255.8333333
1/11/2019,2019,11,Other,CO,0.091185063,468.6912217
1/11/2019,2019,11,Other,NOx,0.085459441,628.1268904
1/11/2019,2019,11,Other,PM10,0.090947091,135.5111661
1/11/2019,2019,11,Other,PM25,0.090875548,93.60181414
1/11/2019,2019,11,Other,SO2,0.083905992,13.42495864
1/11/2019,2019,11,Power,CO,0.081299576,272.35358
1/11/2019,2019,11,Power,NOx,0.081299584,1882.898367
1/11/2019,2019,11,Power,PM10,0.081299581,46.34076123
1/11/2019,2019,11,Power,PM25,0.081299594,24.3898782
1/11/2019,2019,11,Power,SO2,0.081299577,434.1397421
1/11/2019,2019,11,Road-transport,CO,0.080868324,2434.136565
1/11/2019,2019,11,Road-transport,NOx,0.090503158,1149.390105
1/11/2019,2019,11,Road-transport,PM10,0.083845829,27.66912365
1/11/2019,2019,11,Road-transport,PM25,0.083845829,25.15374877
1/11/2019,2019,11,Road-transport,SO2,0.084650402,3.386016074
1/12/2019,2019,12,Non-road-transport,CO,0.083333333,2190.833333
1/12/2019,2019,12,Non-road-transport,NOx,0.083333333,2676.666667
1/12/2019,2019,12,Non-road-transport,PM10,0.083333333,91.66666667
1/12/2019,2019,12,Non-road-transport,PM25,0.083333333,85.83333333
1/12/2019,2019,12,Non-road-transport,SO2,0.083333333,255.8333333
1/12/2019,2019,12,Other,CO,0.106477334,547.2934979
1/12/2019,2019,12,Other,NOx,0.099561686,731.7783924
1/12/2019,2019,12,Other,PM10,0.108032085,160.9678071
1/12/2019,2019,12,Other,PM25,0.108264297,111.5122261
1/12/2019,2019,12,Other,SO2,0.093926169,15.02818704
1/12/2019,2019,12,Power,CO,0.090560804,303.3786932
1/12/2019,2019,12,Power,NOx,0.090560809,2097.388328
1/12/2019,2019,12,Power,PM10,0.090560821,51.6196677
1/12/2019,2019,12,Power,PM25,0.090560755,27.1682266
1/12/2019,2019,12,Power,SO2,0.090560786,483.5945993
1/12/2019,2019,12,Road-transport,CO,0.081268083,2446.169311
1/12/2019,2019,12,Road-transport,NOx,0.102433515,1300.905639
1/12/2019,2019,12,Road-transport,PM10,0.087774698,28.96565035
1/12/2019,2019,12,Road-transport,PM25,0.087774698,26.33240941
1/12/2019,2019,12,Road-transport,SO2,0.089556084,3.582243347
1/1/2020,2020,1,Non-road-transport,CO,0.083333333,1923.333333
1/1/2020,2020,1,Non-road-transport,NOx,0.083333333,1934.166667
1/1/2020,2020,1,Non-road-transport,PM10,0.083333333,73.33333333
1/1/2020,2020,1,Non-road-transport,PM25,0.083333333,68.33333333
1/1/2020,2020,1,Non-road-transport,SO2,0.083333333,179.1666667
1/1/2020,2020,1,Other,CO,0.067401436,351.1614806
1/1/2020,2020,1,Other,NOx,0.071721097,556.5557143
1/1/2020,2020,1,Other,PM10,0.063548923,88.33300366
1/1/2020,2020,1,Other,PM25,0.063348937,61.44846846
1/1/2020,2020,1,Other,SO2,0.06675854,9.346195631
1/1/2020,2020,1,Power,CO,0.061456934,159.7880288
1/1/2020,2020,1,Power,NOx,0.061456919,850.5637595
1/1/2020,2020,1,Power,PM10,0.061456936,23.96820504
1/1/2020,2020,1,Power,PM25,0.061456914,15.36422859
1/1/2020,2020,1,Power,SO2,0.061456926,156.7151616
1/1/2020,2020,1,Road-transport,CO,0.073329412,1979.894113
1/1/2020,2020,1,Road-transport,NOx,0.073241998,791.0135828
1/1/2020,2020,1,Road-transport,PM10,0.083693969,23.43431144
1/1/2020,2020,1,Road-transport,PM25,0.083693969,20.92349236
1/1/2020,2020,1,Road-transport,SO2,0.071740589,2.869623566
1/2/2020,2020,2,Non-road-transport,CO,0.083333333,1923.333333
1/2/2020,2020,2,Non-road-transport,NOx,0.083333333,1934.166667
1/2/2020,2020,2,Non-road-transport,PM10,0.083333333,73.33333333
1/2/2020,2020,2,Non-road-transport,PM25,0.083333333,68.33333333
1/2/2020,2020,2,Non-road-transport,SO2,0.083333333,179.1666667
1/2/2020,2020,2,Other,CO,0.043348899,225.8477627
1/2/2020,2020,2,Other,NOx,0.049235603,382.0682795
1/2/2020,2020,2,Other,PM10,0.039358223,54.70793062
1/2/2020,2020,2,Other,PM25,0.039238961,38.06179187
1/2/2020,2020,2,Other,SO2,0.042272643,5.918170077
1/2/2020,2020,2,Power,CO,0.042005908,109.2153613
1/2/2020,2020,2,Power,NOx,0.042005923,581.3619757
1/2/2020,2020,2,Power,PM10,0.042005907,16.38230358
1/2/2020,2020,2,Power,PM25,0.042005911,10.50147767
1/2/2020,2020,2,Power,SO2,0.042005906,107.1150594
1/2/2020,2020,2,Road-transport,CO,0.013868966,374.4620728
1/2/2020,2020,2,Road-transport,NOx,0.027417002,296.1036163
1/2/2020,2020,2,Road-transport,PM10,0.022372572,6.264320164
1/2/2020,2020,2,Road-transport,PM25,0.022372572,5.593143003
1/2/2020,2020,2,Road-transport,SO2,0.016669434,0.666777349
1/3/2020,2020,3,Non-road-transport,CO,0.083333333,1923.333333
1/3/2020,2020,3,Non-road-transport,NOx,0.083333333,1934.166667
1/3/2020,2020,3,Non-road-transport,PM10,0.083333333,73.33333333
1/3/2020,2020,3,Non-road-transport,PM25,0.083333333,68.33333333
1/3/2020,2020,3,Non-road-transport,SO2,0.083333333,179.1666667
1/3/2020,2020,3,Other,CO,0.078050072,406.640877
1/3/2020,2020,3,Other,NOx,0.079474134,616.7192819
1/3/2020,2020,3,Other,PM10,0.077925791,108.3168499
1/3/2020,2020,3,Other,PM25,0.077916198,75.57871229
1/3/2020,2020,3,Other,SO2,0.078477348,10.98682875
1/3/2020,2020,3,Power,CO,0.069087813,179.6283145
1/3/2020,2020,3,Power,NOx,0.069087863,956.1760232
1/3/2020,2020,3,Power,PM10,0.069087821,26.94425028
1/3/2020,2020,3,Power,PM25,0.069087824,17.27195597
1/3/2020,2020,3,Power,SO2,0.06908787,176.1740697
1/3/2020,2020,3,Road-transport,CO,0.054909003,1482.54307
1/3/2020,2020,3,Road-transport,NOx,0.058633879,633.2458883
1/3/2020,2020,3,Road-transport,PM10,0.056699388,15.8758286
1/3/2020,2020,3,Road-transport,PM25,0.056699388,14.17484696
1/3/2020,2020,3,Road-transport,SO2,0.055666973,2.226678906
1/4/2020,2020,4,Non-road-transport,CO,0.083333333,1923.333333
1/4/2020,2020,4,Non-road-transport,NOx,0.083333333,1934.166667
1/4/2020,2020,4,Non-road-transport,PM10,0.083333333,73.33333333
1/4/2020,2020,4,Non-road-transport,PM25,0.083333333,68.33333333
1/4/2020,2020,4,Non-road-transport,SO2,0.083333333,179.1666667
1/4/2020,2020,4,Other,CO,0.077146532,401.9334332
1/4/2020,2020,4,Other,NOx,0.078364875,608.1114271
1/4/2020,2020,4,Other,PM10,0.076330222,106.0990089
1/4/2020,2020,4,Other,PM25,0.076295864,74.00698809
1/4/2020,2020,4,Other,SO2,0.076580175,10.72122455
1/4/2020,2020,4,Power,CO,0.07401462,192.4380132
1/4/2020,2020,4,Power,NOx,0.074014626,1024.362421
1/4/2020,2020,4,Power,PM10,0.074014633,28.86570695
1/4/2020,2020,4,Power,PM25,0.074014662,18.50366553
1/4/2020,2020,4,Power,SO2,0.074014648,188.7373527
1/4/2020,2020,4,Road-transport,CO,0.072204608,1949.524414
1/4/2020,2020,4,Road-transport,NOx,0.072210064,779.8686896
1/4/2020,2020,4,Road-transport,PM10,0.071612727,20.05156357
1/4/2020,2020,4,Road-transport,PM25,0.071612727,17.90318176
1/4/2020,2020,4,Road-transport,SO2,0.072192501,2.887700056
1/5/2020,2020,5,Non-road-transport,CO,0.083333333,1923.333333
1/5/2020,2020,5,Non-road-transport,NOx,0.083333333,1934.166667
1/5/2020,2020,5,Non-road-transport,PM10,0.083333333,73.33333333
1/5/2020,2020,5,Non-road-transport,PM25,0.083333333,68.33333333
1/5/2020,2020,5,Non-road-transport,SO2,0.083333333,179.1666667
1/5/2020,2020,5,Other,CO,0.077856036,405.6299487
1/5/2020,2020,5,Other,NOx,0.077321861,600.0176402
1/5/2020,2020,5,Other,PM10,0.076514349,106.3549455
1/5/2020,2020,5,Other,PM25,0.076415199,74.12274327
1/5/2020,2020,5,Other,SO2,0.076977359,10.77683032
1/5/2020,2020,5,Power,CO,0.099408807,258.4628973
1/5/2020,2020,5,Power,NOx,0.099408805,1375.817855
1/5/2020,2020,5,Power,PM10,0.099408801,38.76943256
1/5/2020,2020,5,Power,PM25,0.099408742,24.85218555
1/5/2020,2020,5,Power,SO2,0.099408791,253.4924175
1/5/2020,2020,5,Road-transport,CO,0.077213284,2084.758668
1/5/2020,2020,5,Road-transport,NOx,0.081133699,876.2439506
1/5/2020,2020,5,Road-transport,PM10,0.078704619,22.03729341
1/5/2020,2020,5,Road-transport,PM25,0.078704619,19.67615483
1/5/2020,2020,5,Road-transport,SO2,0.078305096,3.13220383
1/6/2020,2020,6,Non-road-transport,CO,0.083333333,1923.333333
1/6/2020,2020,6,Non-road-transport,NOx,0.083333333,1934.166667
1/6/2020,2020,6,Non-road-transport,PM10,0.083333333,73.33333333
1/6/2020,2020,6,Non-road-transport,PM25,0.083333333,68.33333333
1/6/2020,2020,6,Non-road-transport,SO2,0.083333333,179.1666667
1/6/2020,2020,6,Other,CO,0.088719336,462.2277404
1/6/2020,2020,6,Other,NOx,0.087785391,681.2146368
1/6/2020,2020,6,Other,PM10,0.089767627,124.7770009
1/6/2020,2020,6,Other,PM25,0.089851473,87.15592835
1/6/2020,2020,6,Other,SO2,0.08841665,12.37833097
1/6/2020,2020,6,Power,CO,0.093468459,243.0179929
1/6/2020,2020,6,Power,NOx,0.093468458,1293.603466
1/6/2020,2020,6,Power,PM10,0.093468474,36.45270481
1/6/2020,2020,6,Power,PM25,0.093468481,23.36712029
1/6/2020,2020,6,Power,SO2,0.093468452,238.3445517
1/6/2020,2020,6,Road-transport,CO,0.100608343,2716.425266
1/6/2020,2020,6,Road-transport,NOx,0.088548867,956.327759
1/6/2020,2020,6,Road-transport,PM10,0.093667085,26.22678382
1/6/2020,2020,6,Road-transport,PM25,0.093667085,23.41677127
1/6/2020,2020,6,Road-transport,SO2,0.097662169,3.906486745
1/7/2020,2020,7,Non-road-transport,CO,0.083333333,1923.333333
1/7/2020,2020,7,Non-road-transport,NOx,0.083333333,1934.166667
1/7/2020,2020,7,Non-road-transport,PM10,0.083333333,73.33333333
1/7/2020,2020,7,Non-road-transport,PM25,0.083333333,68.33333333
1/7/2020,2020,7,Non-road-transport,SO2,0.083333333,179.1666667
1/7/2020,2020,7,Other,CO,0.081456448,424.3880933
1/7/2020,2020,7,Other,NOx,0.08212823,637.3150643
1/7/2020,2020,7,Other,PM10,0.081507742,113.295762
1/7/2020,2020,7,Other,PM25,0.081531875,79.08591846
1/7/2020,2020,7,Other,SO2,0.082498748,11.54982468
1/7/2020,2020,7,Power,CO,0.115146389,299.3806109
1/7/2020,2020,7,Power,NOx,0.115146389,1593.626022
1/7/2020,2020,7,Power,PM10,0.115146375,44.90708613
1/7/2020,2020,7,Power,PM25,0.115146401,28.78660035
1/7/2020,2020,7,Power,SO2,0.115146362,293.623223
1/7/2020,2020,7,Road-transport,CO,0.093432316,2522.672527
1/7/2020,2020,7,Road-transport,NOx,0.089524272,966.8621407
1/7/2020,2020,7,Road-transport,PM10,0.091474096,25.61274689
1/7/2020,2020,7,Road-transport,PM25,0.091474096,22.86852401
1/7/2020,2020,7,Road-transport,SO2,0.092479434,3.699177354
1/8/2020,2020,8,Non-road-transport,CO,0.083333333,1923.333333
1/8/2020,2020,8,Non-road-transport,NOx,0.083333333,1934.166667
1/8/2020,2020,8,Non-road-transport,PM10,0.083333333,73.33333333
1/8/2020,2020,8,Non-road-transport,PM25,0.083333333,68.33333333
1/8/2020,2020,8,Non-road-transport,SO2,0.083333333,179.1666667
1/8/2020,2020,8,Other,CO,0.081359824,423.8846835
1/8/2020,2020,8,Other,NOx,0.080721974,626.4025197
1/8/2020,2020,8,Other,PM10,0.081023915,112.6232413
1/8/2020,2020,8,Other,PM25,0.080993301,78.56350241
1/8/2020,2020,8,Other,SO2,0.082288017,11.5203224
1/8/2020,2020,8,Power,CO,0.098029322,254.876237
1/8/2020,2020,8,Power,NOx,0.098029271,1356.725115
1/8/2020,2020,8,Power,PM10,0.098029271,38.23141583
1/8/2020,2020,8,Power,PM25,0.098029306,24.5073265
1/8/2020,2020,8,Power,SO2,0.098029274,249.974648
1/8/2020,2020,8,Road-transport,CO,0.098086681,2648.340377
1/8/2020,2020,8,Road-transport,NOx,0.092825524,1002.515659
1/8/2020,2020,8,Road-transport,PM10,0.095149493,26.64185793
1/8/2020,2020,8,Road-transport,PM25,0.095149493,23.78737315
1/8/2020,2020,8,Road-transport,SO2,0.09684697,3.873878803
1/9/2020,2020,9,Non-road-transport,CO,0.083333333,1923.333333
1/9/2020,2020,9,Non-road-transport,NOx,0.083333333,1934.166667
1/9/2020,2020,9,Non-road-transport,PM10,0.083333333,73.33333333
1/9/2020,2020,9,Non-road-transport,PM25,0.083333333,68.33333333
1/9/2020,2020,9,Non-road-transport,SO2,0.083333333,179.1666667
1/9/2020,2020,9,Other,CO,0.098071779,510.953969
1/9/2020,2020,9,Other,NOx,0.094615095,734.2131365
1/9/2020,2020,9,Other,PM10,0.100711592,139.989113
1/9/2020,2020,9,Other,PM25,0.100834555,97.8095179
1/9/2020,2020,9,Other,SO2,0.098375555,13.77257771
1/9/2020,2020,9,Power,CO,0.091131768,236.942597
1/9/2020,2020,9,Power,NOx,0.091131771,1261.263716
1/9/2020,2020,9,Power,PM10,0.091131768,35.54138948
1/9/2020,2020,9,Power,PM25,0.091131758,22.78293961
1/9/2020,2020,9,Power,SO2,0.091131731,232.3859137
1/9/2020,2020,9,Road-transport,CO,0.102765191,2774.660148
1/9/2020,2020,9,Road-transport,NOx,0.097165215,1049.384319
1/9/2020,2020,9,Road-transport,PM10,0.099974489,27.99285691
1/9/2020,2020,9,Road-transport,PM25,0.099974489,24.99362224
1/9/2020,2020,9,Road-transport,SO2,0.101503897,4.060155871
1/10/2020,2020,10,Non-road-transport,CO,0.083333333,1923.333333
1/10/2020,2020,10,Non-road-transport,NOx,0.083333333,1934.166667
1/10/2020,2020,10,Non-road-transport,PM10,0.083333333,73.33333333
1/10/2020,2020,10,Non-road-transport,PM25,0.083333333,68.33333333
1/10/2020,2020,10,Non-road-transport,SO2,0.083333333,179.1666667
1/10/2020,2020,10,Other,CO,0.094803972,493.9286932
1/10/2020,2020,10,Other,NOx,0.092144909,715.044497
1/10/2020,2020,10,Other,PM10,0.095549085,132.8132288
1/10/2020,2020,10,Other,PM25,0.095505187,92.64003168
1/10/2020,2020,10,Other,SO2,0.094765793,13.26721103
1/10/2020,2020,10,Power,CO,0.073986475,192.3648362
1/10/2020,2020,10,Power,NOx,0.073986493,1023.973057
1/10/2020,2020,10,Power,PM10,0.07398649,28.85473116
1/10/2020,2020,10,Power,PM25,0.073986453,18.49661325
1/10/2020,2020,10,Power,SO2,0.073986532,188.6656578
1/10/2020,2020,10,Road-transport,CO,0.103964315,2807.036507
1/10/2020,2020,10,Road-transport,NOx,0.103265622,1115.268718
1/10/2020,2020,10,Road-transport,PM10,0.102781691,28.77887344
1/10/2020,2020,10,Road-transport,PM25,0.102781691,25.69542271
1/10/2020,2020,10,Road-transport,SO2,0.104128825,4.16515298
1/11/2020,2020,11,Non-road-transport,CO,0.083333333,1923.333333
1/11/2020,2020,11,Non-road-transport,NOx,0.083333333,1934.166667
1/11/2020,2020,11,Non-road-transport,PM10,0.083333333,73.33333333
1/11/2020,2020,11,Non-road-transport,PM25,0.083333333,68.33333333
1/11/2020,2020,11,Non-road-transport,SO2,0.083333333,179.1666667
1/11/2020,2020,11,Other,CO,0.097379789,507.3486998
1/11/2020,2020,11,Other,NOx,0.096728379,750.6122197
1/11/2020,2020,11,Other,PM10,0.099139791,137.8043098
1/11/2020,2020,11,Other,PM25,0.09928117,96.3027347
1/11/2020,2020,11,Other,SO2,0.098547741,13.79668379
1/11/2020,2020,11,Power,CO,0.085472947,222.2296624
1/11/2020,2020,11,Power,NOx,0.085472956,1182.945713
1/11/2020,2020,11,Power,PM10,0.085472986,33.33446451
1/11/2020,2020,11,Power,PM25,0.085472994,21.36824848
1/11/2020,2020,11,Power,SO2,0.085472971,217.9560756
1/11/2020,2020,11,Road-transport,CO,0.104203331,2813.489934
1/11/2020,2020,11,Road-transport,NOx,0.104652794,1130.250181
1/11/2020,2020,11,Road-transport,PM10,0.102276804,28.63750502
1/11/2020,2020,11,Road-transport,PM25,0.102276804,25.56920091
1/11/2020,2020,11,Road-transport,SO2,0.104811949,4.192477954
1/12/2020,2020,12,Non-road-transport,CO,0.083333333,1923.333333
1/12/2020,2020,12,Non-road-transport,NOx,0.083333333,1934.166667
1/12/2020,2020,12,Non-road-transport,PM10,0.083333333,73.33333333
1/12/2020,2020,12,Non-road-transport,PM25,0.083333333,68.33333333
1/12/2020,2020,12,Non-road-transport,SO2,0.083333333,179.1666667
1/12/2020,2020,12,Other,CO,0.114405877,596.0546186
1/12/2020,2020,12,Other,NOx,0.109758451,851.725583
1/12/2020,2020,12,Other,PM10,0.118622738,164.8856055
1/12/2020,2020,12,Other,PM25,0.118787281,115.2236625
1/12/2020,2020,12,Other,SO2,0.114041429,15.9658001
1/12/2020,2020,12,Power,CO,0.096790557,251.6554485
1/12/2020,2020,12,Power,NOx,0.096790526,1339.580877
1/12/2020,2020,12,Power,PM10,0.096790538,37.74830966
1/12/2020,2020,12,Power,PM25,0.096790553,24.1976382
1/12/2020,2020,12,Power,SO2,0.096790537,246.8158693
1/12/2020,2020,12,Road-transport,CO,0.105414552,2846.192904
1/12/2020,2020,12,Road-transport,NOx,0.111381065,1202.915497
1/12/2020,2020,12,Road-transport,PM10,0.101593067,28.44605881
1/12/2020,2020,12,Road-transport,PM25,0.101593067,25.3982668
1/12/2020,2020,12,Road-transport,SO2,0.107992165,4.319686586
1/1/2021,2021,1,Non-road-transport,CO,0.083333333,1839.166667
1/1/2021,2021,1,Non-road-transport,NOx,0.083333333,1757.5
1/1/2021,2021,1,Non-road-transport,PM10,0.083333333,61.66666667
1/1/2021,2021,1,Non-road-transport,PM25,0.083333333,57.5
1/1/2021,2021,1,Non-road-transport,SO2,0.083333333,152.5
1/1/2021,2021,1,Other,CO,0.069555323,327.6055728
1/1/2021,2021,1,Other,NOx,0.073713423,515.9939631
1/1/2021,2021,1,Other,PM10,0.065532156,89.77905433
1/1/2021,2021,1,Other,PM25,0.065527436,62.25106457
1/1/2021,2021,1,Other,SO2,0.070049061,9.806868573
1/1/2021,2021,1,Power,CO,0.07404192,204.3556986
1/1/2021,2021,1,Power,NOx,0.074041935,1092.858959
1/1/2021,2021,1,Power,PM10,0.074041907,30.35718185
1/1/2021,2021,1,Power,PM25,0.074041949,19.25090662
1/1/2021,2021,1,Power,SO2,0.074041931,202.8748922
1/1/2021,2021,1,Road-transport,CO,0.096740733,2708.740532
1/1/2021,2021,1,Road-transport,NOx,0.092273965,950.4218436
1/1/2021,2021,1,Road-transport,PM10,0.095655995,27.7402386
1/1/2021,2021,1,Road-transport,PM25,0.095655995,25.82711869
1/1/2021,2021,1,Road-transport,SO2,0.095645248,2.869357435
1/2/2021,2021,2,Non-road-transport,CO,0.083333333,1839.166667
1/2/2021,2021,2,Non-road-transport,NOx,0.083333333,1757.5
1/2/2021,2021,2,Non-road-transport,PM10,0.083333333,61.66666667
1/2/2021,2021,2,Non-road-transport,PM25,0.083333333,57.5
1/2/2021,2021,2,Non-road-transport,SO2,0.083333333,152.5
1/2/2021,2021,2,Other,CO,0.058136233,273.8216553
1/2/2021,2021,2,Other,NOx,0.059582583,417.0780792
1/2/2021,2021,2,Other,PM10,0.056002018,76.72276527
1/2/2021,2021,2,Other,PM25,0.055986737,53.18739974
1/2/2021,2021,2,Other,SO2,0.058312359,8.163730278
1/2/2021,2021,2,Power,CO,0.049774011,137.3762703
1/2/2021,2021,2,Power,NOx,0.049774015,734.6644644
1/2/2021,2021,2,Power,PM10,0.04977402,20.40734821
1/2/2021,2021,2,Power,PM25,0.04977401,12.94124263
1/2/2021,2021,2,Power,SO2,0.049774004,136.3807712
1/2/2021,2021,2,Road-transport,CO,0.073212212,2049.941927
1/2/2021,2021,2,Road-transport,NOx,0.047319096,487.3866932
1/2/2021,2021,2,Road-transport,PM10,0.068245364,19.79115552
1/2/2021,2021,2,Road-transport,PM25,0.068245364,18.42624824
1/2/2021,2021,2,Road-transport,SO2,0.06778826,2.03364781
1/3/2021,2021,3,Non-road-transport,CO,0.083333333,1839.166667
1/3/2021,2021,3,Non-road-transport,NOx,0.083333333,1757.5
1/3/2021,2021,3,Non-road-transport,PM10,0.083333333,61.66666667
1/3/2021,2021,3,Non-road-transport,PM25,0.083333333,57.5
1/3/2021,2021,3,Non-road-transport,SO2,0.083333333,152.5
1/3/2021,2021,3,Other,CO,0.085494867,402.6808212
1/3/2021,2021,3,Other,NOx,0.083333474,583.3343171
1/3/2021,2021,3,Other,PM10,0.083605049,114.5389166
1/3/2021,2021,3,Other,PM25,0.083540887,79.36384284
1/3/2021,2021,3,Other,SO2,0.083131175,11.63836455
1/3/2021,2021,3,Power,CO,0.08292142,228.8631201
1/3/2021,2021,3,Power,NOx,0.082921402,1223.919901
1/3/2021,2021,3,Power,PM10,0.082921396,33.99777221
1/3/2021,2021,3,Power,PM25,0.082921429,21.55957148
1/3/2021,2021,3,Power,SO2,0.082921396,227.204624
1/3/2021,2021,3,Road-transport,CO,0.091142165,2551.980624
1/3/2021,2021,3,Road-transport,NOx,0.090727585,934.4941298
1/3/2021,2021,3,Road-transport,PM10,0.09117408,26.44048312
1/3/2021,2021,3,Road-transport,PM25,0.09117408,24.61700152
1/3/2021,2021,3,Road-transport,SO2,0.091133457,2.734003712
1/4/2021,2021,4,Non-road-transport,CO,0.083333333,1839.166667
1/4/2021,2021,4,Non-road-transport,NOx,0.083333333,1757.5
1/4/2021,2021,4,Non-road-transport,PM10,0.083333333,61.66666667
1/4/2021,2021,4,Non-road-transport,PM25,0.083333333,57.5
1/4/2021,2021,4,Non-road-transport,SO2,0.083333333,152.5
1/4/2021,2021,4,Other,CO,0.084328042,397.1850774
1/4/2021,2021,4,Other,NOx,0.080754472,565.2813062
1/4/2021,2021,4,Other,PM10,0.082320057,112.7784783
1/4/2021,2021,4,Other,PM25,0.082294925,78.18017877
1/4/2021,2021,4,Other,SO2,0.081199138,11.36787932
1/4/2021,2021,4,Power,CO,0.082943171,228.9231529
1/4/2021,2021,4,Power,NOx,0.082943188,1224.241459
1/4/2021,2021,4,Power,PM10,0.082943175,34.00670155
1/4/2021,2021,4,Power,PM25,0.082943203,21.56523272
1/4/2021,2021,4,Power,SO2,0.082943199,227.2643664
1/4/2021,2021,4,Road-transport,CO,0.09703051,2716.854294
1/4/2021,2021,4,Road-transport,NOx,0.093062431,958.54304
1/4/2021,2021,4,Road-transport,PM10,0.096440863,27.96785025
1/4/2021,2021,4,Road-transport,PM25,0.096440863,26.039033
1/4/2021,2021,4,Road-transport,SO2,0.096319564,2.889586928
1/5/2021,2021,5,Non-road-transport,CO,0.083333333,1839.166667
1/5/2021,2021,5,Non-road-transport,NOx,0.083333333,1757.5
1/5/2021,2021,5,Non-road-transport,PM10,0.083333333,61.66666667
1/5/2021,2021,5,Non-road-transport,PM25,0.083333333,57.5
1/5/2021,2021,5,Non-road-transport,SO2,0.083333333,152.5
1/5/2021,2021,5,Other,CO,0.083735834,394.3957766
1/5/2021,2021,5,Other,NOx,0.080848131,565.9369174
1/5/2021,2021,5,Other,PM10,0.081756824,112.0068486
1/5/2021,2021,5,Other,PM25,0.081687879,77.60348541
1/5/2021,2021,5,Other,SO2,0.081668993,11.43365899
1/5/2021,2021,5,Power,CO,0.103695299,286.1990252
1/5/2021,2021,5,Power,NOx,0.103695279,1530.542317
1/5/2021,2021,5,Power,PM10,0.103695327,42.51508412
1/5/2021,2021,5,Power,PM25,0.103695292,26.96077599
1/5/2021,2021,5,Power,SO2,0.103695339,284.1252301
1/5/2021,2021,5,Road-transport,CO,0.098942296,2770.384276
1/5/2021,2021,5,Road-transport,NOx,0.093858733,966.744952
1/5/2021,2021,5,Road-transport,PM10,0.098158137,28.46585978
1/5/2021,2021,5,Road-transport,PM25,0.098158137,26.50269703
1/5/2021,2021,5,Road-transport,SO2,0.098011328,2.940339846
1/6/2021,2021,6,Non-road-transport,CO,0.083333333,1839.166667
1/6/2021,2021,6,Non-road-transport,NOx,0.083333333,1757.5
1/6/2021,2021,6,Non-road-transport,PM10,0.083333333,61.66666667
1/6/2021,2021,6,Non-road-transport,PM25,0.083333333,57.5
1/6/2021,2021,6,Non-road-transport,SO2,0.083333333,152.5
1/6/2021,2021,6,Other,CO,0.094783505,446.4303098
1/6/2021,2021,6,Other,NOx,0.090048538,630.3397671
1/6/2021,2021,6,Other,PM10,0.095162188,130.3721978
1/6/2021,2021,6,Other,PM25,0.095096855,90.34201206
1/6/2021,2021,6,Other,SO2,0.092943868,13.01214149
1/6/2021,2021,6,Power,CO,0.089171004,246.1119704
1/6/2021,2021,6,Power,NOx,0.089170993,1316.163858
1/6/2021,2021,6,Power,PM10,0.089170991,36.56010637
1/6/2021,2021,6,Power,PM25,0.089170992,23.18445794
1/6/2021,2021,6,Power,SO2,0.08917099,244.3285116
1/6/2021,2021,6,Road-transport,CO,0.065282308,1827.904631
1/6/2021,2021,6,Road-transport,NOx,0.080911489,833.3883374
1/6/2021,2021,6,Road-transport,PM10,0.068126938,19.75681212
1/6/2021,2021,6,Road-transport,PM25,0.068126938,18.39427335
1/6/2021,2021,6,Road-transport,SO2,0.068448699,2.053460982
1/7/2021,2021,7,Non-road-transport,CO,0.083333333,1839.166667
1/7/2021,2021,7,Non-road-transport,NOx,0.083333333,1757.5
1/7/2021,2021,7,Non-road-transport,PM10,0.083333333,61.66666667
1/7/2021,2021,7,Non-road-transport,PM25,0.083333333,57.5
1/7/2021,2021,7,Non-road-transport,SO2,0.083333333,152.5
1/7/2021,2021,7,Other,CO,0.082557562,388.8461169
1/7/2021,2021,7,Other,NOx,0.080707281,564.9509684
1/7/2021,2021,7,Other,PM10,0.082144772,112.5383377
1/7/2021,2021,7,Other,PM25,0.082076601,77.97277128
1/7/2021,2021,7,Other,SO2,0.081574872,11.42048204
1/7/2021,2021,7,Power,CO,0.096618265,266.6664113
1/7/2021,2021,7,Power,NOx,0.096618274,1426.08572
1/7/2021,2021,7,Power,PM10,0.096618289,39.61349836
1/7/2021,2021,7,Power,PM25,0.096618249,25.12074478
1/7/2021,2021,7,Power,SO2,0.096618239,264.7339741
1/7/2021,2021,7,Road-transport,CO,0.07626007,2135.281953
1/7/2021,2021,7,Road-transport,NOx,0.083051528,855.430742
1/7/2021,2021,7,Road-transport,PM10,0.07748357,22.47023544
1/7/2021,2021,7,Road-transport,PM25,0.07748357,20.92056403
1/7/2021,2021,7,Road-transport,SO2,0.077627141,2.328814227
1/8/2021,2021,8,Non-road-transport,CO,0.083333333,1839.166667
1/8/2021,2021,8,Non-road-transport,NOx,0.083333333,1757.5
1/8/2021,2021,8,Non-road-transport,PM10,0.083333333,61.66666667
1/8/2021,2021,8,Non-road-transport,PM25,0.083333333,57.5
1/8/2021,2021,8,Non-road-transport,SO2,0.083333333,152.5
1/8/2021,2021,8,Other,CO,0.082924299,390.5734487
1/8/2021,2021,8,Other,NOx,0.081438411,570.0688803
1/8/2021,2021,8,Other,PM10,0.082567947,113.1180873
1/8/2021,2021,8,Other,PM25,0.082511119,78.38556281
1/8/2021,2021,8,Other,SO2,0.082556044,11.55784614
1/8/2021,2021,8,Power,CO,0.093221285,257.2907466
1/8/2021,2021,8,Power,NOx,0.093221278,1375.946066
1/8/2021,2021,8,Power,PM10,0.09322127,38.22072086
1/8/2021,2021,8,Power,PM25,0.093221262,24.23752823
1/8/2021,2021,8,Power,SO2,0.093221249,255.4262212
1/8/2021,2021,8,Road-transport,CO,0.074717054,2092.07751
1/8/2021,2021,8,Road-transport,NOx,0.081727323,841.7914264
1/8/2021,2021,8,Road-transport,PM10,0.075968161,22.03076671
1/8/2021,2021,8,Road-transport,PM25,0.075968161,20.51140349
1/8/2021,2021,8,Road-transport,SO2,0.076119897,2.283596903
1/9/2021,2021,9,Non-road-transport,CO,0.083333333,1839.166667
1/9/2021,2021,9,Non-road-transport,NOx,0.083333333,1757.5
1/9/2021,2021,9,Non-road-transport,PM10,0.083333333,61.66666667
1/9/2021,2021,9,Non-road-transport,PM25,0.083333333,57.5
1/9/2021,2021,9,Non-road-transport,SO2,0.083333333,152.5
1/9/2021,2021,9,Other,CO,0.091994273,433.2930257
1/9/2021,2021,9,Other,NOx,0.090928559,636.4999151
1/9/2021,2021,9,Other,PM10,0.095514328,130.8546294
1/9/2021,2021,9,Other,PM25,0.095518494,90.74256954
1/9/2021,2021,9,Other,SO2,0.092437967,12.94131539
1/9/2021,2021,9,Power,CO,0.086340197,238.2989428
1/9/2021,2021,9,Power,NOx,0.086340172,1274.380938
1/9/2021,2021,9,Power,PM10,0.086340189,35.39947739
1/9/2021,2021,9,Power,PM25,0.086340178,22.44844623
1/9/2021,2021,9,Power,SO2,0.086340191,236.572122
1/9/2021,2021,9,Road-transport,CO,0.081668163,2286.708563
1/9/2021,2021,9,Road-transport,NOx,0.084266962,867.9497089
1/9/2021,2021,9,Road-transport,PM10,0.082186723,23.83414962
1/9/2021,2021,9,Road-transport,PM25,0.082186723,22.19041516
1/9/2021,2021,9,Road-transport,SO2,0.082226601,2.466798039
1/10/2021,2021,10,Non-road-transport,CO,0.083333333,1839.166667
1/10/2021,2021,10,Non-road-transport,NOx,0.083333333,1757.5
1/10/2021,2021,10,Non-road-transport,PM10,0.083333333,61.66666667
1/10/2021,2021,10,Non-road-transport,PM25,0.083333333,57.5
1/10/2021,2021,10,Non-road-transport,SO2,0.083333333,152.5
1/10/2021,2021,10,Other,CO,0.088199181,415.4181443
1/10/2021,2021,10,Other,NOx,0.09084145,635.8901505
1/10/2021,2021,10,Other,PM10,0.091463738,125.3053206
1/10/2021,2021,10,Other,PM25,0.091523818,86.94762747
1/10/2021,2021,10,Other,SO2,0.09075547,12.70576574
1/10/2021,2021,10,Power,CO,0.07368856,203.3804261
1/10/2021,2021,10,Power,NOx,0.073688596,1087.643674
1/10/2021,2021,10,Power,PM10,0.073688588,30.21232112
1/10/2021,2021,10,Power,PM25,0.073688597,19.15903531
1/10/2021,2021,10,Power,SO2,0.073688577,201.9067007
1/10/2021,2021,10,Road-transport,CO,0.081668163,2286.708563
1/10/2021,2021,10,Road-transport,NOx,0.084266962,867.9497089
1/10/2021,2021,10,Road-transport,PM10,0.082186723,23.83414962
1/10/2021,2021,10,Road-transport,PM25,0.082186723,22.19041516
1/10/2021,2021,10,Road-transport,SO2,0.082226601,2.466798039
1/11/2021,2021,11,Non-road-transport,CO,0.083333333,1839.166667
1/11/2021,2021,11,Non-road-transport,NOx,0.083333333,1757.5
1/11/2021,2021,11,Non-road-transport,PM10,0.083333333,61.66666667
1/11/2021,2021,11,Non-road-transport,PM25,0.083333333,57.5
1/11/2021,2021,11,Non-road-transport,SO2,0.083333333,152.5
1/11/2021,2021,11,Other,CO,0.087714174,413.1337607
1/11/2021,2021,11,Other,NOx,0.091161017,638.1271203
1/11/2021,2021,11,Other,PM10,0.091034889,124.7177985
1/11/2021,2021,11,Other,PM25,0.091138322,86.58140597
1/11/2021,2021,11,Other,SO2,0.090693381,12.69707339
1/11/2021,2021,11,Power,CO,0.077629947,214.2586548
1/11/2021,2021,11,Power,NOx,0.077629959,1145.818192
1/11/2021,2021,11,Power,PM10,0.077629934,31.82827287
1/11/2021,2021,11,Power,PM25,0.077629934,20.18378273
1/11/2021,2021,11,Power,SO2,0.077629955,212.7060773
1/11/2021,2021,11,Road-transport,CO,0.081668163,2286.708563
1/11/2021,2021,11,Road-transport,NOx,0.084266962,867.9497089
1/11/2021,2021,11,Road-transport,PM10,0.082186723,23.83414962
1/11/2021,2021,11,Road-transport,PM25,0.082186723,22.19041516
1/11/2021,2021,11,Road-transport,SO2,0.082226601,2.466798039
1/12/2021,2021,12,Non-road-transport,CO,0.083333333,1839.166667
1/12/2021,2021,12,Non-road-transport,NOx,0.083333333,1757.5
1/12/2021,2021,12,Non-road-transport,PM10,0.083333333,61.66666667
1/12/2021,2021,12,Non-road-transport,PM25,0.083333333,57.5
1/12/2021,2021,12,Non-road-transport,SO2,0.083333333,152.5
1/12/2021,2021,12,Other,CO,0.090576707,426.6162905
1/12/2021,2021,12,Other,NOx,0.096642659,676.4986154
1/12/2021,2021,12,Other,PM10,0.092896033,127.2675656
1/12/2021,2021,12,Other,PM25,0.093096926,88.44207956
1/12/2021,2021,12,Other,SO2,0.094677672,13.2548741
1/12/2021,2021,12,Power,CO,0.089954921,248.2755808
1/12/2021,2021,12,Power,NOx,0.089954909,1327.734453
1/12/2021,2021,12,Power,PM10,0.089954915,36.88151508
1/12/2021,2021,12,Power,PM25,0.089954905,23.38827532
1/12/2021,2021,12,Power,SO2,0.08995493,246.4765093
1/12/2021,2021,12,Road-transport,CO,0.081668163,2286.708563
1/12/2021,2021,12,Road-transport,NOx,0.084266962,867.9497089
1/12/2021,2021,12,Road-transport,PM10,0.082186723,23.83414962
1/12/2021,2021,12,Road-transport,PM25,0.082186723,22.19041516
1/12/2021,2021,12,Road-transport,SO2,0.082226601,2.466798039
1/1/2022,2022,1,Non-road-transport,CO,0.083333333,1857.5
1/1/2022,2022,1,Non-road-transport,NOx,0.083333333,1546.666667
1/1/2022,2022,1,Non-road-transport,PM10,0.083333333,54.16666667
1/1/2022,2022,1,Non-road-transport,PM25,0.083333333,50.83333333
1/1/2022,2022,1,Non-road-transport,SO2,0.083333333,130.8333333
1/1/2022,2022,1,Other,CO,0.07286859,339.5676297
1/1/2022,2022,1,Other,NOx,0.086638193,758.0841886
1/1/2022,2022,1,Other,PM10,0.07573446,116.6310677
1/1/2022,2022,1,Other,PM25,0.076028186,85.91184981
1/1/2022,2022,1,Other,SO2,0.082586503,12.38797552
1/1/2022,2022,1,Power,CO,0.074437847,196.5159161
1/1/2022,2022,1,Power,NOx,0.074437837,1003.422047
1/1/2022,2022,1,Power,PM10,0.074437854,27.54200606
1/1/2022,2022,1,Power,PM25,0.074437861,17.86508669
1/1/2022,2022,1,Power,SO2,0.074437843,198.004662
1/1/2022,2022,1,Road-transport,CO,0.092012129,2364.711703
1/1/2022,2022,1,Road-transport,NOx,0.083229049,774.0301548
1/1/2022,2022,1,Road-transport,PM10,0.090822113,25.43019168
1/1/2022,2022,1,Road-transport,PM25,0.090822113,22.70552828
1/1/2022,2022,1,Road-transport,SO2,0.090793088,2.723792652
1/2/2022,2022,2,Non-road-transport,CO,0.083333333,1857.5
1/2/2022,2022,2,Non-road-transport,NOx,0.083333333,1546.666667
1/2/2022,2022,2,Non-road-transport,PM10,0.083333333,54.16666667
1/2/2022,2022,2,Non-road-transport,PM25,0.083333333,50.83333333
1/2/2022,2022,2,Non-road-transport,SO2,0.083333333,130.8333333
1/2/2022,2022,2,Other,CO,0.058783911,273.9330233
1/2/2022,2022,2,Other,NOx,0.070137975,613.7072831
1/2/2022,2022,2,Other,PM10,0.061078398,94.06073291
1/2/2022,2022,2,Other,PM25,0.061321813,69.29364848
1/2/2022,2022,2,Other,SO2,0.066827298,10.02409465
1/2/2022,2022,2,Power,CO,0.059926501,158.2059629
1/2/2022,2022,2,Power,NOx,0.059926507,807.8093168
1/2/2022,2022,2,Power,PM10,0.059926539,22.1728195
1/2/2022,2022,2,Power,PM25,0.059926505,14.38236122
1/2/2022,2022,2,Power,SO2,0.059926507,159.4045082
1/2/2022,2022,2,Road-transport,CO,0.078659252,2021.542771
1/2/2022,2022,2,Road-transport,NOx,0.059832219,556.4396329
1/2/2022,2022,2,Road-transport,PM10,0.076108364,21.31034193
1/2/2022,2022,2,Road-transport,PM25,0.076108364,19.02709101
1/2/2022,2022,2,Road-transport,SO2,0.07604618,2.281385408
1/3/2022,2022,3,Non-road-transport,CO,0.083333333,1857.5
1/3/2022,2022,3,Non-road-transport,NOx,0.083333333,1546.666667
1/3/2022,2022,3,Non-road-transport,PM10,0.083333333,54.16666667
1/3/2022,2022,3,Non-road-transport,PM25,0.083333333,50.83333333
1/3/2022,2022,3,Non-road-transport,SO2,0.083333333,130.8333333
1/3/2022,2022,3,Other,CO,0.086193503,401.661726
1/3/2022,2022,3,Other,NOx,0.087297471,763.8528724
1/3/2022,2022,3,Other,PM10,0.085831122,132.1799283
1/3/2022,2022,3,Other,PM25,0.086016364,97.19849169
1/3/2022,2022,3,Other,SO2,0.086274759,12.94121386
1/3/2022,2022,3,Power,CO,0.081362598,214.7972595
1/3/2022,2022,3,Power,NOx,0.08136259,1096.76772
1/3/2022,2022,3,Power,PM10,0.081362594,30.10415976
1/3/2022,2022,3,Power,PM25,0.081362585,19.52702043
1/3/2022,2022,3,Power,SO2,0.081362564,216.424421
1/3/2022,2022,3,Road-transport,CO,0.078029619,2005.361196
1/3/2022,2022,3,Road-transport,NOx,0.084554969,786.3612142
1/3/2022,2022,3,Road-transport,PM10,0.078913759,22.09585261
1/3/2022,2022,3,Road-transport,PM25,0.078913759,19.72843983
1/3/2022,2022,3,Road-transport,SO2,0.078935312,2.368059367
1/4/2022,2022,4,Non-road-transport,CO,0.083333333,1857.5
1/4/2022,2022,4,Non-road-transport,NOx,0.083333333,1546.666667
1/4/2022,2022,4,Non-road-transport,PM10,0.083333333,54.16666667
1/4/2022,2022,4,Non-road-transport,PM25,0.083333333,50.83333333
1/4/2022,2022,4,Non-road-transport,SO2,0.083333333,130.8333333
1/4/2022,2022,4,Other,CO,0.088566844,412.7214934
1/4/2022,2022,4,Other,NOx,0.085766381,750.4558305
1/4/2022,2022,4,Other,PM10,0.088190064,135.812699
1/4/2022,2022,4,Other,PM25,0.088154218,99.61426623
1/4/2022,2022,4,Other,SO2,0.086593937,12.98909056
1/4/2022,2022,4,Power,CO,0.083030818,219.2013601
1/4/2022,2022,4,Power,NOx,0.083030889,1119.256383
1/4/2022,2022,4,Power,PM10,0.083030877,30.72142439
1/4/2022,2022,4,Power,PM25,0.083030829,19.92739903
1/4/2022,2022,4,Power,SO2,0.083030851,220.8620634
1/4/2022,2022,4,Road-transport,CO,0.074748361,1921.032869
1/4/2022,2022,4,Road-transport,NOx,0.083574878,777.2463657
1/4/2022,2022,4,Road-transport,PM10,0.075944275,21.26439699
1/4/2022,2022,4,Road-transport,PM25,0.075944275,18.98606874
1/4/2022,2022,4,Road-transport,SO2,0.075973417,2.279202519
1/5/2022,2022,5,Non-road-transport,CO,0.083333333,1857.5
1/5/2022,2022,5,Non-road-transport,NOx,0.083333333,1546.666667
1/5/2022,2022,5,Non-road-transport,PM10,0.083333333,54.16666667
1/5/2022,2022,5,Non-road-transport,PM25,0.083333333,50.83333333
1/5/2022,2022,5,Non-road-transport,SO2,0.083333333,130.8333333
1/5/2022,2022,5,Other,CO,0.084955329,395.8918338
1/5/2022,2022,5,Other,NOx,0.086391706,755.9274308
1/5/2022,2022,5,Other,PM10,0.086790903,133.6579899
1/5/2022,2022,5,Other,PM25,0.086778436,98.05963307
1/5/2022,2022,5,Other,SO2,0.088751878,13.31278165
1/5/2022,2022,5,Power,CO,0.068309396,180.3368044
1/5/2022,2022,5,Power,NOx,0.068309397,920.8106656
1/5/2022,2022,5,Power,PM10,0.068309412,25.27448228
1/5/2022,2022,5,Power,PM25,0.068309382,16.39425169
1/5/2022,2022,5,Power,SO2,0.068309404,181.7030158
1/5/2022,2022,5,Road-transport,CO,0.080363187,2065.333918
1/5/2022,2022,5,Road-transport,NOx,0.084241747,783.4482473
1/5/2022,2022,5,Road-transport,PM10,0.08088872,22.64884172
1/5/2022,2022,5,Road-transport,PM25,0.08088872,20.22218011
1/5/2022,2022,5,Road-transport,SO2,0.080901501,2.42704504
1/6/2022,2022,6,Non-road-transport,CO,0.083333333,1857.5
1/6/2022,2022,6,Non-road-transport,NOx,0.083333333,1546.666667
1/6/2022,2022,6,Non-road-transport,PM10,0.083333333,54.16666667
1/6/2022,2022,6,Non-road-transport,PM25,0.083333333,50.83333333
1/6/2022,2022,6,Non-road-transport,SO2,0.083333333,130.8333333
1/6/2022,2022,6,Other,CO,0.077305729,360.244696
1/6/2022,2022,6,Other,NOx,0.082162791,718.9244226
1/6/2022,2022,6,Other,PM10,0.079557786,122.5189902
1/6/2022,2022,6,Other,PM25,0.079602589,89.95092559
1/6/2022,2022,6,Other,SO2,0.083788429,12.56826438
1/6/2022,2022,6,Power,CO,0.07248008,191.3474115
1/6/2022,2022,6,Power,NOx,0.072480101,977.0317596
1/6/2022,2022,6,Power,PM10,0.072480117,26.81764315
1/6/2022,2022,6,Power,PM25,0.072480125,17.39522997
1/6/2022,2022,6,Power,SO2,0.072480074,192.7969979
1/6/2022,2022,6,Road-transport,CO,0.08724319,2242.14999
1/6/2022,2022,6,Road-transport,NOx,0.085031111,790.78933
1/6/2022,2022,6,Road-transport,PM10,0.086943497,24.34417905
1/6/2022,2022,6,Road-transport,PM25,0.086943497,21.73587415
1/6/2022,2022,6,Road-transport,SO2,0.086936179,2.608085374
1/7/2022,2022,7,Non-road-transport,CO,0.083333333,1857.5
1/7/2022,2022,7,Non-road-transport,NOx,0.083333333,1546.666667
1/7/2022,2022,7,Non-road-transport,PM10,0.083333333,54.16666667
1/7/2022,2022,7,Non-road-transport,PM25,0.083333333,50.83333333
1/7/2022,2022,7,Non-road-transport,SO2,0.083333333,130.8333333
1/7/2022,2022,7,Other,CO,0.082012707,382.1792164
1/7/2022,2022,7,Other,NOx,0.081822905,715.9504187
1/7/2022,2022,7,Other,PM10,0.082640829,127.2668767
1/7/2022,2022,7,Other,PM25,0.082540605,93.27088364
1/7/2022,2022,7,Other,SO2,0.082512235,12.3768353
1/7/2022,2022,7,Power,CO,0.101652499,268.3625981
1/7/2022,2022,7,Power,NOx,0.10165249,1370.275559
1/7/2022,2022,7,Power,PM10,0.101652479,37.61141731
1/7/2022,2022,7,Power,PM25,0.10165248,24.39659522
1/7/2022,2022,7,Power,SO2,0.101652462,270.3955488
1/7/2022,2022,7,Road-transport,CO,0.086297785,2217.853073
1/7/2022,2022,7,Road-transport,NOx,0.08574194,797.4000384
1/7/2022,2022,7,Road-transport,PM10,0.086222485,24.14229592
1/7/2022,2022,7,Road-transport,PM25,0.086222485,21.55562136
1/7/2022,2022,7,Road-transport,SO2,0.08622066,2.586619809
1/8/2022,2022,8,Non-road-transport,CO,0.083333333,1857.5
1/8/2022,2022,8,Non-road-transport,NOx,0.083333333,1546.666667
1/8/2022,2022,8,Non-road-transport,PM10,0.083333333,54.16666667
1/8/2022,2022,8,Non-road-transport,PM25,0.083333333,50.83333333
1/8/2022,2022,8,Non-road-transport,SO2,0.083333333,130.8333333
1/8/2022,2022,8,Other,CO,0.08367112,389.907421
1/8/2022,2022,8,Other,NOx,0.08108922,709.5306728
1/8/2022,2022,8,Other,PM10,0.082406273,126.9056602
1/8/2022,2022,8,Other,PM25,0.082329769,93.03263857
1/8/2022,2022,8,Other,SO2,0.080093798,12.01406976
1/8/2022,2022,8,Power,CO,0.111572029,294.5501575
1/8/2022,2022,8,Power,NOx,0.111572016,1503.990771
1/8/2022,2022,8,Power,PM10,0.111572008,41.28164307
1/8/2022,2022,8,Power,PM25,0.111572031,26.77728753
1/8/2022,2022,8,Power,SO2,0.11157202,296.7815739
1/8/2022,2022,8,Road-transport,CO,0.087586133,2250.963612
1/8/2022,2022,8,Road-transport,NOx,0.086028514,800.0651769
1/8/2022,2022,8,Road-transport,PM10,0.087375082,24.46502302
1/8/2022,2022,8,Road-transport,PM25,0.087375082,21.84377055
1/8/2022,2022,8,Road-transport,SO2,0.087369956,2.621098686
1/9/2022,2022,9,Non-road-transport,CO,0.083333333,1857.5
1/9/2022,2022,9,Non-road-transport,NOx,0.083333333,1546.666667
1/9/2022,2022,9,Non-road-transport,PM10,0.083333333,54.16666667
1/9/2022,2022,9,Non-road-transport,PM25,0.083333333,50.83333333
1/9/2022,2022,9,Non-road-transport,SO2,0.083333333,130.8333333
1/9/2022,2022,9,Other,CO,0.089699594,418.00011
1/9/2022,2022,9,Other,NOx,0.081652394,714.458451
1/9/2022,2022,9,Other,PM10,0.086619347,133.3937937
1/9/2022,2022,9,Other,PM25,0.086571731,97.82605657
1/9/2022,2022,9,Other,SO2,0.081662157,12.24932354
1/9/2022,2022,9,Power,CO,0.105733031,279.1352016
1/9/2022,2022,9,Power,NOx,0.105733039,1425.281371
1/9/2022,2022,9,Power,PM10,0.105733018,39.12121676
1/9/2022,2022,9,Power,PM25,0.105733022,25.37592517
1/9/2022,2022,9,Power,SO2,0.105733093,281.2500281
1/9/2022,2022,9,Road-transport,CO,0.091179737,2343.31923
1/9/2022,2022,9,Road-transport,NOx,0.089337586,830.8395471
1/9/2022,2022,9,Road-transport,PM10,0.090930105,25.46042936
1/9/2022,2022,9,Road-transport,PM25,0.090930105,22.73252621
1/9/2022,2022,9,Road-transport,SO2,0.090924008,2.727720253
1/10/2022,2022,10,Non-road-transport,CO,0.083333333,1857.5
1/10/2022,2022,10,Non-road-transport,NOx,0.083333333,1546.666667
1/10/2022,2022,10,Non-road-transport,PM10,0.083333333,54.16666667
1/10/2022,2022,10,Non-road-transport,PM25,0.083333333,50.83333333
1/10/2022,2022,10,Non-road-transport,SO2,0.083333333,130.8333333
1/10/2022,2022,10,Other,CO,0.091020663,424.1562875
1/10/2022,2022,10,Other,NOx,0.081461468,712.7878415
1/10/2022,2022,10,Other,PM10,0.088160778,135.767598
1/10/2022,2022,10,Other,PM25,0.087994666,99.43397219
1/10/2022,2022,10,Other,SO2,0.082421163,12.36317438
1/10/2022,2022,10,Power,CO,0.076560666,202.1201584
1/10/2022,2022,10,Power,NOx,0.076560632,1032.037317
1/10/2022,2022,10,Power,PM10,0.076560636,28.32743534
1/10/2022,2022,10,Power,PM25,0.076560632,18.37455173
1/10/2022,2022,10,Power,SO2,0.076560671,203.6513838
1/10/2022,2022,10,Road-transport,CO,0.088561782,2276.037801
1/10/2022,2022,10,Road-transport,NOx,0.08672682,806.5594233
1/10/2022,2022,10,Road-transport,PM10,0.088313165,24.72768606
1/10/2022,2022,10,Road-transport,PM25,0.088313165,22.07829113
1/10/2022,2022,10,Road-transport,SO2,0.088307115,2.649213449
1/11/2022,2022,11,Non-road-transport,CO,0.083333333,1857.5
1/11/2022,2022,11,Non-road-transport,NOx,0.083333333,1546.666667
1/11/2022,2022,11,Non-road-transport,PM10,0.083333333,54.16666667
1/11/2022,2022,11,Non-road-transport,PM25,0.083333333,50.83333333
1/11/2022,2022,11,Non-road-transport,SO2,0.083333333,130.8333333
1/11/2022,2022,11,Other,CO,0.092301584,430.125383
1/11/2022,2022,11,Other,NOx,0.088258546,772.2622784
1/11/2022,2022,11,Other,PM10,0.092321861,142.1756666
1/11/2022,2022,11,Other,PM25,0.092085463,104.0565727
1/11/2022,2022,11,Other,SO2,0.090341651,13.55124759
1/11/2022,2022,11,Power,CO,0.080325544,212.0594372
1/11/2022,2022,11,Power,NOx,0.080325519,1082.787996
1/11/2022,2022,11,Power,PM10,0.080325494,29.72043277
1/11/2022,2022,11,Power,PM25,0.080325558,19.27813399
1/11/2022,2022,11,Power,SO2,0.080325547,213.6659542
1/11/2022,2022,11,Road-transport,CO,0.078617133,2020.460327
1/11/2022,2022,11,Road-transport,NOx,0.084609925,786.872306
1/11/2022,2022,11,Road-transport,PM10,0.079429075,22.24014093
1/11/2022,2022,11,Road-transport,PM25,0.079429075,19.85726869
1/11/2022,2022,11,Road-transport,SO2,0.079448882,2.383466456
1/12/2022,2022,12,Non-road-transport,CO,0.083333333,1857.5
1/12/2022,2022,12,Non-road-transport,NOx,0.083333333,1546.666667
1/12/2022,2022,12,Non-road-transport,PM10,0.083333333,54.16666667
1/12/2022,2022,12,Non-road-transport,PM25,0.083333333,50.83333333
1/12/2022,2022,12,Non-road-transport,SO2,0.083333333,130.8333333
1/12/2022,2022,12,Other,CO,0.092620425,431.6111798
1/12/2022,2022,12,Other,NOx,0.08732095,764.0583097
1/12/2022,2022,12,Other,PM10,0.09066818,139.6289969
1/12/2022,2022,12,Other,PM25,0.090576161,102.3510614
1/12/2022,2022,12,Other,SO2,0.088146192,13.22192881
1/12/2022,2022,12,Power,CO,0.08460899,223.3677328
1/12/2022,2022,12,Power,NOx,0.084608983,1140.529095
1/12/2022,2022,12,Power,PM10,0.084608972,31.3053196
1/12/2022,2022,12,Power,PM25,0.084608989,20.30615733
1/12/2022,2022,12,Power,SO2,0.084608963,225.0598429
1/12/2022,2022,12,Road-transport,CO,0.076701693,1971.23351
1/12/2022,2022,12,Road-transport,NOx,0.087091243,809.9485635
1/12/2022,2022,12,Road-transport,PM10,0.07810936,21.87062073
1/12/2022,2022,12,Road-transport,PM25,0.07810936,19.52733994
1/12/2022,2022,12,Road-transport,SO2,0.0781437,2.344310989
1/1/2023,2023,1,Non-road-transport,CO,0.083333333,2001.666667
1/1/2023,2023,1,Non-road-transport,NOx,0.083333333,1830
1/1/2023,2023,1,Non-road-transport,PM10,0.083333333,57.5
1/1/2023,2023,1,Non-road-transport,PM25,0.083333333,53.33333333
1/1/2023,2023,1,Non-road-transport,SO2,0.083333333,145
1/1/2023,2023,1,Other,CO,0.070060453,323.679294
1/1/2023,2023,1,Other,NOx,0.076106802,645.3856792
1/1/2023,2023,1,Other,PM10,0.07186407,114.2638713
1/1/2023,2023,1,Other,PM25,0.071924711,82.7134172
1/1/2023,2023,1,Other,SO2,0.075258179,12.04130863
1/1/2023,2023,1,Power,CO,0.055894624,150.3565396
1/1/2023,2023,1,Power,NOx,0.055894612,754.5772646
1/1/2023,2023,1,Power,PM10,0.0558946,20.12205614
1/1/2023,2023,1,Power,PM25,0.05589462,13.41470869
1/1/2023,2023,1,Power,SO2,0.055894596,110.671301
1/1/2023,2023,1,Road-transport,CO,0.065875974,1620.548965
1/1/2023,2023,1,Road-transport,NOx,0.059256234,533.3061047
1/1/2023,2023,1,Road-transport,PM10,0.064124305,19.23729152
1/1/2023,2023,1,Road-transport,PM25,0.064124305,17.31356237
1/1/2023,2023,1,Road-transport,SO2,0.065664593,1.969937795
1/2/2023,2023,2,Non-road-transport,CO,0.083333333,2001.666667
1/2/2023,2023,2,Non-road-transport,NOx,0.083333333,1830
1/2/2023,2023,2,Non-road-transport,PM10,0.083333333,57.5
1/2/2023,2023,2,Non-road-transport,PM25,0.083333333,53.33333333
1/2/2023,2023,2,Non-road-transport,SO2,0.083333333,145
1/2/2023,2023,2,Other,CO,0.066012716,304.9787489
1/2/2023,2023,2,Other,NOx,0.081618657,692.1262125
1/2/2023,2023,2,Other,PM10,0.071613776,113.8659035
1/2/2023,2023,2,Other,PM25,0.071807714,82.5788707
1/2/2023,2023,2,Other,SO2,0.080995244,12.95923897
1/2/2023,2023,2,Power,CO,0.060552487,162.8861892
1/2/2023,2023,2,Power,NOx,0.060552485,817.4585539
1/2/2023,2023,2,Power,PM10,0.060552501,21.7989003
1/2/2023,2023,2,Power,PM25,0.060552498,14.53259957
1/2/2023,2023,2,Power,SO2,0.060552503,119.8939557
1/2/2023,2023,2,Road-transport,CO,0.061146716,1504.209218
1/2/2023,2023,2,Road-transport,NOx,0.06047784,544.3005582
1/2/2023,2023,2,Road-transport,PM10,0.061626756,18.48802672
1/2/2023,2023,2,Road-transport,PM25,0.061626756,16.63922405
1/2/2023,2023,2,Road-transport,SO2,0.061102919,1.833087572
1/3/2023,2023,3,Non-road-transport,CO,0.083333333,2001.666667
1/3/2023,2023,3,Non-road-transport,NOx,0.083333333,1830
1/3/2023,2023,3,Non-road-transport,PM10,0.083333333,57.5
1/3/2023,2023,3,Non-road-transport,PM25,0.083333333,53.33333333
1/3/2023,2023,3,Non-road-transport,SO2,0.083333333,145
1/3/2023,2023,3,Other,CO,0.087795118,405.6134471
1/3/2023,2023,3,Other,NOx,0.08977764,761.3143905
1/3/2023,2023,3,Other,PM10,0.087902568,139.765083
1/3/2023,2023,3,Other,PM25,0.088100131,101.3151511
1/3/2023,2023,3,Other,SO2,0.088137453,14.10199254
1/3/2023,2023,3,Power,CO,0.083118515,223.5888061
1/3/2023,2023,3,Power,NOx,0.083118528,1122.100131
1/3/2023,2023,3,Power,PM10,0.083118531,29.92267133
1/3/2023,2023,3,Power,PM25,0.083118527,19.94844637
1/3/2023,2023,3,Power,SO2,0.083118519,164.5746672
1/3/2023,2023,3,Road-transport,CO,0.085783097,2110.264176
1/3/2023,2023,3,Road-transport,NOx,0.088981044,800.8293984
1/3/2023,2023,3,Road-transport,PM10,0.0855359,25.6607701
1/3/2023,2023,3,Road-transport,PM25,0.0855359,23.09469309
1/3/2023,2023,3,Road-transport,SO2,0.085922558,2.577676751
1/4/2023,2023,4,Non-road-transport,CO,0.083333333,2001.666667
1/4/2023,2023,4,Non-road-transport,NOx,0.083333333,1830
1/4/2023,2023,4,Non-road-transport,PM10,0.083333333,57.5
1/4/2023,2023,4,Non-road-transport,PM25,0.083333333,53.33333333
1/4/2023,2023,4,Non-road-transport,SO2,0.083333333,145
1/4/2023,2023,4,Other,CO,0.08557526,395.3576995
1/4/2023,2023,4,Other,NOx,0.081328806,689.6682757
1/4/2023,2023,4,Other,PM10,0.084252305,133.9611644
1/4/2023,2023,4,Other,PM25,0.084148171,96.77039615
1/4/2023,2023,4,Other,SO2,0.08133817,13.01410713
1/4/2023,2023,4,Power,CO,0.07784114,209.3926677
1/4/2023,2023,4,Power,NOx,0.077841159,1050.855643
1/4/2023,2023,4,Power,PM10,0.077841131,28.02280733
1/4/2023,2023,4,Power,PM25,0.077841132,18.68187162
1/4/2023,2023,4,Power,SO2,0.077841142,154.1254609
1/4/2023,2023,4,Road-transport,CO,0.086471819,2127.206746
1/4/2023,2023,4,Road-transport,NOx,0.086150288,775.3525957
1/4/2023,2023,4,Road-transport,PM10,0.085955629,25.78668865
1/4/2023,2023,4,Road-transport,PM25,0.085955629,23.20801979
1/4/2023,2023,4,Road-transport,SO2,0.086476288,2.594288631
1/5/2023,2023,5,Non-road-transport,CO,0.083333333,2001.666667
1/5/2023,2023,5,Non-road-transport,NOx,0.083333333,1830
1/5/2023,2023,5,Non-road-transport,PM10,0.083333333,57.5
1/5/2023,2023,5,Non-road-transport,PM25,0.083333333,53.33333333
1/5/2023,2023,5,Non-road-transport,SO2,0.083333333,145
1/5/2023,2023,5,Other,CO,0.082497804,381.1398557
1/5/2023,2023,5,Other,NOx,0.081612877,692.0771963
1/5/2023,2023,5,Other,PM10,0.083529949,132.8126183
1/5/2023,2023,5,Other,PM25,0.083427344,95.94144576
1/5/2023,2023,5,Other,SO2,0.083246972,13.31951553
1/5/2023,2023,5,Power,CO,0.088253781,237.4026708
1/5/2023,2023,5,Power,NOx,0.088253795,1191.426228
1/5/2023,2023,5,Power,PM10,0.088253798,31.77136746
1/5/2023,2023,5,Power,PM25,0.088253867,21.18092815
1/5/2023,2023,5,Power,SO2,0.088253787,174.7424981
1/5/2023,2023,5,Road-transport,CO,0.084849949,2087.308734
1/5/2023,2023,5,Road-transport,NOx,0.084199975,757.799773
1/5/2023,2023,5,Road-transport,PM10,0.084318254,25.2954762
1/5/2023,2023,5,Road-transport,PM25,0.084318254,22.76592858
1/5/2023,2023,5,Road-transport,SO2,0.084841488,2.545244642
1/6/2023,2023,6,Non-road-transport,CO,0.083333333,2001.666667
1/6/2023,2023,6,Non-road-transport,NOx,0.083333333,1830
1/6/2023,2023,6,Non-road-transport,PM10,0.083333333,57.5
1/6/2023,2023,6,Non-road-transport,PM25,0.083333333,53.33333333
1/6/2023,2023,6,Non-road-transport,SO2,0.083333333,145
1/6/2023,2023,6,Other,CO,0.077297085,357.1125335
1/6/2023,2023,6,Other,NOx,0.083304967,706.4261218
1/6/2023,2023,6,Other,PM10,0.079076624,125.7318322
1/6/2023,2023,6,Other,PM25,0.079174864,91.05109375
1/6/2023,2023,6,Other,SO2,0.082370701,13.17931213
1/6/2023,2023,6,Power,CO,0.097976327,263.5563206
1/6/2023,2023,6,Power,NOx,0.097976354,1322.680773
1/6/2023,2023,6,Power,PM10,0.097976341,35.27148293
1/6/2023,2023,6,Power,PM25,0.097976315,23.5143155
1/6/2023,2023,6,Power,SO2,0.097976312,193.9930974
1/6/2023,2023,6,Road-transport,CO,0.082443076,2028.099672
1/6/2023,2023,6,Road-transport,NOx,0.081225443,731.0289876
1/6/2023,2023,6,Road-transport,PM10,0.081882315,24.56469459
1/6/2023,2023,6,Road-transport,PM25,0.081882315,22.10822513
1/6/2023,2023,6,Road-transport,SO2,0.082412353,2.472370595
1/7/2023,2023,7,Non-road-transport,CO,0.083333333,2001.666667
1/7/2023,2023,7,Non-road-transport,NOx,0.083333333,1830
1/7/2023,2023,7,Non-road-transport,PM10,0.083333333,57.5
1/7/2023,2023,7,Non-road-transport,PM25,0.083333333,53.33333333
1/7/2023,2023,7,Non-road-transport,SO2,0.083333333,145
1/7/2023,2023,7,Other,CO,0.08051938,371.9995345
1/7/2023,2023,7,Other,NOx,0.07846003,665.3410586
1/7/2023,2023,7,Other,PM10,0.081315981,129.2924102
1/7/2023,2023,7,Other,PM25,0.081212,93.39380018
1/7/2023,2023,7,Other,SO2,0.081233249,12.99731982
1/7/2023,2023,7,Power,CO,0.105973568,285.0688974
1/7/2023,2023,7,Power,NOx,0.105973556,1430.643001
1/7/2023,2023,7,Power,PM10,0.105973597,38.15049488
1/7/2023,2023,7,Power,PM25,0.105973551,25.43365225
1/7/2023,2023,7,Power,SO2,0.105973564,209.827656
1/7/2023,2023,7,Road-transport,CO,0.086315454,2123.360161
1/7/2023,2023,7,Road-transport,NOx,0.084280357,758.5232146
1/7/2023,2023,7,Road-transport,PM10,0.085671098,25.70132944
1/7/2023,2023,7,Road-transport,PM25,0.085671098,23.1311965
1/7/2023,2023,7,Road-transport,SO2,0.086254083,2.587622481
1/8/2023,2023,8,Non-road-transport,CO,0.083333333,2001.666667
1/8/2023,2023,8,Non-road-transport,NOx,0.083333333,1830
1/8/2023,2023,8,Non-road-transport,PM10,0.083333333,57.5
1/8/2023,2023,8,Non-road-transport,PM25,0.083333333,53.33333333
1/8/2023,2023,8,Non-road-transport,SO2,0.083333333,145
1/8/2023,2023,8,Other,CO,0.085598641,395.4657237
1/8/2023,2023,8,Other,NOx,0.085901787,728.447157
1/8/2023,2023,8,Other,PM10,0.084577572,134.478339
1/8/2023,2023,8,Other,PM25,0.084522113,97.2004295
1/8/2023,2023,8,Other,SO2,0.083282772,13.32524344
1/8/2023,2023,8,Power,CO,0.098767955,265.6857995
1/8/2023,2023,8,Power,NOx,0.098767941,1333.367198
1/8/2023,2023,8,Power,PM10,0.098767951,35.55646221
1/8/2023,2023,8,Power,PM25,0.098767906,23.70429732
1/8/2023,2023,8,Power,SO2,0.098767962,195.5605639
1/8/2023,2023,8,Road-transport,CO,0.086243985,2121.602031
1/8/2023,2023,8,Road-transport,NOx,0.085057163,765.5144686
1/8/2023,2023,8,Road-transport,PM10,0.085663906,25.69917182
1/8/2023,2023,8,Road-transport,PM25,0.085663906,23.12925463
1/8/2023,2023,8,Road-transport,SO2,0.086215179,2.586455378
1/9/2023,2023,9,Non-road-transport,CO,0.083333333,2001.666667
1/9/2023,2023,9,Non-road-transport,NOx,0.083333333,1830
1/9/2023,2023,9,Non-road-transport,PM10,0.083333333,57.5
1/9/2023,2023,9,Non-road-transport,PM25,0.083333333,53.33333333
1/9/2023,2023,9,Non-road-transport,SO2,0.083333333,145
1/9/2023,2023,9,Other,CO,0.089923083,415.4446457
1/9/2023,2023,9,Other,NOx,0.079926588,677.7774683
1/9/2023,2023,9,Other,PM10,0.087430953,139.0152151
1/9/2023,2023,9,Other,PM25,0.087176924,100.2534629
1/9/2023,2023,9,Other,SO2,0.083161354,13.30581667
1/9/2023,2023,9,Power,CO,0.081839794,220.1490452
1/9/2023,2023,9,Power,NOx,0.081839762,1104.836784
1/9/2023,2023,9,Power,PM10,0.081839757,29.46231257
1/9/2023,2023,9,Power,PM25,0.081839762,19.64154293
1/9/2023,2023,9,Power,SO2,0.081839791,162.0427862
1/9/2023,2023,9,Road-transport,CO,0.083937819,2064.870355
1/9/2023,2023,9,Road-transport,NOx,0.083213598,748.9223829
1/9/2023,2023,9,Road-transport,PM10,0.083405701,25.0217103
1/9/2023,2023,9,Road-transport,PM25,0.083405701,22.51953927
1/9/2023,2023,9,Road-transport,SO2,0.083926318,2.517789542
1/10/2023,2023,10,Non-road-transport,CO,0.083333333,2001.666667
1/10/2023,2023,10,Non-road-transport,NOx,0.083333333,1830
1/10/2023,2023,10,Non-road-transport,PM10,0.083333333,57.5
1/10/2023,2023,10,Non-road-transport,PM25,0.083333333,53.33333333
1/10/2023,2023,10,Non-road-transport,SO2,0.083333333,145
1/10/2023,2023,10,Other,CO,0.092995332,429.6384361
1/10/2023,2023,10,Other,NOx,0.085491196,724.9653415
1/10/2023,2023,10,Other,PM10,0.090146519,143.3329646
1/10/2023,2023,10,Other,PM25,0.08997783,103.4745044
1/10/2023,2023,10,Other,SO2,0.085643506,13.70296099
1/10/2023,2023,10,Power,CO,0.077211947,207.700137
1/10/2023,2023,10,Power,NOx,0.077211928,1042.361025
1/10/2023,2023,10,Power,PM10,0.077211927,27.79629383
1/10/2023,2023,10,Power,PM25,0.077211924,18.53086171
1/10/2023,2023,10,Power,SO2,0.077211922,152.8796047
1/10/2023,2023,10,Road-transport,CO,0.088238828,2170.67518
1/10/2023,2023,10,Road-transport,NOx,0.085446618,769.019558
1/10/2023,2023,10,Road-transport,PM10,0.087526504,26.25795121
1/10/2023,2023,10,Road-transport,PM25,0.087526504,23.63215609
1/10/2023,2023,10,Road-transport,SO2,0.088148734,2.644462027
1/11/2023,2023,11,Non-road-transport,CO,0.083333333,2001.666667
1/11/2023,2023,11,Non-road-transport,NOx,0.083333333,1830
1/11/2023,2023,11,Non-road-transport,PM10,0.083333333,57.5
1/11/2023,2023,11,Non-road-transport,PM25,0.083333333,53.33333333
1/11/2023,2023,11,Non-road-transport,SO2,0.083333333,145
1/11/2023,2023,11,Other,CO,0.089826734,414.9995102
1/11/2023,2023,11,Other,NOx,0.086569915,734.1128785
1/11/2023,2023,11,Other,PM10,0.088834771,141.2472857
1/11/2023,2023,11,Other,PM25,0.088864353,102.1940064
1/11/2023,2023,11,Other,SO2,0.086577001,13.85232014
1/11/2023,2023,11,Power,CO,0.083382383,224.2986093
1/11/2023,2023,11,Power,NOx,0.083382376,1125.662073
1/11/2023,2023,11,Power,PM10,0.083382377,30.01765558
1/11/2023,2023,11,Power,PM25,0.08338238,20.01177122
1/11/2023,2023,11,Power,SO2,0.08338241,165.0971724
1/11/2023,2023,11,Road-transport,CO,0.094127707,2315.541583
1/11/2023,2023,11,Road-transport,NOx,0.095015915,855.1432318
1/11/2023,2023,11,Road-transport,PM10,0.094817593,28.44527784
1/11/2023,2023,11,Road-transport,PM25,0.094817593,25.60075005
1/11/2023,2023,11,Road-transport,SO2,0.094140518,2.824215527
1/12/2023,2023,12,Non-road-transport,CO,0.083333333,2001.666667
1/12/2023,2023,12,Non-road-transport,NOx,0.083333333,1830
1/12/2023,2023,12,Non-road-transport,PM10,0.083333333,57.5
1/12/2023,2023,12,Non-road-transport,PM25,0.083333333,53.33333333
1/12/2023,2023,12,Non-road-transport,SO2,0.083333333,145
1/12/2023,2023,12,Other,CO,0.091898392,424.5705712
1/12/2023,2023,12,Other,NOx,0.089900734,762.3582201
1/12/2023,2023,12,Other,PM10,0.089454914,142.2333125
1/12/2023,2023,12,Other,PM25,0.089663845,103.113422
1/12/2023,2023,12,Other,SO2,0.0887554,14.200864
1/12/2023,2023,12,Power,CO,0.089187479,239.9143177
1/12/2023,2023,12,Power,NOx,0.089187506,1204.031326
1/12/2023,2023,12,Power,PM10,0.089187487,32.10749544
1/12/2023,2023,12,Power,PM25,0.089187519,21.40500467
1/12/2023,2023,12,Power,SO2,0.089187493,176.5912365
1/12/2023,2023,12,Road-transport,CO,0.094565576,2326.313178
1/12/2023,2023,12,Road-transport,NOx,0.106695525,960.2597266
1/12/2023,2023,12,Road-transport,PM10,0.099472039,29.84161161
1/12/2023,2023,12,Road-transport,PM25,0.099472039,26.85745045
1/12/2023,2023,12,Road-transport,SO2,0.094894969,2.846849058
