Year,Month,HK_NOx_conc,HK_PM10_conc,HK_SO2_conc,Temp_c,RH_c,Rainfall_c,Pressure_c,stratum,fav_share,HK_NOx_emis,HK_PM10_emis,HK_SO2_emis,PRD_NOx_emis,PRD_PM10_emis,PRD_SO2_emis,ln_HK_NOx_conc,ln_HK_PM10_conc,ln_HK_SO2_conc,ln_HK_NOx_emis,ln_HK_PM10_emis,ln_HK_SO2_emis,ln_PRD_NOx_emis,ln_PRD_PM10_emis,ln_PRD_SO2_emis,stratum_with_baseline
2001,1,119.5,54.0,11.0,-6.42331790230077,-0.021417305939962716,-151.94275362318842,4.622635573534353,Favorable,0.6,9569.377265112318,682.5026920631427,7091.015383512656,46871.92,44803.170999999995,43462.35,4.783316371371566,3.9889840465642745,2.3978952727983707,9.166323410763642,6.525766471466197,8.866583822743564,10.755174054447268,10.710034197148202,10.679650325059082,Favorable
2001,2,142.25,54.5,15.0,-6.1064976258030725,0.4428684083457455,-188.3927536231884,4.085308384594214,Favorable,0.5,9064.964092021251,678.9098813696291,6758.422542193574,43572.054,42361.036,41352.989,4.95758607300644,3.9982007016691985,2.70805020110221,9.112172162014117,6.52048839617241,8.818544790059741,10.682171260529577,10.653984256451213,10.62989998320818,Favorable
2001,3,112.5,64.0,13.0,-3.155575966816901,-0.9569011769077065,-142.5427536231884,2.0774742832117,Favorable,0.4666666666666667,10126.19734071369,731.0279970177805,7547.0773239777645,50315.73,49840.815,47690.433,4.722953221644475,4.1588830833596715,2.5649493574615367,9.222881140856023,6.594451758630294,8.928915657889963,10.826073030858032,10.816589505655084,10.772486090722639,Favorable
2001,4,105.0,41.0,10.25,-1.3436404829459292,7.311916027393366,-66.3427536231884,-0.8656439963581306,Unfavorable,0.26666666666666666,9920.790476439755,722.424041781857,7622.542189608777,48827.509,48451.595,48519.422,4.653960350157523,3.713572066704308,2.327277705584417,9.202387882229203,6.582612281977922,8.938865213725252,10.79604914203339,10.788320537313679,10.789719450373676,Unfavorable
2001,5,102.0,43.0,15.0,2.983133710602459,4.301163339221333,-37.492753623188406,-5.280590232917348,Unfavorable,0.03333333333333333,10154.620053552837,744.903128076659,7644.809674033981,50469.871,49210.893,47853.787,4.624972813284271,3.7612001156935624,2.70805020110221,9.225684058597928,6.613254180497697,8.941782222570463,10.829131823357196,10.803870280413522,10.77590553690514,Unfavorable
2001,6,102.0,22.25,14.5,3.8863595170540712,7.0452493607267,884.0072463768116,-7.268977329691552,Unfavorable,0.0,10181.545474252474,756.4400590173664,7539.181005437437,50662.208999999995,48768.141,47815.34,4.624972813284271,3.1023420086122493,2.6741486494265287,9.228332093341395,6.628623295478961,8.927868835133916,10.832935527026656,10.794832530282296,10.77510178749767,Unfavorable
2001,7,96.5,28.0,13.0,4.421843388021813,5.591485919866486,456.8072463768116,-8.851557974852767,Unfavorable,0.06666666666666667,10549.496905186235,775.5408417485253,8073.893373618079,52762.499,48464.469000000005,50381.149,4.56954300834494,3.332204510175204,2.5649493574615367,9.26383345105496,6.65356064628274,8.996391095184748,10.873555971137899,10.788586210506427,10.827372356315847,Unfavorable
2001,8,105.5,34.0,14.0,5.463778871892778,1.881808500511653,119.3072463768116,-7.387041845820477,Unfavorable,0.1,10604.35591139819,775.4951046050902,8110.67439034236,53176.422,50195.75,50483.746999999996,4.658710952916121,3.5263605246161616,2.6390573296152584,9.269020130727045,6.653501670030699,9.000936299058203,10.881370381600865,10.823685640741264,10.829406721877175,Unfavorable
2001,9,108.5,55.75,13.75,4.406359517054071,-2.5880839726066256,363.70724637681167,-5.392310663024887,Unfavorable,0.2,10925.791268959192,802.5909265264836,8134.445986420205,55383.123999999996,52542.929,51624.636999999995,4.686750172980514,4.020877410340228,2.6210388241125804,9.298881444705742,6.687845152668594,9.003862914865739,10.922030205390364,10.869385809687191,10.851754298761616,Unfavorable
2001,10,75.5,56.0,8.0,2.3734562912476207,-5.376256015617386,-188.6427536231884,1.8355387993407248,Unfavorable,0.16666666666666666,11018.589926313181,814.2461009358152,7893.0319321025,56219.516,54430.568999999996,51120.022,4.324132656254979,4.02535169073515,2.0794415416798357,9.307339118649908,6.702262655610417,8.973735615323239,10.937019235387535,10.904681205167469,10.841931519411261,Unfavorable
2001,11,117.0,70.75,15.75,-2.2369738162792636,-13.121417305939957,-195.2427536231884,5.7610226703085345,Favorable,0.4,11283.843829142905,825.397338939423,7963.970673191688,58011.344,56847.991,52649.734000000004,4.762173934797756,4.259152536523347,2.7568403652716422,9.331127231999783,6.715864893348447,8.98268298275537,10.968393856610964,10.94813615994388,10.87141646531764,Favorable
2001,12,126.0,55.0,12.0,-5.458801773268512,-5.7310947252947955,-154.9927536231884,9.187151702566553,Favorable,0.7666666666666667,11760.42745690792,860.5218879182241,8260.935525560943,61153.454999999994,61352.246,56638.183,4.836281906951478,4.007333185232471,2.4849066497880004,9.372495569168555,6.7575390516072655,9.019293119854764,11.02114163992806,11.024387059085894,10.944438648050774,Favorable
2002,1,154.0,66.0,18.0,-6.4200920958491565,-2.4730302091657705,-174.5927536231884,7.683925896115056,Favorable,0.5333333333333333,9537.45390714349,680.8445743235884,6839.082301990494,51188.047,49940.075000000004,50026.105,5.0369526024136295,4.189654742026425,2.8903717578961645,9.162981842778255,6.523334048564151,8.830408835239824,10.843261326741015,10.818579065634799,10.820300248163498,Favorable
2002,2,130.5,56.5,11.0,-5.520783340088787,-0.5928458773685321,-194.8927536231884,7.82102267030848,Favorable,0.5333333333333333,9198.108224830454,658.6258281112607,6822.7568084406275,48300.276999999995,39815.364,47186.647,4.871373226762748,4.034240638152395,2.3978952727983707,9.12675311415703,6.490155585862135,8.82801889327248,10.785192574613866,10.592008146932814,10.7618662290068,Favorable
2002,3,121.0,48.0,10.5,-2.2329953216556078,2.623743984382614,39.507246376811594,2.819409767082675,Unfavorable,0.23333333333333334,9726.356415706074,701.1099012238573,6857.194878384537,52415.942,47297.259999999995,49906.897,4.795790545596741,3.871201010907891,2.3513752571634776,9.182594635954034,6.5526646525263486,8.833053727237017,10.866966060679772,10.764207644683733,10.817914488621465,Unfavorable
2002,4,107.5,36.25,12.0,0.8830261837207374,3.945249360726706,-186.8927536231884,0.2010226703085891,Unfavorable,0.06666666666666667,9947.258104269302,710.2846045161277,7578.912505449944,53472.975999999995,48501.982,54812.671,4.677490847567717,3.590439381300684,2.4849066497880004,9.205052224766842,6.565665741147056,8.933124999405763,10.886931683771932,10.789359942069964,10.911676668836012,Unfavorable
2002,5,67.0,31.5,9.5,3.318617581570198,2.914066565027781,76.20724637681158,-3.8225257167882774,Unfavorable,0.03333333333333333,10418.01948072918,743.0515368149789,7882.768327749938,56705.968,50553.320999999996,56536.946,4.204692619390966,3.449987545831587,2.2512917986064953,9.25129222821404,6.610765405454885,8.97243443178496,10.94563473990877,10.83078391962002,10.942649614931987,Unfavorable
2002,6,51.5,21.5,10.75,5.109692850387404,1.9785826940600373,38.257246376811594,-6.402310663024878,Unfavorable,0.03333333333333333,10705.21024355155,761.0095872074945,8204.984493769209,58573.68,51660.322,58949.807,3.9415818076696905,3.068052935133617,2.3749057545736716,9.278485840583523,6.634645955952493,9.012497113671,10.978040727910807,10.852445299692736,10.984441631999173,Unfavorable
2002,7,88.0,28.5,15.0,5.170230484796004,4.075356887608422,121.3072463768116,-9.99026765227211,Unfavorable,0.1,10527.250754325807,756.3774964164622,7896.246799255931,57410.825,48171.186,56409.287000000004,4.477336814478207,3.349904087274605,2.70805020110221,9.261722484080275,6.6285405854380635,8.974142836862939,10.95798815337719,10.782516320454658,10.940389087051233,Unfavorable
2002,8,76.0,28.0,15.0,4.728295000925041,3.5592278553503576,166.5072463768116,-7.690267652272155,Unfavorable,0.1,10367.629823206882,749.1304033513686,7589.937831442601,56483.676,47709.244,54434.288,4.330733340286331,3.332204510175204,2.70805020110221,9.246443714174461,6.618913071635859,8.934578679505353,10.941706955035023,10.77288045264996,10.90474952840977,Unfavorable
2002,9,81.0,36.0,10.5,3.4430261837207397,2.1452493607267087,523.4072463768116,-3.312310663024846,Unfavorable,0.13333333333333333,10734.285478171018,775.482825335201,7756.351078352652,59139.759000000005,51493.197,56024.684,4.394449154672439,3.58351893845611,2.3513752571634776,9.281198148076335,6.653485835801659,8.956267280726523,10.987658718322075,10.849204980838861,10.933547658314087,Unfavorable
2002,10,99.0,40.0,12.5,1.441198226731487,-0.5052882736818987,-0.4927536231884062,1.1645710574052828,Favorable,0.3,10562.242543502627,777.4907547710853,7106.303026439966,58527.239,53146.681,53458.991,4.59511985013459,3.6888794541139363,2.5257286443082556,9.265040896788731,6.656071753013026,8.868737419415064,10.977247548782387,10.880810935912459,10.886670115590366,Favorable
2002,11,117.75,58.5,16.0,-2.1903071496125968,-6.288083972606628,-176.19275362318842,5.264356003641865,Favorable,0.6333333333333333,10774.790984997777,787.7782329858492,7111.228286340321,60133.943,54395.875,54603.412000000004,4.768563732896527,4.069026754237811,2.772588722239781,9.284964516639745,6.669216620027959,8.86943026263644,11.004329736472087,10.904043602763124,10.907851650623016,Favorable
2002,12,121.5,47.0,10.0,-5.536221128107222,2.3011633392213326,-135.2927536231884,6.916183960631088,Favorable,0.7,11091.394039565777,818.8142549427225,7194.233662383742,62579.278999999995,57291.149,57517.786,4.799914262780603,3.8501476017100584,2.302585092994046,9.31392477484,6.707857263189477,8.881035103903766,11.044189495903707,10.955901423057679,10.959849500694466,Favorable
2003,1,139.0,80.0,16.0,-7.626543708752383,-7.279481822069002,-177.8427536231884,8.367796863856825,Favorable,0.5333333333333333,10536.427675907024,682.4189377239552,8170.2603827126895,51963.600999999995,53033.431,52416.780999999995,4.9344739331306915,4.382026634673881,2.772588722239781,9.262593834465939,6.525643747439462,9.008256057935261,10.858298771693411,10.878677767265124,10.866982067132263,Favorable
2003,2,100.5,47.75,10.5,-5.245783340088785,3.657154122631468,-183.8927536231884,5.7031655274514605,Favorable,0.36666666666666664,10186.482611926416,661.5373626279089,8136.396818869596,48881.185,46874.828,47897.545,4.61015772749913,3.865979066926739,2.3513752571634776,9.228816886248174,6.494566463634824,9.004102709753083,10.797147836595808,10.755236093932647,10.776819529475944,Favorable
2003,3,92.0,48.0,9.0,-4.6684791926233515,4.301163339221333,-160.79275362318842,4.167796863856893,Favorable,0.5333333333333333,10684.541085629695,701.5152984304848,8184.298979244233,52839.166,50291.887,51649.804000000004,4.5217885770490405,3.871201010907891,2.1972245773362196,9.276553217427967,6.553242707473623,9.009972839129897,10.87500797501435,10.825599050832317,10.852241679768078,Favorable
2003,4,72.0,48.5,8.0,0.22302618372073724,5.145249360726709,-114.7927536231884,-0.5989773296914791,Unfavorable,0.26666666666666666,10631.747097638734,695.9957136311257,8531.98422368788,51860.850000000006,53076.507,53231.705,4.276666119016055,3.8815637979434374,2.0794415416798357,9.271599813206363,6.545343501739486,9.051577230514036,10.856319449239864,10.879489679950744,10.882409456463522,Unfavorable
2003,5,66.0,40.0,7.5,3.147649839634717,3.4947117263181013,49.90724637681157,-4.361235394207597,Unfavorable,0.03333333333333333,11250.623092505099,730.351927694206,9063.732440757767,55395.058,55667.669,54676.426,4.189654742026425,3.6888794541139363,2.0149030205422647,9.328178792099271,6.5935265107048595,9.112036283379583,10.92224566298013,10.9271548085567,10.909187926594887,Unfavorable
2003,6,83.5,31.5,8.75,3.94635951705407,3.4119160273933744,323.9072463768116,-6.7723106630247685,Unfavorable,0.0,11146.901796947033,739.4508275897647,8744.684386848226,55349.123999999996,55441.009999999995,55073.185000000005,4.42484663185681,3.449987545831587,2.169053700369523,9.318916872531766,6.605907785808534,9.076201296103672,10.921416111453276,10.923074851591059,10.916418216066234,Unfavorable
2003,7,67.0,22.0,13.5,5.857327258989557,-2.0214173059399627,-97.6427536231884,-4.9128482974333565,Unfavorable,0.03333333333333333,11853.133567001998,770.5122612586209,9806.182064830533,58512.884999999995,56295.352,58678.494999999995,4.204692619390966,3.091042453358316,2.6026896854443837,9.380347547640156,6.647055568012686,9.190768288715399,10.977002265377322,10.93836725299324,10.979828584347917,Unfavorable
2003,8,95.0,28.0,14.5,5.128295000925039,2.656002048898742,215.40724637681157,-7.532203136143039,Unfavorable,0.03333333333333333,11891.545201967776,772.4798774489227,9790.398697190725,58796.758,56297.047000000006,58422.393,4.553876891600541,3.332204510175204,2.6741486494265287,9.383582939354357,6.6496059598228205,9.18915745963819,10.981841996312248,10.938397361597643,10.975454537102127,Unfavorable
2003,9,86.0,39.75,8.5,3.85635951705407,3.445249360726706,194.40724637681157,-4.128977329691452,Unfavorable,0.13333333333333333,11777.52228430771,777.5152571909298,9235.244196889389,58987.640999999996,57055.702999999994,56745.047,4.454347296253507,3.6826098411003407,2.1400661634962708,9.373948102680894,6.6561032672575475,9.130782334827261,10.985083226368722,10.951783315237092,10.946323654001704,Unfavorable
2003,10,103.0,67.0,14.0,1.5476498396347154,-6.860126983359322,-150.7927536231884,2.003280734824557,Unfavorable,0.23333333333333334,11890.65006271672,793.8289687216101,9029.758109962499,60474.749,61168.356,57736.361000000004,4.634728988229636,4.204692619390966,2.6390573296152584,9.383507661253113,6.676868033411493,9.108280858672675,11.009981184994212,11.021385275955877,10.963642427330594,Unfavorable
2003,11,98.0,62.0,14.25,-1.5203071496125986,-3.0880839726066256,-149.44275362318842,4.117689336975218,Favorable,0.4,12170.36630720549,805.9296069530616,9215.696204724138,62320.451,64821.759000000005,59550.385,4.584967478670572,4.127134385045092,2.6567569067146595,9.406759284723794,6.691996402406069,9.12866341849523,11.04004491736055,11.079396613013554,10.99457803991788,Favorable
2003,12,134.0,92.5,21.5,-6.103963063591092,-12.569804402714155,-199.6427536231884,8.971022670308457,Favorable,0.7,12600.059216246245,838.4639607294064,9541.36349428227,65357.199,70560.26,64366.273,4.897839799950911,4.52720864451838,3.068052935133617,9.441456792630609,6.731571599694854,9.16339167815864,11.087622873658423,11.16422237548114,11.072345063727722,Favorable
2004,1,98.5,65.5,14.5,-7.89105983778464,-4.634320531746411,-148.4927536231884,7.52586137998594,Favorable,0.8,9472.843779236035,674.3429377950805,7808.3087564659245,58663.106,49619.221,53960.986000000004,4.590056548178043,4.182050142641207,2.6741486494265287,9.156184434578996,6.513738791297485,8.962943670915855,10.979566290328455,10.812133557807764,10.89601658294941,Favorable
2004,2,122.5,61.0,15.0,-6.510192207083861,0.7372033837152117,-147.69275362318842,5.56757439444641,Favorable,0.43333333333333335,9656.258902287136,696.1991677397203,8461.591598790434,59873.888,51242.864,57759.863999999994,4.808111029984782,4.110873864173311,2.70805020110221,9.175361574999435,6.545635779943876,9.043292567150349,10.999995762515702,10.844331648281612,10.964049418993298,Favorable
2004,3,112.5,57.0,15.0,-4.610414676494315,2.3334214037374608,-95.09275362318841,2.9903775090182307,Favorable,0.26666666666666666,10474.99929622283,752.0817582437614,9251.289100395139,66435.928,52764.924,63466.577000000005,4.722953221644475,4.04305126783455,2.70805020110221,9.25674667760397,6.622845039108965,9.132518183001341,11.103993273468529,10.873601930755438,11.058268699855168,Favorable
2004,4,105.0,61.25,15.5,-0.8103071496125978,5.211916027393372,-52.19275362318842,-0.22897732969147455,Unfavorable,0.06666666666666667,10220.609360776034,744.7626658410113,9262.43141768111,64395.339,56085.411,64503.698,4.653960350157523,4.114963849424837,2.740840023925201,9.232161486322312,6.613065598284643,9.133721865277995,11.072796533696794,10.934631004215083,11.074477834473704,Unfavorable
2004,5,101.0,38.0,21.0,2.5799079041508435,4.0430988230922935,-4.992753623188406,-4.003170878078663,Unfavorable,0.0,10302.959614166846,750.1871684971272,8896.444004133273,65325.479999999996,56631.261999999995,61956.775,4.61512051684126,3.6375861597263857,3.044522437723423,9.240186474124403,6.620322733392109,9.093406925781439,11.087137438237821,10.94431644386749,11.034192243466682,Unfavorable
2004,6,83.5,38.5,11.5,4.849692850387402,0.4119160273933744,-54.492753623188406,-6.035643996358203,Unfavorable,0.0,10602.109056447798,775.3818454921419,9296.45127475932,67709.668,57698.700000000004,64601.25199999999,4.42484663185681,3.6506582412937387,2.4423470353692043,9.268808227898148,6.653355611875482,9.137388022960678,11.12298425520375,10.96298992191309,11.075989070387841,Unfavorable
2004,7,85.5,26.5,15.0,4.7024885493121324,3.7850343069632686,187.20724637681158,-6.116074103885126,Unfavorable,0.03333333333333333,10809.828254074879,792.9731629575617,9688.183705219562,69279.958,58384.781,66231.537,4.448516375942715,3.2771447329921766,2.70805020110221,9.288211022817393,6.67578937863792,9.178662247193897,11.145910937000567,10.974810535539348,11.100912018215634,Unfavorable
2004,8,120.0,33.0,33.0,4.7186175815701965,3.5914859198664857,288.85724637681164,-9.325751523239887,Unfavorable,0.03333333333333333,10909.7342906271,797.7962528703213,9808.641463165657,70010.933,58295.454,66878.088,4.787491742782046,3.4965075614664802,3.4965075614664802,9.297410723867577,6.6818532426319,9.191019058073023,11.156406694550062,10.973279393312021,11.110626658833178,Unfavorable
2004,9,107.75,49.5,21.75,3.9096928503874047,-0.6547506392733027,-31.992753623188406,-2.882310663024782,Unfavorable,0.03333333333333333,10967.492130828978,805.8232022603974,9463.905364745804,70765.31,60233.395,65541.948,4.6798137289838575,3.901972669574645,3.079613757534693,9.302690915541044,6.691864366411206,9.155240406109685,11.167124187855016,11.005982211708034,11.090445644118095,Unfavorable
2004,10,104.0,90.0,19.0,1.2089401622153595,-13.634320531746411,-197.04275362318842,3.2677968638569155,Favorable,0.26666666666666666,11140.487121345299,813.5339186488861,9292.816717967879,72612.856,66486.984,66455.456,4.6443908991413725,4.499809670330265,2.9444389791664403,9.318341239755545,6.701387620502721,9.136996984772496,11.192897265025902,11.104761478163153,11.104287167618063,Favorable
2004,11,101.5,66.25,16.0,-1.0269738162792628,-4.9547506392733,-198.9927536231884,5.784356003641847,Favorable,0.23333333333333334,11565.204215059726,841.5122945841895,9773.889416238082,75953.908,66939.152,69738.849,4.620058798481842,4.193435464866331,2.772588722239781,9.35575623253469,6.735200623844023,9.187469763691825,11.237881961604703,11.111539306624127,11.152512815935145,Favorable
2004,12,126.0,78.0,22.0,-4.645898547462057,-8.343997951101258,-199.3927536231884,6.493603315469841,Favorable,0.4,11917.473978927286,885.4056250697969,10106.047180437741,79060.7,73070.68,74181.00600000001,4.836281906951478,4.356708826689592,3.091042453358316,9.385761003642763,6.786045873417454,9.220889254398026,11.27797119084639,11.199182470886754,11.214263412558527,Favorable
2005,1,135.5,81.0,22.0,-7.807188870042703,-2.602062467230283,-193.5927536231884,6.7677968638569155,Favorable,0.36666666666666664,10149.11557996462,664.6429279129051,8278.05215394402,70454.53,59019.708,68478.11899999999,4.908971640319756,4.394449154672439,3.091042453358316,9.225141845694605,6.499249945939397,9.021362972596155,11.162722816182251,10.98562670100926,11.134269542564542,Favorable
2005,2,108.0,43.0,12.0,-7.245783340088785,7.6928684083457455,-179.8427536231884,5.085308384594214,Favorable,0.4666666666666667,9329.49667345759,621.5571744105548,7262.356480185154,63125.525,49523.804000000004,60065.403,4.68213122712422,3.7612001156935624,2.4849066497880004,9.140936345275536,6.432227900944102,8.890459639200378,11.052880483374759,10.810208721855664,11.003189297531119,Favorable
2005,3,111.5,57.0,15.0,-6.34589854746206,2.172131081156806,-146.7927536231884,5.871022670308548,Favorable,0.43333333333333335,10434.83115345117,687.1582539145528,8370.40084663294,72742.373,53842.232,69221.016,4.7140245909001735,4.04305126783455,2.70805020110221,9.252904638589895,6.532564620737717,9.032457053212887,11.194679341049827,10.893813419625745,11.145059794920392,Favorable
2005,4,109.5,51.25,17.0,-0.6269738162792642,5.0452493607267,-167.2427536231884,1.2976893369751679,Unfavorable,0.1,10219.207547913315,687.7411908707577,8434.970531078594,71257.337,64949.565,71544.578,4.695924549256556,3.9367156180185177,2.833213344056216,9.232024321408245,6.533412591101436,9.040141501325904,11.174053068267886,11.081366324616733,11.178076002937809,Unfavorable
2005,5,78.0,30.0,14.0,3.2541014525379417,6.430195597285845,309.4072463768116,-4.9547837813044,Unfavorable,0.03333333333333333,10207.567254141864,690.5370713780453,7977.703255230581,71822.036,65249.761,68366.745,4.356708826689592,3.4011973816621555,2.6390573296152584,9.230884611870714,6.537469659138908,8.984405836390104,11.181946616027659,11.085977662342982,11.13264180117425,Unfavorable
2005,6,82.0,26.0,13.0,4.0430261837207375,6.945249360726706,694.4072463768116,-8.205643996358162,Unfavorable,0.0,10085.775424851347,694.1201460093907,7645.0098741513275,70802.474,61316.203,66628.992,4.406719247264253,3.258096538021482,2.5649493574615367,9.218881336361745,6.54264506657408,8.941808409945237,11.167649222574125,11.023799409998764,11.106895077121573,Unfavorable
2005,7,86.0,24.0,18.0,5.379907904150844,1.7527762424471405,160.7572463768116,-6.43220313614313,Unfavorable,0.0,10493.165794059687,712.9196639835669,8315.52513941072,73999.736,63435.316999999995,70154.217,4.454347296253507,3.1780538303479458,2.8903717578961645,9.25847944747716,6.5693687408313615,9.025879545304557,11.211816804612376,11.057776035803483,11.15845119776517,Unfavorable
2005,8,88.0,27.0,15.0,4.3379724202798755,6.946324629543909,771.7572463768116,-8.019299910336713,Unfavorable,0.03333333333333333,10631.232322318328,718.3845131764037,8458.321532898004,75099.344,62583.596999999994,71066.141,4.477336814478207,3.295836866004329,2.70805020110221,9.271551393339104,6.577004959373115,9.042906032549647,11.226567102694101,11.044258493998663,11.171366285767855,Unfavorable
2005,9,89.5,47.0,11.5,4.496359517054067,2.6119160273933772,153.20724637681158,-3.588977329691488,Unfavorable,0.1,11023.050873093323,751.2206675518107,8647.544016611984,78991.94099999999,67058.20999999999,74005.987,4.4942386252808095,3.8501476017100584,2.4423470353692043,9.307743893129416,6.621699440230988,9.065030630895158,11.277101113587285,11.113316327149802,11.211901274319047,Unfavorable
2005,10,84.0,71.0,15.0,2.4799079041508456,-6.118191499488347,-192.7427536231884,2.0710226703085937,Favorable,0.26666666666666666,11220.11390891521,761.8496284233892,8563.950738819602,81518.20199999999,73264.963,74997.344,4.430816798843313,4.2626798770413155,2.70805020110221,9.325463331334886,6.635749198185888,9.055316897570144,11.308581611716177,11.20183777905596,11.225207978558048,Favorable
2005,11,103.0,52.0,14.5,-0.7436404829459278,-1.254750639273297,-197.8427536231884,3.7810226703085164,Favorable,0.3333333333333333,11442.75597332625,773.5323719181246,8557.949687773755,84000.34599999999,77075.981,77584.133,4.634728988229636,3.9512437185814275,2.6741486494265287,9.345112142679703,6.650967520356677,9.054615917989366,11.338576196864587,11.252546980535824,11.259118213614649,Favorable
2005,12,119.0,77.0,24.0,-6.671704999074965,-13.795610854327066,-190.04275362318842,8.400054928372924,Favorable,0.6666666666666666,12053.687494507234,816.3363904504951,9278.215743263285,89483.335,83439.895,84765.78,4.77912349311153,4.343805421853684,3.1780538303479458,9.39712590824709,6.704826513214361,9.135424538249278,11.401807685808048,11.331881831284601,11.347647202600882,Favorable
2006,1,113.0,54.0,17.5,-7.274930805526573,1.1398730166406779,-183.1927536231884,5.680700089663333,Favorable,0.6333333333333333,9537.408228082395,589.6803957393989,6731.514935495377,68867.404,59551.64599999999,61312.404,4.727387818712341,3.9889840465642745,2.8622008809294686,9.16297705332701,6.379580687989543,8.81455549916382,11.139938253621823,10.99459921503957,11.023737450557258,Favorable
2006,2,120.5,63.0,21.25,-6.0386404829459295,3.121439836917176,-161.7927536231884,7.006736956022792,Unfavorable,0.23333333333333334,9126.73610257199,579.5570235324437,6523.567295096405,64101.149000000005,51100.679000000004,58640.139,4.791649752930709,4.143134726391533,3.056356895370426,9.118963418170077,6.362264059202643,8.783176636448779,11.068217567865114,10.841553063774748,10.979174706953359,Unfavorable
2006,3,117.0,61.0,15.0,-5.236221128107221,7.623743984382614,-150.79275362318842,2.4290871864375276,Favorable,0.5666666666666667,10029.354193694411,628.9668772390772,7301.211292736538,73007.949,60370.905999999995,65512.731999999996,4.762173934797756,4.110873864173311,2.70805020110221,9.213271491414865,6.444078595916552,8.895795543883393,11.198323604613357,11.008262579131895,11.089999784413061,Favorable
2006,4,97.0,44.75,16.5,0.21635951705406953,6.111916027393377,-0.042753623188389156,-1.0623106630248458,Unfavorable,0.2,9744.503520998729,626.9595782268233,7204.805338123367,70976.346,68182.309,67115.944,4.574710978503383,3.8010914447208646,2.803360380906535,9.184458663593917,6.440882070016973,8.882503490459115,11.170101945585442,11.129940411354879,11.114176910232937,Unfavorable
2006,5,86.0,30.0,16.0,2.1153917751185887,5.2689052747052045,232.10724637681162,-2.7515579748527443,Unfavorable,0.2,9908.62179491132,635.8527536193276,7132.386766982164,72366.035,66134.737,65000.078,4.454347296253507,3.4011973816621555,2.772588722239781,9.20116054549431,6.4549670170688875,8.872401207319458,11.189492338463724,11.099449409737945,11.082143748877055,Unfavorable
2006,6,80.5,24.75,16.0,4.246359517054067,6.778582694060034,269.6572463768116,-5.818977329691506,Unfavorable,0.0,9808.690490638168,642.8052630640314,6826.586928326694,71596.34999999999,65321.32,64505.509,4.388257184424518,3.2088254890146994,2.772588722239781,9.191024056456353,6.465841821546128,8.828580109996222,11.178799373995702,11.087073755085974,11.074505909989277,Unfavorable
2006,7,80.0,30.0,14.0,5.247649839634715,4.430195597285845,369.7572463768116,-8.996719265175443,Unfavorable,0.03333333333333333,10207.510196199308,654.1803888378406,7416.965264160214,74745.05500000001,62457.203,68081.515,4.382026634673881,3.4011973816621555,2.6390573296152584,9.230879022086135,6.483383137335848,8.911525258452059,11.221838335218518,11.042236849174763,11.12846101623115,Unfavorable
2006,8,81.5,30.0,11.0,4.602488549312135,5.494711726318101,75.95724637681158,-7.635428942594672,Unfavorable,0.03333333333333333,10481.128512774645,667.7150175669531,7717.69369127909,77301.486,63795.407,69684.315,4.400603020246817,3.4011973816621555,2.3978952727983707,9.257331634594351,6.503861462099516,8.951270853732781,11.255468458194102,11.063436476145823,11.15173053555624,Unfavorable
2006,9,87.5,46.5,14.0,2.873026183720736,0.4785826940600373,220.70724637681164,-3.222310663024814,Unfavorable,0.16666666666666666,11386.493318157573,718.2743505941478,8765.6401431941,85867.938,72046.85800000001,78914.00300000001,4.471638793363569,3.8394523125933104,2.6390573296152584,9.340183135303311,6.576851599956694,9.078594828709484,11.36056579033524,11.18507199187165,11.276113968906666,Unfavorable
2006,10,98.0,78.0,14.0,2.6411982267314897,-1.2472237575528595,-168.04275362318842,1.8710226703085482,Unfavorable,0.06666666666666667,11156.982120472745,709.7273021041734,7980.400044403594,84707.92599999999,75988.15,75035.50200000001,4.584967478670572,4.356708826689592,2.6390573296152584,9.319820780052929,6.564880814713735,8.984743820064987,11.34696445359382,11.238332686058886,11.225716640518945,Unfavorable
2006,11,101.25,63.0,18.5,-0.4569738162792625,-1.9547506392732998,-99.79275362318842,2.6710226703085027,Unfavorable,0.2,11297.886437733443,716.7369373734584,7924.818023860521,86428.366,79387.07400000001,76474.126,4.617592705986649,4.143134726391533,2.917770732084279,9.332370946297555,6.574708879795812,8.97775463619295,11.367071211095336,11.282090838012751,11.244707740382369,Unfavorable
2006,12,111.5,66.0,19.5,-5.516866289397541,-7.698836660778667,-169.6927536231884,7.851667831598775,Favorable,0.6333333333333333,11484.685083765215,739.5441121023214,7744.410276341897,88959.182,84089.05600000001,80557.19200000001,4.7140245909001735,4.189654742026425,2.970414465569701,9.348769694961916,6.606033931625774,8.95472660745255,11.395932914298248,11.339631706696622,11.296722670777015,Favorable
2007,1,120.0,77.5,23.5,-7.362027579720124,-6.4730302091657705,-169.8927536231884,9.409732347727868,Favorable,0.7666666666666667,9546.770801451396,540.332559062463,5955.948109903395,72329.244,61936.191000000006,50219.674,4.787491742782046,4.350277936359301,3.1570004211501135,9.163958240320241,6.292184800116132,8.69214568152676,11.188983807694136,11.033859956641143,10.824162141252833,Favorable
2007,2,125.25,52.0,12.0,-4.202926197231648,0.7285826940600373,-192.29275362318842,4.792451241737126,Unfavorable,0.16666666666666666,8433.028508065028,491.3125171439826,4797.25379004423,60287.799,43982.266,39677.393000000004,4.830311739964974,3.9512437185814275,2.4849066497880004,9.039911240105514,6.197080416448228,8.475798906094719,11.006885023933663,10.691541786201203,10.58853685863559,Unfavorable
2007,3,104.0,45.0,12.0,-3.471704999074962,6.494711726318101,-171.4927536231884,2.4484420251471875,Favorable,0.3,10225.493124899083,582.4681518211777,6576.77263519178,77295.216,51252.059,53249.841,4.6443908991413725,3.8066624897703196,2.4849066497880004,9.232639207122094,6.367274508960022,8.79129942302033,11.255387343915178,10.844511071803392,10.882750097651721,Favorable
2007,4,98.5,47.0,14.0,-1.9236404829459275,1.5785826940600316,-73.94275362318841,1.787689336975177,Favorable,0.26666666666666666,10135.574432952013,583.9949925515255,6757.047453553642,76756.00600000001,56338.545,54393.574,4.590056548178043,3.8501476017100584,2.6390573296152584,9.223806735420263,6.369892408393394,8.81834130640063,11.248386916459415,10.939134215750771,10.904001300866726,Favorable
2007,5,92.0,49.0,17.0,2.6928111299572954,1.8172923714793967,88.65724637681157,-3.1257515232399555,Unfavorable,0.0,10657.094105345297,603.8175026660022,7129.910093442856,81705.34199999999,59085.981,55543.94699999999,4.5217885770490405,3.8918202981106265,2.833213344056216,9.27398106256062,6.40327200437497,8.872053903713532,11.310874664267468,10.986748967134066,10.92492982423418,Unfavorable
2007,6,90.5,22.0,15.0,4.729692850387401,4.978582694060037,290.5072463768116,-6.532310663024759,Unfavorable,0.0,10749.887614005404,619.4553564185452,7082.823463746614,82905.63,58223.828,57115.126000000004,4.505349850705881,3.091042453358316,2.70805020110221,9.282650578990035,6.428840634579887,8.86542790150494,11.325458251965765,10.972049965739306,10.952824264241077,Unfavorable
2007,7,76.0,25.0,15.0,5.928295000925036,-1.085933434972219,-122.5427536231884,-6.009622490981769,Unfavorable,0.0,11162.515240745273,624.3504352858686,7685.547665280727,86193.902,59360.936,58415.395000000004,4.330733340286331,3.2188758248682006,2.70805020110221,9.320316590536143,6.4367118057433705,8.947096917620998,11.364354711690021,10.991391645911015,10.975334747090212,Unfavorable
2007,8,90.0,26.0,17.0,4.312165968666971,5.5269697908342295,288.9072463768116,-8.870912813562427,Unfavorable,0.03333333333333333,11013.946937802646,617.9375996165612,7418.707708146675,84769.939,57395.913,56765.481999999996,4.499809670330265,3.258096538021482,2.833213344056216,9.306917652106323,6.426387480865489,8.911760157670683,11.347696266007997,10.957728377682077,10.9466837087103,Unfavorable
2007,9,80.5,48.5,14.0,4.01635951705407,-3.254750639273297,-97.1427536231884,-5.345643996358149,Unfavorable,0.23333333333333334,10945.413109352627,631.5138539230032,7010.92358428439,85102.922,63490.423,56793.354,4.388257184424518,3.8815637979434374,2.6390573296152584,9.300675753360947,6.448119879670262,8.855224723744401,11.351616650047202,11.058644354608832,10.947174590821131,Unfavorable
2007,10,79.0,75.0,18.0,1.8799079041508442,-5.89238504787545,-147.6927536231884,1.0194097670827205,Unfavorable,0.23333333333333334,11077.788313574238,638.4329660093183,6805.197985222734,87359.60500000001,65616.098,58680.445999999996,4.3694478524670215,4.31748811353631,2.8903717578961645,9.312697329688165,6.459016683288152,8.825442008743567,11.377788269448363,11.091576341168887,10.979861832773365,Unfavorable
2007,11,98.0,74.5,20.0,-2.8136404829459316,-14.021417305939963,-195.5927536231884,4.601022670308566,Favorable,0.5666666666666667,11186.308574970268,642.8608720065437,6712.902643696984,89130.858,70122.936,59529.041000000005,4.584967478670572,4.310799125385514,2.995732273553991,9.322445860819956,6.465928327585341,8.811786721181566,11.397860883466851,11.158005209236753,10.994219556493066,Favorable
2007,12,113.0,72.0,19.0,-4.452350160365285,-5.666578596262539,-183.7427536231884,5.6936033154697725,Favorable,0.43333333333333335,11816.179236836679,683.523193495006,7316.964867485945,95619.7,77166.99,65386.894,4.727387818712341,4.276666119016055,2.9444389791664403,9.37722499309047,6.527260589011843,8.8979508853809,11.468134144756222,11.253727053896332,11.088077119809501,Favorable
2008,1,125.0,61.0,18.0,-7.765253386171738,-3.053675370456091,-165.7427536231884,6.303280734824625,Favorable,0.6666666666666666,9680.549529475516,554.9268768675475,5979.6732459095565,78212.622,51852.053,64193.754,4.8283137373023015,4.110873864173311,2.8903717578961645,9.17787394823321,6.3188363516743875,8.696121204299548,11.267186320158368,10.856149807859348,11.069661195225475,Favorable
2008,2,113.0,72.0,22.0,-10.386054276049379,-6.055900064560646,-171.7427536231884,7.860677842722339,Favorable,0.8,8961.899614430624,520.373732727994,5381.63779419113,68810.025,37438.674,55180.265,4.727387818712341,4.276666119016055,3.091042453358316,9.10073749403705,6.254547270206854,8.590748029540745,11.139104725515745,10.530459513297677,10.918360650224406,Favorable
2008,3,117.0,70.0,21.0,-3.7329953216556078,-2.0214173059399627,-142.1427536231884,3.09037750901814,Favorable,0.36666666666666664,10373.377920375304,602.0717808040301,6528.061194161525,85033.341,50695.092000000004,71153.574,4.762173934797756,4.248495242049359,3.044522437723423,9.246997987851675,6.400376675416626,8.783865270705633,11.35079870562251,10.833584380159666,11.172595834160846,Favorable
2008,4,95.5,43.25,13.0,-0.6469738162792638,7.0452493607267,55.85724637681159,-0.46231066302482304,Favorable,0.36666666666666664,9894.29160583193,578.3487532958056,6359.666094052896,79412.83600000001,49289.376000000004,64266.251,4.5591262474866845,3.7669972333778885,2.5649493574615367,9.199713264350294,6.360177066116723,8.757731154020867,11.282415296637772,10.805463839850573,11.070789904627233,Favorable
2008,5,84.0,36.0,16.5,1.6282950009250392,4.946324629543909,-7.442753623188395,-4.528977329691543,Unfavorable,0.13333333333333333,9905.292215326244,582.15359208325,6049.95612123475,79792.415,51225.841,61253.157,4.430816798843313,3.58351893845611,2.803360380906535,9.200824460497204,6.366734316838033,8.707806298310116,11.287183728795037,10.843999390737094,11.022770669935829,Unfavorable
2008,6,94.5,21.0,15.25,2.9563595170540715,10.111916027393377,1146.3572463768114,-6.608977329691584,Unfavorable,0.03333333333333333,9789.264203524783,586.9029416144405,5799.095790605192,78330.039,47387.316,60880.495,4.548599834499697,3.044522437723423,2.7245795030534206,9.189041574735272,6.374859459673794,8.665457286209609,11.268686448254687,10.766109876936545,11.016668123251527,Unfavorable
2008,7,97.0,23.0,17.0,4.657327258989554,4.139873016640678,271.85724637681153,-7.103170878078572,Unfavorable,0.0,10087.018511812961,591.9410099726769,6192.683379824578,80826.475,47083.593,61193.381,4.574710978503383,3.1354942159291497,2.833213344056216,9.219004580268077,6.383406984602657,8.731123774138549,11.30005985173117,10.759679875369617,11.021794309056624,Unfavorable
2008,8,74.0,22.0,17.0,4.670230484796004,1.430195597285845,117.7572463768116,-6.8838160393689805,Unfavorable,0.1,10170.675513454431,594.389079463028,6232.261941137775,82060.451,49842.166999999994,62198.497,4.30406509320417,3.091042453358316,2.833213344056216,9.227263909005329,6.387534120864365,8.737494618300428,11.315211461959626,10.81661663164937,11.038086114448179,Unfavorable
2008,9,86.0,41.5,15.5,5.253026183720735,-3.4547506392733,-40.39275362318841,-5.028977329691543,Unfavorable,0.13333333333333333,10490.143658858065,614.6020212440799,6305.006842606643,85997.668,54971.675,64486.021,4.454347296253507,3.7256934272366524,2.740840023925201,9.25819139613528,6.420974938405718,8.749099333665146,11.362075458588922,10.91457333155656,11.07420375061264,Unfavorable
2008,10,66.0,58.0,12.0,2.78635951705407,-0.9891592414238346,-54.64275362318841,1.322635573534285,Unfavorable,0.1,10285.619986580716,603.3391199150299,5766.118096227697,84382.35500000001,54483.601,61305.441,4.189654742026425,4.060443010546419,2.4849066497880004,9.238502080929534,6.402479426565154,8.659754359471036,11.343113594746086,10.905655036289554,11.023623878181109,Unfavorable
2008,11,98.25,55.5,14.0,-1.7669738162792648,-12.688083972606634,-145.0927536231884,5.1910226703084845,Favorable,0.36666666666666664,9928.540241187213,586.0970192266482,5099.056966670168,81857.95199999999,58626.239,58039.491,4.58751525074937,4.0163830207523885,2.6390573296152584,9.203168741317247,6.373485337693386,8.536810893118687,11.312740731409463,10.978937639853612,10.968878937145748,Favorable
2008,12,131.0,71.0,17.0,-5.27815661197819,-14.634320531746411,-190.4427536231884,7.003280734824557,Favorable,0.6333333333333333,10403.326999142171,624.8540727854668,5436.782533378059,87595.695,64502.761,66175.072,4.875197323201151,4.2626798770413155,2.833213344056216,9.249880937734835,6.4375181389316225,8.600942718806557,11.380487131881269,11.074463308069255,11.100059115118889,Favorable
2009,1,99.0,66.0,17.0,-8.39105983778464,-14.150449564004482,-199.5927536231884,9.03876460579238,Favorable,0.7666666666666667,7934.347830632894,451.7437422596509,3820.0641503513584,56184.989,27924.796000000002,42813.137,4.59511985013459,4.189654742026425,2.833213344056216,8.978956440626655,6.113115077156475,8.248022494745312,10.936404900560191,10.237270318628713,10.664600273726009,Favorable
2009,2,92.0,40.0,9.0,-3.2029261972316476,3.264296979774329,-198.0927536231884,2.6531655274513923,Unfavorable,0.16666666666666666,8011.433161284981,462.2402014480465,4116.471008925005,56736.0,26274.856,45125.612,4.5217885770490405,3.6888794541139363,2.1972245773362196,8.988624945566597,6.136084672526169,8.322751524062157,10.946164208873935,10.176367715235367,10.717205257870084,Unfavorable
2009,3,89.0,44.0,10.0,-4.023317902300768,5.075356887608422,-78.4927536231884,2.412958154179478,Unfavorable,0.1,9104.16862664096,518.8457237938143,4852.961623499719,68571.363,33505.676,53926.102,4.48863636973214,3.784189633918261,2.302585092994046,9.11648767845303,6.251606582317053,8.487344441584895,11.135630277578302,10.419470136296857,10.895369906838999,Unfavorable
2009,4,60.5,52.0,10.0,-1.6903071496125968,-0.8880839726066228,-90.69275362318841,-0.15897732969153822,Unfavorable,0.06666666666666667,8801.538337243164,504.29824414698174,4741.7299653848995,66630.63,34253.788,52900.599,4.102643365036796,3.9512437185814275,2.302585092994046,9.082681796238987,6.223167847313743,8.464157319703379,11.106919660712244,10.44155243611495,10.876169941033702,Unfavorable
2009,5,60.5,38.0,8.0,1.8218433880218114,0.26890527470520453,45.70724637681158,-1.9999450716269394,Unfavorable,0.03333333333333333,9286.363534926399,531.2626536065394,5037.866260687616,70467.094,35211.088,54616.200000000004,4.102643365036796,3.6375861597263857,2.0794415416798357,9.136302316524151,6.275256538508455,8.524737910448176,11.162901128064794,10.469116311984104,10.90808582102198,Unfavorable
2009,6,81.5,27.0,12.0,4.429692850387401,3.3452493607266973,142.35724637681162,-8.015643996358108,Unfavorable,0.0,9747.914858555818,558.2320550462646,5562.920137093571,74233.499,36661.483,56664.252,4.400603020246817,3.295836866004329,2.4849066497880004,9.184808680459499,6.324774745190196,8.623878453886242,11.2149707962767,10.509481973385105,10.944898814691676,Unfavorable
2009,7,71.0,19.5,8.0,5.334746613828262,2.7527762424471405,189.8072463768116,-7.7386547490463045,Unfavorable,0.03333333333333333,10026.619177077431,566.9879833127359,5864.7428623389205,76231.639,35868.585,57977.135,4.2626798770413155,2.970414465569701,2.0794415416798357,9.212998753055736,6.340338110051203,8.676713917387993,11.241531865472682,10.487617121741545,10.967803987663862,Unfavorable
2009,8,96.0,30.0,14.0,5.7186175815701965,1.9463246295439092,134.60724637681162,-7.970912813562563,Unfavorable,0.06666666666666667,10434.266218961793,581.5518190334813,6321.307241406029,79274.46399999999,35724.971000000005,58933.589,4.564348191467836,3.4011973816621555,2.6390573296152584,9.252850497820944,6.365700080685721,8.751681307746672,11.280671338109645,10.483605191041265,10.984166478743454,Unfavorable
2009,9,61.0,36.0,8.0,5.113026183720734,0.44524936072670585,286.95724637681155,-5.332310663024828,Unfavorable,0.1,10819.828138663235,602.617171821375,6441.126766875137,83538.738,38493.658,62093.969,4.110873864173311,3.58351893845611,2.0794415416798357,9.289135668601796,6.401282122508869,8.770458767594505,11.33306573140127,10.558248779434122,11.03640414565302,Unfavorable
2009,10,81.0,70.0,11.0,2.454101452537941,-4.9569011769077065,-155.0427536231884,-0.3999450716270303,Unfavorable,0.06666666666666667,10674.570231368863,593.9054463068453,6020.028148891797,83159.182,39852.351,61602.868,4.394449154672439,4.248495242049359,2.3978952727983707,9.275619577929849,6.38672012539035,8.702847214187582,11.328511905463735,10.592936678714036,11.028463706879359,Unfavorable
2009,11,96.5,48.25,12.0,-3.2336404829459298,-5.82141730593996,-138.94275362318842,4.861022670308557,Favorable,0.6666666666666666,10768.878025822933,600.5099387537604,5909.563866519545,84471.654,41039.793,62771.520000000004,4.56954300834494,3.876395827784995,2.4849066497880004,9.284415588848443,6.397779192180344,8.68432731182592,11.34417130144614,10.622297435972282,11.047256746407907,Favorable
2009,12,106.0,59.0,11.0,-6.400737257139475,0.043098823092293514,-149.2427536231884,6.5097323477278906,Favorable,0.7,11370.071858821491,647.8050204705022,6281.21796802639,91673.814,45643.496,73767.255,4.663439094112067,4.07753744390572,2.3978952727983707,9.338739906761681,6.473589756738846,8.745319184610794,11.425992055850116,10.728616400516568,11.208670212937962,Favorable
2010,1,107.0,52.0,9.0,-6.865253386171737,1.9785826940600373,-174.5927536231884,7.622635573534353,Favorable,0.9666666666666667,8503.93443494535,485.59292698008835,2873.199968101084,70204.172,24793.716,51929.151,4.672828834461906,3.9512437185814275,2.1972245773362196,9.048284210084413,6.185370674112209,7.96318165909842,11.159163018447428,10.118345512948364,10.857635587773466,Favorable
2010,2,83.5,32.0,6.0,-5.8564976258030725,10.050011265488607,-86.04275362318842,3.728165527451324,Favorable,0.6,7812.765898545664,450.81476499848617,2643.1269883754853,59964.064,20404.759,43599.104,4.42484663185681,3.4657359027997265,1.791759469228055,8.963514328479324,6.111056534509661,7.879717960508517,11.001500728438687,9.92352343693948,10.682791878667247,Favorable
2010,3,96.0,59.0,9.0,-3.562027579720123,1.9785826940600373,-181.7427536231884,4.029087186437437,Favorable,0.4666666666666667,8813.562035635765,504.74646008522626,2994.476035744709,72527.71800000001,25030.524,50551.29,4.564348191467836,4.07753744390572,2.1972245773362196,9.084046954541286,6.224056243964246,8.004524548915677,11.191724085019532,10.127851319084835,10.83074374341084,Favorable
2010,4,94.25,36.5,7.25,-2.6669738162792633,8.645249360726709,-120.2427536231884,1.8476893369751224,Favorable,0.4666666666666667,8582.525336847797,498.1282202492216,3012.702736177351,70790.66,25625.708,48470.558000000005,4.54595082632812,3.597312260588446,1.9810014688665833,9.057483477479868,6.210857514264806,8.010592873850614,11.16748235007553,10.15135134532732,10.78871184104879,Favorable
2010,5,79.0,33.0,7.0,1.8702304847960072,7.946324629543909,-22.692753623188395,-3.9902676522721094,Unfavorable,0.2,8862.206402440595,514.8969591505258,3025.4361213105835,73434.44,26155.125,49737.473,4.3694478524670215,3.4965075614664802,1.9459101490553132,9.089551042217233,6.243966801325832,8.014810532407187,11.20414831436737,10.171800434994209,10.814513911885074,Unfavorable
2010,6,69.5,20.5,7.0,3.4263595170540704,7.345249360726697,275.45724637681155,-4.995643996358126,Unfavorable,0.03333333333333333,8883.530549427798,524.3673993309342,2998.664239774661,73468.998,26672.384,50540.412000000004,4.241326752570746,3.0204248861443626,1.9459101490553132,9.091954341365506,6.262192582395914,8.005922215087068,11.20461880030164,10.191384002007513,10.830528532867802,Unfavorable
2010,7,74.0,17.0,9.0,5.454101452537941,3.4624536618019732,269.9072463768116,-4.6612353942075515,Unfavorable,0.03333333333333333,9119.853481017892,523.8439732400137,3161.2661435679574,75937.899,25854.421,50294.794,4.30406509320417,2.833213344056216,2.1972245773362196,9.11820901726146,6.261193878989095,8.058727904675116,11.237671166824189,10.16023689045851,10.825656851725475,Unfavorable
2010,8,88.0,20.0,10.0,5.118617581570199,3.0753568876084216,150.8072463768116,-4.7322031361430845,Unfavorable,0.06666666666666667,9313.35378491032,533.1759147681208,3252.5934864246733,78707.117,26829.377999999997,51835.766,4.477336814478207,2.995732273553991,2.302585092994046,9.139204540086421,6.27885141618176,8.087207952917378,11.273488862337096,10.19725276014684,10.855835653307906,Unfavorable
2010,9,94.5,29.0,8.0,4.243026183720737,4.645249360726709,383.5572463768117,-4.098977329691479,Unfavorable,0.1,9640.568873322707,559.6058841585656,3251.9988162831487,82618.27900000001,28892.442,55713.354999999996,4.548599834499697,3.367295829986474,2.0794415416798357,9.173735397618934,6.327232757672723,8.087025106671064,11.32198623042637,10.271335317406203,10.92797516378278,Unfavorable
2010,10,66.0,54.0,9.0,1.1282950009250392,-5.989159241423835,-176.54275362318842,-0.3676870071109306,Favorable,0.5333333333333333,9634.692439601664,549.3783048111376,3055.8770637800894,82823.84199999999,28875.026,55087.849,4.189654742026425,3.9889840465642745,2.1972245773362196,9.17312565917672,6.308787284004761,8.0248219216566,11.324471245784514,10.27073234825659,10.916684444505712,Favorable
2010,11,106.5,71.5,11.5,-2.5303071496125966,-4.221417305939966,-157.3427536231884,4.297689336975168,Unfavorable,0.3,9804.490914714406,555.2878878247707,2988.1172184001052,85425.13100000001,29915.8,58222.69300000001,4.66814498514948,4.269697449699962,2.4423470353692043,9.190595816294683,6.3194866960607685,8.002398775202153,11.355395610491243,10.306142047903464,10.972030471812133,Unfavorable
2010,12,134.0,73.0,14.0,-5.6523501603652875,-12.24722375755286,-181.1427536231884,3.4548936380504074,Favorable,0.6,10168.51584859001,590.1613044029074,3062.541182060144,90950.822,34325.941,65545.459,4.897839799950911,4.290459441148391,2.6390573296152584,9.227051544134563,6.380395896826599,8.027000301965883,11.418074221838356,10.44365664468138,11.090499211429877,Favorable
2011,1,111.0,73.0,14.0,-10.013640482945931,-11.085933434972219,-194.0927536231884,8.664571057405283,Favorable,0.9333333333333333,8867.163283714377,476.21383251840734,2592.0986223983705,68773.232,22523.661,49919.977,4.709530201312334,4.290459441148391,2.6390573296152584,9.09011021397468,6.165866981338588,7.860223105513133,11.138569878446713,10.022321635648568,10.818176542306023,Favorable
2011,2,114.5,54.0,9.0,-7.5529261972316455,-0.6642744487971015,-175.7427536231884,4.2710226703085254,Favorable,0.5666666666666667,8147.315261786474,447.9082767403596,2402.1340895124686,58776.103,18962.682,43070.957,4.740574822994295,3.9889840465642745,2.1972245773362196,9.005443736233907,6.104588472034169,7.784112825191925,10.98149063971453,9.850228221501302,10.670604197443746,Favorable
2011,3,98.0,66.0,12.0,-5.694285644236253,-6.924643112391578,-178.79275362318842,5.906506541276258,Favorable,0.6666666666666666,9181.181645850316,496.00399375528957,2662.108164893483,72878.089,24574.108,50059.359,4.584967478670572,4.189654742026425,2.4849066497880004,9.124911194922419,6.2065839786184975,7.886873631072267,11.196543310404548,10.109448647306767,10.820964760269346,Favorable
2011,4,105.5,55.0,12.25,-0.7669738162792648,-2.2214173059399656,-163.2927536231884,1.2010226703085891,Unfavorable,0.06666666666666667,9010.526954007655,488.68385625535996,2703.698142481134,70993.831,23833.623,48015.108,4.658710952916121,4.007333185232471,2.505525936990736,9.106148834353625,6.191715769671458,7.902375797233544,11.170348264924586,10.078852593786285,10.779270990366639,Unfavorable
2011,5,83.0,36.0,8.0,2.3057143557637474,3.2366472101890764,-12.642753623188412,-3.609622490981792,Unfavorable,0.2,9190.84100285104,501.3711728395742,2677.750259370368,72625.713,24579.114,48801.771,4.418840607796598,3.58351893845611,2.0794415416798357,9.125962723986524,6.217346690731887,7.892732265506043,11.193074311661958,10.109652336904869,10.795521882166343,Unfavorable
2011,6,75.0,17.0,7.0,4.8463595170540685,3.7119160273933716,246.7572463768116,-7.548977329691411,Unfavorable,0.03333333333333333,9741.228813331816,532.2671577248465,2875.4320746960457,79496.00200000001,25962.298,54041.331000000006,4.31748811353631,2.833213344056216,1.9459101490553132,9.184122550211924,6.27714553946791,7.963958228790312,11.283462010069698,10.164400687701525,10.897504421674599,Unfavorable
2011,7,77.0,22.0,9.0,5.118617581570199,3.172131081156806,27.357246376811588,-8.39994507162703,Unfavorable,0.1,9613.51144000662,515.0392749257305,2829.7642522010087,77108.276,24420.932,50287.159999999996,4.343805421853684,3.091042453358316,2.1972245773362196,9.17092482960561,6.244243159747648,7.947948684058202,11.25296589490621,10.103195912374579,10.825505055111648,Unfavorable
2011,8,86.0,20.0,12.0,5.767004678344392,-1.343997951101258,-41.992753623188406,-6.7322031361430845,Unfavorable,0.0,10055.558032072857,530.5809861366143,3018.420230631032,82858.678,25578.509000000002,52283.648,4.454347296253507,2.995732273553991,2.4849066497880004,9.215880798635256,6.273972606415152,8.012488871063047,11.324891760881862,10.149507785709254,10.864438943421606,Unfavorable
2011,9,65.25,43.5,8.0,4.279692850387402,0.7119160273933716,-76.3427536231884,-5.182310663024737,Unfavorable,0.23333333333333334,10218.526609785366,549.3011304528724,2964.2387318487763,84992.041,27847.843,54815.725999999995,4.178226046202803,3.7727609380946383,2.0794415416798357,9.231957686024602,6.308646798334573,7.994375526981128,11.350312895794278,10.23451079172761,10.911732402570781,Unfavorable
2011,10,69.5,50.0,10.0,1.1250691944734257,0.17213108115680598,-26.992753623188406,1.0903775090181398,Unfavorable,0.36666666666666664,10012.867610930422,541.8022499770436,2768.7743970037645,82051.836,27587.462,53387.092000000004,4.241326752570746,3.912023005428146,2.302585092994046,9.211626305901671,6.294901082423921,7.926160045313546,11.31510647286752,10.22511667312861,10.885324272882169,Unfavorable
2011,11,83.0,43.75,12.25,-0.6669738162792633,-0.7880839726066284,-113.0427536231884,2.527689336975186,Favorable,0.5333333333333333,10281.061425676848,551.3482146243574,2796.357020412624,85433.378,28569.481,56153.275,4.418840607796598,3.7784916128036232,2.505525936990736,9.23805878520407,6.312366578010195,7.93607278490615,11.35549214650873,10.26009432915152,10.935840284378433,Favorable
2011,12,91.0,68.0,17.0,-6.849124353913673,-13.47303020916577,-196.6427536231884,8.05811944450204,Favorable,0.7666666666666667,10880.217919986175,589.4798540495424,2949.22401455092,92630.724,31358.997000000003,63889.590000000004,4.51085950651685,4.219507705176107,2.833213344056216,9.294701549619841,6.379240544753158,7.9892973688162785,11.436376158259847,10.353256490534497,11.064911716296098,Favorable
2012,1,112.0,47.0,11.0,-8.655575966816897,3.881808500511653,-157.4927536231884,6.477474283211677,Favorable,0.5666666666666667,8231.674203995388,429.0597724471928,2556.2081174711857,61622.366,17599.606,38160.792,4.718498871295094,3.8501476017100584,2.3978952727983707,9.015744699956578,6.06159623893627,7.846280235293537,11.028780168038,9.775631794412028,10.549563880063827,Favorable
2012,2,90.0,37.0,8.0,-7.920537034670069,6.59927234923245,-169.5927536231884,4.019298532377434,Favorable,0.6,8656.106509191504,460.24437241318236,2840.1757100776176,66670.379,18849.15,44196.65,4.499809670330265,3.6109179126442243,2.0794415416798357,9.066020305676862,6.1317575927992864,7.951621198987038,11.107516040311712,9.844223099021248,10.696404273338239,Favorable
2012,3,92.0,39.0,8.0,-4.716866289397544,5.430195597285845,-177.0927536231884,2.7839258961149653,Favorable,0.7666666666666667,9630.203656552878,503.4716726513882,3062.0263382719086,78553.326,22125.746,51606.48,4.5217885770490405,3.6635616461296463,2.0794415416798357,9.172659652704885,6.221527449704789,8.026832177837038,11.271532985244384,10.004497186821832,10.851402524980319,Favorable
2012,4,80.75,34.0,9.0,0.1396928503874051,7.311916027393366,95.45724637681158,-1.5189773296915519,Unfavorable,0.13333333333333333,9203.488912042229,483.6426771976353,2984.8064254242413,73475.27100000001,20930.015,46706.893,4.391357962102766,3.5263605246161616,2.1972245773362196,9.127337920717581,6.181346363808125,8.001290174619802,11.20470417960968,9.948939532114418,10.75164703447799,Unfavorable
2012,5,71.0,28.0,6.0,3.3315208073766485,7.720518177930998,78.35724637681162,-5.274138620014014,Unfavorable,0.03333333333333333,9557.384131182642,500.5682168376107,3053.287053051731,77072.728,21522.279000000002,48015.979999999996,4.2626798770413155,3.332204510175204,1.791759469228055,9.16506934215757,6.215743886845475,8.023974011587725,11.25250477453849,9.976843910155543,10.779289151152238,Unfavorable
2012,6,67.5,31.5,7.0,4.399692850387403,5.411916027393374,62.10724637681162,-10.24231066302491,Unfavorable,0.1,9493.653776029858,512.2314615134825,2965.0586520787465,77025.292,22480.914,49541.47,4.212127597878484,3.449987545831587,1.9459101490553132,9.15837883078566,6.238776596153695,7.994652092712987,11.251889114434638,10.020421961544088,10.810565375594638,Unfavorable
2012,7,63.0,17.0,7.0,5.063778871892779,3.4947117263181013,268.35724637681164,-8.228977329691588,Unfavorable,0.06666666666666667,9379.765613354635,497.76750458122365,2921.9128405627152,75181.501,21307.481,46229.183000000005,4.143134726391533,2.833213344056216,1.9459101490553132,9.146310053772783,6.210133109741765,7.979993763174013,11.227660482335198,9.966813510691257,10.74136654431908,Unfavorable
2012,8,91.0,34.0,14.0,5.802488549312134,-1.0214173059399627,-49.64275362318841,-9.47736442646567,Unfavorable,0.03333333333333333,9580.770942767307,505.48213068370416,3000.655167028324,77887.917,22141.452,47495.165,4.51085950651685,3.5263605246161616,2.6390573296152584,9.167513341919861,6.225512688050751,8.00658593281628,11.263026110713929,10.005206786768007,10.768383195368148,Unfavorable
2012,9,76.0,29.0,9.0,4.279692850387402,-2.754750639273297,13.607246376811588,-2.5689773296915064,Unfavorable,0.16666666666666666,9578.995311470253,523.7020349568384,2862.142018560098,78795.751,24181.331000000002,49900.525,4.330733340286331,3.367295829986474,2.1972245773362196,9.167327991923564,6.260922887007964,7.959325581023657,11.274614353072367,10.093336168145978,10.81778680272635,Unfavorable
2012,10,69.0,65.0,11.0,1.8573272589895566,-4.214965693036731,-152.9927536231884,1.5065065412762806,Unfavorable,0.16666666666666666,9708.470353018824,523.6687616468411,2846.164618554126,80207.06199999999,24267.634000000002,49084.514,4.23410650459726,4.174387269895637,2.3978952727983707,9.18075401571597,6.260859350178187,7.953727619055058,11.292366844840847,10.096898807359537,10.801298866885794,Unfavorable
2012,11,85.0,47.5,9.0,-1.5269738162792628,3.311916027393366,-135.5927536231884,2.6376893369751997,Favorable,0.4,10066.293311193833,537.8210435091021,2917.667230049056,84056.481,24852.256,52201.153000000006,4.442651256490317,3.8607297110405954,2.1972245773362196,9.21694782571506,6.287525871944486,7.978539682157782,11.339244244727798,10.120703812112342,10.862859861749397,Favorable
2012,12,87.0,43.0,9.0,-5.868479192623347,-0.27948182206900185,-143.44275362318842,5.429087186437528,Favorable,0.6,10453.193279200605,572.3403515617968,2949.8958288702424,89523.085,27818.417,59823.86,4.465908118654584,3.7612001156935624,2.1972245773362196,9.254662787670824,6.349733834638394,7.989525136462998,11.402251803964853,10.233453562348776,10.999159857016243,Favorable
2013,1,121.0,71.0,13.0,-7.010414676494317,-6.9569011769077065,-196.1927536231884,7.641990412243899,Favorable,0.4666666666666667,8337.31496198951,442.49992367633763,2630.891090707491,56747.016,17110.118,33149.952,4.795790545596741,4.2626798770413155,2.5649493574615367,9.028496496513075,6.092440291965117,7.8750778855455374,10.946358352463397,9.747425263414183,10.408796547649159,Favorable
2013,2,83.0,39.5,9.0,-4.645783340088787,1.4428684083457455,-197.4427536231884,5.481736956022814,Favorable,0.3,7803.456972813399,430.31048757075854,2505.4565539326186,51295.745,15949.298,31084.521,4.418840607796598,3.676300671907076,2.1972245773362196,8.962322116135589,6.064507012242777,7.826226253971095,10.845363084249076,9.677170094705225,10.344465257223284,Favorable
2013,3,102.0,43.0,11.0,-3.1620275797201245,1.4947117263181013,-69.04275362318842,2.822635573534285,Favorable,0.36666666666666664,9359.835260775239,503.8657608753913,2918.1572059765704,66838.61,20340.532,40496.298,4.624972813284271,3.7612001156935624,2.3978952727983707,9.144182968972224,6.22230988512512,7.9787076021951435,11.11003618656251,9.920370824619404,10.608965841509312,Favorable
2013,4,92.5,41.0,9.0,-2.1836404829459326,7.978582694060037,54.257246376811594,-0.5189773296915519,Unfavorable,0.26666666666666666,8879.282663735232,481.8696836434651,2825.333115914549,62120.28,19484.428,37179.299,4.52720864451838,3.713572066704308,2.1972245773362196,9.091476051612348,6.177673711610228,7.946381553766756,11.036827784657488,9.87737086142711,10.523507406874991,Unfavorable
2013,5,81.0,25.0,9.5,2.0153917751185872,8.397937532769717,310.0072463768116,-4.048332168401203,Unfavorable,0.13333333333333333,9444.349310470756,506.4428763452294,2991.754141255313,66900.624,20309.577,39262.551999999996,4.394449154672439,3.2188758248682006,2.2512917986064953,9.153171885076523,6.227411536173933,8.003615163677724,11.11096357342708,9.918847827178812,10.578026468265,Unfavorable
2013,6,69.5,20.0,7.75,4.4330261837207345,5.911916027393374,239.0572463768116,-7.372310663024791,Unfavorable,0.1,9556.90759967838,523.0922571480736,3006.155921152428,68191.063,21340.023999999998,40120.079,4.241326752570746,2.995732273553991,2.0476928433652555,9.165019480879835,6.259757848409004,8.00841743894524,11.130068794189206,9.96833964950366,10.599632211166655,Unfavorable
2013,7,77.0,18.0,7.0,4.247649839634715,7.0430988230922935,236.70724637681164,-5.725751523239865,Unfavorable,0.03333333333333333,9514.29210769908,508.72772850389765,3001.64956281185,67198.999,20142.347999999998,38128.248999999996,4.343805421853684,2.8903717578961645,1.9459101490553132,9.160550379453325,6.231912958902053,8.006917270806396,11.115413630566964,9.910579743389789,10.548710729950853,Unfavorable
2013,8,81.0,24.0,11.0,4.892811129957295,4.817292371479397,245.8072463768116,-7.928977329691406,Unfavorable,0.0,9739.857669543177,515.5958779818352,3075.939763639391,69182.367,20356.972,39038.139,4.394449154672439,3.1780538303479458,2.3978952727983707,9.183981783546564,6.245323276428411,8.031365747741786,11.144501296996904,9.921178736617852,10.572294370333447,Unfavorable
2013,9,60.5,38.5,8.0,3.8030261837207355,3.5452493607267,254.5572463768116,-4.3089773296915155,Unfavorable,0.16666666666666666,9617.73128836855,536.4146935226104,2906.0830660432885,70295.165,22444.421,40946.61,4.102643365036796,3.6506582412937387,2.0794415416798357,9.1713636830369,6.284907543878376,7.974561428044928,11.160458298762125,10.018797354492122,10.620024301971657,Unfavorable
2013,10,80.0,73.5,14.0,1.9347466138282634,-11.569804402714155,-196.4927536231884,1.2419904122440357,Unfavorable,0.26666666666666666,9568.922540307087,531.6609802211294,2821.9788149674646,71237.606,22705.932,40335.153,4.382026634673881,4.297285406218791,2.6390573296152584,9.166275890888842,6.2760060309847905,7.94519362528588,11.173776132122496,10.03038149091686,10.604978650595566,Unfavorable
2013,11,81.75,54.5,11.0,-2.0169738162792648,-5.554750639273294,-116.2427536231884,4.501022670308544,Favorable,0.4,9712.507681079891,536.7082021001058,2820.142208309645,72972.639,23107.958,40665.967000000004,4.403665809777363,3.9982007016691985,2.3978952727983707,9.181169785520366,6.2854545615331325,7.9445425911392835,11.197839841653193,10.047932339347142,10.613146829981245,Favorable
2013,12,105.0,85.0,18.5,-7.603963063591092,-15.279481822068995,-111.2927536231884,6.796829121921405,Favorable,0.8666666666666667,10605.541943539663,592.8115284111639,3046.4585552893823,82119.378,26898.402,49875.122,4.653960350157523,4.442651256490317,2.917770732084279,9.269131968337092,6.384876521180033,8.021735065555108,11.315929296822645,10.199822158620911,10.817277600304461,Favorable
2014,1,102.0,70.0,15.0,-7.394285644236252,-10.569804402714155,-199.5927536231884,8.448442025147187,Favorable,0.5,8791.385749121939,430.75745326293276,2632.286106338475,55454.473,15710.916,25503.400999999998,4.624972813284271,4.248495242049359,2.70805020110221,9.08152762889325,6.065545178248321,7.875607989553601,10.923317656792893,9.66211103636084,10.14656709480221,Favorable
2014,2,80.25,43.0,9.0,-8.242211911517359,3.8357255512028985,-159.6427536231884,4.856736956022814,Favorable,0.4666666666666667,7837.106837680318,405.7814449190818,2474.5638264263566,46311.726,14568.103,23898.083,4.385146762010125,3.7612001156935624,2.1972245773362196,8.966625019431593,6.0058147016520795,7.813819427725225,10.74315046934818,9.586589691673499,10.08155352549765,Favorable
2014,3,85.0,43.0,9.5,-5.023317902300768,5.365679468253589,8.307246376811577,4.277474283211745,Favorable,0.4,9598.327327895797,482.0087184398034,2953.380749822338,62085.087,18631.589,30623.125999999997,4.442651256490317,3.7612001156935624,2.2512917986064953,9.169344125597434,6.177962201936398,7.990705810046717,11.036261094154623,9.832613752497348,10.329510754137997,Favorable
2014,4,80.75,42.75,7.25,-1.130307149612598,8.145249360726709,-67.0927536231884,0.5543560036418285,Unfavorable,0.2,9217.860994356894,465.8401053630258,2788.119691465186,59441.658,17937.018,27945.56,4.391357962102766,3.755369195382769,1.9810014688665833,9.128898293361685,6.1438424537074106,7.93312270190051,10.992750572676913,9.794621901060804,10.238013610866048,Unfavorable
2014,5,64.0,20.5,8.0,2.6766820976992314,7.817292371479397,487.8072463768117,-3.354783781304377,Unfavorable,0.06666666666666667,9003.28089931622,467.4564280215699,2759.7381592050924,57064.384,17725.028,27618.134000000002,4.1588830833596715,3.0204248861443626,2.0794415416798357,9.105344334256671,6.147306142292258,7.9228910843575395,10.951935453221648,9.782732931088784,10.226227864941702,Unfavorable
2014,6,66.75,22.0,8.5,5.296359517054068,1.9119160273933744,237.10724637681162,-8.998977329691456,Unfavorable,0.06666666666666667,9580.161689777698,499.1477299099934,2989.9856039302435,61426.458999999995,19284.131,30466.538,4.200954297280359,3.091042453358316,2.1400661634962708,9.167449748669837,6.21290210386063,8.003023851634092,11.025595949651045,9.867037808698871,10.324384245570466,Unfavorable
2014,7,63.5,20.5,9.5,6.067004678344393,2.139873016640678,60.90724637681163,-7.503170878078663,Unfavorable,0.0,9546.27586128807,487.75112478243784,2988.5531987850363,60747.506,18458.079999999998,29346.864,4.151039905898646,3.0204248861443626,2.2512917986064953,9.163906395250969,6.189805285563991,8.00254466927202,11.014481306862134,9.823257493980178,10.286940971165945,Unfavorable
2014,8,71.0,19.5,9.0,5.308940162215361,3.1076149521245497,348.5572463768116,-5.851557974852767,Unfavorable,0.03333333333333333,9292.372459455988,479.0169720193845,2857.443429304151,59609.145,18388.311,28378.057,4.2626798770413155,2.970414465569701,2.1972245773362196,9.136949176971592,6.171736028973992,7.957682598204109,10.995564280880105,9.819470469987357,10.253371484663452,Unfavorable
2014,9,67.75,32.25,10.5,5.273026183720738,-0.7214173059399656,-58.79275362318842,-4.395643996358217,Unfavorable,0.06666666666666667,9381.436905626048,502.57431648549175,2826.472916366104,61201.945999999996,19833.507,29954.519,4.21582445975981,3.4735180432417816,2.3513752571634776,9.146488218501204,6.219743522501531,7.946784894030203,11.021934265380512,9.895128059129796,10.30743547696964,Unfavorable
2014,10,61.0,58.5,10.0,2.5315208073766513,-6.89238504787545,-89.5427536231884,1.809732347727845,Unfavorable,0.16666666666666666,8920.037122278269,486.37954178139535,2596.907274596777,59407.332,19902.04,28754.405000000002,4.110873864173311,4.069026754237811,2.302585092994046,9.096055387255785,6.186989269285061,7.862076506210829,10.992172932076778,9.898577518021344,10.266546251880214,Unfavorable
2014,11,70.0,45.5,8.0,-1.0703071496125993,0.1452493607267087,-168.0927536231884,4.121022670308548,Unfavorable,0.23333333333333334,9043.602983912042,489.0506816057109,2643.0253366046127,60029.546,19943.591,29031.807,4.248495242049359,3.817712325956905,2.0794415416798357,9.109812934149478,6.192466127469731,7.879679500863529,11.002592153332065,9.900663117572336,10.276147301033939,Unfavorable
2014,12,86.0,56.0,11.0,-7.374930805526574,-10.602062467230283,-154.8927536231884,8.861345250953718,Favorable,0.7,9638.151169290684,534.2354834091701,2739.523707155621,66581.458,22736.297,34101.987,4.454347296253507,4.02535169073515,2.3978952727983707,9.173484581793053,6.280836721924001,7.915539354766769,11.106181409357257,10.031717913235376,10.43711093136871,Favorable
2015,1,98.0,56.0,11.0,-7.265253386171736,-6.021417305939963,-157.7427536231884,8.393603315469818,Favorable,0.6,8030.3097632923655,365.90512305296755,1803.727425612456,56793.865,15211.15,23484.563000000002,4.584967478670572,4.02535169073515,2.3978952727983707,8.990978381949256,5.902374073165099,7.497610594756795,10.947183588312301,9.629783990547718,10.064098590666084,Favorable
2015,2,75.5,71.75,9.0,-6.238640482945929,0.08572555120289849,-167.3927536231884,6.5995940988799475,Favorable,0.4666666666666667,6715.790377672502,336.098496266194,1484.7566415336219,46338.736,13301.449,18497.06,4.324132656254979,4.273187854639731,2.1972245773362196,8.812216805332785,5.817404260654387,7.303006160052236,10.743733520963511,9.495628255643933,9.825367079518548,Favorable
2015,3,69.0,39.0,7.0,-3.816866289397545,6.397937532769717,-170.8427536231884,4.848442025147165,Favorable,0.3,7548.912244144911,384.39019229671135,1662.3248655302905,53922.294,15707.741,23717.905000000002,4.23410650459726,3.6635616461296463,1.9459101490553132,8.929158758240279,5.951658162454074,7.415972422939006,10.895299289191582,9.661908927148417,10.073985527119975,Favorable
2015,4,75.75,31.5,8.0,-0.10697381627926106,-0.6547506392733027,-134.8927536231884,1.2610226703085345,Unfavorable,0.2,7770.951484151192,384.70993691155996,1727.7762150491376,55873.384,16327.678,24111.242000000002,4.327438444389479,3.449987545831587,2.0794415416798357,8.958147891997267,5.952489639712046,7.454590435797583,10.930843409797406,9.70061698357009,10.090433483743071,Unfavorable
2015,5,57.0,20.0,7.0,3.7379724202798776,6.5269697908342295,313.45724637681155,-4.1612353942075515,Unfavorable,0.03333333333333333,8033.299427505986,396.10933710706405,1780.0284993384687,57791.762,16497.449,25176.381999999998,4.04305126783455,2.995732273553991,1.9459101490553132,8.991350610159321,5.981690276950557,7.484384654022267,10.964601518551124,9.710961041875317,10.133661611809938,Unfavorable
2015,6,49.0,15.0,7.5,5.953026183720738,1.8452493607266973,102.65724637681157,-5.548977329691411,Unfavorable,0.0,8265.429836817058,417.2040654154439,1813.017638625584,60709.996,17778.947,27066.21,3.8918202981106265,2.70805020110221,2.0149030205422647,9.019837015777231,6.033575467603215,7.502747939679165,11.013863642237474,9.785770283467075,10.206041365418145,Unfavorable
2015,7,54.0,24.5,6.5,5.428295000925036,1.0108407585761654,206.75724637681165,-8.596719265175352,Unfavorable,0.16666666666666666,8176.733387370479,404.69621732100217,1804.990267833102,59328.422000000006,16949.495,26001.872,3.9889840465642745,3.1986731175506815,1.8718021769015913,9.00904800844153,6.003136704966386,7.498310478970231,10.990843761899152,9.737993318854436,10.165923814411743,Unfavorable
2015,8,78.0,23.5,8.0,5.586359517054067,0.33342140373746076,-56.14275362318841,-6.7322031361430845,Unfavorable,0.0,8329.514201723778,407.4828414473476,1835.3782997104554,60753.098,17160.699,26325.952,4.356708826689592,3.1570004211501135,2.0794415416798357,9.027560414339467,6.009998824916724,7.515005897121412,11.014573355787322,9.75037710647807,10.178310499691129,Unfavorable
2015,9,55.0,32.0,7.5,4.689692850387402,0.27858269406003444,-111.44275362318841,-2.668977329691529,Unfavorable,0.16666666666666666,8054.645002703377,420.4657604220208,1714.5908821871028,60412.706999999995,18174.029,26605.620000000003,4.007333185232471,3.4657359027997265,2.0149030205422647,8.994004222970538,6.041363050228583,7.446929778481247,11.008954742590673,9.807748875940165,10.188877750649185,Unfavorable
2015,10,71.0,40.0,7.5,2.302488549312134,-1.3762560156173862,-31.0927536231884,1.5936033154697498,Unfavorable,0.2,7701.150239833175,409.09024680489824,1621.2471509756556,59428.197,19103.781000000003,25619.0,4.2626798770413155,3.6888794541139363,2.0149030205422647,8.949124978481942,6.01393578403737,7.390950978328049,10.99252408968747,9.857641552558782,10.151089542682712,Unfavorable
2015,11,58.0,34.25,6.75,0.30969285038740324,0.6452493607267087,-176.29275362318842,4.634356003641869,Unfavorable,0.16666666666666666,7798.071779775504,410.59798597459553,1653.2480858978693,58780.034,18367.137,25662.211,4.060443010546419,3.5336865647082343,1.9095425048844386,8.961631774395729,6.017614599493884,7.410497168772682,10.981557518400777,9.818318314130499,10.15277479969534,Unfavorable
2015,12,80.5,41.0,7.0,-5.145898547462057,-1.9891592414238346,-134.7927536231884,7.941990412244081,Favorable,0.7333333333333333,8345.19225500964,453.24979698019285,1698.9140277062525,65816.53,20837.877,30087.739,4.388257184424518,3.713572066704308,1.9459101490553132,9.029440874178027,6.116443401714712,7.437744518688416,11.094626301569473,9.944527619276908,10.311873025557908,Favorable
2016,1,82.0,27.0,7.0,-7.687834031333026,4.914066565027781,67.35724637681162,7.56779686385687,Favorable,0.6666666666666666,6677.070815811121,308.9506008012019,1305.396875345322,46707.832,13503.149,17451.644,4.406719247264253,3.295836866004329,1.9459101490553132,8.806434669734099,5.7331813961602265,7.174262392560534,10.751667138374886,9.510678196485069,9.767189135227282,Favorable
2016,2,75.0,36.0,7.0,-8.255019793290757,-4.228313857664105,-174.5427536231884,9.34343646341199,Favorable,0.5666666666666667,6348.417157262244,301.7120654021307,1241.548561008926,43152.973,12564.1,16595.011000000002,4.31748811353631,3.58351893845611,1.9459101490553132,8.755960794241787,5.709473136754611,7.124114718970955,10.67250659332701,9.438598819875509,9.716857387004112,Favorable
2016,3,75.0,38.5,7.0,-6.197511450687866,5.817292371479397,-50.742753623188406,4.919409767082698,Favorable,0.5,7132.127725653197,347.6245805437102,1410.5242065311616,51657.503000000004,15664.561,21101.572,4.31748811353631,3.6506582412937387,1.9459101490553132,8.872364887635513,5.851123105918982,7.251716691961691,10.852390730212578,9.659156178735705,9.957102819058662,Favorable
2016,4,74.75,27.5,8.0,-0.14030714961259605,10.845249360726697,12.20724637681161,-1.2423106630249094,Unfavorable,0.1,7177.5515373124745,341.3413431614344,1428.3639007520735,51475.686,15348.275,20005.622,4.314149212270796,3.3141860046725258,2.0794415416798357,8.878713592368252,5.832882982949279,7.2642849428946885,10.848864858664886,9.638758368850317,9.903768613034925,Unfavorable
2016,5,45.5,24.0,6.0,3.0186175815702008,5.397937532769717,34.20724637681158,-3.122525716788232,Unfavorable,0.13333333333333333,7504.366776423293,353.9379627971938,1508.3137975584812,54039.69,15786.476999999999,20982.129,3.817712325956905,3.1780538303479458,1.791759469228055,8.923240366946727,5.8691216514407305,7.31874761548711,10.897474055566194,9.666908966459497,9.951426354399498,Unfavorable
2016,6,55.5,15.25,7.5,5.656359517054071,3.878582694060043,147.90724637681157,-5.145643996358217,Unfavorable,0.0,7848.320368728746,374.97782507916594,1596.4388035129007,56641.326,16511.124,22596.573,4.0163830207523885,2.7245795030534206,2.0149030205422647,8.968054822115475,5.926866891099754,7.375530679765228,10.944494139110517,9.711789614548383,10.025553536594158,Unfavorable
2016,7,56.5,16.5,9.0,6.067004678344393,1.172131081156806,-23.692753623188395,-5.841880555498051,Unfavorable,0.0,7862.297576658599,366.45404999332936,1613.364556186601,56042.466,15871.162,21607.593,4.034240638152395,2.803360380906535,2.1972245773362196,8.969834155260246,5.903873138277847,7.3860770638635245,10.933865003765439,9.67225903075179,9.980800059678621,Unfavorable
2016,8,61.0,25.0,9.0,4.65410145253794,5.817292371479397,333.10724637681164,-10.051557974852813,Unfavorable,0.13333333333333333,7761.500629358165,365.54994547208906,1569.1002882944688,55761.098,15894.376,21558.505999999998,4.110873864173311,3.2188758248682006,2.1972245773362196,8.956930974553677,5.901402919572549,7.35825766929738,10.928831736775681,9.673720614946117,9.978525727631201,Unfavorable
2016,9,69.0,29.0,9.0,4.226359517054071,1.378582694060043,123.60724637681162,-5.722310663024814,Unfavorable,0.2,7715.598861304645,381.84963000634764,1506.4148802174725,57402.198,17297.746,22900.853000000003,4.23410650459726,3.367295829986474,2.1972245773362196,8.950999384766561,5.945026892383675,7.317487855293009,10.957837874257438,9.758331482980179,10.038929437756904,Unfavorable
2016,10,55.0,27.5,8.0,3.0411982267314883,2.172131081156806,425.0072463768116,-2.1257515232399555,Favorable,0.36666666666666664,7757.33306687243,379.3833020518383,1522.0873180645538,57721.761,17316.123,23051.576,4.007333185232471,3.3141860046725258,2.0794415416798357,8.956393877157378,5.938547045071755,7.3278379073834605,10.963389521777916,9.759393311793746,10.045489419189414,Favorable
2016,11,59.5,34.0,7.75,-1.4503071496125983,0.6119160273933772,-68.0927536231884,4.194356003641815,Favorable,0.5,7611.791311514215,373.8987764195879,1468.8443706321423,57100.995,17468.493000000002,22657.817,4.085976312551584,3.5263605246161616,2.0476928433652555,8.93745381231692,5.923985109497338,7.292231228173664,10.952576821061456,9.768154137243599,10.028260192783288,Favorable
2016,12,71.0,49.0,10.0,-4.084608224881414,-7.537546338198027,-192.6927536231884,6.667796863856893,Favorable,0.5666666666666667,8253.624173100836,414.31991827196947,1569.6024418958934,64224.919,19709.62,26512.578,4.2626798770413155,3.8918202981106265,2.302585092994046,9.018407676576686,6.026638424857385,7.358577644553959,11.070146560786164,9.888862120407387,10.185374540877097,Favorable
2017,1,63.0,41.5,8.0,-5.155575966816901,0.7205181779309981,-191.79275362318842,7.02586137998594,Favorable,0.4666666666666667,6247.420839967288,302.4990858778072,1250.3600276307604,45339.047,11784.301,13859.831,4.143134726391533,3.7256934272366524,2.0794415416798357,8.739923991955331,5.7120782555747835,7.131186810930552,10.721923904872819,9.374523500925548,9.536750079307362,Favorable
2017,2,55.25,37.75,7.0,-6.745783340088785,-3.5214173059399627,-179.4427536231884,7.660308384594259,Favorable,0.6333333333333333,6159.965676695135,297.84108661512533,1190.1419686010781,44458.284,10961.687,13106.739000000001,4.0118683403978626,3.6309854756950335,1.9459101490553132,8.725826484546966,5.696560077876116,7.0818278803351795,10.702306590282095,9.302161472014687,9.480881804397704,Favorable
2017,3,51.5,43.5,6.5,-4.445898547462061,2.720518177930998,-151.1427536231884,3.6065065412761896,Favorable,0.5333333333333333,6779.409260933901,336.8053750749752,1355.8948130454291,51739.684,13874.317000000001,15535.989,3.9415818076696905,3.7727609380946383,1.8718021769015913,8.821645247482666,5.819505241489563,7.212216893991095,10.853980348260992,9.537794712177808,9.6509144824979,Favorable
2017,4,60.0,33.5,7.75,-0.3936404829459299,3.378582694060043,-140.69275362318842,0.3810226703084254,Unfavorable,0.2,6735.4763056560005,328.8160081129744,1345.0436339883051,51126.507,13530.787,14815.632000000001,4.0943445622221,3.5115454388310208,2.0476928433652555,8.81514380730243,5.79549834847186,7.204181733136714,10.842058369683288,9.512722886509414,9.603438118564533,Unfavorable
2017,5,58.0,30.0,7.0,2.241198226731491,3.946324629543909,199.85724637681162,-2.283816039368844,Unfavorable,0.06666666666666667,6786.122258668229,334.6493764974537,1343.5158621957517,51781.771,13709.026,15000.507,4.060443010546419,3.4011973816621555,1.9459101490553132,8.822634961490198,5.813083346396712,7.203045234607174,10.854793455115388,9.525809726998403,9.615839279513139,Unfavorable
2017,6,44.75,14.5,6.0,5.116359517054068,5.145249360726709,456.6572463768116,-6.172310663024859,Unfavorable,0.0,7157.589197039504,356.7865497610009,1442.5926472853666,54549.073,14031.351999999999,15679.944,3.8010914447208646,2.6741486494265287,1.791759469228055,8.875928498932971,5.877137703137128,7.274197223207399,10.906855997532956,9.549049533385993,9.66013772246945,Unfavorable
2017,7,47.5,13.0,6.0,4.983133710602459,5.397937532769717,370.45724637681167,-6.032203136143039,Unfavorable,0.1,6963.174305935047,341.87924801414414,1398.7620007064938,52566.801999999996,13478.325,14927.214,3.8607297110405954,2.5649493574615367,1.791759469228055,8.84839072779525,5.83445759873457,7.243342839182891,10.869840058788267,9.508838118585375,9.610941268967803,Unfavorable
2017,8,54.5,17.0,7.5,5.634746613828263,1.5914859198664857,289.5072463768116,-6.535428942594763,Unfavorable,0.06666666666666667,7267.332556853904,348.1211890977081,1476.3575747243235,55117.709,13552.648000000001,15215.409,3.9982007016691985,2.833213344056216,2.0149030205422647,8.891144592175024,5.852550663685065,7.297333235118694,10.91722634096307,9.51433723156924,9.630063943336847,Unfavorable
2017,9,67.0,22.0,7.5,5.329692850387403,1.6119160273933772,-7.092753623188429,-3.702310663024832,Unfavorable,0.0,7287.116537575773,364.56886784933846,1457.4081748236654,55951.059,14372.493,15638.82,4.204692619390966,3.091042453358316,2.0149030205422647,8.893863210073729,5.898715471460471,7.2844149144036985,10.932232641174886,9.573071450456103,9.65751156368266,Unfavorable
2017,10,43.0,32.0,6.0,2.5799079041508435,-6.9569011769077065,-99.7927536231884,-0.14188055549800538,Favorable,0.43333333333333335,7025.859462438573,352.29612386354967,1375.6262326708752,54621.722,14473.892,15371.038999999999,3.7612001156935624,3.4657359027997265,1.791759469228055,8.857352830126228,5.8644720829124095,7.2266643483609245,10.908186921443951,9.580101753742852,9.640240433467175,Favorable
2017,11,57.5,38.5,7.0,-1.5269738162792628,-2.1547506392733027,-168.2427536231884,3.764356003641865,Favorable,0.6333333333333333,6904.012085094748,348.30064021013703,1327.8932341691425,54361.272,14951.751,15253.837000000001,4.051784947803305,3.6506582412937387,1.9459101490553132,8.839857983209987,5.85306601547,7.19134893084748,10.903407267549813,9.612583695706201,9.632586356945314,Favorable
2017,12,60.0,52.0,7.5,-5.85880177326851,-11.827868918843194,-199.4427536231884,7.796829121921405,Favorable,0.5333333333333333,7346.52151314187,377.4364490257846,1396.4038301588025,59236.971000000005,16196.882,16793.424,4.0943445622221,3.9512437185814275,2.0149030205422647,8.901982216664244,5.933402207565577,7.241655518107957,10.989301136081929,9.692574033560112,9.728742660191761,Favorable
2018,1,57.5,37.5,5.0,-7.6523501603652875,-1.2472237575528595,-137.2927536231884,5.58392589611492,Favorable,0.8333333333333334,6280.926732063075,302.7957290556152,1340.9051533606369,47440.557,11781.303,10786.861,4.051784947803305,3.624340932976365,1.6094379124341003,8.745272817374893,5.713058416627674,7.201100152488471,10.767232774749392,9.374269062294042,9.286084098411251,Favorable
2018,2,68.75,44.5,7.0,-7.670783340088789,-7.5571315916542545,-194.8427536231884,6.863879813165681,Favorable,0.6333333333333333,5994.683944583967,296.47944461583586,1265.7325467370085,43971.104,10757.403,10181.015,4.230476736546681,3.7954891891721947,1.9459101490553132,8.698628346236006,5.6919778892751625,7.143406321884328,10.691287969887856,9.283349447707193,9.22827999043879,Favorable
2018,3,56.0,34.0,6.0,-2.871704999074961,-2.31173988658513,-176.4927536231884,3.303280734824625,Favorable,0.5,6540.361021575562,328.547158972271,1390.6595343309561,49988.373999999996,12135.616,11114.22,4.02535169073515,3.5263605246161616,1.791759469228055,8.78574764500344,5.794680386136412,7.237533398722448,10.819545737373316,9.403899879130273,9.31598064849729,Favorable
2018,4,54.0,40.5,5.0,-0.06697381627926546,-0.12141730593995703,-171.04275362318842,1.2276893369752315,Unfavorable,0.2,6667.702575796566,326.04415412194265,1425.796680759976,51742.147,12823.468,10888.878999999999,3.9889840465642745,3.7013019741124933,1.6094379124341003,8.805030638166292,5.787032814287104,7.262486010696512,10.854027950820331,9.459032208712717,9.295497272152812,Unfavorable
2018,5,45.5,18.0,7.0,4.615391775118589,-1.2794818220690019,-142.0927536231884,-2.338654749046327,Unfavorable,0.03333333333333333,7202.30385224469,344.2890580573939,1566.1932020945214,56175.618,13011.279,11340.189999999999,3.817712325956905,2.8903717578961645,1.9459101490553132,8.88215623330006,5.8414815895821235,7.356403241925935,10.936238098328129,9.473571875667622,9.33610833199147,Unfavorable
2018,6,44.75,20.0,5.25,4.909692850387405,2.245249360726703,259.5072463768116,-7.9889773296914655,Unfavorable,0.0,6842.376141911126,345.3310988091687,1449.7570073902075,53106.49,12788.066,10798.804,3.8010914447208646,2.995732273553991,1.6582280766035324,8.830890339459243,5.844503663500563,7.279151240261135,10.880054421983726,9.456267671254935,9.287190666239361,Unfavorable
2018,7,39.5,18.0,5.0,5.402488549312135,3.139873016640678,141.45724637681158,-8.828977329691497,Unfavorable,0.03333333333333333,6780.726565132025,335.01331431894465,1446.6330939457132,52291.948000000004,12557.029999999999,10654.832999999999,3.676300671907076,2.8903717578961645,1.6094379124341003,8.821839538191721,5.814170275270941,7.276994131207087,10.864597680265284,9.438035947091787,9.273768871017115,Unfavorable
2018,8,53.5,18.5,6.0,4.867004678344394,5.7527762424471405,415.45724637681167,-10.94188055549796,Unfavorable,0.0,6788.579168641227,336.0063574977063,1433.260248661481,52494.573000000004,12354.05,10541.904,3.979681653901961,2.917770732084279,1.791759469228055,8.82299694514236,5.817130080908328,7.267707022407602,10.86846507180795,9.421739223519793,9.26311345094227,Unfavorable
2018,9,59.0,27.0,7.0,4.2930261837207375,0.17858269406004013,183.8072463768116,-4.075643996358167,Unfavorable,0.16666666666666666,6565.487883448201,345.9572357040754,1344.3521432480766,51222.941,12771.683,10645.025,4.07753744390572,3.295836866004329,1.9459101490553132,8.789582099809305,5.846315171188085,7.203667498109412,10.843942777082072,9.454985733608082,9.272847925845253,Unfavorable
2018,10,49.5,40.0,6.0,1.6282950009250392,-8.924643112391578,-95.2427536231884,2.6839258961150563,Unfavorable,0.3,6379.921624017539,339.10475035596596,1247.1540312472227,51669.954,13657.666000000001,10859.053,3.901972669574645,3.6888794541139363,1.791759469228055,8.76091109162663,5.826309057750564,7.128619459501147,10.85263173101569,9.522056254689875,9.292754388949072,Unfavorable
2018,11,45.25,35.0,6.0,-0.8169738162792655,-0.5880839726066256,-125.7927536231884,4.397689336975191,Favorable,0.36666666666666664,6604.236582944447,343.46019184816413,1322.4511982029842,53348.432,13843.484,11162.871,3.8122026701459353,3.5553480614894135,1.791759469228055,8.795466628587391,5.839071215130544,7.187242261881823,10.884599865482611,9.535569931595994,9.320348460914635,Favorable
2018,12,64.0,34.0,6.0,-4.49105983778464,-2.053675370456091,-187.4427536231884,7.0452162186956,Favorable,0.7,7172.693907641546,376.9715066429156,1437.1051600212108,59499.802,15308.177,12494.793,4.1588830833596715,3.5263605246161616,1.791759469228055,8.87803658236517,5.932169605395249,7.270386063652846,10.993728263797092,9.636142409060403,9.433067276505174,Favorable
2019,1,71.5,41.0,5.0,-5.578156611978187,-2.118191499488347,-194.7427536231884,8.448442025147187,Favorable,0.5666666666666667,5628.678173044161,252.0856656734691,613.6197853228382,41590.467,10587.735,9786.233,4.269697449699962,3.713572066704308,1.6094379124341003,8.635629910804921,5.52976897289253,6.419375494192322,10.635626261334652,9.267451534699815,9.188731881089437,Favorable
2019,2,51.75,25.5,4.0,-3.59221191151736,6.871439836917176,-130.5427536231884,5.267451241737149,Favorable,0.4666666666666667,5382.131379017128,246.93418454705312,569.9619795809738,38625.992000000006,9692.419,9232.547999999999,3.9464244321454784,3.2386784521643803,1.3862943611198906,8.590839741805919,5.509121841797713,6.345569656114366,10.561680696718145,9.17909931253312,9.130490345738385,Favorable
2019,3,57.5,28.0,4.0,-2.681382418429802,6.365679468253589,-13.042753623188418,2.406506541276258,Favorable,0.43333333333333335,6061.153479271162,287.84490065365185,685.236949318836,46114.698000000004,11817.566,10652.905999999999,4.051784947803305,3.332204510175204,1.3862943611198906,8.709655404064462,5.6624217956744785,6.529764689863024,10.738887006803097,9.377342347589389,9.273587997766766,Favorable
2019,4,48.0,22.0,4.0,0.9830261837207352,5.945249360726706,-13.742753623188406,-0.7489773296914564,Unfavorable,0.1,6022.294413346297,275.1799493806812,678.5931431804094,45771.244,11604.589,10015.802,3.871201010907891,3.091042453358316,1.3862943611198906,8.703223597475697,5.617425245049807,6.520021747937762,10.731411312653472,9.359155902312319,9.211919324773875,Unfavorable
2019,5,37.5,24.0,5.0,1.6153917751185887,7.68826011341487,35.007246376811594,-3.3676870071109306,Favorable,0.26666666666666666,6093.628258089695,280.48842125705806,678.154411127671,46891.676,11783.476,10312.217,3.624340932976365,3.1780538303479458,1.6094379124341003,8.714998956386951,5.636532445169783,6.519375007036498,10.755595454673692,9.374453490079778,9.241084587842144,Favorable
2019,6,49.25,15.0,5.0,5.28635951705407,4.878582694060043,229.45724637681158,-7.0223106630247685,Unfavorable,0.0,6575.791646279598,305.18626866931044,776.7141218659677,50381.307,12043.148000000001,10632.505,3.8969093676180977,2.70805020110221,1.6094379124341003,8.791150252274154,5.720922307144267,6.655072357140019,10.827375492404549,9.396251146481655,9.271671097383967,Unfavorable
2019,7,42.5,19.0,5.0,5.792811129957297,3.3334214037374608,129.0572463768116,-8.203170878078595,Unfavorable,0.03333333333333333,6587.123995836489,293.98369973617156,798.2002772223664,49518.237,11665.001,10264.742,3.7495040759303713,2.9444389791664403,1.6094379124341003,8.792872112789688,5.683524322727411,6.6823595399239775,10.81009630494766,9.36434827018206,9.236470195186854,Unfavorable
2019,8,48.0,20.0,4.0,5.3218433880218114,4.139873016640678,396.8072463768116,-9.49349345872372,Unfavorable,0.06666666666666667,6674.4704203722795,294.70968066524256,811.0559661750573,50298.83,11593.904,10106.588,3.871201010907891,2.995732273553991,1.3862943611198906,8.806045142349099,5.685990738424493,6.698337060581585,10.825737095379926,9.358234721720494,9.220942767416744,Unfavorable
2019,9,47.5,28.75,5.0,5.029692850387402,-5.021417305939963,-0.5927536231884005,-3.258977329691561,Unfavorable,0.23333333333333334,6586.668014117295,312.7809542976686,773.5942067630627,51031.93,12747.446,10629.562,3.8607297110405954,3.3586377672433594,1.6094379124341003,8.792802887206191,5.745503119022242,6.651047455438685,10.840206794232499,9.453086216795608,9.271394266347851,Unfavorable
2019,10,45.5,36.0,5.0,2.8831337106024577,-5.021417305939963,-49.992753623188406,1.9516678315987974,Unfavorable,0.16666666666666666,6574.239165493931,306.3987656551365,760.0467463396677,51504.492,12872.336000000001,10623.806,3.817712325956905,3.58351893845611,1.6094379124341003,8.790914134075633,5.7248874093176445,6.633379939730484,10.849424306149068,9.462835791501208,9.27085261100732,Unfavorable
2019,11,52.25,46.0,6.0,-0.7403071496125939,-9.221417305939966,-199.6427536231884,4.281022670308516,Favorable,0.26666666666666666,6337.082028949395,301.1877176579412,706.7840501177681,50554.591,13376.083,10731.454,3.9560398908449206,3.828641396489095,1.791759469228055,8.754173693684963,5.707733717066208,6.560725173860652,10.83080904129398,9.501223540448771,9.28093433436609,Favorable
2019,12,63.0,41.0,6.0,-4.642672741010443,-8.505288273681899,-186.1427536231884,7.387151702566598,Favorable,0.4666666666666667,6806.739026182548,333.2197918066148,758.0383629853789,56071.876000000004,14462.539,11840.44,4.143134726391533,3.713572066704308,1.791759469228055,8.82566843367708,5.8088023077081425,6.630733995160341,10.934389646735285,9.57931706812751,9.379276069909663,Favorable
2020,1,48.0,33.0,4.0,-5.1523501603652875,-2.31173988658513,-184.6927536231884,6.53231299288916,Favorable,0.8,4132.299723334118,209.06885347883883,348.09764748835255,39290.148,10275.57,11684.591,3.871201010907891,3.4965075614664802,1.3862943611198906,8.326589364717774,5.3426636401930345,5.852483036645613,10.578729079407207,9.23752451227834,9.366026244220874,Favorable
2020,2,42.0,27.0,4.0,-5.244674965704551,0.323410280266927,-119.69275362318841,8.150333015136084,Favorable,0.6,3193.700538101929,150.68788769927428,292.86667345698754,25129.514,7541.796,7801.872,3.7376696182833684,3.295836866004329,1.3862943611198906,8.068935566740716,5.01521072880759,5.679717466059277,10.13179829091569,8.928215628924242,8.96211898388229,Favorable
2020,3,45.5,27.0,5.0,-2.416866289397543,6.462453661801973,-157.8427536231884,2.441990412244081,Favorable,0.4,4140.307860130564,224.47026214614846,368.5542440659313,39921.263,10804.586,13313.939,3.817712325956905,3.295836866004329,1.6094379124341003,8.328525426404996,5.413743235807689,5.90958790314607,10.594664368201475,9.287725952612293,9.49656681050677,Favorable
2020,4,48.0,27.0,4.5,-1.6936404829459306,-0.18808397260663412,-121.8427536231884,3.4643560036417966,Unfavorable,0.23333333333333334,4346.5092043192835,228.34961273658027,381.5129439693332,43585.556000000004,11609.228,13454.93,3.871201010907891,3.295836866004329,1.5040773967762742,8.377128320156192,5.430877843709186,5.944144779295283,10.682481090046656,9.359555578079709,9.50710086062053,Unfavorable
2020,5,40.5,15.0,4.0,4.015391775118587,5.010840758576165,152.90724637681163,-4.209622490981815,Unfavorable,0.03333333333333333,4786.24611228706,240.49500480471883,446.56811834560096,48754.682,12165.514,14094.535,3.7013019741124933,2.70805020110221,1.3862943611198906,8.473501690524172,5.4826993192873665,6.101591949364793,10.794556512839991,9.406360506688355,9.553542412581882,Unfavorable
2020,6,36.25,11.5,4.0,5.936359517054068,0.5119160273933687,197.90724637681163,-5.245643996358126,Unfavorable,0.03333333333333333,4865.312528104562,260.7898229064235,433.7960360950571,50199.685,12410.692,15281.134,3.590439381300684,2.4423470353692043,1.3862943611198906,8.489886232660512,5.563714806693027,6.072574460718608,10.823764030759735,9.426313638126715,9.634374274626426,Unfavorable
2020,7,32.0,10.0,4.0,6.521843388021811,-1.5375463381980268,-74.19275362318841,-5.512848297433493,Unfavorable,0.03333333333333333,5131.9698938383235,257.148928370087,488.038891697047,52862.141,12112.332999999999,15020.277999999998,3.4657359027997265,2.302585092994046,1.3862943611198906,8.5432448593579,5.549655404878339,6.190395098778088,10.87544269055409,9.401979468694273,9.61715643380197,Unfavorable
2020,8,43.5,12.0,4.0,5.305714355763747,3.4947117263181013,248.7572463768116,-6.567687007110862,Unfavorable,0.03333333333333333,4919.809960064594,250.8298483795096,444.5355158745828,50476.47,11986.591,14627.133,3.7727609380946383,2.4849066497880004,1.3862943611198906,8.50102518273722,5.52477481435479,6.097029952492286,10.829262566085342,9.391543887328002,9.590633507619387,Unfavorable
2020,9,47.25,17.25,3.0,4.699692850387404,5.511916027393369,509.10724637681164,-3.722310663024814,Unfavorable,0.0,4979.027837376779,276.8566927584174,429.3853139347099,52532.288,12982.572,16531.099,3.855452653939752,2.847812143477369,1.0986122886681098,8.51298993758393,5.623500017650486,6.062354683496759,10.869183269062672,9.471363121630304,9.712998673783492,Unfavorable
2020,10,38.0,33.0,4.0,1.8799079041508442,-6.4730302091657705,-57.09275362318843,0.39360331546981797,Favorable,0.43333333333333335,4788.452938741378,263.7801667155898,385.26468843682267,50981.969,13300.267,15943.554,3.6375861597263857,3.4965075614664802,1.3862943611198906,8.473962660938309,5.575116054422673,5.953930600499555,10.839227300173665,9.495539389196312,9.676809888596214,Favorable
2020,11,46.25,36.5,4.0,-0.20364048294593218,-6.554750639273294,-194.3927536231884,4.82102267030848,Favorable,0.5,4997.974779997729,273.1096126590361,415.11190401428786,54255.223,14159.249,16846.934999999998,3.834061463958434,3.597312260588446,1.3862943611198906,8.516788065363304,5.609873226172319,6.028548132109349,10.901454543266118,9.55812332911805,9.731924020125065,Favorable
2020,12,58.5,40.0,4.0,-5.603963063591092,-9.150449564004475,-197.9927536231884,6.832312992889115,Favorable,0.7,5328.388623703664,304.4133073453747,446.2680226212858,59622.051999999996,16644.801,19361.749,4.069026754237811,3.6888794541139363,1.3862943611198906,8.580804149444562,5.718386341672508,6.100919719104733,10.99578078462032,9.719853194395453,9.871054697659165,Favorable
2021,1,60.0,44.5,4.5,-7.50396306359109,-16.21496569303674,-199.6927536231884,7.5161839606311105,Favorable,0.7,4316.774765276543,209.54314144778903,368.0511181601625,47078.891,10845.742999999999,13519.087000000001,4.0943445622221,3.7954891891721947,1.5040773967762742,8.370263820295031,5.344929643927495,5.908221836566022,10.759580005446816,9.2915279317487,9.511857817730931,Favorable
2021,2,52.75,28.5,3.5,-3.9600690543745003,-2.5571315916542545,-137.4927536231884,4.44602267030848,Favorable,0.4,3396.629236816144,178.587935665706,299.0781492929488,32888.656,8966.45,10808.235,3.965563772356176,3.349904087274605,1.252762968495368,8.130538817904867,5.185081116696699,5.700704908112532,10.400883074863826,9.101245113061104,9.288063622556876,Favorable
2021,3,46.0,27.0,3.0,-1.7200920958491572,0.7527762424471405,-195.8427536231884,2.7710226703084118,Favorable,0.3,4499.248347772757,236.64383860143133,394.0769923104315,50212.075,12025.236,15458.297,3.828641396489095,3.295836866004329,1.0986122886681098,8.411665627978431,5.466556220101342,5.976546302162914,10.824010814603836,9.394762720561005,9.645901160834551,Favorable
2021,4,36.0,25.75,4.0,0.4230261837207365,0.745249360726703,-167.0427536231884,0.8610226703085573,Unfavorable,0.03333333333333333,4505.565805040619,236.41969672750002,394.02183262246723,50782.167,12399.104,15286.423999999999,3.58351893845611,3.248434627109745,1.3862943611198906,8.413068757059637,5.465608601551338,5.976406320510083,10.83530052862936,9.425379490917873,9.634720393217437,Unfavorable
2021,5,33.0,13.0,4.0,5.273456291247619,0.17213108115680598,-134.3927536231884,-3.3870418458204767,Unfavorable,0.0,4820.724186009383,244.65445917316492,450.9992289150545,54455.198000000004,12373.256000000001,15920.256,3.4965075614664802,2.5649493574615367,1.3862943611198906,8.480679441818875,5.49984684431403,6.1114656297784995,10.905133587532926,9.423292648212495,9.675347539671096,Unfavorable
2021,6,35.25,16.5,4.0,5.046359517054068,4.278582694060034,428.45724637681155,-6.875643996358235,Unfavorable,0.03333333333333333,4537.3919626897205,248.3557829792401,411.8941141071691,51099.451,12588.067,16748.886,3.5624655292582776,2.803360380906535,1.3862943611198906,8.420107668414103,5.514862326884187,6.0207663117239365,10.841529032494162,9.440504580699526,9.726087027578806,Unfavorable
2021,7,42.0,11.0,5.0,5.986359517054073,2.1076149521245497,180.0572463768116,-8.151557974852835,Unfavorable,0.0,4603.967429931197,236.28873815017351,430.98327032928654,51054.252,11702.469000000001,15379.075,3.7376696182833684,2.3978952727983707,1.6094379124341003,8.434673695518574,5.465054523938101,6.0660692734090595,10.840644111015601,9.367555124164095,9.640763098208057,Unfavorable
2021,8,50.5,13.0,5.0,5.044424033183102,4.623743984382614,150.95724637681158,-6.44188055549796,Unfavorable,0.06666666666666667,4545.306372613802,235.036241533386,421.76766420955903,50332.534,11678.556,15414.365,3.9219733362813143,2.5649493574615367,1.6094379124341003,8.42185041305562,5.459739721544591,6.044454603677774,10.826406946208149,9.365509618602397,9.643055145829214,Unfavorable
2021,9,48.75,16.0,5.0,6.033026183720736,0.11191602739337725,-69.9927536231884,-3.2189773296914836,Unfavorable,0.03333333333333333,4536.330562019149,251.7549230622469,404.4802354391244,51001.096,12515.266,16586.095999999998,3.886705197443856,2.772588722239781,1.6094379124341003,8.419873717976998,5.528456086768926,6.0026028735968,10.83960240167163,9.434704458134608,9.716320033008387,Unfavorable
2021,10,35.5,23.0,3.0,2.308940162215361,-1.7310947252947955,431.6572463768116,-0.03865474904637267,Favorable,0.43333333333333335,4348.983533574523,241.01845804561512,369.57926449379113,48220.383,11872.690999999999,15961.396,3.56953269648137,3.1354942159291497,1.0986122886681098,8.3776974263349,5.484873519958729,5.912365235633633,10.783537094465958,9.381996167891261,9.677928335850318,Favorable
2021,11,57.75,33.0,5.0,-1.3136404829459316,-10.688083972606634,-193.6427536231884,4.037689336975177,Favorable,0.36666666666666664,4409.39502130664,242.04688769243333,380.369948706601,49541.745,12347.957999999999,16265.742,4.056123349401903,3.4965075614664802,1.6094379124341003,8.391492775653212,5.4891314581846045,5.941144328356631,10.810570926484363,9.421245984255721,9.696816457295137,Favorable
2021,12,58.5,37.0,5.0,-4.829769515203996,-9.537546338198027,-179.9927536231884,7.967796863856961,Favorable,0.5,4629.682776949506,249.64989692131266,414.69818141340284,53143.706000000006,13037.185,17381.785,4.069026754237811,3.6109179126442243,1.6094379124341003,8.44024363003531,5.520059524053734,6.0275509819362405,10.880754957190682,9.47556093794332,9.76317809780343,Favorable
2022,1,55.0,36.0,4.0,-5.703963063591093,-0.021417305939962716,-195.3427536231884,5.954893638050407,Favorable,0.4666666666666667,4082.203056901763,223.76993212492053,343.9497635120649,44904.102,10148.46,13913.976999999999,4.007333185232471,3.58351893845611,1.3862943611198906,8.314392086596506,5.410618435309938,5.840495610406922,10.712284428132016,9.225077248820732,9.540649153470865,Favorable
2022,2,39.0,19.0,3.5,-8.474354768660216,2.7285826940600373,-31.09275362318843,6.510308384594168,Favorable,0.6333333333333333,3524.622899476027,191.71056100962141,302.5433215976582,36127.998,8829.905,11495.582,3.6635616461296463,2.9444389791664403,1.252762968495368,8.167528730651672,5.255986739872788,5.712224479110136,10.494823411590662,9.085899534763232,9.349718066624595,Favorable
2022,3,38.5,24.0,4.0,-2.2200920958491572,0.914066565027781,-106.69275362318841,1.1936033154697725,Favorable,0.5333333333333333,4193.648472864307,238.5466073349722,362.5670275488948,47398.477,11334.940999999999,14702.559,3.6506582412937387,3.1780538303479458,1.3862943611198906,8.341326391273874,5.474564709831941,5.893209360785327,10.766345376365274,9.335645357811188,9.595776839249032,Favorable
2022,4,39.25,22.5,5.0,-0.00697381627926319,-4.654750639273303,-195.9927536231884,1.0510226703084982,Unfavorable,0.1,4193.625246068377,241.96518704617645,366.96368981941583,47401.416,11520.472,14786.476,3.6699514442284173,3.1135153092103742,1.6094379124341003,8.341320852693233,5.488793860627449,5.905262905338146,10.766407380654687,9.351880905632767,9.60146825821351,Unfavorable
2022,5,37.0,14.0,4.0,1.3153917751185844,2.623743984382614,237.0072463768116,-3.119299910336622,Unfavorable,0.1,4006.8530103909898,235.74798051635838,328.27617586960656,44695.439,11121.188,14542.404,3.6109179126442243,2.6390573296152584,1.3862943611198906,8.295761426756659,5.462763355268429,5.793855253703795,10.707626739601471,9.316607396630545,9.58482407442223,Unfavorable
2022,6,35.5,12.5,5.0,4.9330261837207345,3.2785826940600344,149.60724637681162,-6.338977329691488,Unfavorable,0.0,4033.4121787681006,227.84747905229972,338.80668099647306,44528.335,10437.358,13901.557,3.56953269648137,2.5257286443082556,1.6094379124341003,8.302367991180555,5.4286764535815335,5.825429682171644,10.703881007093463,9.253146764276146,9.53975612723413,Unfavorable
2022,7,37.0,14.0,5.0,6.560553065441166,-1.085933434972219,-41.04275362318839,-6.828977329691497,Unfavorable,0.0,4430.292683004503,243.1872565745246,416.1923372759671,50053.481999999996,11008.677,14626.395,3.6109179126442243,2.6390573296152584,1.6094379124341003,8.396220929255069,5.493831749765704,6.03114750263187,10.820847352753027,9.306439059008778,9.590583052166618,Unfavorable
2022,8,40.0,12.0,5.0,5.128295000925039,4.301163339221333,415.0572463768116,-6.0515579748528125,Unfavorable,0.03333333333333333,4560.253286979423,246.81899293481817,442.2500756341652,51956.874,11257.599,14700.923,3.6888794541139363,2.4849066497880004,1.6094379124341003,8.425133446356067,5.508655245856346,6.09187550406117,10.858169307311933,9.3287986462743,9.59566555991132,Unfavorable
2022,9,37.25,35.75,4.0,5.839692850387404,-9.388083972606623,-28.292753623188418,-4.392310663024887,Unfavorable,0.06666666666666667,4517.246035364025,252.14210647029114,427.0604051937639,51978.556,11867.571,14856.514000000001,3.6176519448255684,3.5765502691400166,1.3862943611198906,8.415657802925724,5.529992843136002,6.056925467377528,10.85858652789426,9.381564833133508,9.60619370124931,Unfavorable
2022,10,30.0,30.0,4.0,2.473456291247615,-13.376256015617386,-149.54275362318842,1.5226355735343304,Favorable,0.36666666666666664,4098.051248562553,242.98938602987425,349.49710497964884,46575.880000000005,11878.915,14184.201000000001,3.4011973816621555,3.4011973816621555,1.3862943611198906,8.318266834470418,5.493017763497192,5.856495278319526,10.74883808954787,9.38252025877947,9.559884018550422,Favorable
2022,11,40.0,19.5,4.0,-0.3136404829459316,4.645249360726709,-68.8427536231884,2.014356003641865,Favorable,0.43333333333333335,4188.589246506372,248.30290699788927,360.43400154435835,47750.073,11996.591,15267.701000000001,3.6888794541139363,2.970414465569701,1.3862943611198906,8.340119260877039,5.514649400048847,5.887308865191841,10.773735874703519,9.39237780507749,9.633494830230868,Favorable
2022,12,55.0,28.0,4.0,-7.100737257139478,-14.021417305939963,-173.7427536231884,7.216183960631156,Favorable,0.8666666666666667,4261.202635113545,246.97160390825303,371.45941602798234,48951.319,12289.032,15359.757,4.007333185232471,3.332204510175204,1.3862943611198906,8.35730670813391,5.509273366084919,5.917439614658629,10.79858159345875,9.416462436235964,9.63950618626402,Favorable
2023,1,46.0,33.0,4.0,-6.687834031333029,-10.731094725294795,-181.1927536231884,7.419409767082698,Favorable,0.8,3763.269048453886,211.12321900143738,269.68254739446996,39302.834,9789.474,14098.904,3.828641396489095,3.4965075614664802,1.3862943611198906,8.233043286430823,5.3524419393383855,5.597245516870772,10.579051907216698,9.189063005786961,9.553852342848634,Favorable
2023,2,41.5,28.5,4.0,-4.863640482945932,-4.842845877368532,-197.8427536231884,6.417451241737126,Unfavorable,0.23333333333333334,3883.8853246411645,211.6528304853663,279.6862822288484,41397.156,9752.064999999999,14976.110999999999,3.7256934272366524,3.349904087274605,1.3862943611198906,8.2645913039087,5.354947340302344,5.633668554417589,10.630967461801578,9.18523433643832,9.61421161054888,Unfavorable
2023,3,40.5,30.0,3.5,-2.4426727410104476,-2.150449564004475,-129.19275362318842,4.135538799340793,Unfavorable,0.03333333333333333,4514.243919555677,252.8485244331658,326.2543364543251,53059.627,12333.537,17128.804,3.7013019741124933,3.4011973816621555,1.252762968495368,8.414992992150557,5.5327905917690625,5.787677250362591,10.879171597889412,9.420077416335419,9.748516769849763,Unfavorable
2023,4,37.0,26.0,3.0,-0.1003071496125969,4.245249360726703,-122.0427536231884,-0.8289773296914973,Unfavorable,0.06666666666666667,4345.876514015208,245.27066039837877,314.7338566962779,49493.48,11552.487000000001,15794.146,3.6109179126442243,3.258096538021482,1.0986122886681098,8.376982746702437,5.5023623370925225,5.7517273823200865,10.809596222709596,9.354656017446233,9.667394644031516,Unfavorable
2023,5,30.5,23.0,3.0,2.9121659686669723,3.4947117263181013,-16.692753623188395,-2.94188055549796,Unfavorable,0.1,4471.303197118652,247.37946196013513,335.60725824581596,51078.267,11409.129,16300.628999999999,3.417726683613366,3.1354942159291497,1.0986122886681098,8.405435188096783,5.510923440991532,5.815941602028473,10.841114382397874,9.34216910339545,9.698958975007374,Unfavorable
2023,6,37.75,11.0,4.0,5.476359517054071,4.878582694060043,291.20724637681155,-6.365643996358131,Unfavorable,0.03333333333333333,4590.1358821207195,243.0680097579002,354.64478016464426,52424.677,10917.237000000001,16362.453,3.6309854756950335,2.3978952727983707,1.3862943611198906,8.431664906564272,5.493341279729608,5.871116669267242,10.867132694568499,9.298098195305412,9.702744537792334,Unfavorable
2023,7,37.0,11.0,4.0,6.405714355763749,0.07535688760842163,-24.292753623188418,-6.8031708780786175,Unfavorable,0.03333333333333333,4684.507274537046,250.64423452919877,370.4125982778883,53501.311,11075.914,16411.295,3.6109179126442243,2.3978952727983707,1.3862943611198906,8.452016018285127,5.524034541367158,5.914617514822896,10.88746143725676,9.312528119724774,9.70572509626604,Unfavorable
2023,8,41.0,13.0,3.5,5.93152080737665,1.4947117263181013,-58.79275362318842,-8.196719265175375,Unfavorable,0.06666666666666667,4657.328823311807,253.233973072322,356.472262736547,53797.763,11415.16,16558.985,3.713572066704308,2.5649493574615367,1.252762968495368,8.44619734888822,5.534313856120574,5.8762564324418705,10.892987165359756,9.34269757551043,9.714684133790271,Unfavorable
2023,9,33.5,12.5,3.0,4.8263595170540725,3.4119160273933744,867.5072463768116,-4.8089773296915155,Unfavorable,0.16666666666666666,4361.536635191029,250.99923799587444,322.8663924048935,49195.094000000005,11408.544,16008.035,3.5115454388310208,2.5257286443082556,1.0986122886681098,8.38057971351495,5.525449903254166,5.777238591842348,10.80354918206133,9.342117827351647,9.680846062667976,Unfavorable
2023,10,34.0,24.0,3.0,2.741198226731491,-2.118191499488347,346.60724637681164,1.1903775090181625,Favorable,0.5,4366.345924665866,254.8872096690776,314.2270277464587,49968.488000000005,11856.828,16365.199999999999,3.5263605246161616,3.1780538303479458,1.0986122886681098,8.381681765456781,5.540821132285056,5.750115742957265,10.81914784572557,9.380659183153984,9.70291240806439,Favorable
2023,11,42.0,30.5,3.0,-0.20697381627926248,-8.621417305939957,-196.3427536231884,5.697689336975145,Favorable,0.26666666666666666,4544.918183487088,257.21021910343995,326.7737080930975,53453.708,12464.774,16920.885000000002,3.7376696182833684,3.417726683613366,1.0986122886681098,8.421765005016567,5.549893723702624,5.789267907157863,10.886571287293004,9.43066186502715,9.736303936756897,Favorable
2023,12,53.0,34.0,4.0,-4.558801773268513,-8.05367537045609,-198.3427536231884,7.990377509018231,Favorable,0.5666666666666667,4756.649272901838,261.6824195937023,338.63894955673203,56842.651,12707.187,17545.465,3.970291913552122,3.5263605246161616,1.3862943611198906,8.467298765083088,5.567131629571141,5.824934494261046,10.948042220813798,9.449923017894355,9.772550790943397,Favorable
